id,dir,entry,stop,risk,pl,R
1,SELL,1.10451,1.10551,100.00,101.00,1.010
2,SELL,1.10427,1.10527,100.00,100.00,1.000
3,BUY,1.10327,1.10227,100.00,-100.00,-1.000
4,BUY,1.10231,1.10131,100.00,100.00,1.000
5,BUY,1.10311,1.10211,100.00,-100.00,-1.000
6,BUY,1.10192,1.10092,100.00,100.00,1.000
7,SELL,1.10292,1.10392,100.00,100.00,1.000
8,BUY,1.10192,1.10092,100.00,-100.00,-1.000
9,BUY,1.10083,1.09983,100.00,-100.00,-1.000
10,BUY,1.09983,1.09883,100.00,100.00,1.000
11,SELL,1.10083,1.10183,100.00,100.00,1.000
12,BUY,1.09955,1.09855,100.00,-100.00,-1.000
13,BUY,1.09855,1.09755,100.00,-100.00,-1.000
14,BUY,1.09733,1.09633,100.00,-100.00,-1.000
15,BUY,1.09624,1.09524,100.00,-100.00,-1.000
16,BUY,1.09525,1.09425,100.00,100.00,1.000
17,SELL,1.09625,1.09725,100.00,101.00,1.010
18,BUY,1.09524,1.09424,100.00,100.00,1.000
19,SELL,1.09624,1.09724,100.00,100.00,1.000
20,BUY,1.09524,1.09424,100.00,100.00,1.000
21,SELL,1.09624,1.09724,100.00,100.00,1.000
22,BUY,1.09523,1.09423,100.00,-100.00,-1.000
23,BUY,1.09424,1.09324,100.00,100.00,1.000
24,SELL,1.09524,1.09624,100.00,100.00,1.000
25,BUY,1.09424,1.09324,100.00,100.30,1.003
26,BUY,1.09502,1.09402,100.00,100.00,1.000
27,SELL,1.09619,1.09719,100.00,100.00,1.000
28,SELL,1.09541,1.09641,100.00,-100.00,-1.000
29,SELL,1.09640,1.09740,100.00,101.00,1.010
30,BUY,1.09539,1.09439,100.00,-100.00,-1.000
31,BUY,1.09439,1.09339,100.00,-100.00,-1.000
32,BUY,1.09320,1.09220,100.00,-100.00,-1.000
33,BUY,1.09196,1.09096,100.00,101.00,1.010
34,SELL,1.09297,1.09397,100.00,101.00,1.010
35,BUY,1.09196,1.09096,100.00,100.00,1.000
36,BUY,1.09252,1.09152,100.00,-101.00,-1.010
37,BUY,1.09152,1.09052,100.00,100.00,1.000
38,SELL,1.09255,1.09355,100.00,100.00,1.000
39,BUY,1.09155,1.09055,100.00,107.00,1.070
40,SELL,1.09262,1.09362,100.00,-102.00,-1.020
41,SELL,1.09348,1.09448,100.00,102.00,1.020
42,BUY,1.09246,1.09146,100.00,-101.00,-1.010
43,BUY,1.09134,1.09034,100.00,100.00,1.000
44,SELL,1.09234,1.09334,100.00,100.00,1.000
45,BUY,1.09122,1.09022,100.00,-101.00,-1.010
46,BUY,1.09022,1.08922,100.00,100.00,1.000
47,SELL,1.09136,1.09236,100.00,100.00,1.000
48,BUY,1.09061,1.08961,100.00,-100.00,-1.000
49,BUY,1.08963,1.08863,100.00,100.00,1.000
50,SELL,1.09063,1.09163,100.00,-100.00,-1.000
51,SELL,1.09160,1.09260,100.00,-100.00,-1.000
52,BUY,1.09201,1.09101,100.00,-129.10,-1.291
53,BUY,1.09209,1.09109,100.00,100.00,1.000
54,BUY,1.09285,1.09185,100.00,100.00,1.000
55,SELL,1.09419,1.09519,100.00,-100.00,-1.000
56,SELL,1.09519,1.09619,100.00,-101.00,-1.010
57,SELL,1.09623,1.09723,100.00,-100.00,-1.000
58,SELL,1.09723,1.09823,100.00,100.00,1.000
59,BUY,1.09623,1.09523,100.00,-101.00,-1.010
60,BUY,1.09510,1.09410,100.00,-100.00,-1.000
61,BUY,1.09411,1.09311,100.00,101.00,1.010
62,SELL,1.09512,1.09612,100.00,-101.00,-1.010
63,SELL,1.09612,1.09712,100.00,100.00,1.000
64,BUY,1.09507,1.09407,100.00,-102.70,-1.027
65,SELL,1.09464,1.09564,100.00,101.00,1.010
66,BUY,1.09342,1.09242,100.00,-100.00,-1.000
67,BUY,1.09242,1.09142,100.00,-100.00,-1.000
68,BUY,1.09138,1.09038,100.00,-100.00,-1.000
69,BUY,1.09038,1.08938,100.00,100.00,1.000
70,SELL,1.09138,1.09238,100.00,-100.00,-1.000
71,SELL,1.09253,1.09353,100.00,100.00,1.000
72,BUY,1.09140,1.09040,100.00,-100.00,-1.000
73,BUY,1.09040,1.08940,100.00,100.00,1.000
74,SELL,1.09146,1.09246,100.00,-101.00,-1.010
75,SELL,1.09251,1.09351,100.00,106.00,1.060
76,BUY,1.09145,1.09045,100.00,106.00,1.060
77,BUY,1.08911,1.08811,100.00,100.00,1.000
78,BUY,1.08935,1.08835,100.00,100.00,1.000
79,SELL,1.09035,1.09135,100.00,-101.00,-1.010
80,SELL,1.09136,1.09236,100.00,-100.00,-1.000
81,SELL,1.09235,1.09335,100.00,100.00,1.000
82,BUY,1.09135,1.09035,100.00,101.00,1.010
83,SELL,1.09248,1.09348,100.00,-101.00,-1.010
84,SELL,1.09360,1.09460,100.00,100.00,1.000
85,BUY,1.09250,1.09150,100.00,101.00,1.010
86,SELL,1.09405,1.09505,100.00,-100.00,-1.000
87,SELL,1.09504,1.09604,100.00,-106.00,-1.060
88,SELL,1.09609,1.09709,100.00,-118.00,-1.180
89,SELL,1.09893,1.09993,100.00,100.00,1.000
90,BUY,1.09793,1.09693,100.00,101.00,1.010
91,SELL,1.09894,1.09994,100.00,100.00,1.000
92,BUY,1.09785,1.09685,100.00,100.00,1.000
93,SELL,1.09885,1.09985,100.00,100.00,1.000
94,BUY,1.09785,1.09685,100.00,-100.00,-1.000
95,SELL,1.09724,1.09824,100.00,100.00,1.000
96,BUY,1.09624,1.09524,100.00,-101.00,-1.010
97,BUY,1.09525,1.09425,100.00,-100.00,-1.000
98,BUY,1.09427,1.09327,100.00,101.00,1.010
99,SELL,1.09528,1.09628,100.00,100.00,1.000
100,BUY,1.09402,1.09302,100.00,99.30,0.993
101,BUY,1.09482,1.09382,100.00,-100.00,-1.000
102,BUY,1.09323,1.09223,100.00,100.00,1.000
103,SELL,1.09446,1.09546,100.00,100.00,1.000
104,BUY,1.09346,1.09246,100.00,-100.00,-1.000
105,BUY,1.09235,1.09135,100.00,100.00,1.000
106,SELL,1.09335,1.09435,100.00,-100.00,-1.000
107,SELL,1.09435,1.09535,100.00,-101.00,-1.010
108,SELL,1.09535,1.09635,100.00,-100.00,-1.000
109,SELL,1.09663,1.09763,100.00,-103.00,-1.030
110,SELL,1.09765,1.09865,100.00,100.00,1.000
111,BUY,1.09650,1.09550,100.00,-102.00,-1.020
112,BUY,1.09545,1.09445,100.00,99.30,0.993
113,SELL,1.09664,1.09764,100.00,100.00,1.000
114,SELL,1.09588,1.09688,100.00,100.00,1.000
115,BUY,1.09486,1.09386,100.00,100.00,1.000
116,SELL,1.09614,1.09714,100.00,100.00,1.000
117,BUY,1.09512,1.09412,100.00,-100.00,-1.000
118,BUY,1.09397,1.09297,100.00,100.00,1.000
119,BUY,1.09463,1.09363,100.00,-100.00,-1.000
120,SELL,1.09397,1.09497,100.00,100.00,1.000
121,BUY,1.09297,1.09197,100.00,102.00,1.020
122,SELL,1.09399,1.09499,100.00,101.00,1.010
123,BUY,1.09298,1.09198,100.00,100.00,1.000
124,SELL,1.09403,1.09503,100.00,-101.00,-1.010
125,SELL,1.09510,1.09610,100.00,100.00,1.000
126,SELL,1.09454,1.09554,100.00,101.00,1.010
127,BUY,1.09353,1.09253,100.00,-101.00,-1.010
128,BUY,1.09252,1.09152,100.00,-100.00,-1.000
129,BUY,1.09139,1.09039,100.00,100.00,1.000
130,SELL,1.09239,1.09339,100.00,-101.00,-1.010
131,SELL,1.09353,1.09453,100.00,100.00,1.000
132,BUY,1.09251,1.09151,100.00,99.30,0.993
133,BUY,1.09322,1.09222,100.00,101.00,1.010
134,SELL,1.09429,1.09529,100.00,100.00,1.000
135,BUY,1.09329,1.09229,100.00,-100.00,-1.000
136,BUY,1.09229,1.09129,100.00,100.00,1.000
137,SELL,1.09329,1.09429,100.00,-100.00,-1.000
138,SELL,1.09431,1.09531,100.00,-100.00,-1.000
139,BUY,1.09484,1.09384,100.00,-100.00,-1.000
140,BUY,1.09367,1.09267,100.00,101.00,1.010
141,SELL,1.09468,1.09568,100.00,-101.00,-1.010
142,SELL,1.09569,1.09669,100.00,-100.00,-1.000
143,SELL,1.09668,1.09768,100.00,101.00,1.010
144,BUY,1.09567,1.09467,100.00,100.00,1.000
145,BUY,1.09643,1.09543,100.00,97.90,0.979
146,SELL,1.09833,1.09933,100.00,100.00,1.000
147,BUY,1.09733,1.09633,100.00,-100.00,-1.000
148,BUY,1.09633,1.09533,100.00,100.00,1.000
149,SELL,1.09733,1.09833,100.00,-100.00,-1.000
150,SELL,1.09840,1.09940,100.00,-178.00,-1.780
151,SELL,1.09960,1.10060,100.00,393.00,3.930
152,BUY,1.09590,1.09490,100.00,100.00,1.000
153,SELL,1.09765,1.09865,100.00,100.00,1.000
154,BUY,1.09623,1.09523,100.00,-100.00,-1.000
155,BUY,1.09523,1.09423,100.00,101.00,1.010
156,SELL,1.09624,1.09724,100.00,100.00,1.000
157,BUY,1.09500,1.09400,100.00,-102.00,-1.020
158,BUY,1.09399,1.09299,100.00,100.00,1.000
159,SELL,1.09511,1.09611,100.00,-100.00,-1.000
160,SELL,1.09610,1.09710,100.00,-102.00,-1.020
161,SELL,1.09712,1.09812,100.00,102.00,1.020
162,BUY,1.09610,1.09510,100.00,-100.00,-1.000
163,BUY,1.09511,1.09411,100.00,-101.00,-1.010
164,BUY,1.09411,1.09311,100.00,-100.00,-1.000
165,BUY,1.09312,1.09212,100.00,100.00,1.000
166,SELL,1.09412,1.09512,100.00,-101.00,-1.010
167,SELL,1.09513,1.09613,100.00,-101.00,-1.010
168,SELL,1.09613,1.09713,100.00,100.00,1.000
169,BUY,1.09510,1.09410,100.00,-100.00,-1.000
170,SELL,1.09441,1.09541,100.00,-100.00,-1.000
171,SELL,1.09540,1.09640,100.00,100.00,1.000
172,BUY,1.09440,1.09340,100.00,100.00,1.000
173,SELL,1.09540,1.09640,100.00,-100.00,-1.000
174,SELL,1.09644,1.09744,100.00,-100.00,-1.000
175,SELL,1.09741,1.09841,100.00,100.00,1.000
176,BUY,1.09629,1.09529,100.00,100.00,1.000
177,BUY,1.09714,1.09614,100.00,-101.70,-1.017
178,SELL,1.09685,1.09785,100.00,-101.00,-1.010
179,SELL,1.09718,1.09818,100.00,-100.00,-1.000
180,BUY,1.09810,1.09710,100.00,-100.00,-1.000
181,BUY,1.09711,1.09611,100.00,-100.00,-1.000
182,BUY,1.09611,1.09511,100.00,100.00,1.000
183,SELL,1.09721,1.09821,100.00,-100.00,-1.000
184,BUY,1.09783,1.09683,100.00,-100.00,-1.000
185,BUY,1.09673,1.09573,100.00,-101.00,-1.010
186,BUY,1.09573,1.09473,100.00,-100.00,-1.000
187,BUY,1.09466,1.09366,100.00,-100.00,-1.000
188,SELL,1.09411,1.09511,100.00,-100.00,-1.000
189,SELL,1.09511,1.09611,100.00,-102.00,-1.020
190,SELL,1.09676,1.09776,100.00,100.00,1.000
191,BUY,1.09576,1.09476,100.00,-100.00,-1.000
192,BUY,1.09477,1.09377,100.00,100.00,1.000
193,SELL,1.09585,1.09685,100.00,-100.00,-1.000
194,SELL,1.09684,1.09784,100.00,-100.00,-1.000
195,SELL,1.09784,1.09884,100.00,100.00,1.000
196,BUY,1.09684,1.09584,100.00,-100.00,-1.000
197,BUY,1.09585,1.09485,100.00,-100.00,-1.000
198,BUY,1.09482,1.09382,100.00,100.00,1.000
199,BUY,1.09601,1.09501,100.00,-100.00,-1.000
200,BUY,1.09477,1.09377,100.00,100.00,1.000
201,SELL,1.09627,1.09727,100.00,100.00,1.000
202,SELL,1.09569,1.09669,100.00,100.00,1.000
203,BUY,1.09469,1.09369,100.00,-100.00,-1.000
204,BUY,1.09355,1.09255,100.00,100.00,1.000
205,SELL,1.09460,1.09560,100.00,-100.00,-1.000
206,BUY,1.09472,1.09372,100.00,100.00,1.000
207,SELL,1.09572,1.09672,100.00,100.00,1.000
208,BUY,1.09466,1.09366,100.00,-102.70,-1.027
209,BUY,1.09347,1.09247,100.00,-101.00,-1.010
210,BUY,1.09250,1.09150,100.00,-100.00,-1.000
211,SELL,1.09207,1.09307,100.00,101.00,1.010
212,SELL,1.09155,1.09255,100.00,-100.00,-1.000
213,SELL,1.09258,1.09358,100.00,100.00,1.000
214,BUY,1.09154,1.09054,100.00,-100.00,-1.000
215,BUY,1.09054,1.08954,100.00,-100.00,-1.000
216,BUY,1.08954,1.08854,100.00,100.00,1.000
217,BUY,1.09011,1.08911,100.00,-101.00,-1.010
218,BUY,1.08910,1.08810,100.00,-101.00,-1.010
219,BUY,1.08809,1.08709,100.00,100.00,1.000
220,SELL,1.08925,1.09025,100.00,100.00,1.000
221,BUY,1.08778,1.08678,100.00,102.00,1.020
222,SELL,1.08880,1.08980,100.00,-100.00,-1.000
223,SELL,1.08980,1.09080,100.00,100.00,1.000
224,BUY,1.08880,1.08780,100.00,-101.00,-1.010
225,SELL,1.08831,1.08931,100.00,101.00,1.010
226,BUY,1.08720,1.08620,100.00,101.00,1.010
227,SELL,1.08821,1.08921,100.00,101.00,1.010
228,BUY,1.08686,1.08586,100.00,101.00,1.010
229,SELL,1.08787,1.08887,100.00,100.00,1.000
230,BUY,1.08687,1.08587,100.00,100.00,1.000
231,SELL,1.08787,1.08887,100.00,-101.00,-1.010
232,SELL,1.08887,1.08987,100.00,100.00,1.000
233,BUY,1.08787,1.08687,100.00,-105.00,-1.050
234,BUY,1.08684,1.08584,100.00,99.30,0.993
235,SELL,1.08786,1.08886,100.00,100.00,1.000
236,BUY,1.08686,1.08586,100.00,-102.00,-1.020
237,BUY,1.08587,1.08487,100.00,100.00,1.000
238,SELL,1.08687,1.08787,100.00,100.00,1.000
239,BUY,1.08587,1.08487,100.00,100.00,1.000
240,SELL,1.08707,1.08807,100.00,-100.00,-1.000
241,SELL,1.08807,1.08907,100.00,100.00,1.000
242,BUY,1.08691,1.08591,100.00,100.00,1.000
243,SELL,1.08797,1.08897,100.00,100.00,1.000
244,BUY,1.08676,1.08576,100.00,100.00,1.000
245,SELL,1.08776,1.08876,100.00,100.00,1.000
246,BUY,1.08676,1.08576,100.00,-104.00,-1.040
247,BUY,1.08572,1.08472,100.00,100.00,1.000
248,SELL,1.08672,1.08772,100.00,100.00,1.000
249,BUY,1.08572,1.08472,100.00,-101.00,-1.010
250,SELL,1.08519,1.08619,100.00,-100.00,-1.000
251,SELL,1.08618,1.08718,100.00,100.00,1.000
252,BUY,1.08517,1.08417,100.00,101.00,1.010
253,SELL,1.08624,1.08724,100.00,100.00,1.000
254,BUY,1.08524,1.08424,100.00,100.00,1.000
255,SELL,1.08624,1.08724,100.00,-100.00,-1.000
256,BUY,1.08707,1.08607,100.00,100.00,1.000
257,BUY,1.08826,1.08726,100.00,100.00,1.000
258,SELL,1.08926,1.09026,100.00,-100.00,-1.000
259,BUY,1.08907,1.08807,100.00,100.00,1.000
260,SELL,1.09011,1.09111,100.00,100.00,1.000
261,BUY,1.08904,1.08804,100.00,-100.00,-1.000
262,SELL,1.08837,1.08937,100.00,-100.00,-1.000
263,SELL,1.08937,1.09037,100.00,100.00,1.000
264,SELL,1.08875,1.08975,100.00,100.00,1.000
265,BUY,1.08758,1.08658,100.00,-101.00,-1.010
266,BUY,1.08540,1.08440,100.00,101.00,1.010
267,BUY,1.08641,1.08541,100.00,100.00,1.000
268,BUY,1.08677,1.08577,100.00,-101.00,-1.010
269,BUY,1.08565,1.08465,100.00,102.00,1.020
270,SELL,1.08667,1.08767,100.00,101.00,1.010
271,BUY,1.08566,1.08466,100.00,100.00,1.000
272,SELL,1.08670,1.08770,100.00,101.00,1.010
273,BUY,1.08569,1.08469,100.00,100.00,1.000
274,SELL,1.08669,1.08769,100.00,100.00,1.000
275,BUY,1.08569,1.08469,100.00,100.00,1.000
276,SELL,1.08669,1.08769,100.00,100.00,1.000
277,BUY,1.08569,1.08469,100.00,-100.00,-1.000
278,BUY,1.08470,1.08370,100.00,100.00,1.000
279,SELL,1.08570,1.08670,100.00,-100.00,-1.000
280,SELL,1.08676,1.08776,100.00,100.00,1.000
281,BUY,1.08576,1.08476,100.00,102.00,1.020
282,BUY,1.08629,1.08529,100.00,100.00,1.000
283,BUY,1.08780,1.08680,100.00,-132.00,-1.320
284,SELL,1.08737,1.08837,100.00,-101.00,-1.010
285,SELL,1.08860,1.08960,100.00,101.00,1.010
286,BUY,1.08781,1.08681,100.00,-101.00,-1.010
287,BUY,1.08680,1.08580,100.00,100.00,1.000
288,SELL,1.08790,1.08890,100.00,-100.00,-1.000
289,SELL,1.08921,1.09021,100.00,100.00,1.000
290,BUY,1.08821,1.08721,100.00,-102.00,-1.020
291,BUY,1.08720,1.08620,100.00,111.00,1.110
292,SELL,1.08866,1.08966,100.00,101.00,1.010
293,BUY,1.08765,1.08665,100.00,101.00,1.010
294,SELL,1.08870,1.08970,100.00,-101.00,-1.010
295,BUY,1.08922,1.08822,100.00,102.00,1.020
296,BUY,1.08996,1.08896,100.00,100.00,1.000
297,BUY,1.09052,1.08952,100.00,-101.00,-1.010
298,BUY,1.08946,1.08846,100.00,-100.00,-1.000
299,BUY,1.08828,1.08728,100.00,100.00,1.000
300,SELL,1.08955,1.09055,100.00,100.00,1.000
301,BUY,1.08855,1.08755,100.00,101.00,1.010
302,BUY,1.08902,1.08802,100.00,-100.00,-1.000
303,SELL,1.08836,1.08936,100.00,-101.00,-1.010
304,BUY,1.08879,1.08779,100.00,100.00,1.000
305,SELL,1.09037,1.09137,100.00,-100.00,-1.000
306,SELL,1.09142,1.09242,100.00,100.00,1.000
307,BUY,1.09042,1.08942,100.00,-100.00,-1.000
308,BUY,1.08940,1.08840,100.00,-100.00,-1.000
309,BUY,1.08840,1.08740,100.00,-100.00,-1.000
310,BUY,1.08740,1.08640,100.00,-100.00,-1.000
311,BUY,1.08640,1.08540,100.00,100.00,1.000
312,SELL,1.08740,1.08840,100.00,100.00,1.000
313,BUY,1.08628,1.08528,100.00,-100.00,-1.000
314,BUY,1.08529,1.08429,100.00,-100.00,-1.000
315,BUY,1.08430,1.08330,100.00,-100.00,-1.000
316,BUY,1.08305,1.08205,100.00,101.00,1.010
317,SELL,1.08475,1.08575,100.00,-101.00,-1.010
318,BUY,1.08530,1.08430,100.00,101.00,1.010
319,SELL,1.08644,1.08744,100.00,-100.00,-1.000
320,SELL,1.08758,1.08858,100.00,102.00,1.020
321,BUY,1.08656,1.08556,100.00,100.00,1.000
322,SELL,1.08756,1.08856,100.00,-100.00,-1.000
323,SELL,1.08875,1.08975,100.00,-101.00,-1.010
324,SELL,1.08976,1.09076,100.00,-100.00,-1.000
325,SELL,1.09076,1.09176,100.00,100.00,1.000
326,BUY,1.08937,1.08837,100.00,102.00,1.020
327,SELL,1.09039,1.09139,100.00,-100.00,-1.000
328,SELL,1.09151,1.09251,100.00,-100.00,-1.000
329,SELL,1.09273,1.09373,100.00,135.00,1.350
330,BUY,1.09138,1.09038,100.00,-100.00,-1.000
331,BUY,1.09039,1.08939,100.00,100.00,1.000
332,SELL,1.09105,1.09205,100.00,100.00,1.000
333,BUY,1.09005,1.08905,100.00,-100.00,-1.000
334,SELL,1.08956,1.09056,100.00,-100.00,-1.000
335,SELL,1.09085,1.09185,100.00,100.00,1.000
336,BUY,1.08985,1.08885,100.00,-100.00,-1.000
337,BUY,1.08824,1.08724,100.00,-102.10,-1.021
338,BUY,1.08738,1.08638,100.00,100.00,1.000
339,SELL,1.08847,1.08947,100.00,-100.00,-1.000
340,SELL,1.08947,1.09047,100.00,101.00,1.010
341,BUY,1.08846,1.08746,100.00,-111.00,-1.110
342,BUY,1.08736,1.08636,100.00,100.00,1.000
343,SELL,1.08955,1.09055,100.00,102.00,1.020
344,BUY,1.08853,1.08753,100.00,-100.00,-1.000
345,BUY,1.08754,1.08654,100.00,-100.00,-1.000
346,BUY,1.08654,1.08554,100.00,-100.00,-1.000
347,SELL,1.08604,1.08704,100.00,-100.00,-1.000
348,SELL,1.08721,1.08821,100.00,101.00,1.010
349,BUY,1.08583,1.08483,100.00,-100.00,-1.000
350,BUY,1.08485,1.08385,100.00,-100.00,-1.000
351,BUY,1.08386,1.08286,100.00,100.00,1.000
352,SELL,1.08486,1.08586,100.00,101.00,1.010
353,BUY,1.08385,1.08285,100.00,-100.00,-1.000
354,BUY,1.08286,1.08186,100.00,101.00,1.010
355,SELL,1.08387,1.08487,100.00,-100.00,-1.000
356,SELL,1.08485,1.08585,100.00,100.00,1.000
357,BUY,1.08385,1.08285,100.00,-100.00,-1.000
358,BUY,1.08271,1.08171,100.00,100.00,1.000
359,BUY,1.08462,1.08362,100.00,-106.00,-1.060
360,BUY,1.08486,1.08386,100.00,-100.00,-1.000
361,SELL,1.08447,1.08547,100.00,100.00,1.000
362,BUY,1.08347,1.08247,100.00,-101.00,-1.010
363,BUY,1.08247,1.08147,100.00,-100.00,-1.000
364,BUY,1.08128,1.08028,100.00,100.00,1.000
365,SELL,1.08228,1.08328,100.00,-101.00,-1.010
366,SELL,1.08346,1.08446,100.00,-100.00,-1.000
367,SELL,1.08446,1.08546,100.00,100.00,1.000
368,BUY,1.08346,1.08246,100.00,100.00,1.000
369,SELL,1.08461,1.08561,100.00,-101.00,-1.010
370,SELL,1.08565,1.08665,100.00,-100.00,-1.000
371,SELL,1.08678,1.08778,100.00,-100.00,-1.000
372,SELL,1.08780,1.08880,100.00,100.00,1.000
373,BUY,1.08680,1.08580,100.00,-100.00,-1.000
374,BUY,1.08581,1.08481,100.00,100.00,1.000
375,SELL,1.08681,1.08781,100.00,-100.00,-1.000
376,SELL,1.08780,1.08880,100.00,100.00,1.000
377,BUY,1.08675,1.08575,100.00,-101.00,-1.010
378,BUY,1.08574,1.08474,100.00,102.00,1.020
379,SELL,1.08676,1.08776,100.00,100.00,1.000
380,SELL,1.08590,1.08690,100.00,129.00,1.290
381,BUY,1.08474,1.08374,100.00,-100.00,-1.000
382,BUY,1.08350,1.08250,100.00,-100.00,-1.000
383,BUY,1.08250,1.08150,100.00,-100.00,-1.000
384,SELL,1.08222,1.08322,100.00,-100.00,-1.000
385,BUY,1.08319,1.08219,100.00,-100.00,-1.000
386,BUY,1.08220,1.08120,100.00,-100.00,-1.000
387,BUY,1.08120,1.08020,100.00,-100.00,-1.000
388,BUY,1.08021,1.07921,100.00,101.00,1.010
389,SELL,1.08124,1.08224,100.00,-100.00,-1.000
390,SELL,1.08222,1.08322,100.00,-100.00,-1.000
391,SELL,1.08329,1.08429,100.00,100.00,1.000
392,BUY,1.08217,1.08117,100.00,-100.00,-1.000
393,BUY,1.08120,1.08020,100.00,100.00,1.000
394,SELL,1.08231,1.08331,100.00,-100.00,-1.000
395,SELL,1.08331,1.08431,100.00,-104.00,-1.040
396,SELL,1.08435,1.08535,100.00,100.00,1.000
397,BUY,1.08316,1.08216,100.00,101.00,1.010
398,SELL,1.08417,1.08517,100.00,-100.00,-1.000
399,SELL,1.08516,1.08616,100.00,115.00,1.150
400,BUY,1.08401,1.08301,100.00,-100.00,-1.000
401,BUY,1.08291,1.08191,100.00,100.00,1.000
402,SELL,1.08414,1.08514,100.00,99.00,0.990
403,BUY,1.08314,1.08214,100.00,-100.00,-1.000
404,SELL,1.08251,1.08351,100.00,101.00,1.010
405,SELL,1.08196,1.08296,100.00,101.00,1.010
406,BUY,1.08095,1.07995,100.00,100.00,1.000
407,SELL,1.08195,1.08295,100.00,-100.00,-1.000
408,SELL,1.08295,1.08395,100.00,-100.00,-1.000
409,SELL,1.08420,1.08520,100.00,-104.00,-1.040
410,SELL,1.08524,1.08624,100.00,-100.00,-1.000
411,BUY,1.08543,1.08443,100.00,100.00,1.000
412,SELL,1.08658,1.08758,100.00,-100.00,-1.000
413,SELL,1.08758,1.08858,100.00,-103.00,-1.030
414,SELL,1.08860,1.08960,100.00,100.00,1.000
415,BUY,1.08760,1.08660,100.00,-100.00,-1.000
416,BUY,1.08661,1.08561,100.00,-100.00,-1.000
417,BUY,1.08561,1.08461,100.00,100.00,1.000
418,SELL,1.08661,1.08761,100.00,100.00,1.000
419,BUY,1.08561,1.08461,100.00,-101.00,-1.010
420,BUY,1.08461,1.08361,100.00,100.00,1.000
421,SELL,1.08561,1.08661,100.00,100.00,1.000
422,SELL,1.08487,1.08587,100.00,179.00,1.790
423,BUY,1.08308,1.08208,100.00,-100.00,-1.000
424,BUY,1.08198,1.08098,100.00,100.00,1.000
425,SELL,1.08304,1.08404,100.00,100.00,1.000
426,SELL,1.08323,1.08423,100.00,-100.00,-1.000
427,SELL,1.08422,1.08522,100.00,100.00,1.000
428,BUY,1.08322,1.08222,100.00,100.00,1.000
429,BUY,1.08535,1.08435,100.00,100.00,1.000
430,SELL,1.08607,1.08707,100.00,100.00,1.000
431,BUY,1.08507,1.08407,100.00,-100.00,-1.000
432,BUY,1.08410,1.08310,100.00,-100.00,-1.000
433,BUY,1.08376,1.08276,100.00,-100.00,-1.000
434,BUY,1.08021,1.07921,100.00,100.00,1.000
435,SELL,1.08129,1.08229,100.00,100.00,1.000
436,BUY,1.08029,1.07929,100.00,100.00,1.000
437,SELL,1.08146,1.08246,100.00,98.00,0.980
438,BUY,1.08045,1.07945,100.00,100.00,1.000
439,SELL,1.08145,1.08245,100.00,100.00,1.000
440,BUY,1.08004,1.07904,100.00,-100.00,-1.000
441,BUY,1.07887,1.07787,100.00,100.00,1.000
442,SELL,1.07987,1.08087,100.00,-100.00,-1.000
443,SELL,1.08089,1.08189,100.00,-100.00,-1.000
444,BUY,1.08144,1.08044,100.00,100.00,1.000
445,SELL,1.08244,1.08344,100.00,100.00,1.000
446,BUY,1.08144,1.08044,100.00,100.00,1.000
447,BUY,1.08207,1.08107,100.00,-102.00,-1.020
448,BUY,1.08105,1.08005,100.00,100.00,1.000
449,BUY,1.08206,1.08106,100.00,100.00,1.000
450,SELL,1.08306,1.08406,100.00,-100.00,-1.000
451,SELL,1.08405,1.08505,100.00,-102.00,-1.020
452,SELL,1.08522,1.08622,100.00,-100.00,-1.000
453,SELL,1.08630,1.08730,100.00,-100.00,-1.000
454,SELL,1.08739,1.08839,100.00,100.00,1.000
455,BUY,1.08628,1.08528,100.00,101.00,1.010
456,SELL,1.08729,1.08829,100.00,101.00,1.010
457,SELL,1.08665,1.08765,100.00,-101.00,-1.010
458,SELL,1.08773,1.08873,100.00,-100.00,-1.000
459,SELL,1.08872,1.08972,100.00,101.00,1.010
460,BUY,1.08771,1.08671,100.00,100.00,1.000
461,SELL,1.08871,1.08971,100.00,-100.00,-1.000
462,SELL,1.08971,1.09071,100.00,100.00,1.000
463,BUY,1.08848,1.08748,100.00,-118.00,-1.180
464,BUY,1.08730,1.08630,100.00,-117.00,-1.170
465,BUY,1.08279,1.08179,100.00,-100.00,-1.000
466,BUY,1.08160,1.08060,100.00,100.00,1.000
467,SELL,1.08260,1.08360,100.00,100.00,1.000
468,BUY,1.08160,1.08060,100.00,-100.00,-1.000
469,BUY,1.08061,1.07961,100.00,-100.00,-1.000
470,BUY,1.07962,1.07862,100.00,100.00,1.000
471,SELL,1.08064,1.08164,100.00,101.00,1.010
472,BUY,1.07963,1.07863,100.00,100.00,1.000
473,SELL,1.08063,1.08163,100.00,-100.00,-1.000
474,SELL,1.08162,1.08262,100.00,100.00,1.000
475,BUY,1.08053,1.07953,100.00,-101.00,-1.010
476,BUY,1.07952,1.07852,100.00,-100.00,-1.000
477,BUY,1.07853,1.07753,100.00,101.00,1.010
478,SELL,1.07974,1.08074,100.00,100.00,1.000
479,SELL,1.07862,1.07962,100.00,-100.00,-1.000
480,BUY,1.07889,1.07789,100.00,-103.70,-1.037
481,BUY,1.07757,1.07657,100.00,100.00,1.000
482,SELL,1.07857,1.07957,100.00,100.00,1.000
483,BUY,1.07742,1.07642,100.00,-100.00,-1.000
484,SELL,1.07700,1.07800,100.00,100.00,1.000
485,BUY,1.07558,1.07458,100.00,-101.00,-1.010
486,BUY,1.07458,1.07358,100.00,-100.00,-1.000
487,SELL,1.07384,1.07484,100.00,101.00,1.010
488,BUY,1.07283,1.07183,100.00,100.00,1.000
489,BUY,1.07321,1.07221,100.00,100.00,1.000
490,SELL,1.07414,1.07514,100.00,-101.00,-1.010
491,BUY,1.07505,1.07405,100.00,100.00,1.000
492,SELL,1.07605,1.07705,100.00,100.00,1.000
493,BUY,1.07488,1.07388,100.00,-100.00,-1.000
494,SELL,1.07438,1.07538,100.00,100.00,1.000
495,BUY,1.07330,1.07230,100.00,100.00,1.000
496,BUY,1.07318,1.07218,100.00,101.00,1.010
497,SELL,1.07419,1.07519,100.00,101.00,1.010
498,SELL,1.07348,1.07448,100.00,-101.00,-1.010
499,SELL,1.07455,1.07555,100.00,-102.00,-1.020
500,SELL,1.07553,1.07653,100.00,101.00,1.010
501,BUY,1.07448,1.07348,100.00,100.00,1.000
502,SELL,1.07544,1.07644,100.00,-101.00,-1.010
503,SELL,1.07642,1.07742,100.00,-100.00,-1.000
504,SELL,1.07788,1.07888,100.00,100.00,1.000
505,BUY,1.07688,1.07588,100.00,100.00,1.000
506,BUY,1.07741,1.07641,100.00,-101.00,-1.010
507,BUY,1.07641,1.07541,100.00,100.00,1.000
508,BUY,1.07723,1.07623,100.00,-123.00,-1.230
509,BUY,1.07822,1.07722,100.00,-101.00,-1.010
510,BUY,1.07706,1.07606,100.00,101.00,1.010
511,SELL,1.07807,1.07907,100.00,100.00,1.000
512,BUY,1.07691,1.07591,100.00,-100.00,-1.000
513,BUY,1.07587,1.07487,100.00,-104.00,-1.040
514,BUY,1.07483,1.07383,100.00,100.00,1.000
515,SELL,1.07583,1.07683,100.00,-100.00,-1.000
516,SELL,1.07718,1.07818,100.00,-101.00,-1.010
517,SELL,1.07816,1.07916,100.00,99.00,0.990
518,SELL,1.07815,1.07915,100.00,101.00,1.010
519,BUY,1.07705,1.07605,100.00,101.00,1.010
520,SELL,1.07806,1.07906,100.00,-106.00,-1.060
521,SELL,1.07872,1.07972,100.00,102.00,1.020
522,SELL,1.07857,1.07957,100.00,100.00,1.000
523,SELL,1.07808,1.07908,100.00,-100.00,-1.000
524,BUY,1.07824,1.07724,100.00,99.30,0.993
525,SELL,1.07930,1.08030,100.00,-100.00,-1.000
526,SELL,1.08032,1.08132,100.00,102.00,1.020
527,BUY,1.07921,1.07821,100.00,-100.00,-1.000
528,BUY,1.07823,1.07723,100.00,-100.00,-1.000
529,BUY,1.07724,1.07624,100.00,-101.00,-1.010
530,BUY,1.07610,1.07510,100.00,100.00,1.000
531,BUY,1.07692,1.07592,100.00,-101.00,-1.010
532,BUY,1.07592,1.07492,100.00,101.00,1.010
533,SELL,1.07707,1.07807,100.00,-100.00,-1.000
534,BUY,1.07763,1.07663,100.00,-133.70,-1.337
535,SELL,1.07741,1.07841,100.00,100.00,1.000
536,SELL,1.07736,1.07836,100.00,100.00,1.000
537,SELL,1.07674,1.07774,100.00,100.00,1.000
538,BUY,1.07574,1.07474,100.00,101.00,1.010
539,SELL,1.07702,1.07802,100.00,-100.00,-1.000
540,SELL,1.07807,1.07907,100.00,-100.00,-1.000
541,SELL,1.07912,1.08012,100.00,460.00,4.600
542,BUY,1.07452,1.07352,100.00,-100.00,-1.000
543,BUY,1.07292,1.07192,100.00,-100.00,-1.000
544,BUY,1.07193,1.07093,100.00,-104.00,-1.040
545,BUY,1.07090,1.06990,100.00,100.00,1.000
546,SELL,1.07190,1.07290,100.00,102.00,1.020
547,BUY,1.07088,1.06988,100.00,100.00,1.000
548,SELL,1.07201,1.07301,100.00,100.00,1.000
549,BUY,1.07053,1.06953,100.00,99.30,0.993
550,BUY,1.07142,1.07042,100.00,-100.00,-1.000
551,BUY,1.07044,1.06944,100.00,100.00,1.000
552,BUY,1.07099,1.06999,100.00,101.00,1.010
553,SELL,1.07200,1.07300,100.00,-100.00,-1.000
554,BUY,1.07270,1.07170,100.00,97.90,0.979
555,SELL,1.07385,1.07485,100.00,100.00,1.000
556,BUY,1.07281,1.07181,100.00,101.00,1.010
557,SELL,1.07382,1.07482,100.00,-101.00,-1.010
558,SELL,1.07485,1.07585,100.00,-101.00,-1.010
559,SELL,1.07582,1.07682,100.00,-104.00,-1.040
560,SELL,1.07637,1.07737,100.00,-100.00,-1.000
561,SELL,1.07736,1.07836,100.00,-101.00,-1.010
562,SELL,1.07836,1.07936,100.00,101.00,1.010
563,BUY,1.07735,1.07635,100.00,-100.00,-1.000
564,BUY,1.07610,1.07510,100.00,100.00,1.000
565,SELL,1.07718,1.07818,100.00,100.00,1.000
566,SELL,1.07660,1.07760,100.00,-101.00,-1.010
567,BUY,1.07733,1.07633,100.00,-100.00,-1.000
568,BUY,1.07634,1.07534,100.00,-160.00,-1.600
569,BUY,1.07475,1.07375,100.00,-100.00,-1.000
570,BUY,1.07376,1.07276,100.00,100.00,1.000
571,SELL,1.07476,1.07576,100.00,-101.00,-1.010
572,SELL,1.07598,1.07698,100.00,-101.00,-1.010
573,SELL,1.07708,1.07808,100.00,-100.00,-1.000
574,BUY,1.07806,1.07706,100.00,-100.70,-1.007
575,BUY,1.07797,1.07697,100.00,-100.00,-1.000
576,BUY,1.07698,1.07598,100.00,100.00,1.000
577,SELL,1.07825,1.07925,100.00,100.00,1.000
578,BUY,1.07703,1.07603,100.00,100.00,1.000
579,SELL,1.07825,1.07925,100.00,-100.00,-1.000
580,SELL,1.07924,1.08024,100.00,-100.00,-1.000
581,SELL,1.08023,1.08123,100.00,-102.00,-1.020
582,SELL,1.08124,1.08224,100.00,-100.00,-1.000
583,SELL,1.08223,1.08323,100.00,-100.00,-1.000
584,SELL,1.08336,1.08436,100.00,100.00,1.000
585,BUY,1.08215,1.08115,100.00,-100.00,-1.000
586,BUY,1.08108,1.08008,100.00,-100.70,-1.007
587,BUY,1.07993,1.07893,100.00,102.00,1.020
588,SELL,1.08078,1.08178,100.00,-100.00,-1.000
589,BUY,1.08136,1.08036,100.00,-100.00,-1.000
590,BUY,1.08023,1.07923,100.00,100.00,1.000
591,SELL,1.08123,1.08223,100.00,100.00,1.000
592,BUY,1.08023,1.07923,100.00,101.00,1.010
593,BUY,1.08064,1.07964,100.00,100.00,1.000
594,SELL,1.08164,1.08264,100.00,-103.00,-1.030
595,BUY,1.08238,1.08138,100.00,101.00,1.010
596,BUY,1.08346,1.08246,100.00,100.00,1.000
597,SELL,1.08446,1.08546,100.00,-100.00,-1.000
598,SELL,1.08561,1.08661,100.00,-150.00,-1.500
599,SELL,1.08691,1.08791,100.00,-150.00,-1.500
600,SELL,1.08809,1.08909,100.00,106.00,1.060
601,BUY,1.08703,1.08603,100.00,106.00,1.060
602,BUY,1.08655,1.08555,100.00,-101.00,-1.010
603,BUY,1.08536,1.08436,100.00,-101.00,-1.010
604,BUY,1.08433,1.08333,100.00,-129.00,-1.290
605,BUY,1.08305,1.08205,100.00,-100.00,-1.000
606,BUY,1.08202,1.08102,100.00,-100.00,-1.000
607,BUY,1.08100,1.08000,100.00,100.00,1.000
608,SELL,1.08200,1.08300,100.00,101.00,1.010
609,BUY,1.08099,1.07999,100.00,101.00,1.010
610,SELL,1.08205,1.08305,100.00,-102.00,-1.020
611,SELL,1.08302,1.08402,100.00,100.00,1.000
612,BUY,1.08197,1.08097,100.00,100.00,1.000
613,SELL,1.08297,1.08397,100.00,-100.00,-1.000
614,BUY,1.08331,1.08231,100.00,-101.00,-1.010
615,BUY,1.08226,1.08126,100.00,-100.00,-1.000
616,BUY,1.08127,1.08027,100.00,100.00,1.000
617,SELL,1.08250,1.08350,100.00,-103.00,-1.030
618,BUY,1.08309,1.08209,100.00,-102.00,-1.020
619,BUY,1.08266,1.08166,100.00,-108.00,-1.080
620,SELL,1.08271,1.08371,100.00,-101.00,-1.010
621,SELL,1.08375,1.08475,100.00,-100.00,-1.000
622,BUY,1.08449,1.08349,100.00,101.00,1.010
623,SELL,1.08550,1.08650,100.00,101.00,1.010
624,SELL,1.08536,1.08636,100.00,102.00,1.020
625,BUY,1.08432,1.08332,100.00,100.00,1.000
626,SELL,1.08532,1.08632,100.00,101.00,1.010
627,SELL,1.08444,1.08544,100.00,-108.00,-1.080
628,BUY,1.08551,1.08451,100.00,-102.00,-1.020
629,SELL,1.08485,1.08585,100.00,-100.00,-1.000
630,BUY,1.08582,1.08482,100.00,-100.00,-1.000
631,BUY,1.08483,1.08383,100.00,100.00,1.000
632,SELL,1.08592,1.08692,100.00,101.00,1.010
633,BUY,1.08491,1.08391,100.00,-103.00,-1.030
634,BUY,1.08387,1.08287,100.00,102.00,1.020
635,SELL,1.08489,1.08589,100.00,99.00,0.990
636,BUY,1.08278,1.08178,100.00,-100.00,-1.000
637,SELL,1.08203,1.08303,100.00,101.00,1.010
638,BUY,1.08102,1.08002,100.00,-100.00,-1.000
639,BUY,1.07979,1.07879,100.00,100.00,1.000
640,SELL,1.08112,1.08212,100.00,-100.00,-1.000
641,SELL,1.08213,1.08313,100.00,-103.00,-1.030
642,SELL,1.08315,1.08415,100.00,100.00,1.000
643,SELL,1.08275,1.08375,100.00,-101.00,-1.010
644,SELL,1.08375,1.08475,100.00,98.00,0.980
645,BUY,1.08274,1.08174,100.00,100.00,1.000
646,SELL,1.08374,1.08474,100.00,-101.00,-1.010
647,BUY,1.08426,1.08326,100.00,100.00,1.000
648,BUY,1.08500,1.08400,100.00,-101.00,-1.010
649,BUY,1.08381,1.08281,100.00,-100.00,-1.000
650,BUY,1.08282,1.08182,100.00,100.00,1.000
651,SELL,1.08382,1.08482,100.00,-100.00,-1.000
652,SELL,1.08481,1.08581,100.00,100.00,1.000
653,BUY,1.08381,1.08281,100.00,100.00,1.000
654,SELL,1.08480,1.08580,100.00,102.00,1.020
655,BUY,1.08378,1.08278,100.00,-100.00,-1.000
656,BUY,1.08273,1.08173,100.00,-100.00,-1.000
657,BUY,1.08174,1.08074,100.00,-100.00,-1.000
658,BUY,1.08074,1.07974,100.00,-100.00,-1.000
659,SELL,1.08006,1.08106,100.00,-100.00,-1.000
660,SELL,1.08109,1.08209,100.00,100.00,1.000
661,SELL,1.08058,1.08158,100.00,-101.00,-1.010
662,BUY,1.08170,1.08070,100.00,-101.00,-1.010
663,BUY,1.08070,1.07970,100.00,102.00,1.020
664,SELL,1.08172,1.08272,100.00,100.00,1.000
665,BUY,1.08072,1.07972,100.00,105.00,1.050
666,SELL,1.08177,1.08277,100.00,100.00,1.000
667,SELL,1.08130,1.08230,100.00,-100.00,-1.000
668,SELL,1.08234,1.08334,100.00,-100.00,-1.000
669,SELL,1.08333,1.08433,100.00,100.00,1.000
670,SELL,1.08297,1.08397,100.00,-100.00,-1.000
671,BUY,1.08347,1.08247,100.00,100.30,1.003
672,SELL,1.08499,1.08599,100.00,100.00,1.000
673,BUY,1.08392,1.08292,100.00,100.00,1.000
674,SELL,1.08512,1.08612,100.00,102.00,1.020
675,SELL,1.08464,1.08564,100.00,-100.00,-1.000
676,SELL,1.08569,1.08669,100.00,-100.00,-1.000
677,BUY,1.08633,1.08533,100.00,-102.00,-1.020
678,BUY,1.08588,1.08488,100.00,-100.00,-1.000
679,BUY,1.08500,1.08400,100.00,101.00,1.010
680,SELL,1.08601,1.08701,100.00,-100.00,-1.000
681,SELL,1.08711,1.08811,100.00,100.00,1.000
682,SELL,1.08675,1.08775,100.00,100.00,1.000
683,BUY,1.08547,1.08447,100.00,-100.70,-1.007
684,SELL,1.08469,1.08569,100.00,-100.00,-1.000
685,BUY,1.08614,1.08514,100.00,100.00,1.000
686,SELL,1.08714,1.08814,100.00,-102.00,-1.020
687,SELL,1.08815,1.08915,100.00,-100.00,-1.000
688,BUY,1.08870,1.08770,100.00,101.00,1.010
689,SELL,1.08973,1.09073,100.00,-101.00,-1.010
690,SELL,1.09088,1.09188,100.00,100.00,1.000
691,BUY,1.08988,1.08888,100.00,-102.10,-1.021
692,BUY,1.08889,1.08789,100.00,101.00,1.010
693,SELL,1.08990,1.09090,100.00,104.00,1.040
694,BUY,1.08886,1.08786,100.00,-101.00,-1.010
695,BUY,1.08808,1.08708,100.00,-101.00,-1.010
696,BUY,1.08708,1.08608,100.00,101.00,1.010
697,SELL,1.08809,1.08909,100.00,-100.00,-1.000
698,SELL,1.08908,1.09008,100.00,-100.00,-1.000
699,SELL,1.09007,1.09107,100.00,-100.00,-1.000
700,SELL,1.09132,1.09232,100.00,-101.00,-1.010
701,SELL,1.09232,1.09332,100.00,-100.00,-1.000
702,SELL,1.09331,1.09431,100.00,-102.00,-1.020
703,BUY,1.09408,1.09308,100.00,99.30,0.993
704,SELL,1.09511,1.09611,100.00,100.00,1.000
705,BUY,1.09408,1.09308,100.00,-100.00,-1.000
706,BUY,1.09310,1.09210,100.00,100.00,1.000
707,SELL,1.09416,1.09516,100.00,105.00,1.050
708,BUY,1.09311,1.09211,100.00,-100.00,-1.000
709,SELL,1.09595,1.09695,100.00,102.00,1.020
710,SELL,1.09565,1.09665,100.00,-100.00,-1.000
711,SELL,1.09662,1.09762,100.00,-100.00,-1.000
712,SELL,1.09760,1.09860,100.00,101.00,1.010
713,BUY,1.09659,1.09559,100.00,-100.00,-1.000
714,BUY,1.09560,1.09460,100.00,101.00,1.010
715,SELL,1.09661,1.09761,100.00,101.00,1.010
716,BUY,1.09560,1.09460,100.00,-100.00,-1.000
717,BUY,1.09460,1.09360,100.00,100.00,1.000
718,SELL,1.09590,1.09690,100.00,100.00,1.000
719,BUY,1.09485,1.09385,100.00,100.00,1.000
720,SELL,1.09594,1.09694,100.00,100.00,1.000
721,BUY,1.09493,1.09393,100.00,-101.00,-1.010
722,BUY,1.09379,1.09279,100.00,99.30,0.993
723,SELL,1.09479,1.09579,100.00,101.00,1.010
724,BUY,1.09378,1.09278,100.00,-100.00,-1.000
725,BUY,1.09267,1.09167,100.00,-101.00,-1.010
726,SELL,1.09209,1.09309,100.00,-106.00,-1.060
727,BUY,1.09249,1.09149,100.00,102.30,1.023
728,BUY,1.09352,1.09252,100.00,-102.00,-1.020
729,BUY,1.09232,1.09132,100.00,101.00,1.010
730,BUY,1.09273,1.09173,100.00,-130.00,-1.300
731,BUY,1.09150,1.09050,100.00,-117.00,-1.170
732,BUY,1.09320,1.09220,100.00,-101.00,-1.010
733,SELL,1.09331,1.09431,100.00,-101.00,-1.010
734,SELL,1.09429,1.09529,100.00,102.00,1.020
735,BUY,1.09327,1.09227,100.00,-101.00,-1.010
736,BUY,1.09202,1.09102,100.00,-101.00,-1.010
737,BUY,1.09101,1.09001,100.00,100.00,1.000
738,BUY,1.09257,1.09157,100.00,100.00,1.000
739,SELL,1.09390,1.09490,100.00,-101.00,-1.010
740,SELL,1.09542,1.09642,100.00,97.00,0.970
741,BUY,1.09387,1.09287,100.00,-109.00,-1.090
742,BUY,1.09285,1.09185,100.00,100.00,1.000
743,SELL,1.09385,1.09485,100.00,100.00,1.000
744,BUY,1.09285,1.09185,100.00,-100.00,-1.000
745,BUY,1.09163,1.09063,100.00,-100.00,-1.000
746,BUY,1.09060,1.08960,100.00,-100.00,-1.000
747,BUY,1.08932,1.08832,100.00,-100.00,-1.000
748,SELL,1.08886,1.08986,100.00,99.00,0.990
749,SELL,1.08792,1.08892,100.00,-103.00,-1.030
750,SELL,1.08924,1.09024,100.00,100.00,1.000
751,BUY,1.08824,1.08724,100.00,99.30,0.993
752,SELL,1.08954,1.09054,100.00,-101.00,-1.010
753,BUY,1.09007,1.08907,100.00,-100.00,-1.000
754,BUY,1.08891,1.08791,100.00,-100.00,-1.000
755,BUY,1.08794,1.08694,100.00,-100.00,-1.000
756,BUY,1.08765,1.08665,100.00,-101.70,-1.017
757,BUY,1.08646,1.08546,100.00,-100.00,-1.000
758,BUY,1.08548,1.08448,100.00,-100.00,-1.000
759,BUY,1.08434,1.08334,100.00,101.00,1.010
760,BUY,1.08511,1.08411,100.00,101.00,1.010
761,SELL,1.08627,1.08727,100.00,99.00,0.990
762,BUY,1.08527,1.08427,100.00,-101.00,-1.010
763,BUY,1.08429,1.08329,100.00,102.00,1.020
764,SELL,1.08666,1.08766,100.00,-106.00,-1.060
765,SELL,1.08809,1.08909,100.00,-104.00,-1.040
766,SELL,1.08899,1.08999,100.00,100.00,1.000
767,BUY,1.08799,1.08699,100.00,-100.00,-1.000
768,BUY,1.08701,1.08601,100.00,101.00,1.010
769,SELL,1.08802,1.08902,100.00,100.00,1.000
770,BUY,1.08702,1.08602,100.00,100.00,1.000
771,SELL,1.08802,1.08902,100.00,-101.00,-1.010
772,SELL,1.08910,1.09010,100.00,-106.00,-1.060
773,SELL,1.09013,1.09113,100.00,-106.00,-1.060
774,SELL,1.09119,1.09219,100.00,-102.00,-1.020
775,BUY,1.09167,1.09067,100.00,98.90,0.989
776,SELL,1.09275,1.09375,100.00,-100.00,-1.000
777,BUY,1.09340,1.09240,100.00,-100.00,-1.000
778,BUY,1.09242,1.09142,100.00,-152.00,-1.520
779,SELL,1.09131,1.09231,100.00,101.00,1.010
780,BUY,1.09030,1.08930,100.00,-100.00,-1.000
781,BUY,1.08932,1.08832,100.00,100.00,1.000
782,BUY,1.09009,1.08909,100.00,100.00,1.000
783,SELL,1.09126,1.09226,100.00,-100.00,-1.000
784,BUY,1.09164,1.09064,100.00,-100.00,-1.000
785,BUY,1.09068,1.08968,100.00,100.00,1.000
786,SELL,1.09168,1.09268,100.00,101.00,1.010
787,BUY,1.09067,1.08967,100.00,-100.00,-1.000
788,BUY,1.08964,1.08864,100.00,-100.00,-1.000
789,BUY,1.08864,1.08764,100.00,-101.00,-1.010
790,SELL,1.08807,1.08907,100.00,101.00,1.010
791,BUY,1.08698,1.08598,100.00,-101.00,-1.010
792,BUY,1.08599,1.08499,100.00,-100.70,-1.007
793,BUY,1.08441,1.08341,100.00,-101.00,-1.010
794,SELL,1.08363,1.08463,100.00,100.00,1.000
795,BUY,1.08263,1.08163,100.00,-100.00,-1.000
796,BUY,1.08159,1.08059,100.00,102.00,1.020
797,BUY,1.08257,1.08157,100.00,-101.00,-1.010
798,SELL,1.08190,1.08290,100.00,101.00,1.010
799,SELL,1.08088,1.08188,100.00,-101.00,-1.010
800,SELL,1.08186,1.08286,100.00,102.00,1.020
801,SELL,1.08130,1.08230,100.00,-100.00,-1.000
802,SELL,1.08355,1.08455,100.00,-103.00,-1.030
803,BUY,1.08371,1.08271,100.00,100.00,1.000
804,BUY,1.08462,1.08362,100.00,100.00,1.000
805,SELL,1.08575,1.08675,100.00,101.00,1.010
806,BUY,1.08474,1.08374,100.00,-101.00,-1.010
807,SELL,1.08420,1.08520,100.00,100.00,1.000
808,BUY,1.08317,1.08217,100.00,-101.70,-1.017
809,SELL,1.08326,1.08426,100.00,102.00,1.020
810,BUY,1.08224,1.08124,100.00,100.00,1.000
811,BUY,1.08355,1.08255,100.00,-101.00,-1.010
812,BUY,1.08234,1.08134,100.00,-101.00,-1.010
813,BUY,1.08122,1.08022,100.00,100.00,1.000
814,SELL,1.08233,1.08333,100.00,97.00,0.970
815,SELL,1.08152,1.08252,100.00,-100.00,-1.000
816,BUY,1.08161,1.08061,100.00,-100.00,-1.000
817,BUY,1.08062,1.07962,100.00,-103.00,-1.030
818,BUY,1.07962,1.07862,100.00,-100.00,-1.000
819,BUY,1.07863,1.07763,100.00,-101.00,-1.010
820,SELL,1.07835,1.07935,100.00,-102.00,-1.020
821,SELL,1.07942,1.08042,100.00,101.00,1.010
822,BUY,1.07865,1.07765,100.00,100.00,1.000
823,SELL,1.08000,1.08100,100.00,-100.00,-1.000
824,SELL,1.08113,1.08213,100.00,100.00,1.000
825,BUY,1.08013,1.07913,100.00,-100.00,-1.000
826,BUY,1.07860,1.07760,100.00,-100.70,-1.007
827,SELL,1.07784,1.07884,100.00,-100.00,-1.000
828,SELL,1.07875,1.07975,100.00,-100.00,-1.000
829,SELL,1.07994,1.08094,100.00,101.00,1.010
830,BUY,1.07893,1.07793,100.00,-102.70,-1.027
831,SELL,1.07828,1.07928,100.00,100.00,1.000
832,BUY,1.07728,1.07628,100.00,-108.00,-1.080
833,BUY,1.07627,1.07527,100.00,-100.00,-1.000
834,BUY,1.07529,1.07429,100.00,-103.00,-1.030
835,SELL,1.07473,1.07573,100.00,100.00,1.000
836,BUY,1.07352,1.07252,100.00,-102.70,-1.027
837,BUY,1.07259,1.07159,100.00,100.00,1.000
838,SELL,1.07397,1.07497,100.00,100.00,1.000
839,BUY,1.07278,1.07178,100.00,101.00,1.010
840,SELL,1.07379,1.07479,100.00,-100.00,-1.000
841,SELL,1.07485,1.07585,100.00,-100.00,-1.000
842,SELL,1.07607,1.07707,100.00,-101.00,-1.010
843,SELL,1.07708,1.07808,100.00,100.00,1.000
844,SELL,1.07707,1.07807,100.00,-100.00,-1.000
845,SELL,1.07806,1.07906,100.00,-101.00,-1.010
846,SELL,1.07906,1.08006,100.00,-124.00,-1.240
847,SELL,1.08023,1.08123,100.00,-100.00,-1.000
848,SELL,1.08170,1.08270,100.00,101.00,1.010
849,SELL,1.08081,1.08181,100.00,101.00,1.010
850,BUY,1.07979,1.07879,100.00,100.00,1.000
851,SELL,1.08092,1.08192,100.00,-108.00,-1.080
852,SELL,1.08213,1.08313,100.00,-100.00,-1.000
853,SELL,1.08311,1.08411,100.00,-118.00,-1.180
854,BUY,1.08357,1.08257,100.00,101.00,1.010
855,SELL,1.08457,1.08557,100.00,-102.00,-1.020
856,SELL,1.08557,1.08657,100.00,-102.00,-1.020
857,SELL,1.08658,1.08758,100.00,-102.00,-1.020
858,SELL,1.08759,1.08859,100.00,101.00,1.010
859,BUY,1.08609,1.08509,100.00,-100.00,-1.000
860,BUY,1.08505,1.08405,100.00,-101.00,-1.010
861,SELL,1.08392,1.08492,100.00,100.00,1.000
862,BUY,1.08291,1.08191,100.00,100.00,1.000
863,SELL,1.08391,1.08491,100.00,143.00,1.430
864,BUY,1.08248,1.08148,100.00,-103.00,-1.030
865,BUY,1.08043,1.07943,100.00,104.00,1.040
866,SELL,1.08147,1.08247,100.00,100.00,1.000
867,BUY,1.08047,1.07947,100.00,-100.00,-1.000
868,BUY,1.07949,1.07849,100.00,100.00,1.000
869,SELL,1.08049,1.08149,100.00,-101.00,-1.010
870,SELL,1.08156,1.08256,100.00,-103.00,-1.030
871,SELL,1.08257,1.08357,100.00,101.00,1.010
872,SELL,1.08231,1.08331,100.00,-100.00,-1.000
873,SELL,1.08329,1.08429,100.00,-102.00,-1.020
874,SELL,1.08429,1.08529,100.00,100.00,1.000
875,SELL,1.08370,1.08470,100.00,101.00,1.010
876,BUY,1.08268,1.08168,100.00,101.00,1.010
877,BUY,1.08317,1.08217,100.00,-102.00,-1.020
878,BUY,1.08214,1.08114,100.00,101.00,1.010
879,BUY,1.08298,1.08198,100.00,100.00,1.000
880,SELL,1.08398,1.08498,100.00,-100.00,-1.000
881,SELL,1.08504,1.08604,100.00,-101.00,-1.010
882,BUY,1.08593,1.08493,100.00,-122.00,-1.220
883,BUY,1.08620,1.08520,100.00,-100.00,-1.000
884,BUY,1.08521,1.08421,100.00,100.00,1.000
885,SELL,1.08621,1.08721,100.00,-100.00,-1.000
886,BUY,1.08624,1.08524,100.00,101.00,1.010
887,SELL,1.08725,1.08825,100.00,-104.00,-1.040
888,SELL,1.08827,1.08927,100.00,101.00,1.010
889,BUY,1.08703,1.08603,100.00,-100.00,-1.000
890,BUY,1.08595,1.08495,100.00,-100.00,-1.000
891,BUY,1.08481,1.08381,100.00,100.00,1.000
892,BUY,1.08588,1.08488,100.00,-101.00,-1.010
893,SELL,1.08519,1.08619,100.00,-100.00,-1.000
894,SELL,1.08655,1.08755,100.00,100.00,1.000
895,BUY,1.08555,1.08455,100.00,-204.00,-2.040
896,BUY,1.08286,1.08186,100.00,-115.00,-1.150
897,BUY,1.07962,1.07862,100.00,-104.00,-1.040
898,BUY,1.07861,1.07761,100.00,101.00,1.010
899,SELL,1.07962,1.08062,100.00,100.00,1.000
900,BUY,1.07845,1.07745,100.00,-101.00,-1.010
901,BUY,1.07744,1.07644,100.00,-100.00,-1.000
902,BUY,1.07645,1.07545,100.00,-100.00,-1.000
903,BUY,1.07546,1.07446,100.00,100.00,1.000
904,SELL,1.07646,1.07746,100.00,100.00,1.000
905,BUY,1.07546,1.07446,100.00,-101.00,-1.010
906,BUY,1.07419,1.07319,100.00,-103.00,-1.030
907,BUY,1.07307,1.07207,100.00,100.00,1.000
908,SELL,1.07407,1.07507,100.00,-100.00,-1.000
909,SELL,1.07505,1.07605,100.00,100.00,1.000
910,SELL,1.07449,1.07549,100.00,98.00,0.980
911,BUY,1.07346,1.07246,100.00,100.00,1.000
912,BUY,1.07373,1.07273,100.00,100.00,1.000
913,SELL,1.07484,1.07584,100.00,100.00,1.000
914,BUY,1.07362,1.07262,100.00,-100.00,-1.000
915,SELL,1.07319,1.07419,100.00,100.00,1.000
916,BUY,1.07219,1.07119,100.00,121.00,1.210
917,SELL,1.07340,1.07440,100.00,-103.00,-1.030
918,SELL,1.07441,1.07541,100.00,100.00,1.000
919,BUY,1.07341,1.07241,100.00,100.00,1.000
920,SELL,1.07441,1.07541,100.00,107.00,1.070
921,BUY,1.07334,1.07234,100.00,101.00,1.010
922,SELL,1.07413,1.07513,100.00,-102.00,-1.020
923,SELL,1.07513,1.07613,100.00,101.00,1.010
924,BUY,1.07412,1.07312,100.00,-102.00,-1.020
925,BUY,1.07316,1.07216,100.00,-100.00,-1.000
926,BUY,1.07217,1.07117,100.00,-102.00,-1.020
927,BUY,1.07116,1.07016,100.00,-100.00,-1.000
928,BUY,1.07018,1.06918,100.00,101.00,1.010
929,SELL,1.07119,1.07219,100.00,-102.00,-1.020
930,BUY,1.07184,1.07084,100.00,101.00,1.010
931,SELL,1.07322,1.07422,100.00,99.00,0.990
932,BUY,1.07085,1.06985,100.00,-100.00,-1.000
933,BUY,1.06987,1.06887,100.00,-102.00,-1.020
934,BUY,1.06874,1.06774,100.00,-100.00,-1.000
935,SELL,1.06792,1.06892,100.00,106.00,1.060
936,BUY,1.06690,1.06590,100.00,-101.00,-1.010
937,BUY,1.06589,1.06489,100.00,-100.00,-1.000
938,BUY,1.06489,1.06389,100.00,100.00,1.000
939,BUY,1.06532,1.06432,100.00,-102.00,-1.020
940,BUY,1.06432,1.06332,100.00,-101.00,-1.010
941,SELL,1.06372,1.06472,100.00,102.00,1.020
942,BUY,1.06270,1.06170,100.00,102.00,1.020
943,SELL,1.06403,1.06503,100.00,-103.00,-1.030
944,SELL,1.06505,1.06605,100.00,102.00,1.020
945,SELL,1.06438,1.06538,100.00,-101.00,-1.010
946,SELL,1.06536,1.06636,100.00,-100.00,-1.000
947,SELL,1.06634,1.06734,100.00,102.00,1.020
948,BUY,1.06528,1.06428,100.00,103.00,1.030
949,SELL,1.06633,1.06733,100.00,100.00,1.000
950,SELL,1.06553,1.06653,100.00,110.00,1.100
951,BUY,1.06443,1.06343,100.00,-101.00,-1.010
952,BUY,1.06382,1.06282,100.00,100.00,1.000
953,SELL,1.06482,1.06582,100.00,-100.00,-1.000
954,SELL,1.06579,1.06679,100.00,102.00,1.020
955,BUY,1.06474,1.06374,100.00,-100.00,-1.000
956,BUY,1.06373,1.06273,100.00,-103.00,-1.030
957,SELL,1.06314,1.06414,100.00,-100.00,-1.000
958,SELL,1.06431,1.06531,100.00,100.00,1.000
959,BUY,1.06280,1.06180,100.00,-102.70,-1.027
960,BUY,1.06148,1.06048,100.00,-102.00,-1.020
961,SELL,1.06079,1.06179,100.00,-100.00,-1.000
962,BUY,1.06123,1.06023,100.00,101.00,1.010
963,SELL,1.06224,1.06324,100.00,101.00,1.010
964,BUY,1.06128,1.06028,100.00,100.00,1.000
965,SELL,1.06228,1.06328,100.00,100.00,1.000
966,SELL,1.06171,1.06271,100.00,-101.00,-1.010
967,SELL,1.06271,1.06371,100.00,-105.00,-1.050
968,SELL,1.06378,1.06478,100.00,-101.00,-1.010
969,SELL,1.06478,1.06578,100.00,106.00,1.060
970,BUY,1.06357,1.06257,100.00,-101.00,-1.010
971,BUY,1.06257,1.06157,100.00,-101.00,-1.010
972,BUY,1.06158,1.06058,100.00,-101.00,-1.010
973,BUY,1.06035,1.05935,100.00,101.00,1.010
974,SELL,1.06136,1.06236,100.00,-104.00,-1.040
975,SELL,1.06238,1.06338,100.00,-100.00,-1.000
976,SELL,1.06337,1.06437,100.00,101.00,1.010
977,BUY,1.06230,1.06130,100.00,-102.70,-1.027
978,BUY,1.06227,1.06127,100.00,-105.00,-1.050
979,BUY,1.06175,1.06075,100.00,102.00,1.020
980,SELL,1.06277,1.06377,100.00,100.00,1.000
981,SELL,1.06149,1.06249,100.00,-101.00,-1.010
982,SELL,1.06260,1.06360,100.00,-105.00,-1.050
983,SELL,1.06361,1.06461,100.00,101.00,1.010
984,BUY,1.06260,1.06160,100.00,100.00,1.000
985,SELL,1.06360,1.06460,100.00,-102.00,-1.020
986,SELL,1.06460,1.06560,100.00,100.00,1.000
987,BUY,1.06360,1.06260,100.00,100.00,1.000
988,BUY,1.06397,1.06297,100.00,100.00,1.000
989,SELL,1.06509,1.06609,100.00,101.00,1.010
990,BUY,1.06408,1.06308,100.00,-103.00,-1.030
991,BUY,1.06307,1.06207,100.00,100.00,1.000
992,BUY,1.06370,1.06270,100.00,102.00,1.020
993,SELL,1.06472,1.06572,100.00,-100.00,-1.000
994,SELL,1.06580,1.06680,100.00,-101.00,-1.010
995,SELL,1.06712,1.06812,100.00,-106.00,-1.060
996,SELL,1.06841,1.06941,100.00,100.00,1.000
997,BUY,1.06738,1.06638,100.00,-104.00,-1.040
998,BUY,1.06636,1.06536,100.00,-103.00,-1.030
999,BUY,1.06534,1.06434,100.00,100.00,1.000
1000,SELL,1.06634,1.06734,100.00,100.00,1.000
1001,BUY,1.06506,1.06406,100.00,-101.70,-1.017
1002,BUY,1.06372,1.06272,100.00,-100.00,-1.000
1003,BUY,1.06245,1.06145,100.00,-100.00,-1.000
1004,BUY,1.06148,1.06048,100.00,100.00,1.000
1005,SELL,1.06254,1.06354,100.00,100.00,1.000
1006,BUY,1.06154,1.06054,100.00,100.00,1.000
1007,SELL,1.06254,1.06354,100.00,-101.00,-1.010
1008,SELL,1.06353,1.06453,100.00,-100.00,-1.000
1009,SELL,1.06477,1.06577,100.00,-102.00,-1.020
1010,SELL,1.06577,1.06677,100.00,100.00,1.000
1011,SELL,1.06502,1.06602,100.00,-102.00,-1.020
1012,BUY,1.06585,1.06485,100.00,-100.00,-1.000
1013,BUY,1.06487,1.06387,100.00,100.00,1.000
1014,SELL,1.06587,1.06687,100.00,100.00,1.000
1015,BUY,1.06476,1.06376,100.00,100.00,1.000
1016,SELL,1.06604,1.06704,100.00,-102.00,-1.020
1017,BUY,1.06679,1.06579,100.00,-105.00,-1.050
1018,BUY,1.06558,1.06458,100.00,-100.00,-1.000
1019,BUY,1.06456,1.06356,100.00,101.00,1.010
1020,SELL,1.06563,1.06663,100.00,-103.00,-1.030
1021,SELL,1.06569,1.06669,100.00,-100.00,-1.000
1022,SELL,1.06582,1.06682,100.00,-103.00,-1.030
1023,BUY,1.06608,1.06508,100.00,-104.00,-1.040
1024,BUY,1.06488,1.06388,100.00,100.00,1.000
1025,SELL,1.06588,1.06688,100.00,100.00,1.000
1026,BUY,1.06488,1.06388,100.00,-100.00,-1.000
1027,BUY,1.06352,1.06252,100.00,-100.00,-1.000
1028,BUY,1.06245,1.06145,100.00,100.00,1.000
1029,SELL,1.06345,1.06445,100.00,-103.00,-1.030
1030,SELL,1.06458,1.06558,100.00,-101.00,-1.010
1031,SELL,1.06560,1.06660,100.00,99.00,0.990
1032,SELL,1.06438,1.06538,100.00,-108.00,-1.080
1033,SELL,1.06539,1.06639,100.00,-101.00,-1.010
1034,SELL,1.06639,1.06739,100.00,-106.00,-1.060
1035,SELL,1.06738,1.06838,100.00,-101.00,-1.010
1036,SELL,1.06897,1.06997,100.00,102.00,1.020
1037,BUY,1.06783,1.06683,100.00,-102.00,-1.020
1038,BUY,1.06676,1.06576,100.00,-104.00,-1.040
1039,BUY,1.06574,1.06474,100.00,102.00,1.020
1040,SELL,1.06676,1.06776,100.00,-100.00,-1.000
1041,SELL,1.06774,1.06874,100.00,100.00,1.000
1042,BUY,1.06652,1.06552,100.00,105.00,1.050
1043,SELL,1.06757,1.06857,100.00,-104.00,-1.040
1044,SELL,1.06872,1.06972,100.00,-104.00,-1.040
1045,SELL,1.06974,1.07074,100.00,-100.00,-1.000
1046,SELL,1.07065,1.07165,100.00,100.00,1.000
1047,BUY,1.06965,1.06865,100.00,100.00,1.000
1048,SELL,1.07081,1.07181,100.00,100.00,1.000
1049,BUY,1.06981,1.06881,100.00,100.00,1.000
1050,SELL,1.07081,1.07181,100.00,100.00,1.000
1051,BUY,1.06981,1.06881,100.00,101.30,1.013
1052,SELL,1.07135,1.07235,100.00,102.00,1.020
1053,SELL,1.07047,1.07147,100.00,100.00,1.000
1054,BUY,1.06931,1.06831,100.00,-100.00,-1.000
1055,BUY,1.06833,1.06733,100.00,102.00,1.020
1056,SELL,1.06942,1.07042,100.00,100.00,1.000
1057,SELL,1.06899,1.06999,100.00,-103.00,-1.030
1058,SELL,1.07001,1.07101,100.00,-105.00,-1.050
1059,SELL,1.07155,1.07255,100.00,-100.00,-1.000
1060,BUY,1.07213,1.07113,100.00,-100.00,-1.000
1061,SELL,1.07172,1.07272,100.00,-100.00,-1.000
1062,SELL,1.07287,1.07387,100.00,102.00,1.020
1063,BUY,1.07185,1.07085,100.00,109.00,1.090
1064,SELL,1.07294,1.07394,100.00,-115.00,-1.150
1065,BUY,1.07053,1.06953,100.00,-102.00,-1.020
1066,BUY,1.06952,1.06852,100.00,-100.00,-1.000
1067,BUY,1.06837,1.06737,100.00,100.00,1.000
1068,BUY,1.06891,1.06791,100.00,103.00,1.030
1069,SELL,1.06998,1.07098,100.00,-100.00,-1.000
1070,SELL,1.07097,1.07197,100.00,-100.00,-1.000
1071,SELL,1.07194,1.07294,100.00,102.00,1.020
1072,SELL,1.07118,1.07218,100.00,-101.00,-1.010
1073,SELL,1.07234,1.07334,100.00,-101.00,-1.010
1074,SELL,1.07333,1.07433,100.00,102.00,1.020
1075,SELL,1.07264,1.07364,100.00,-101.00,-1.010
1076,SELL,1.07361,1.07461,100.00,100.00,1.000
1077,BUY,1.07261,1.07161,100.00,102.00,1.020
1078,SELL,1.07363,1.07463,100.00,-101.00,-1.010
1079,SELL,1.07463,1.07563,100.00,100.00,1.000
1080,BUY,1.07349,1.07249,100.00,-101.00,-1.010
1081,BUY,1.07250,1.07150,100.00,-100.00,-1.000
1082,BUY,1.07152,1.07052,100.00,111.00,1.110
1083,SELL,1.07263,1.07363,100.00,-136.00,-1.360
1084,SELL,1.07308,1.07408,100.00,102.00,1.020
1085,BUY,1.07206,1.07106,100.00,-101.00,-1.010
1086,BUY,1.07106,1.07006,100.00,101.00,1.010
1087,SELL,1.07207,1.07307,100.00,101.00,1.010
1088,BUY,1.07093,1.06993,100.00,-100.00,-1.000
1089,BUY,1.06995,1.06895,100.00,-101.00,-1.010
1090,BUY,1.06895,1.06795,100.00,-100.00,-1.000
1091,BUY,1.06772,1.06672,100.00,101.00,1.010
1092,SELL,1.06873,1.06973,100.00,-100.00,-1.000
1093,BUY,1.07024,1.06924,100.00,-100.00,-1.000
1094,SELL,1.06928,1.07028,100.00,-110.00,-1.100
1095,SELL,1.06926,1.07026,100.00,-100.00,-1.000
1096,SELL,1.07155,1.07255,100.00,-100.00,-1.000
1097,SELL,1.07278,1.07378,100.00,100.00,1.000
1098,BUY,1.07114,1.07014,100.00,100.00,1.000
1099,SELL,1.07214,1.07314,100.00,101.00,1.010
1100,BUY,1.07113,1.07013,100.00,-100.00,-1.000
1101,BUY,1.07015,1.06915,100.00,100.00,1.000
1102,SELL,1.07119,1.07219,100.00,-102.00,-1.020
1103,SELL,1.07232,1.07332,100.00,100.00,1.000
1104,SELL,1.07174,1.07274,100.00,101.00,1.010
1105,BUY,1.07073,1.06973,100.00,-102.00,-1.020
1106,BUY,1.06955,1.06855,100.00,100.00,1.000
1107,SELL,1.07055,1.07155,100.00,-105.00,-1.050
1108,SELL,1.07162,1.07262,100.00,-102.00,-1.020
1109,SELL,1.07263,1.07363,100.00,101.00,1.010
1110,BUY,1.07162,1.07062,100.00,-100.70,-1.007
1111,SELL,1.06987,1.07087,100.00,-102.00,-1.020
1112,SELL,1.07087,1.07187,100.00,101.00,1.010
1113,BUY,1.06980,1.06880,100.00,101.00,1.010
1114,SELL,1.07081,1.07181,100.00,-104.00,-1.040
1115,SELL,1.07183,1.07283,100.00,-100.00,-1.000
1116,SELL,1.07281,1.07381,100.00,102.00,1.020
1117,BUY,1.07171,1.07071,100.00,-105.00,-1.050
1118,BUY,1.07073,1.06973,100.00,-105.00,-1.050
1119,BUY,1.06991,1.06891,100.00,100.00,1.000
1120,SELL,1.07098,1.07198,100.00,102.00,1.020
1121,BUY,1.06996,1.06896,100.00,101.00,1.010
1122,SELL,1.07101,1.07201,100.00,101.00,1.010
1123,BUY,1.07000,1.06900,100.00,115.00,1.150
1124,SELL,1.07115,1.07215,100.00,101.00,1.010
1125,SELL,1.07059,1.07159,100.00,100.00,1.000
1126,BUY,1.06959,1.06859,100.00,-100.00,-1.000
1127,BUY,1.06841,1.06741,100.00,-101.00,-1.010
1128,BUY,1.06720,1.06620,100.00,-101.70,-1.017
1129,BUY,1.06597,1.06497,100.00,-103.00,-1.030
1130,SELL,1.06547,1.06647,100.00,-100.00,-1.000
1131,SELL,1.06702,1.06802,100.00,-101.00,-1.010
1132,SELL,1.06802,1.06902,100.00,-127.00,-1.270
1133,SELL,1.06922,1.07022,100.00,104.00,1.040
1134,SELL,1.06850,1.06950,100.00,101.00,1.010
1135,BUY,1.06709,1.06609,100.00,100.00,1.000
1136,BUY,1.06738,1.06638,100.00,123.00,1.230
1137,SELL,1.06824,1.06924,100.00,-101.00,-1.010
1138,SELL,1.06918,1.07018,100.00,105.00,1.050
1139,BUY,1.06813,1.06713,100.00,100.00,1.000
1140,SELL,1.06913,1.07013,100.00,105.00,1.050
1141,BUY,1.06808,1.06708,100.00,105.00,1.050
1142,BUY,1.06982,1.06882,100.00,-100.00,-1.000
1143,BUY,1.06984,1.06884,100.00,104.00,1.040
1144,SELL,1.07187,1.07287,100.00,-103.00,-1.030
1145,SELL,1.07287,1.07387,100.00,101.00,1.010
1146,BUY,1.07168,1.07068,100.00,-103.00,-1.030
1147,BUY,1.07067,1.06967,100.00,-100.00,-1.000
1148,BUY,1.06957,1.06857,100.00,101.00,1.010
1149,BUY,1.07072,1.06972,100.00,-100.00,-1.000
1150,BUY,1.06973,1.06873,100.00,-108.00,-1.080
1151,BUY,1.06874,1.06774,100.00,102.00,1.020
1152,SELL,1.06976,1.07076,100.00,-104.00,-1.040
1153,SELL,1.07072,1.07172,100.00,-103.00,-1.030
1154,SELL,1.07172,1.07272,100.00,97.00,0.970
1155,BUY,1.07072,1.06972,100.00,103.00,1.030
1156,SELL,1.07187,1.07287,100.00,100.00,1.000
1157,BUY,1.07085,1.06985,100.00,-100.00,-1.000
1158,BUY,1.06988,1.06888,100.00,100.00,1.000
1159,SELL,1.07112,1.07212,100.00,101.00,1.010
1160,BUY,1.07011,1.06911,100.00,-100.00,-1.000
1161,BUY,1.06898,1.06798,100.00,-102.00,-1.020
1162,BUY,1.06798,1.06698,100.00,100.00,1.000
1163,SELL,1.06904,1.07004,100.00,-101.00,-1.010
1164,SELL,1.07014,1.07114,100.00,-101.00,-1.010
1165,SELL,1.07145,1.07245,100.00,-101.00,-1.010
1166,BUY,1.07273,1.07173,100.00,100.30,1.003
1167,SELL,1.07374,1.07474,100.00,100.00,1.000
1168,BUY,1.07262,1.07162,100.00,100.00,1.000
1169,BUY,1.07340,1.07240,100.00,100.00,1.000
1170,SELL,1.07438,1.07538,100.00,-154.00,-1.540
1171,SELL,1.07585,1.07685,100.00,-154.00,-1.540
1172,SELL,1.07928,1.08028,100.00,-101.00,-1.010
1173,SELL,1.08042,1.08142,100.00,100.00,1.000
1174,BUY,1.07927,1.07827,100.00,-101.00,-1.010
1175,BUY,1.07829,1.07729,100.00,100.00,1.000
1176,SELL,1.07926,1.08026,100.00,100.00,1.000
1177,BUY,1.07826,1.07726,100.00,-106.00,-1.060
1178,BUY,1.07723,1.07623,100.00,101.00,1.010
1179,SELL,1.07824,1.07924,100.00,-121.00,-1.210
1180,SELL,1.07980,1.08080,100.00,101.00,1.010
1181,BUY,1.07762,1.07662,100.00,-103.00,-1.030
1182,SELL,1.07708,1.07808,100.00,103.00,1.030
1183,BUY,1.07605,1.07505,100.00,103.00,1.030
1184,SELL,1.07708,1.07808,100.00,100.00,1.000
1185,SELL,1.07662,1.07762,100.00,99.00,0.990
1186,SELL,1.07677,1.07777,100.00,-103.00,-1.030
1187,SELL,1.07788,1.07888,100.00,-101.00,-1.010
1188,BUY,1.07863,1.07763,100.00,-100.00,-1.000
1189,BUY,1.07757,1.07657,100.00,-129.70,-1.297
1190,BUY,1.07725,1.07625,100.00,-100.00,-1.000
1191,BUY,1.07608,1.07508,100.00,104.00,1.040
1192,SELL,1.07712,1.07812,100.00,-102.00,-1.020
1193,SELL,1.07861,1.07961,100.00,102.00,1.020
1194,BUY,1.07749,1.07649,100.00,-108.00,-1.080
1195,BUY,1.07634,1.07534,100.00,-103.00,-1.030
1196,BUY,1.07520,1.07420,100.00,-100.70,-1.007
1197,BUY,1.07425,1.07325,100.00,100.00,1.000
1198,SELL,1.07525,1.07625,100.00,100.00,1.000
1199,BUY,1.07407,1.07307,100.00,102.00,1.020
1200,BUY,1.07464,1.07364,100.00,101.00,1.010
1201,BUY,1.07454,1.07354,100.00,-102.10,-1.021
1202,BUY,1.07322,1.07222,100.00,105.00,1.050
1203,SELL,1.07427,1.07527,100.00,-100.00,-1.000
1204,SELL,1.07524,1.07624,100.00,-102.00,-1.020
1205,SELL,1.07623,1.07723,100.00,101.00,1.010
1206,SELL,1.07584,1.07684,100.00,-101.00,-1.010
1207,SELL,1.07682,1.07782,100.00,-100.00,-1.000
1208,SELL,1.07786,1.07886,100.00,103.00,1.030
1209,SELL,1.07709,1.07809,100.00,-100.00,-1.000
1210,SELL,1.07833,1.07933,100.00,101.00,1.010
1211,BUY,1.07711,1.07611,100.00,-100.00,-1.000
1212,SELL,1.07668,1.07768,100.00,-103.00,-1.030
1213,BUY,1.07710,1.07610,100.00,100.30,1.003
1214,SELL,1.07877,1.07977,100.00,100.00,1.000
1215,SELL,1.07917,1.08017,100.00,-107.00,-1.070
1216,SELL,1.08042,1.08142,100.00,100.00,1.000
1217,BUY,1.07942,1.07842,100.00,-101.70,-1.017
1218,BUY,1.07843,1.07743,100.00,105.00,1.050
1219,SELL,1.07960,1.08060,100.00,121.00,1.210
1220,BUY,1.07839,1.07739,100.00,-104.00,-1.040
1221,BUY,1.07879,1.07779,100.00,100.00,1.000
1222,SELL,1.07979,1.08079,100.00,-104.00,-1.040
1223,SELL,1.08080,1.08180,100.00,-103.00,-1.030
1224,SELL,1.08181,1.08281,100.00,-102.00,-1.020
1225,BUY,1.08231,1.08131,100.00,104.00,1.040
1226,BUY,1.08312,1.08212,100.00,109.00,1.090
1227,SELL,1.08421,1.08521,100.00,-102.00,-1.020
1228,SELL,1.08604,1.08704,100.00,101.00,1.010
1229,BUY,1.08503,1.08403,100.00,100.00,1.000
1230,SELL,1.08603,1.08703,100.00,101.00,1.010
1231,BUY,1.08481,1.08381,100.00,-101.00,-1.010
1232,BUY,1.08382,1.08282,100.00,104.00,1.040
1233,SELL,1.08486,1.08586,100.00,-100.00,-1.000
1234,BUY,1.08555,1.08455,100.00,100.00,1.000
1235,SELL,1.08655,1.08755,100.00,-100.00,-1.000
1236,SELL,1.08780,1.08880,100.00,-110.00,-1.100
1237,BUY,1.08839,1.08739,100.00,101.00,1.010
1238,BUY,1.08884,1.08784,100.00,-101.00,-1.010
1239,BUY,1.08783,1.08683,100.00,-100.00,-1.000
1240,BUY,1.08667,1.08567,100.00,-100.00,-1.000
1241,BUY,1.08567,1.08467,100.00,103.00,1.030
1242,SELL,1.08670,1.08770,100.00,99.00,0.990
1243,SELL,1.08641,1.08741,100.00,101.00,1.010
1244,BUY,1.08524,1.08424,100.00,-101.00,-1.010
1245,BUY,1.08425,1.08325,100.00,103.00,1.030
1246,BUY,1.08500,1.08400,100.00,100.00,1.000
1247,SELL,1.08635,1.08735,100.00,-102.00,-1.020
1248,SELL,1.08737,1.08837,100.00,-101.00,-1.010
1249,SELL,1.08842,1.08942,100.00,101.00,1.010
1250,BUY,1.08737,1.08637,100.00,-100.00,-1.000
1251,BUY,1.08576,1.08476,100.00,100.00,1.000
1252,BUY,1.08634,1.08534,100.00,-102.70,-1.027
1253,BUY,1.08560,1.08460,100.00,100.00,1.000
1254,SELL,1.08662,1.08762,100.00,101.00,1.010
1255,SELL,1.08588,1.08688,100.00,100.00,1.000
1256,BUY,1.08488,1.08388,100.00,109.00,1.090
1257,SELL,1.08597,1.08697,100.00,101.00,1.010
1258,SELL,1.08524,1.08624,100.00,-101.00,-1.010
1259,SELL,1.08630,1.08730,100.00,102.00,1.020
1260,SELL,1.08603,1.08703,100.00,100.00,1.000
1261,BUY,1.08473,1.08373,100.00,-100.00,-1.000
1262,BUY,1.08349,1.08249,100.00,-102.00,-1.020
1263,SELL,1.08258,1.08358,100.00,-102.00,-1.020
1264,SELL,1.08360,1.08460,100.00,-100.00,-1.000
1265,SELL,1.08468,1.08568,100.00,100.00,1.000
1266,BUY,1.08344,1.08244,100.00,-100.00,-1.000
1267,BUY,1.08223,1.08123,100.00,97.90,0.979
1268,SELL,1.08302,1.08402,100.00,120.00,1.200
1269,BUY,1.08182,1.08082,100.00,103.00,1.030
1270,SELL,1.08285,1.08385,100.00,-101.00,-1.010
1271,SELL,1.08382,1.08482,100.00,-100.00,-1.000
1272,SELL,1.08485,1.08585,100.00,-101.00,-1.010
1273,BUY,1.08577,1.08477,100.00,-120.00,-1.200
1274,BUY,1.08372,1.08272,100.00,101.00,1.010
1275,BUY,1.08350,1.08250,100.00,-103.00,-1.030
1276,BUY,1.08246,1.08146,100.00,-100.00,-1.000
1277,SELL,1.08177,1.08277,100.00,100.00,1.000
1278,BUY,1.08174,1.08074,100.00,-101.00,-1.010
1279,BUY,1.08112,1.08012,100.00,100.00,1.000
1280,SELL,1.08228,1.08328,100.00,-100.00,-1.000
1281,SELL,1.08338,1.08438,100.00,-100.00,-1.000
1282,BUY,1.08355,1.08255,100.00,103.00,1.030
1283,SELL,1.08475,1.08575,100.00,-101.00,-1.010
1284,SELL,1.08576,1.08676,100.00,100.00,1.000
1285,BUY,1.08499,1.08399,100.00,99.30,0.993
1286,SELL,1.08609,1.08709,100.00,100.00,1.000
1287,BUY,1.08509,1.08409,100.00,-100.00,-1.000
1288,BUY,1.08410,1.08310,100.00,100.00,1.000
1289,SELL,1.08510,1.08610,100.00,-100.00,-1.000
1290,BUY,1.08609,1.08509,100.00,108.00,1.080
1291,BUY,1.08757,1.08657,100.00,101.00,1.010
1292,SELL,1.08858,1.08958,100.00,101.00,1.010
1293,BUY,1.08750,1.08650,100.00,-100.00,-1.000
1294,BUY,1.08650,1.08550,100.00,100.00,1.000
1295,SELL,1.08767,1.08867,100.00,101.00,1.010
1296,BUY,1.08518,1.08418,100.00,-100.00,-1.000
1297,BUY,1.08418,1.08318,100.00,-104.00,-1.040
1298,BUY,1.08317,1.08217,100.00,100.00,1.000
1299,SELL,1.08506,1.08606,100.00,101.00,1.010
1300,BUY,1.08378,1.08278,100.00,102.00,1.020
1301,SELL,1.08483,1.08583,100.00,-101.00,-1.010
1302,SELL,1.08584,1.08684,100.00,102.00,1.020
1303,BUY,1.08477,1.08377,100.00,-100.00,-1.000
1304,BUY,1.08377,1.08277,100.00,-100.00,-1.000
1305,BUY,1.08277,1.08177,100.00,-100.00,-1.000
1306,BUY,1.08180,1.08080,100.00,-100.00,-1.000
1307,SELL,1.08141,1.08241,100.00,100.00,1.000
1308,BUY,1.08027,1.07927,100.00,-100.00,-1.000
1309,SELL,1.07953,1.08053,100.00,-100.00,-1.000
1310,SELL,1.08053,1.08153,100.00,-101.00,-1.010
1311,SELL,1.08154,1.08254,100.00,-102.00,-1.020
1312,SELL,1.08256,1.08356,100.00,-103.00,-1.030
1313,SELL,1.08359,1.08459,100.00,99.00,0.990
1314,BUY,1.08115,1.08015,100.00,101.00,1.010
1315,BUY,1.08160,1.08060,100.00,100.00,1.000
1316,SELL,1.08261,1.08361,100.00,-101.00,-1.010
1317,SELL,1.08367,1.08467,100.00,-102.00,-1.020
1318,SELL,1.08469,1.08569,100.00,-100.00,-1.000
1319,SELL,1.08565,1.08665,100.00,-101.00,-1.010
1320,SELL,1.08644,1.08744,100.00,-105.00,-1.050
1321,SELL,1.08748,1.08848,100.00,102.00,1.020
1322,BUY,1.08646,1.08546,100.00,-101.00,-1.010
1323,BUY,1.08545,1.08445,100.00,-100.00,-1.000
1324,BUY,1.08424,1.08324,100.00,100.00,1.000
1325,BUY,1.08492,1.08392,100.00,-103.70,-1.037
1326,BUY,1.08365,1.08265,100.00,100.00,1.000
1327,SELL,1.08468,1.08568,100.00,-154.00,-1.540
1328,SELL,1.08621,1.08721,100.00,-108.00,-1.080
1329,SELL,1.08658,1.08758,100.00,-102.00,-1.020
1330,SELL,1.08760,1.08860,100.00,-101.00,-1.010
1331,SELL,1.08860,1.08960,100.00,-100.00,-1.000
1332,BUY,1.09044,1.08944,100.00,100.00,1.000
1333,BUY,1.09129,1.09029,100.00,-101.00,-1.010
1334,BUY,1.08896,1.08796,100.00,-100.00,-1.000
1335,BUY,1.08798,1.08698,100.00,-101.00,-1.010
1336,BUY,1.08697,1.08597,100.00,100.00,1.000
1337,BUY,1.08739,1.08639,100.00,-101.00,-1.010
1338,BUY,1.08635,1.08535,100.00,105.00,1.050
1339,SELL,1.08740,1.08840,100.00,105.00,1.050
1340,BUY,1.08635,1.08535,100.00,101.00,1.010
1341,SELL,1.08780,1.08880,100.00,99.00,0.990
1342,BUY,1.08680,1.08580,100.00,101.00,1.010
1343,SELL,1.08787,1.08887,100.00,-100.00,-1.000
1344,SELL,1.08897,1.08997,100.00,168.00,1.680
1345,BUY,1.08688,1.08588,100.00,112.00,1.120
1346,SELL,1.08762,1.08862,100.00,101.00,1.010
1347,BUY,1.08661,1.08561,100.00,100.00,1.000
1348,SELL,1.08761,1.08861,100.00,100.00,1.000
1349,BUY,1.08648,1.08548,100.00,-101.00,-1.010
1350,BUY,1.08547,1.08447,100.00,103.00,1.030
1351,SELL,1.08641,1.08741,100.00,-100.00,-1.000
1352,SELL,1.08763,1.08863,100.00,-103.00,-1.030
1353,SELL,1.08875,1.08975,100.00,100.00,1.000
1354,SELL,1.08839,1.08939,100.00,101.00,1.010
1355,BUY,1.08734,1.08634,100.00,-101.00,-1.010
1356,BUY,1.08626,1.08526,100.00,109.00,1.090
1357,SELL,1.08735,1.08835,100.00,-100.00,-1.000
1358,SELL,1.08757,1.08857,100.00,-105.00,-1.050
1359,SELL,1.08874,1.08974,100.00,-107.00,-1.070
1360,SELL,1.08981,1.09081,100.00,100.00,1.000
1361,BUY,1.08881,1.08781,100.00,-102.00,-1.020
1362,BUY,1.08781,1.08681,100.00,102.00,1.020
1363,SELL,1.08883,1.08983,100.00,101.00,1.010
1364,BUY,1.08782,1.08682,100.00,100.00,1.000
1365,BUY,1.08868,1.08768,100.00,99.30,0.993
1366,SELL,1.08940,1.09040,100.00,101.00,1.010
1367,SELL,1.08919,1.09019,100.00,-100.00,-1.000
1368,BUY,1.08942,1.08842,100.00,-253.00,-2.530
1369,BUY,1.08696,1.08596,100.00,-118.00,-1.180
1370,BUY,1.08395,1.08295,100.00,-109.00,-1.090
1371,BUY,1.08289,1.08189,100.00,103.00,1.030
1372,SELL,1.08392,1.08492,100.00,101.00,1.010
1373,BUY,1.08291,1.08191,100.00,-100.00,-1.000
1374,BUY,1.08155,1.08055,100.00,100.00,1.000
1375,BUY,1.08178,1.08078,100.00,-100.00,-1.000
1376,BUY,1.08078,1.07978,100.00,-338.70,-3.387
1377,SELL,1.07777,1.07877,100.00,104.00,1.040
1378,BUY,1.07673,1.07573,100.00,101.00,1.010
1379,SELL,1.07767,1.07867,100.00,101.00,1.010
1380,SELL,1.07701,1.07801,100.00,-102.00,-1.020
1381,BUY,1.07754,1.07654,100.00,-101.00,-1.010
1382,BUY,1.07618,1.07518,100.00,-100.00,-1.000
1383,BUY,1.07519,1.07419,100.00,100.00,1.000
1384,SELL,1.07619,1.07719,100.00,101.00,1.010
1385,BUY,1.07518,1.07418,100.00,-101.00,-1.010
1386,BUY,1.07381,1.07281,100.00,100.00,1.000
1387,SELL,1.07481,1.07581,100.00,-102.00,-1.020
1388,SELL,1.07603,1.07703,100.00,101.00,1.010
1389,BUY,1.07456,1.07356,100.00,-100.00,-1.000
1390,BUY,1.07356,1.07256,100.00,100.00,1.000
1391,SELL,1.07531,1.07631,100.00,-101.00,-1.010
1392,BUY,1.07662,1.07562,100.00,-100.00,-1.000
1393,BUY,1.07562,1.07462,100.00,-102.00,-1.020
1394,BUY,1.07457,1.07357,100.00,100.00,1.000
1395,BUY,1.07512,1.07412,100.00,-100.00,-1.000
1396,BUY,1.07402,1.07302,100.00,-100.00,-1.000
1397,BUY,1.07302,1.07202,100.00,-101.00,-1.010
1398,SELL,1.07255,1.07355,100.00,-102.00,-1.020
1399,SELL,1.07406,1.07506,100.00,-101.00,-1.010
1400,SELL,1.07496,1.07596,100.00,-100.00,-1.000
1401,SELL,1.07601,1.07701,100.00,-350.00,-3.500
1402,SELL,1.07944,1.08044,100.00,-113.00,-1.130
1403,SELL,1.08211,1.08311,100.00,101.00,1.010
1404,SELL,1.08208,1.08308,100.00,101.00,1.010
1405,SELL,1.08143,1.08243,100.00,-100.00,-1.000
1406,SELL,1.08243,1.08343,100.00,-100.00,-1.000
1407,SELL,1.08343,1.08443,100.00,100.00,1.000
1408,BUY,1.08243,1.08143,100.00,100.00,1.000
1409,SELL,1.08343,1.08443,100.00,-102.00,-1.020
1410,SELL,1.08445,1.08545,100.00,200.00,2.000
1411,BUY,1.08245,1.08145,100.00,103.00,1.030
1412,BUY,1.08243,1.08143,100.00,100.00,1.000
1413,SELL,1.08343,1.08443,100.00,102.00,1.020
1414,SELL,1.08303,1.08403,100.00,102.00,1.020
1415,BUY,1.08201,1.08101,100.00,-108.00,-1.080
1416,BUY,1.08098,1.07998,100.00,101.00,1.010
1417,SELL,1.08199,1.08299,100.00,103.00,1.030
1418,BUY,1.08096,1.07996,100.00,-102.10,-1.021
1419,BUY,1.07977,1.07877,100.00,-101.00,-1.010
1420,BUY,1.07878,1.07778,100.00,116.00,1.160
1421,SELL,1.07994,1.08094,100.00,-106.00,-1.060
1422,SELL,1.08134,1.08234,100.00,101.00,1.010
1423,BUY,1.08033,1.07933,100.00,-102.00,-1.020
1424,BUY,1.07931,1.07831,100.00,100.00,1.000
1425,SELL,1.08031,1.08131,100.00,100.00,1.000
1426,BUY,1.07911,1.07811,100.00,-101.00,-1.010
1427,BUY,1.07788,1.07688,100.00,-104.00,-1.040
1428,BUY,1.07672,1.07572,100.00,-100.00,-1.000
1429,BUY,1.07572,1.07472,100.00,-100.00,-1.000
1430,BUY,1.07472,1.07372,100.00,-100.00,-1.000
1431,BUY,1.07362,1.07262,100.00,-101.70,-1.017
1432,BUY,1.07210,1.07110,100.00,-100.00,-1.000
1433,BUY,1.07111,1.07011,100.00,-102.00,-1.020
1434,BUY,1.06968,1.06868,100.00,-102.00,-1.020
1435,BUY,1.06868,1.06768,100.00,-100.00,-1.000
1436,BUY,1.06768,1.06668,100.00,100.00,1.000
1437,BUY,1.06843,1.06743,100.00,107.00,1.070
1438,SELL,1.06950,1.07050,100.00,-109.00,-1.090
1439,BUY,1.06972,1.06872,100.00,-101.00,-1.010
1440,BUY,1.06871,1.06771,100.00,-100.00,-1.000
1441,BUY,1.06770,1.06670,100.00,102.00,1.020
1442,SELL,1.06872,1.06972,100.00,-100.00,-1.000
1443,BUY,1.06957,1.06857,100.00,100.00,1.000
1444,BUY,1.07059,1.06959,100.00,-100.70,-1.007
1445,BUY,1.06952,1.06852,100.00,108.00,1.080
1446,SELL,1.07065,1.07165,100.00,100.00,1.000
1447,BUY,1.06965,1.06865,100.00,100.00,1.000
1448,SELL,1.07073,1.07173,100.00,-101.00,-1.010
1449,SELL,1.07174,1.07274,100.00,101.00,1.010
1450,SELL,1.07111,1.07211,100.00,-100.00,-1.000
1451,SELL,1.07226,1.07326,100.00,-100.00,-1.000
1452,SELL,1.07343,1.07443,100.00,99.00,0.990
1453,SELL,1.07302,1.07402,100.00,102.00,1.020
1454,BUY,1.07173,1.07073,100.00,104.00,1.040
1455,SELL,1.07277,1.07377,100.00,-100.00,-1.000
1456,SELL,1.07377,1.07477,100.00,-101.00,-1.010
1457,SELL,1.07490,1.07590,100.00,-103.00,-1.030
1458,SELL,1.07593,1.07693,100.00,100.00,1.000
1459,BUY,1.07493,1.07393,100.00,-100.00,-1.000
1460,BUY,1.07386,1.07286,100.00,-101.70,-1.017
1461,SELL,1.07319,1.07419,100.00,-103.00,-1.030
1462,BUY,1.07403,1.07303,100.00,104.00,1.040
1463,BUY,1.07496,1.07396,100.00,-115.10,-1.151
1464,BUY,1.07469,1.07369,100.00,-106.00,-1.060
1465,BUY,1.07463,1.07363,100.00,-103.00,-1.030
1466,BUY,1.07341,1.07241,100.00,-101.00,-1.010
1467,BUY,1.07168,1.07068,100.00,101.00,1.010
1468,SELL,1.07273,1.07373,100.00,100.00,1.000
1469,BUY,1.07173,1.07073,100.00,104.00,1.040
1470,SELL,1.07277,1.07377,100.00,101.00,1.010
1471,BUY,1.07176,1.07076,100.00,101.00,1.010
1472,SELL,1.07277,1.07377,100.00,100.00,1.000
1473,BUY,1.07177,1.07077,100.00,-100.00,-1.000
1474,BUY,1.07079,1.06979,100.00,100.30,1.003
1475,BUY,1.07148,1.07048,100.00,-101.00,-1.010
1476,BUY,1.07036,1.06936,100.00,-105.00,-1.050
1477,BUY,1.06977,1.06877,100.00,-153.00,-1.530
1478,BUY,1.06870,1.06770,100.00,-104.00,-1.040
1479,BUY,1.06793,1.06693,100.00,100.00,1.000
1480,SELL,1.06893,1.06993,100.00,100.00,1.000
1481,BUY,1.06786,1.06686,100.00,101.00,1.010
1482,SELL,1.06910,1.07010,100.00,101.00,1.010
1483,BUY,1.06809,1.06709,100.00,104.00,1.040
1484,SELL,1.06913,1.07013,100.00,100.00,1.000
1485,BUY,1.06813,1.06713,100.00,100.00,1.000
1486,SELL,1.06913,1.07013,100.00,-106.00,-1.060
1487,SELL,1.07053,1.07153,100.00,-101.00,-1.010
1488,SELL,1.07144,1.07244,100.00,-103.00,-1.030
1489,SELL,1.07245,1.07345,100.00,-101.00,-1.010
1490,SELL,1.07345,1.07445,100.00,-100.00,-1.000
1491,SELL,1.07458,1.07558,100.00,100.00,1.000
1492,BUY,1.07341,1.07241,100.00,-100.00,-1.000
1493,SELL,1.07268,1.07368,100.00,-100.00,-1.000
1494,BUY,1.07326,1.07226,100.00,101.00,1.010
1495,BUY,1.07389,1.07289,100.00,-104.00,-1.040
1496,BUY,1.07252,1.07152,100.00,100.00,1.000
1497,BUY,1.07302,1.07202,100.00,-100.00,-1.000
1498,BUY,1.07181,1.07081,100.00,-100.00,-1.000
1499,BUY,1.07050,1.06950,100.00,-100.00,-1.000
1500,BUY,1.06946,1.06846,100.00,101.00,1.010
1501,SELL,1.07047,1.07147,100.00,-100.00,-1.000
1502,SELL,1.07128,1.07228,100.00,104.00,1.040
1503,BUY,1.07024,1.06924,100.00,-102.00,-1.020
1504,BUY,1.06873,1.06773,100.00,104.00,1.040
1505,BUY,1.06912,1.06812,100.00,-101.00,-1.010
1506,SELL,1.06863,1.06963,100.00,103.00,1.030
1507,BUY,1.06760,1.06660,100.00,-100.00,-1.000
1508,BUY,1.06662,1.06562,100.00,100.00,1.000
1509,SELL,1.06762,1.06862,100.00,-101.00,-1.010
1510,BUY,1.06833,1.06733,100.00,112.00,1.120
1511,SELL,1.06945,1.07045,100.00,101.00,1.010
1512,BUY,1.06844,1.06744,100.00,-100.00,-1.000
1513,BUY,1.06746,1.06646,100.00,101.00,1.010
1514,SELL,1.06851,1.06951,100.00,-105.00,-1.050
1515,SELL,1.06967,1.07067,100.00,100.00,1.000
1516,BUY,1.06840,1.06740,100.00,103.00,1.030
1517,SELL,1.06953,1.07053,100.00,-130.00,-1.300
1518,SELL,1.07057,1.07157,100.00,-104.00,-1.040
1519,SELL,1.07160,1.07260,100.00,-105.00,-1.050
1520,BUY,1.07220,1.07120,100.00,-105.00,-1.050
1521,BUY,1.07117,1.07017,100.00,-100.00,-1.000
1522,BUY,1.07019,1.06919,100.00,120.30,1.203
1523,SELL,1.07140,1.07240,100.00,107.00,1.070
1524,BUY,1.07014,1.06914,100.00,-101.00,-1.010
1525,BUY,1.06914,1.06814,100.00,102.00,1.020
1526,SELL,1.07021,1.07121,100.00,100.00,1.000
1527,BUY,1.06921,1.06821,100.00,102.00,1.020
1528,SELL,1.07023,1.07123,100.00,-107.00,-1.070
1529,SELL,1.07084,1.07184,100.00,-104.00,-1.040
1530,SELL,1.07147,1.07247,100.00,100.00,1.000
1531,BUY,1.07017,1.06917,100.00,101.00,1.010
1532,SELL,1.07134,1.07234,100.00,-102.00,-1.020
1533,BUY,1.07209,1.07109,100.00,-100.00,-1.000
1534,BUY,1.07080,1.06980,100.00,369.30,3.693
1535,BUY,1.07430,1.07330,100.00,-101.00,-1.010
1536,BUY,1.07359,1.07259,100.00,100.00,1.000
1537,SELL,1.07459,1.07559,100.00,-101.00,-1.010
1538,SELL,1.07574,1.07674,100.00,100.00,1.000
1539,SELL,1.07514,1.07614,100.00,-101.00,-1.010
1540,BUY,1.07582,1.07482,100.00,102.00,1.020
1541,SELL,1.07700,1.07800,100.00,103.00,1.030
1542,BUY,1.07597,1.07497,100.00,-100.00,-1.000
1543,SELL,1.07562,1.07662,100.00,-106.00,-1.060
1544,SELL,1.07663,1.07763,100.00,100.00,1.000
1545,BUY,1.07572,1.07472,100.00,-101.00,-1.010
1546,BUY,1.07473,1.07373,100.00,100.00,1.000
1547,BUY,1.07558,1.07458,100.00,122.00,1.220
1548,SELL,1.07680,1.07780,100.00,100.00,1.000
1549,BUY,1.07590,1.07490,100.00,-100.00,-1.000
1550,BUY,1.07491,1.07391,100.00,-100.00,-1.000
1551,BUY,1.07393,1.07293,100.00,-103.00,-1.030
1552,BUY,1.07271,1.07171,100.00,100.00,1.000
1553,BUY,1.07412,1.07312,100.00,-111.00,-1.110
1554,SELL,1.07417,1.07517,100.00,101.00,1.010
1555,SELL,1.07352,1.07452,100.00,101.00,1.010
1556,SELL,1.07281,1.07381,100.00,103.00,1.030
1557,BUY,1.07154,1.07054,100.00,100.00,1.000
1558,SELL,1.07270,1.07370,100.00,-100.00,-1.000
1559,SELL,1.07383,1.07483,100.00,100.00,1.000
1560,BUY,1.07283,1.07183,100.00,101.00,1.010
1561,SELL,1.07384,1.07484,100.00,-120.00,-1.200
1562,SELL,1.07476,1.07576,100.00,100.00,1.000
1563,SELL,1.07403,1.07503,100.00,-100.00,-1.000
1564,SELL,1.07502,1.07602,100.00,-101.00,-1.010
1565,BUY,1.07566,1.07466,100.00,102.00,1.020
1566,SELL,1.07685,1.07785,100.00,-100.00,-1.000
1567,SELL,1.07781,1.07881,100.00,-112.00,-1.120
1568,SELL,1.07985,1.08085,100.00,-101.00,-1.010
1569,SELL,1.08084,1.08184,100.00,100.00,1.000
1570,SELL,1.08021,1.08121,100.00,100.00,1.000
1571,SELL,1.07953,1.08053,100.00,103.00,1.030
1572,SELL,1.07817,1.07917,100.00,-118.00,-1.180
1573,SELL,1.07845,1.07945,100.00,-100.00,-1.000
1574,BUY,1.07873,1.07773,100.00,105.00,1.050
1575,SELL,1.07989,1.08089,100.00,-102.00,-1.020
1576,SELL,1.08119,1.08219,100.00,-101.00,-1.010
1577,SELL,1.08229,1.08329,100.00,114.00,1.140
1578,BUY,1.08115,1.08015,100.00,110.00,1.100
1579,SELL,1.08383,1.08483,100.00,100.00,1.000
1580,SELL,1.08297,1.08397,100.00,104.00,1.040
1581,BUY,1.08193,1.08093,100.00,104.00,1.040
1582,SELL,1.08297,1.08397,100.00,101.00,1.010
1583,BUY,1.08181,1.08081,100.00,102.00,1.020
1584,SELL,1.08289,1.08389,100.00,-100.00,-1.000
1585,SELL,1.08056,1.08156,100.00,-110.00,-1.100
1586,SELL,1.08120,1.08220,100.00,-113.00,-1.130
1587,SELL,1.08124,1.08224,100.00,-106.00,-1.060
1588,SELL,1.08175,1.08275,100.00,-104.00,-1.040
1589,SELL,1.08301,1.08401,100.00,102.00,1.020
1590,SELL,1.08302,1.08402,100.00,100.00,1.000
1591,BUY,1.08193,1.08093,100.00,105.00,1.050
1592,SELL,1.08298,1.08398,100.00,-100.00,-1.000
1593,SELL,1.08400,1.08500,100.00,101.00,1.010
1594,BUY,1.08299,1.08199,100.00,100.00,1.000
1595,SELL,1.08439,1.08539,100.00,100.00,1.000
1596,BUY,1.08317,1.08217,100.00,-101.70,-1.017
1597,BUY,1.08195,1.08095,100.00,100.00,1.000
1598,SELL,1.08278,1.08378,100.00,101.00,1.010
1599,SELL,1.08244,1.08344,100.00,101.00,1.010
1600,BUY,1.08140,1.08040,100.00,100.00,1.000
1601,SELL,1.08253,1.08353,100.00,100.00,1.000
1602,BUY,1.08153,1.08053,100.00,101.30,1.013
1603,BUY,1.08239,1.08139,100.00,98.90,0.989
1604,SELL,1.08373,1.08473,100.00,-102.00,-1.020
1605,SELL,1.08472,1.08572,100.00,-100.00,-1.000
1606,SELL,1.08578,1.08678,100.00,100.00,1.000
1607,BUY,1.08470,1.08370,100.00,132.00,1.320
1608,SELL,1.08602,1.08702,100.00,-165.00,-1.650
1609,SELL,1.08909,1.09009,100.00,100.00,1.000
1610,BUY,1.08804,1.08704,100.00,102.00,1.020
1611,SELL,1.08906,1.09006,100.00,100.00,1.000
1612,BUY,1.08806,1.08706,100.00,-100.00,-1.000
1613,BUY,1.08707,1.08607,100.00,104.00,1.040
1614,SELL,1.08811,1.08911,100.00,102.00,1.020
1615,SELL,1.08741,1.08841,100.00,100.00,1.000
1616,SELL,1.08672,1.08772,100.00,-103.00,-1.030
1617,SELL,1.08866,1.08966,100.00,118.00,1.180
1618,BUY,1.08748,1.08648,100.00,112.00,1.120
1619,BUY,1.08836,1.08736,100.00,100.00,1.000
1620,SELL,1.08936,1.09036,100.00,-101.00,-1.010
1621,SELL,1.09036,1.09136,100.00,155.00,1.550
1622,BUY,1.08892,1.08792,100.00,100.00,1.000
1623,SELL,1.08992,1.09092,100.00,-100.00,-1.000
1624,SELL,1.09102,1.09202,100.00,-103.00,-1.030
1625,SELL,1.09201,1.09301,100.00,102.00,1.020
1626,BUY,1.09096,1.08996,100.00,100.00,1.000
1627,SELL,1.09217,1.09317,100.00,100.00,1.000
1628,BUY,1.09101,1.09001,100.00,-100.00,-1.000
1629,BUY,1.09003,1.08903,100.00,-119.70,-1.197
1630,SELL,1.08918,1.09018,100.00,-168.00,-1.680
1631,SELL,1.08923,1.09023,100.00,-101.00,-1.010
1632,SELL,1.09021,1.09121,100.00,106.00,1.060
1633,BUY,1.08915,1.08815,100.00,-102.00,-1.020
1634,BUY,1.08817,1.08717,100.00,-100.00,-1.000
1635,SELL,1.08755,1.08855,100.00,-102.00,-1.020
1636,SELL,1.08851,1.08951,100.00,-100.00,-1.000
1637,BUY,1.09016,1.08916,100.00,100.00,1.000
1638,SELL,1.09116,1.09216,100.00,-104.00,-1.040
1639,SELL,1.09216,1.09316,100.00,-100.00,-1.000
1640,SELL,1.09315,1.09415,100.00,-102.00,-1.020
1641,SELL,1.09417,1.09517,100.00,100.00,1.000
1642,BUY,1.09314,1.09214,100.00,100.00,1.000
1643,SELL,1.09367,1.09467,100.00,-104.00,-1.040
1644,SELL,1.09469,1.09569,100.00,102.00,1.020
1645,SELL,1.09424,1.09524,100.00,100.00,1.000
1646,BUY,1.09324,1.09224,100.00,-103.10,-1.031
1647,BUY,1.09213,1.09113,100.00,-103.00,-1.030
1648,BUY,1.09104,1.09004,100.00,-101.00,-1.010
1649,BUY,1.09004,1.08904,100.00,-101.70,-1.017
1650,BUY,1.08850,1.08750,100.00,105.30,1.053
1651,BUY,1.08960,1.08860,100.00,-100.00,-1.000
1652,BUY,1.08864,1.08764,100.00,-100.00,-1.000
1653,BUY,1.08765,1.08665,100.00,100.00,1.000
1654,SELL,1.08913,1.09013,100.00,99.00,0.990
1655,BUY,1.08809,1.08709,100.00,-103.00,-1.030
1656,BUY,1.08698,1.08598,100.00,100.00,1.000
1657,SELL,1.08812,1.08912,100.00,101.00,1.010
1658,SELL,1.08744,1.08844,100.00,101.00,1.010
1659,BUY,1.08643,1.08543,100.00,-101.00,-1.010
1660,BUY,1.08508,1.08408,100.00,-167.70,-1.677
1661,SELL,1.08378,1.08478,100.00,100.00,1.000
1662,SELL,1.08321,1.08421,100.00,-100.00,-1.000
1663,SELL,1.08429,1.08529,100.00,-100.00,-1.000
1664,SELL,1.08526,1.08626,100.00,-100.00,-1.000
1665,SELL,1.08623,1.08723,100.00,100.00,1.000
1666,BUY,1.08523,1.08423,100.00,-100.00,-1.000
1667,BUY,1.08424,1.08324,100.00,-104.10,-1.041
1668,SELL,1.08325,1.08425,100.00,-100.00,-1.000
1669,SELL,1.08448,1.08548,100.00,-100.00,-1.000
1670,SELL,1.08556,1.08656,100.00,100.00,1.000
1671,BUY,1.08456,1.08356,100.00,100.00,1.000
1672,BUY,1.08514,1.08414,100.00,-111.00,-1.110
1673,BUY,1.08422,1.08322,100.00,102.00,1.020
1674,SELL,1.08524,1.08624,100.00,100.00,1.000
1675,BUY,1.08423,1.08323,100.00,-101.00,-1.010
1676,BUY,1.08325,1.08225,100.00,100.00,1.000
1677,BUY,1.08402,1.08302,100.00,100.00,1.000
1678,SELL,1.08529,1.08629,100.00,-100.00,-1.000
1679,SELL,1.08628,1.08728,100.00,100.00,1.000
1680,SELL,1.08543,1.08643,100.00,100.00,1.000
1681,BUY,1.08443,1.08343,100.00,100.00,1.000
1682,BUY,1.08529,1.08429,100.00,101.00,1.010
1683,SELL,1.08649,1.08749,100.00,101.00,1.010
1684,BUY,1.08548,1.08448,100.00,104.00,1.040
1685,SELL,1.08587,1.08687,100.00,-101.00,-1.010
1686,BUY,1.08588,1.08488,100.00,-100.00,-1.000
1687,SELL,1.08557,1.08657,100.00,100.00,1.000
1688,BUY,1.08446,1.08346,100.00,-101.00,-1.010
1689,BUY,1.08323,1.08223,100.00,-100.00,-1.000
1690,BUY,1.08179,1.08079,100.00,-100.00,-1.000
1691,BUY,1.08055,1.07955,100.00,101.00,1.010
1692,SELL,1.08156,1.08256,100.00,-100.00,-1.000
1693,BUY,1.08161,1.08061,100.00,100.00,1.000
1694,BUY,1.08200,1.08100,100.00,101.00,1.010
1695,BUY,1.08292,1.08192,100.00,-107.00,-1.070
1696,BUY,1.08171,1.08071,100.00,-100.00,-1.000
1697,BUY,1.08072,1.07972,100.00,100.00,1.000
1698,BUY,1.08138,1.08038,100.00,99.30,0.993
1699,BUY,1.08214,1.08114,100.00,-104.00,-1.040
1700,BUY,1.08101,1.08001,100.00,102.00,1.020
1701,SELL,1.08218,1.08318,100.00,-101.00,-1.010
1702,SELL,1.08311,1.08411,100.00,-100.00,-1.000
1703,SELL,1.08414,1.08514,100.00,103.00,1.030
1704,BUY,1.08311,1.08211,100.00,-109.00,-1.090
1705,BUY,1.08205,1.08105,100.00,-100.00,-1.000
1706,BUY,1.08077,1.07977,100.00,100.00,1.000
1707,SELL,1.08177,1.08277,100.00,-104.00,-1.040
1708,SELL,1.08277,1.08377,100.00,100.00,1.000
1709,BUY,1.08177,1.08077,100.00,101.00,1.010
1710,SELL,1.08272,1.08372,100.00,100.00,1.000
1711,BUY,1.08145,1.08045,100.00,-101.00,-1.010
1712,BUY,1.08045,1.07945,100.00,-100.00,-1.000
1713,BUY,1.07950,1.07850,100.00,-105.00,-1.050
1714,BUY,1.07849,1.07749,100.00,100.00,1.000
1715,BUY,1.07901,1.07801,100.00,102.00,1.020
1716,SELL,1.08003,1.08103,100.00,100.00,1.000
1717,BUY,1.07900,1.07800,100.00,100.00,1.000
1718,SELL,1.08029,1.08129,100.00,-108.00,-1.080
1719,SELL,1.08091,1.08191,100.00,101.00,1.010
1720,BUY,1.07990,1.07890,100.00,-101.00,-1.010
1721,BUY,1.07892,1.07792,100.00,99.30,0.993
1722,SELL,1.08033,1.08133,100.00,101.00,1.010
1723,BUY,1.07931,1.07831,100.00,101.00,1.010
1724,SELL,1.08068,1.08168,100.00,-105.00,-1.050
1725,SELL,1.08175,1.08275,100.00,-100.00,-1.000
1726,SELL,1.08318,1.08418,100.00,-138.00,-1.380
1727,SELL,1.08446,1.08546,100.00,-138.00,-1.380
1728,SELL,1.08594,1.08694,100.00,100.00,1.000
1729,BUY,1.08494,1.08394,100.00,103.00,1.030
1730,SELL,1.08597,1.08697,100.00,-102.00,-1.020
1731,SELL,1.08695,1.08795,100.00,-100.00,-1.000
1732,SELL,1.08794,1.08894,100.00,-101.00,-1.010
1733,SELL,1.08896,1.08996,100.00,-102.00,-1.020
1734,SELL,1.08996,1.09096,100.00,101.00,1.010
1735,BUY,1.08877,1.08777,100.00,100.00,1.000
1736,SELL,1.08977,1.09077,100.00,-101.00,-1.010
1737,SELL,1.09084,1.09184,100.00,-100.00,-1.000
1738,SELL,1.09195,1.09295,100.00,102.00,1.020
1739,BUY,1.09093,1.08993,100.00,127.30,1.273
1740,BUY,1.09269,1.09169,100.00,-104.00,-1.040
1741,BUY,1.09178,1.09078,100.00,-101.00,-1.010
1742,BUY,1.09061,1.08961,100.00,101.00,1.010
1743,SELL,1.09162,1.09262,100.00,-100.00,-1.000
1744,SELL,1.09288,1.09388,100.00,-101.00,-1.010
1745,SELL,1.09388,1.09488,100.00,100.00,1.000
1746,BUY,1.09274,1.09174,100.00,100.00,1.000
1747,BUY,1.09333,1.09233,100.00,-100.00,-1.000
1748,BUY,1.09235,1.09135,100.00,-100.00,-1.000
1749,BUY,1.09139,1.09039,100.00,-105.00,-1.050
1750,BUY,1.09019,1.08919,100.00,101.00,1.010
1751,SELL,1.09127,1.09227,100.00,-100.00,-1.000
1752,SELL,1.09225,1.09325,100.00,-100.00,-1.000
1753,SELL,1.09349,1.09449,100.00,-100.00,-1.000
1754,SELL,1.09445,1.09545,100.00,-102.00,-1.020
1755,SELL,1.09545,1.09645,100.00,-100.00,-1.000
1756,SELL,1.09661,1.09761,100.00,103.00,1.030
1757,BUY,1.09558,1.09458,100.00,-100.00,-1.000
1758,BUY,1.09460,1.09360,100.00,106.00,1.060
1759,SELL,1.09566,1.09666,100.00,-101.00,-1.010
1760,SELL,1.09665,1.09765,100.00,101.00,1.010
1761,BUY,1.09564,1.09464,100.00,-104.00,-1.040
1762,SELL,1.09511,1.09611,100.00,103.00,1.030
1763,BUY,1.09408,1.09308,100.00,100.00,1.000
1764,SELL,1.09508,1.09608,100.00,-107.00,-1.070
1765,SELL,1.09612,1.09712,100.00,-103.00,-1.030
1766,SELL,1.09710,1.09810,100.00,-100.00,-1.000
1767,SELL,1.09804,1.09904,100.00,-104.00,-1.040
1768,SELL,1.09907,1.10007,100.00,-106.00,-1.060
1769,BUY,1.09970,1.09870,100.00,-106.00,-1.060
1770,BUY,1.09884,1.09784,100.00,100.00,1.000
1771,SELL,1.09984,1.10084,100.00,101.00,1.010
1772,BUY,1.09883,1.09783,100.00,102.00,1.020
1773,SELL,1.09981,1.10081,100.00,111.00,1.110
1774,BUY,1.09851,1.09751,100.00,-171.00,-1.710
1775,BUY,1.09718,1.09618,100.00,-107.00,-1.070
1776,BUY,1.09612,1.09512,100.00,103.00,1.030
1777,SELL,1.09758,1.09858,100.00,102.00,1.020
1778,BUY,1.09692,1.09592,100.00,-100.00,-1.000
1779,BUY,1.09593,1.09493,100.00,102.00,1.020
1780,SELL,1.09695,1.09795,100.00,-100.00,-1.000
1781,SELL,1.09795,1.09895,100.00,103.00,1.030
1782,BUY,1.09692,1.09592,100.00,-100.00,-1.000
1783,SELL,1.09641,1.09741,100.00,100.00,1.000
1784,BUY,1.09541,1.09441,100.00,100.00,1.000
1785,SELL,1.09641,1.09741,100.00,100.00,1.000
1786,BUY,1.09519,1.09419,100.00,-124.70,-1.247
1787,BUY,1.09520,1.09420,100.00,100.00,1.000
1788,BUY,1.09544,1.09444,100.00,-100.00,-1.000
1789,BUY,1.09445,1.09345,100.00,100.00,1.000
1790,SELL,1.09584,1.09684,100.00,100.00,1.000
1791,BUY,1.09463,1.09363,100.00,-102.00,-1.020
1792,BUY,1.09347,1.09247,100.00,-101.00,-1.010
1793,BUY,1.09231,1.09131,100.00,100.00,1.000
1794,BUY,1.09309,1.09209,100.00,-101.00,-1.010
1795,BUY,1.09210,1.09110,100.00,-100.00,-1.000
1796,BUY,1.09111,1.09011,100.00,100.00,1.000
1797,SELL,1.09218,1.09318,100.00,-100.00,-1.000
1798,SELL,1.09329,1.09429,100.00,100.00,1.000
1799,BUY,1.09224,1.09124,100.00,100.00,1.000
1800,BUY,1.09290,1.09190,100.00,-102.70,-1.027
1801,BUY,1.09169,1.09069,100.00,-100.00,-1.000
1802,BUY,1.09066,1.08966,100.00,100.00,1.000
1803,SELL,1.09185,1.09285,100.00,-102.00,-1.020
1804,SELL,1.09309,1.09409,100.00,100.00,1.000
1805,BUY,1.09180,1.09080,100.00,98.90,0.989
1806,BUY,1.09271,1.09171,100.00,100.00,1.000
1807,SELL,1.09336,1.09436,100.00,-100.00,-1.000
1808,SELL,1.09432,1.09532,100.00,101.00,1.010
1809,BUY,1.09318,1.09218,100.00,-100.00,-1.000
1810,SELL,1.09242,1.09342,100.00,101.00,1.010
1811,BUY,1.09141,1.09041,100.00,-103.00,-1.030
1812,BUY,1.09029,1.08929,100.00,-100.00,-1.000
1813,BUY,1.08930,1.08830,100.00,101.00,1.010
1814,SELL,1.09031,1.09131,100.00,100.00,1.000
1815,SELL,1.08963,1.09063,100.00,100.00,1.000
1816,BUY,1.08863,1.08763,100.00,100.00,1.000
1817,BUY,1.08928,1.08828,100.00,101.00,1.010
1818,SELL,1.09029,1.09129,100.00,-100.00,-1.000
1819,BUY,1.09096,1.08996,100.00,100.30,1.003
1820,SELL,1.09209,1.09309,100.00,101.00,1.010
1821,BUY,1.09108,1.09008,100.00,100.00,1.000
1822,SELL,1.09208,1.09308,100.00,-103.00,-1.030
1823,SELL,1.09306,1.09406,100.00,101.00,1.010
1824,BUY,1.09201,1.09101,100.00,-100.70,-1.007
1825,SELL,1.09158,1.09258,100.00,-101.00,-1.010
1826,BUY,1.09244,1.09144,100.00,100.00,1.000
1827,SELL,1.09374,1.09474,100.00,100.00,1.000
1828,BUY,1.09330,1.09230,100.00,-102.00,-1.020
1829,BUY,1.09233,1.09133,100.00,118.00,1.180
1830,SELL,1.09351,1.09451,100.00,-100.00,-1.000
1831,SELL,1.09462,1.09562,100.00,-103.00,-1.030
1832,SELL,1.09614,1.09714,100.00,100.00,1.000
1833,SELL,1.09558,1.09658,100.00,-101.00,-1.010
1834,SELL,1.09658,1.09758,100.00,-101.00,-1.010
1835,SELL,1.09798,1.09898,100.00,-100.00,-1.000
1836,SELL,1.09910,1.10010,100.00,-101.00,-1.010
1837,SELL,1.10012,1.10112,100.00,-104.00,-1.040
1838,SELL,1.10131,1.10231,100.00,-100.00,-1.000
1839,SELL,1.10226,1.10326,100.00,-130.00,-1.300
1840,SELL,1.10312,1.10412,100.00,110.00,1.100
1841,BUY,1.10058,1.09958,100.00,101.00,1.010
1842,SELL,1.10194,1.10294,100.00,-103.00,-1.030
1843,SELL,1.10292,1.10392,100.00,-100.00,-1.000
1844,SELL,1.10413,1.10513,100.00,100.00,1.000
1845,BUY,1.10311,1.10211,100.00,100.00,1.000
1846,SELL,1.10411,1.10511,100.00,100.00,1.000
1847,BUY,1.10311,1.10211,100.00,100.00,1.000
1848,SELL,1.10425,1.10525,100.00,101.00,1.010
1849,BUY,1.10324,1.10224,100.00,-100.00,-1.000
1850,BUY,1.10191,1.10091,100.00,-103.10,-1.031
1851,SELL,1.10147,1.10247,100.00,101.00,1.010
1852,BUY,1.10099,1.09999,100.00,-100.00,-1.000
1853,BUY,1.10044,1.09944,100.00,-100.00,-1.000
1854,BUY,1.09726,1.09626,100.00,-100.00,-1.000
1855,BUY,1.09631,1.09531,100.00,-101.00,-1.010
1856,BUY,1.09523,1.09423,100.00,101.00,1.010
1857,SELL,1.09624,1.09724,100.00,-101.00,-1.010
1858,SELL,1.09720,1.09820,100.00,-101.00,-1.010
1859,SELL,1.09837,1.09937,100.00,100.00,1.000
1860,BUY,1.09762,1.09662,100.00,-100.00,-1.000
1861,SELL,1.09770,1.09870,100.00,-100.00,-1.000
1862,BUY,1.09810,1.09710,100.00,101.00,1.010
1863,SELL,1.09931,1.10031,100.00,-100.00,-1.000
1864,SELL,1.10026,1.10126,100.00,100.00,1.000
1865,BUY,1.09923,1.09823,100.00,100.00,1.000
1866,SELL,1.10143,1.10243,100.00,-100.00,-1.000
1867,SELL,1.10260,1.10360,100.00,-101.00,-1.010
1868,SELL,1.10356,1.10456,100.00,-100.00,-1.000
1869,SELL,1.10476,1.10576,100.00,100.00,1.000
1870,BUY,1.10376,1.10276,100.00,100.00,1.000
1871,SELL,1.10500,1.10600,100.00,-100.00,-1.000
1872,SELL,1.10592,1.10692,100.00,-104.00,-1.040
1873,SELL,1.10689,1.10789,100.00,-100.00,-1.000
1874,BUY,1.10892,1.10792,100.00,-106.00,-1.060
1875,BUY,1.10860,1.10760,100.00,-100.00,-1.000
1876,BUY,1.10779,1.10679,100.00,100.00,1.000
1877,SELL,1.10886,1.10986,100.00,100.00,1.000
1878,BUY,1.10786,1.10686,100.00,100.00,1.000
1879,SELL,1.10895,1.10995,100.00,-107.00,-1.070
1880,SELL,1.10998,1.11098,100.00,-106.00,-1.060
1881,SELL,1.11112,1.11212,100.00,100.00,1.000
1882,BUY,1.11000,1.10900,100.00,100.00,1.000
1883,SELL,1.11100,1.11200,100.00,-101.00,-1.010
1884,SELL,1.11249,1.11349,100.00,99.00,0.990
1885,BUY,1.11137,1.11037,100.00,100.00,1.000
1886,SELL,1.11237,1.11337,100.00,100.00,1.000
1887,BUY,1.11134,1.11034,100.00,100.00,1.000
1888,BUY,1.11185,1.11085,100.00,100.00,1.000
1889,BUY,1.11255,1.11155,100.00,-101.00,-1.010
1890,BUY,1.11160,1.11060,100.00,-118.00,-1.180
1891,BUY,1.11088,1.10988,100.00,102.00,1.020
1892,SELL,1.11190,1.11290,100.00,101.00,1.010
1893,BUY,1.11089,1.10989,100.00,102.00,1.020
1894,SELL,1.11191,1.11291,100.00,103.00,1.030
1895,BUY,1.11088,1.10988,100.00,101.00,1.010
1896,SELL,1.11189,1.11289,100.00,-102.00,-1.020
1897,BUY,1.11255,1.11155,100.00,108.00,1.080
1898,SELL,1.11363,1.11463,100.00,-100.00,-1.000
1899,SELL,1.11458,1.11558,100.00,-101.00,-1.010
1900,SELL,1.11562,1.11662,100.00,-103.00,-1.030
1901,SELL,1.11660,1.11760,100.00,100.00,1.000
1902,BUY,1.11547,1.11447,100.00,-103.00,-1.030
1903,SELL,1.11490,1.11590,100.00,-113.00,-1.130
1904,SELL,1.11600,1.11700,100.00,101.00,1.010
1905,BUY,1.11490,1.11390,100.00,-120.00,-1.200
1906,BUY,1.11382,1.11282,100.00,-100.00,-1.000
1907,BUY,1.11296,1.11196,100.00,101.00,1.010
1908,BUY,1.11370,1.11270,100.00,102.00,1.020
1909,BUY,1.11429,1.11329,100.00,-101.00,-1.010
1910,SELL,1.11396,1.11496,100.00,101.00,1.010
1911,SELL,1.11355,1.11455,100.00,122.00,1.220
1912,BUY,1.11188,1.11088,100.00,-103.00,-1.030
1913,BUY,1.11090,1.10990,100.00,-100.00,-1.000
1914,BUY,1.10996,1.10896,100.00,102.00,1.020
1915,SELL,1.11098,1.11198,100.00,101.00,1.010
1916,SELL,1.11067,1.11167,100.00,-117.00,-1.170
1917,BUY,1.11141,1.11041,100.00,-105.00,-1.050
1918,SELL,1.11102,1.11202,100.00,-101.00,-1.010
1919,SELL,1.11220,1.11320,100.00,-100.00,-1.000
1920,SELL,1.11308,1.11408,100.00,100.00,1.000
1921,BUY,1.11191,1.11091,100.00,-101.00,-1.010
1922,BUY,1.11094,1.10994,100.00,107.00,1.070
1923,SELL,1.11201,1.11301,100.00,-100.00,-1.000
1924,SELL,1.11391,1.11491,100.00,-106.00,-1.060
1925,BUY,1.11490,1.11390,100.00,101.00,1.010
1926,SELL,1.11591,1.11691,100.00,-100.00,-1.000
1927,SELL,1.11686,1.11786,100.00,100.00,1.000
1928,BUY,1.11570,1.11470,100.00,101.00,1.010
1929,SELL,1.11671,1.11771,100.00,-101.00,-1.010
1930,SELL,1.11767,1.11867,100.00,-101.00,-1.010
1931,SELL,1.11865,1.11965,100.00,101.00,1.010
1932,BUY,1.11764,1.11664,100.00,-100.00,-1.000
1933,SELL,1.11716,1.11816,100.00,-101.00,-1.010
1934,SELL,1.11824,1.11924,100.00,-102.00,-1.020
1935,SELL,1.11946,1.12046,100.00,99.00,0.990
1936,SELL,1.11822,1.11922,100.00,100.00,1.000
1937,BUY,1.11722,1.11622,100.00,-100.00,-1.000
1938,BUY,1.11625,1.11525,100.00,-100.00,-1.000
1939,BUY,1.11515,1.11415,100.00,102.00,1.020
1940,BUY,1.11582,1.11482,100.00,100.00,1.000
1941,SELL,1.11698,1.11798,100.00,100.00,1.000
1942,BUY,1.11616,1.11516,100.00,100.30,1.003
1943,SELL,1.11687,1.11787,100.00,-100.00,-1.000
1944,SELL,1.11781,1.11881,100.00,102.00,1.020
1945,BUY,1.11671,1.11571,100.00,-101.00,-1.010
1946,BUY,1.11564,1.11464,100.00,100.00,1.000
1947,SELL,1.11688,1.11788,100.00,-105.00,-1.050
1948,SELL,1.11789,1.11889,100.00,-102.00,-1.020
1949,SELL,1.11903,1.12003,100.00,99.00,0.990
1950,BUY,1.11755,1.11655,100.00,-100.00,-1.000
1951,BUY,1.11659,1.11559,100.00,-102.00,-1.020
1952,BUY,1.11562,1.11462,100.00,-101.00,-1.010
1953,BUY,1.11465,1.11365,100.00,-102.00,-1.020
1954,BUY,1.11368,1.11268,100.00,100.00,1.000
1955,SELL,1.11488,1.11588,100.00,-103.00,-1.030
1956,SELL,1.11587,1.11687,100.00,101.00,1.010
1957,BUY,1.11459,1.11359,100.00,-109.00,-1.090
1958,BUY,1.11350,1.11250,100.00,-101.00,-1.010
1959,BUY,1.11253,1.11153,100.00,-101.00,-1.010
1960,BUY,1.11141,1.11041,100.00,101.00,1.010
1961,SELL,1.11242,1.11342,100.00,-102.00,-1.020
1962,SELL,1.11337,1.11437,100.00,100.00,1.000
1963,BUY,1.11237,1.11137,100.00,-100.00,-1.000
1964,BUY,1.11135,1.11035,100.00,97.90,0.979
1965,BUY,1.11340,1.11240,100.00,-104.00,-1.040
1966,BUY,1.11242,1.11142,100.00,-103.00,-1.030
1967,BUY,1.11143,1.11043,100.00,-100.00,-1.000
1968,BUY,1.11002,1.10902,100.00,-102.00,-1.020
1969,BUY,1.10904,1.10804,100.00,-101.00,-1.010
1970,BUY,1.10807,1.10707,100.00,100.00,1.000
1971,SELL,1.10934,1.11034,100.00,107.00,1.070
1972,BUY,1.10827,1.10727,100.00,-101.00,-1.010
1973,BUY,1.10731,1.10631,100.00,100.00,1.000
1974,SELL,1.10831,1.10931,100.00,100.00,1.000
1975,BUY,1.10726,1.10626,100.00,-102.00,-1.020
1976,BUY,1.10604,1.10504,100.00,100.00,1.000
1977,SELL,1.10716,1.10816,100.00,-102.00,-1.020
1978,SELL,1.10841,1.10941,100.00,99.00,0.990
1979,BUY,1.10726,1.10626,100.00,104.00,1.040
1980,SELL,1.10830,1.10930,100.00,-100.00,-1.000
1981,SELL,1.10924,1.11024,100.00,101.00,1.010
1982,BUY,1.10806,1.10706,100.00,-102.00,-1.020
1983,BUY,1.10708,1.10608,100.00,-107.00,-1.070
1984,BUY,1.10606,1.10506,100.00,100.00,1.000
1985,SELL,1.10712,1.10812,100.00,102.00,1.020
1986,BUY,1.10610,1.10510,100.00,101.00,1.010
1987,SELL,1.10711,1.10811,100.00,103.00,1.030
1988,BUY,1.10608,1.10508,100.00,-100.00,-1.000
1989,BUY,1.10512,1.10412,100.00,99.30,0.993
1990,SELL,1.10636,1.10736,100.00,-101.00,-1.010
1991,SELL,1.10733,1.10833,100.00,100.00,1.000
1992,BUY,1.10633,1.10533,100.00,-101.70,-1.017
1993,BUY,1.10520,1.10420,100.00,100.00,1.000
1994,BUY,1.10587,1.10487,100.00,-101.00,-1.010
1995,BUY,1.10488,1.10388,100.00,-100.00,-1.000
1996,BUY,1.10393,1.10293,100.00,102.00,1.020
1997,SELL,1.10503,1.10603,100.00,-100.00,-1.000
1998,SELL,1.10599,1.10699,100.00,-106.00,-1.060
1999,SELL,1.10702,1.10802,100.00,120.00,1.200
2000,BUY,1.10625,1.10525,100.00,-107.00,-1.070
2001,BUY,1.10526,1.10426,100.00,-100.00,-1.000
2002,BUY,1.10430,1.10330,100.00,100.00,1.000
2003,SELL,1.10530,1.10630,100.00,106.00,1.060
2004,BUY,1.10424,1.10324,100.00,-103.00,-1.030
2005,BUY,1.10314,1.10214,100.00,100.00,1.000
2006,BUY,1.10482,1.10382,100.00,-102.00,-1.020
2007,BUY,1.10463,1.10363,100.00,-100.00,-1.000
2008,SELL,1.10421,1.10521,100.00,-102.00,-1.020
2009,SELL,1.10525,1.10625,100.00,-100.00,-1.000
2010,SELL,1.10626,1.10726,100.00,101.00,1.010
2011,BUY,1.10514,1.10414,100.00,-101.00,-1.010
2012,BUY,1.10417,1.10317,100.00,103.00,1.030
2013,SELL,1.10520,1.10620,100.00,-143.00,-1.430
2014,SELL,1.10622,1.10722,100.00,-143.00,-1.430
2015,SELL,1.10827,1.10927,100.00,107.00,1.070
2016,BUY,1.10720,1.10620,100.00,101.00,1.010
2017,SELL,1.10821,1.10921,100.00,-100.00,-1.000
2018,SELL,1.10917,1.11017,100.00,102.00,1.020
2019,BUY,1.10815,1.10715,100.00,-100.00,-1.000
2020,BUY,1.10721,1.10621,100.00,100.00,1.000
2021,BUY,1.10783,1.10683,100.00,98.90,0.989
2022,SELL,1.10884,1.10984,100.00,-104.00,-1.040
2023,SELL,1.10984,1.11084,100.00,-100.00,-1.000
2024,SELL,1.11080,1.11180,100.00,100.00,1.000
2025,SELL,1.11000,1.11100,100.00,-104.00,-1.040
2026,SELL,1.11072,1.11172,100.00,-108.00,-1.080
2027,SELL,1.11176,1.11276,100.00,100.00,1.000
2028,BUY,1.11076,1.10976,100.00,-102.00,-1.020
2029,BUY,1.10979,1.10879,100.00,-101.00,-1.010
2030,BUY,1.10884,1.10784,100.00,101.00,1.010
2031,SELL,1.10985,1.11085,100.00,-101.00,-1.010
2032,SELL,1.11081,1.11181,100.00,108.00,1.080
2033,BUY,1.10973,1.10873,100.00,-102.00,-1.020
2034,BUY,1.10859,1.10759,100.00,102.00,1.020
2035,SELL,1.10961,1.11061,100.00,100.00,1.000
2036,BUY,1.10861,1.10761,100.00,102.00,1.020
2037,SELL,1.10993,1.11093,100.00,-103.00,-1.030
2038,SELL,1.11100,1.11200,100.00,-101.00,-1.010
2039,BUY,1.11161,1.11061,100.00,-101.00,-1.010
2040,BUY,1.11058,1.10958,100.00,-119.00,-1.190
2041,BUY,1.10971,1.10871,100.00,-122.00,-1.220
2042,SELL,1.11437,1.11537,100.00,100.00,1.000
2043,SELL,1.11399,1.11499,100.00,103.00,1.030
2044,BUY,1.11296,1.11196,100.00,-102.00,-1.020
2045,BUY,1.11195,1.11095,100.00,-100.00,-1.000
2046,BUY,1.11100,1.11000,100.00,-104.00,-1.040
2047,BUY,1.11001,1.10901,100.00,-102.00,-1.020
2048,BUY,1.10905,1.10805,100.00,-100.00,-1.000
2049,BUY,1.10808,1.10708,100.00,-102.00,-1.020
2050,BUY,1.10711,1.10611,100.00,105.00,1.050
2051,SELL,1.10816,1.10916,100.00,-100.00,-1.000
2052,BUY,1.10876,1.10776,100.00,100.00,1.000
2053,SELL,1.10976,1.11076,100.00,-101.00,-1.010
2054,SELL,1.11073,1.11173,100.00,-108.00,-1.080
2055,SELL,1.11162,1.11262,100.00,-110.00,-1.100
2056,SELL,1.11109,1.11209,100.00,102.00,1.020
2057,BUY,1.10994,1.10894,100.00,-104.00,-1.040
2058,BUY,1.10854,1.10754,100.00,102.00,1.020
2059,SELL,1.10953,1.11053,100.00,-102.00,-1.020
2060,SELL,1.11050,1.11150,100.00,102.00,1.020
2061,BUY,1.10948,1.10848,100.00,-103.00,-1.030
2062,BUY,1.10849,1.10749,100.00,-100.00,-1.000
2063,BUY,1.10729,1.10629,100.00,103.00,1.030
2064,SELL,1.10832,1.10932,100.00,100.00,1.000
2065,BUY,1.10677,1.10577,100.00,-100.00,-1.000
2066,BUY,1.10581,1.10481,100.00,-103.00,-1.030
2067,BUY,1.10478,1.10378,100.00,100.00,1.000
2068,SELL,1.10578,1.10678,100.00,100.00,1.000
2069,BUY,1.10383,1.10283,100.00,100.00,1.000
2070,SELL,1.10483,1.10583,100.00,100.00,1.000
2071,BUY,1.10383,1.10283,100.00,103.00,1.030
2072,SELL,1.10486,1.10586,100.00,100.00,1.000
2073,BUY,1.10344,1.10244,100.00,103.30,1.033
2074,SELL,1.10475,1.10575,100.00,100.00,1.000
2075,BUY,1.10375,1.10275,100.00,-100.00,-1.000
2076,BUY,1.10274,1.10174,100.00,-100.00,-1.000
2077,SELL,1.10215,1.10315,100.00,-106.00,-1.060
2078,SELL,1.10315,1.10415,100.00,-100.00,-1.000
2079,SELL,1.10411,1.10511,100.00,-100.00,-1.000
2080,BUY,1.10436,1.10336,100.00,101.00,1.010
2081,BUY,1.10497,1.10397,100.00,-101.00,-1.010
2082,BUY,1.10401,1.10301,100.00,-116.00,-1.160
2083,BUY,1.10331,1.10231,100.00,-113.00,-1.130
2084,BUY,1.10286,1.10186,100.00,-107.00,-1.070
2085,BUY,1.10182,1.10082,100.00,-100.00,-1.000
2086,BUY,1.10087,1.09987,100.00,100.00,1.000
2087,SELL,1.10187,1.10287,100.00,101.00,1.010
2088,BUY,1.10086,1.09986,100.00,100.00,1.000
2089,SELL,1.10191,1.10291,100.00,98.00,0.980
2090,BUY,1.10189,1.10089,100.00,-103.00,-1.030
2091,BUY,1.10092,1.09992,100.00,100.00,1.000
2092,SELL,1.10197,1.10297,100.00,-100.00,-1.000
2093,SELL,1.10294,1.10394,100.00,-102.00,-1.020
2094,SELL,1.10392,1.10492,100.00,107.00,1.070
2095,BUY,1.10285,1.10185,100.00,106.00,1.060
2096,SELL,1.10391,1.10491,100.00,-100.00,-1.000
2097,SELL,1.10503,1.10603,100.00,-102.00,-1.020
2098,SELL,1.10601,1.10701,100.00,-102.00,-1.020
2099,SELL,1.10698,1.10798,100.00,-125.00,-1.250
2100,SELL,1.10750,1.10850,100.00,-100.00,-1.000
2101,BUY,1.10822,1.10722,100.00,100.00,1.000
2102,SELL,1.10922,1.11022,100.00,100.00,1.000
2103,SELL,1.10851,1.10951,100.00,-100.00,-1.000
2104,SELL,1.10967,1.11067,100.00,104.00,1.040
2105,BUY,1.10863,1.10763,100.00,-100.00,-1.000
2106,SELL,1.10789,1.10889,100.00,-100.00,-1.000
2107,SELL,1.10929,1.11029,100.00,-103.00,-1.030
2108,SELL,1.11027,1.11127,100.00,-100.00,-1.000
2109,SELL,1.11149,1.11249,100.00,-102.00,-1.020
2110,SELL,1.11256,1.11356,100.00,-101.00,-1.010
2111,SELL,1.11373,1.11473,100.00,102.00,1.020
2112,BUY,1.11271,1.11171,100.00,-100.00,-1.000
2113,BUY,1.11175,1.11075,100.00,101.00,1.010
2114,BUY,1.11252,1.11152,100.00,102.30,1.023
2115,SELL,1.11355,1.11455,100.00,-100.00,-1.000
2116,SELL,1.11449,1.11549,100.00,100.00,1.000
2117,BUY,1.11328,1.11228,100.00,103.00,1.030
2118,SELL,1.11431,1.11531,100.00,107.00,1.070
2119,BUY,1.11227,1.11127,100.00,-104.00,-1.040
2120,BUY,1.11129,1.11029,100.00,102.00,1.020
2121,SELL,1.11231,1.11331,100.00,100.00,1.000
2122,BUY,1.11111,1.11011,100.00,102.00,1.020
2123,SELL,1.11258,1.11358,100.00,100.00,1.000
2124,SELL,1.11227,1.11327,100.00,-100.00,-1.000
2125,SELL,1.11327,1.11427,100.00,100.00,1.000
2126,BUY,1.11227,1.11127,100.00,100.00,1.000
2127,SELL,1.11327,1.11427,100.00,104.00,1.040
2128,BUY,1.11200,1.11100,100.00,-100.00,-1.000
2129,BUY,1.11105,1.11005,100.00,100.00,1.000
2130,BUY,1.11154,1.11054,100.00,100.00,1.000
2131,BUY,1.11236,1.11136,100.00,173.00,1.730
2132,SELL,1.11462,1.11562,100.00,-173.00,-1.730
2133,SELL,1.11572,1.11672,100.00,-103.00,-1.030
2134,SELL,1.11634,1.11734,100.00,-102.00,-1.020
2135,BUY,1.11558,1.11458,100.00,106.00,1.060
2136,BUY,1.11561,1.11461,100.00,102.00,1.020
2137,SELL,1.11663,1.11763,100.00,-103.00,-1.030
2138,SELL,1.11761,1.11861,100.00,-100.00,-1.000
2139,SELL,1.11857,1.11957,100.00,101.00,1.010
2140,BUY,1.11745,1.11645,100.00,104.00,1.040
2141,BUY,1.11837,1.11737,100.00,-101.00,-1.010
2142,BUY,1.11696,1.11596,100.00,-104.00,-1.040
2143,BUY,1.11564,1.11464,100.00,101.00,1.010
2144,BUY,1.11569,1.11469,100.00,-102.00,-1.020
2145,SELL,1.11576,1.11676,100.00,-104.00,-1.040
2146,SELL,1.11675,1.11775,100.00,101.00,1.010
2147,BUY,1.11519,1.11419,100.00,-102.00,-1.020
2148,BUY,1.11382,1.11282,100.00,-101.00,-1.010
2149,BUY,1.11285,1.11185,100.00,102.00,1.020
2150,SELL,1.11387,1.11487,100.00,100.00,1.000
2151,BUY,1.11287,1.11187,100.00,-101.00,-1.010
2152,BUY,1.11192,1.11092,100.00,-105.00,-1.050
2153,BUY,1.11092,1.10992,100.00,-103.00,-1.030
2154,SELL,1.11020,1.11120,100.00,-101.00,-1.010
2155,SELL,1.11117,1.11217,100.00,-107.00,-1.070
2156,BUY,1.11221,1.11121,100.00,-133.00,-1.330
2157,SELL,1.11214,1.11314,100.00,100.00,1.000
2158,BUY,1.11112,1.11012,100.00,-102.00,-1.020
2159,BUY,1.10974,1.10874,100.00,-102.00,-1.020
2160,BUY,1.10892,1.10792,100.00,-100.00,-1.000
2161,BUY,1.10799,1.10699,100.00,-105.00,-1.050
2162,BUY,1.10697,1.10597,100.00,102.00,1.020
2163,SELL,1.10799,1.10899,100.00,-100.00,-1.000
2164,SELL,1.10894,1.10994,100.00,-102.00,-1.020
2165,SELL,1.10992,1.11092,100.00,-100.00,-1.000
2166,SELL,1.11088,1.11188,100.00,-100.00,-1.000
2167,SELL,1.11183,1.11283,100.00,-101.00,-1.010
2168,BUY,1.11261,1.11161,100.00,102.00,1.020
2169,SELL,1.11363,1.11463,100.00,-101.00,-1.010
2170,SELL,1.11485,1.11585,100.00,-101.00,-1.010
2171,SELL,1.11605,1.11705,100.00,-103.00,-1.030
2172,SELL,1.11726,1.11826,91.00,91.00,1.000
2173,BUY,1.11626,1.11526,100.00,-100.00,-1.000
2174,SELL,1.11568,1.11668,90.00,99.00,1.100
2175,BUY,1.11433,1.11333,100.00,-102.00,-1.020
2176,BUY,1.11335,1.11235,90.00,-90.00,-1.000
2177,BUY,1.11230,1.11130,82.00,82.00,1.000
2178,SELL,1.11330,1.11430,89.00,89.00,1.000
2179,BUY,1.11230,1.11130,100.00,100.00,1.000
2180,SELL,1.11330,1.11430,100.00,-102.00,-1.020
2181,SELL,1.11427,1.11527,100.00,-100.00,-1.000
2182,BUY,1.11488,1.11388,88.00,88.00,1.000
2183,SELL,1.11612,1.11712,100.00,-104.00,-1.040
2184,BUY,1.11648,1.11548,87.00,88.74,1.020
2185,SELL,1.11755,1.11855,94.00,94.00,1.000
2186,BUY,1.11652,1.11552,100.00,-104.00,-1.040
2187,BUY,1.11548,1.11448,93.00,93.00,1.000
2188,SELL,1.11648,1.11748,100.00,100.00,1.000
2189,SELL,1.11605,1.11705,100.00,-102.00,-1.020
2190,SELL,1.11717,1.11817,100.00,100.00,1.000
2191,BUY,1.11617,1.11517,100.00,-104.00,-1.040
2192,BUY,1.11516,1.11416,100.00,-100.00,-1.000
2193,BUY,1.11410,1.11310,92.00,94.76,1.030
2194,SELL,1.11520,1.11620,100.00,100.00,1.000
2195,BUY,1.11420,1.11320,100.00,107.00,1.070
2196,SELL,1.11527,1.11627,100.00,-103.00,-1.030
2197,SELL,1.11625,1.11725,100.00,-102.00,-1.020
2198,SELL,1.11722,1.11822,100.00,100.00,1.000
2199,BUY,1.11622,1.11522,100.00,-102.70,-1.027
2200,BUY,1.11524,1.11424,100.00,-100.00,-1.000
2201,BUY,1.11429,1.11329,92.00,-137.08,-1.490
2202,BUY,1.11291,1.11191,80.00,-82.40,-1.030
2203,BUY,1.11193,1.11093,73.00,-75.92,-1.040
2204,BUY,1.11093,1.10993,67.00,-67.00,-1.000
2205,BUY,1.10997,1.10897,61.00,-63.44,-1.040
2206,BUY,1.10900,1.10800,56.00,56.56,1.010
2207,SELL,1.11022,1.11122,61.00,-62.83,-1.030
2208,SELL,1.11120,1.11220,55.00,-55.00,-1.000
2209,SELL,1.11233,1.11333,50.00,51.00,1.020
2210,BUY,1.11115,1.11015,55.00,55.55,1.010
2211,SELL,1.11216,1.11316,59.00,-59.00,-1.000
2212,SELL,1.11312,1.11412,54.00,54.54,1.010
2213,BUY,1.11211,1.11111,59.00,60.18,1.020
2214,BUY,1.11259,1.11159,64.00,-65.92,-1.030
2215,BUY,1.11161,1.11061,59.00,59.00,1.000
2216,SELL,1.11272,1.11372,64.00,-65.92,-1.030
2217,SELL,1.11380,1.11480,58.00,58.00,1.000
2218,BUY,1.11280,1.11180,63.00,-63.00,-1.000
2219,SELL,1.11227,1.11327,58.00,58.00,1.000
2220,BUY,1.11127,1.11027,63.00,63.82,1.013
2221,SELL,1.11244,1.11344,68.00,-70.04,-1.030
2222,SELL,1.11343,1.11443,62.00,-62.00,-1.000
2223,SELL,1.11440,1.11540,57.00,58.14,1.020
2224,BUY,1.11322,1.11222,62.00,-63.24,-1.020
2225,SELL,1.11278,1.11378,56.00,-56.00,-1.000
2226,SELL,1.11373,1.11473,51.00,-52.53,-1.030
2227,SELL,1.11470,1.11570,47.00,47.94,1.020
2228,BUY,1.11368,1.11268,51.00,52.02,1.020
2229,SELL,1.11488,1.11588,55.00,-55.55,-1.010
2230,SELL,1.11584,1.11684,51.00,51.00,1.000
2231,BUY,1.11484,1.11384,55.00,55.55,1.010
2232,SELL,1.11586,1.11686,60.00,-60.00,-1.000
2233,SELL,1.11698,1.11798,55.00,-55.00,-1.000
2234,BUY,1.11801,1.11701,50.00,50.00,1.000
2235,BUY,1.11881,1.11781,54.00,54.00,1.000
2236,SELL,1.11919,1.12019,59.00,60.77,1.030
2237,BUY,1.11804,1.11704,64.00,65.28,1.020
2238,SELL,1.11913,1.12013,69.00,-71.07,-1.030
2239,SELL,1.12013,1.12113,63.00,-63.00,-1.000
2240,SELL,1.12102,1.12202,58.00,59.16,1.020
2241,BUY,1.12000,1.11900,63.00,-68.04,-1.080
2242,BUY,1.11896,1.11796,57.00,-57.00,-1.000
2243,BUY,1.11800,1.11700,52.00,-56.16,-1.080
2244,BUY,1.11695,1.11595,48.00,-50.88,-1.060
2245,BUY,1.11595,1.11495,43.00,-43.43,-1.010
2246,BUY,1.11499,1.11399,40.00,-40.00,-1.000
2247,BUY,1.11394,1.11294,36.00,-36.72,-1.020
2248,BUY,1.11286,1.11186,33.00,33.00,1.000
2249,BUY,1.11336,1.11236,36.00,35.24,0.979
2250,BUY,1.11530,1.11430,39.00,-39.00,-1.000
2251,BUY,1.11436,1.11336,36.00,-36.00,-1.000
2252,BUY,1.11347,1.11247,33.00,33.00,1.000
2253,SELL,1.11447,1.11547,35.00,-35.70,-1.020
2254,SELL,1.11544,1.11644,32.00,-32.32,-1.010
2255,SELL,1.11652,1.11752,30.00,31.50,1.050
2256,BUY,1.11547,1.11447,32.00,-33.92,-1.060
2257,BUY,1.11446,1.11346,29.00,29.58,1.020
2258,BUY,1.11511,1.11411,32.00,-32.64,-1.020
2259,BUY,1.11414,1.11314,29.00,29.58,1.020
2260,SELL,1.11516,1.11616,32.00,32.00,1.000
2261,BUY,1.11412,1.11312,34.00,-34.34,-1.010
2262,BUY,1.11288,1.11188,32.00,32.00,1.000
2263,SELL,1.11388,1.11488,34.00,-34.34,-1.010
2264,SELL,1.11484,1.11584,31.00,-31.00,-1.000
2265,SELL,1.11604,1.11704,29.00,-29.58,-1.020
2266,SELL,1.11699,1.11799,26.00,-26.00,-1.000
2267,SELL,1.11795,1.11895,24.00,-24.24,-1.010
2268,BUY,1.11858,1.11758,22.00,-22.44,-1.020
2269,BUY,1.11762,1.11662,20.00,-20.00,-1.000
2270,SELL,1.11722,1.11822,18.00,-18.00,-1.000
2271,BUY,1.11784,1.11684,17.00,-17.12,-1.007
2272,SELL,1.11727,1.11827,15.00,15.00,1.000
2273,BUY,1.11615,1.11515,16.00,16.16,1.010
2274,SELL,1.11716,1.11816,18.00,27.90,1.550
2275,BUY,1.11561,1.11461,20.00,-22.00,-1.100
2276,BUY,1.11457,1.11357,18.00,-18.18,-1.010
2277,BUY,1.11344,1.11244,17.00,17.34,1.020
2278,SELL,1.11446,1.11546,18.00,-18.00,-1.000
2279,SELL,1.11571,1.11671,17.00,-18.02,-1.060
2280,SELL,1.11672,1.11772,15.00,15.00,1.000
2281,SELL,1.11592,1.11692,17.00,-17.68,-1.040
2282,SELL,1.11629,1.11729,15.00,-15.00,-1.000
2283,SELL,1.11725,1.11825,14.00,-14.28,-1.020
2284,SELL,1.11822,1.11922,12.00,-12.00,-1.000
2285,SELL,1.11918,1.12018,11.00,-11.11,-1.010
2286,BUY,1.11959,1.11859,10.00,-10.00,-1.000
2287,BUY,1.11863,1.11763,10.00,-10.40,-1.040
2288,BUY,1.11763,1.11663,9.00,9.00,1.000
2289,SELL,1.11863,1.11963,10.00,10.40,1.040
2290,BUY,1.11759,1.11659,10.00,-10.40,-1.040
2291,BUY,1.11644,1.11544,10.00,-10.00,-1.000
2292,BUY,1.11549,1.11449,9.00,9.00,1.000
2293,SELL,1.11656,1.11756,9.00,-9.27,-1.030
2294,SELL,1.11753,1.11853,9.00,-9.00,-1.000
2295,SELL,1.11848,1.11948,8.00,-8.08,-1.010
2296,SELL,1.11945,1.12045,7.00,-7.14,-1.020
2297,SELL,1.12042,1.12142,7.00,7.00,1.000
2298,BUY,1.11937,1.11837,7.00,-7.00,-1.000
2299,BUY,1.11841,1.11741,7.00,7.00,1.000
2300,SELL,1.11962,1.12062,7.00,7.35,1.050
2301,BUY,1.11857,1.11757,8.00,-8.00,-1.000
2302,BUY,1.11761,1.11661,7.00,-7.00,-1.000
2303,BUY,1.11649,1.11549,7.00,-7.00,-1.000
2304,BUY,1.11554,1.11454,6.00,-6.06,-1.010
2305,BUY,1.11431,1.11331,5.00,5.10,1.020
2306,SELL,1.11533,1.11633,6.00,-6.12,-1.020
2307,SELL,1.11631,1.11731,5.00,5.10,1.020
2308,BUY,1.11529,1.11429,6.00,-6.00,-1.000
2309,BUY,1.11434,1.11334,5.00,5.10,1.020
2310,SELL,1.11578,1.11678,6.00,6.24,1.040
2311,BUY,1.11474,1.11374,6.00,-6.12,-1.020
2312,BUY,1.11398,1.11298,6.00,-6.00,-1.000
2313,BUY,1.11303,1.11203,5.00,-5.00,-1.000
2314,BUY,1.11208,1.11108,5.00,5.00,1.000
2315,SELL,1.11308,1.11408,5.00,-5.05,-1.010
2316,BUY,1.11278,1.11178,5.00,5.00,1.000
2317,SELL,1.11400,1.11500,5.00,5.10,1.020
2318,BUY,1.11298,1.11198,6.00,-6.24,-1.040
2319,BUY,1.11198,1.11098,5.00,-5.15,-1.030
2320,BUY,1.11102,1.11002,5.00,-5.05,-1.010
2321,BUY,1.11007,1.10907,4.00,4.08,1.020
2322,SELL,1.11110,1.11210,5.00,5.10,1.020
2323,BUY,1.11008,1.10908,5.00,-5.05,-1.010
2324,SELL,1.10930,1.11030,5.00,5.00,1.000
2325,BUY,1.10830,1.10730,5.00,-5.00,-1.000
2326,SELL,1.10770,1.10870,5.00,5.45,1.090
2327,BUY,1.10661,1.10561,5.00,-5.10,-1.020
2328,BUY,1.10601,1.10501,5.00,5.15,1.030
2329,SELL,1.10777,1.10877,5.00,5.00,1.000
2330,BUY,1.10677,1.10577,6.00,-6.06,-1.010
2331,BUY,1.10575,1.10475,5.00,-5.00,-1.000
2332,SELL,1.10522,1.10622,5.00,-5.00,-1.000
2333,SELL,1.10617,1.10717,4.00,-4.00,-1.000
2334,SELL,1.10761,1.10861,4.00,4.00,1.000
2335,SELL,1.10670,1.10770,4.00,4.12,1.030
2336,BUY,1.10549,1.10449,5.00,5.00,1.000
2337,SELL,1.10666,1.10766,5.00,-5.00,-1.000
2338,SELL,1.10760,1.10860,5.00,5.00,1.000
2339,BUY,1.10660,1.10560,5.00,5.00,1.000
2340,SELL,1.10760,1.10860,5.00,5.05,1.010
2341,SELL,1.10698,1.10798,6.00,6.24,1.040
2342,BUY,1.10585,1.10485,6.00,-6.18,-1.030
2343,SELL,1.10532,1.10632,6.00,6.12,1.020
2344,BUY,1.10430,1.10330,6.00,-6.00,-1.000
2345,BUY,1.10335,1.10235,6.00,6.18,1.030
2346,SELL,1.10458,1.10558,6.00,5.88,0.980
2347,BUY,1.10357,1.10257,7.00,-7.00,-1.000
2348,SELL,1.10319,1.10419,6.00,-6.06,-1.010
2349,SELL,1.10416,1.10516,6.00,6.00,1.000
2350,BUY,1.10309,1.10209,6.00,6.12,1.020
2351,SELL,1.10424,1.10524,7.00,7.00,1.000
2352,SELL,1.10362,1.10462,7.00,8.61,1.230
2353,SELL,1.10243,1.10343,8.00,-8.08,-1.010
2354,SELL,1.10230,1.10330,7.00,-7.07,-1.010
2355,SELL,1.10308,1.10408,7.00,7.14,1.020
2356,BUY,1.10206,1.10106,7.00,-7.00,-1.000
2357,BUY,1.10110,1.10010,7.00,7.07,1.010
2358,SELL,1.10216,1.10316,7.00,-7.63,-1.090
2359,SELL,1.10330,1.10430,7.00,7.00,1.000
2360,BUY,1.10222,1.10122,7.00,7.00,1.000
2361,SELL,1.10335,1.10435,8.00,22.64,2.830
2362,BUY,1.10052,1.09952,10.00,-10.40,-1.040
2363,BUY,1.09659,1.09559,9.00,9.27,1.030
2364,BUY,1.09699,1.09599,10.00,10.30,1.030
2365,SELL,1.09802,1.09902,11.00,11.11,1.010
2366,BUY,1.09701,1.09601,12.00,-12.00,-1.000
2367,BUY,1.09605,1.09505,11.00,11.33,1.030
2368,SELL,1.09729,1.09829,12.00,12.36,1.030
2369,BUY,1.09626,1.09526,13.00,13.26,1.020
2370,SELL,1.09728,1.09828,14.00,14.28,1.020
2371,BUY,1.09626,1.09526,15.00,-15.60,-1.040
2372,SELL,1.09560,1.09660,14.00,-14.00,-1.000
2373,BUY,1.09641,1.09541,13.00,13.00,1.000
2374,SELL,1.09720,1.09820,14.00,-14.28,-1.020
2375,SELL,1.09664,1.09764,13.00,-13.39,-1.030
2376,SELL,1.09763,1.09863,11.00,11.33,1.030
2377,SELL,1.09699,1.09799,12.00,12.00,1.000
2378,BUY,1.09598,1.09498,13.00,13.13,1.010
2379,BUY,1.09658,1.09558,15.00,15.15,1.010
2380,SELL,1.09759,1.09859,16.00,16.00,1.000
2381,BUY,1.09659,1.09559,17.00,-17.51,-1.030
2382,BUY,1.09560,1.09460,16.00,16.00,1.000
2383,SELL,1.09671,1.09771,17.00,-17.00,-1.000
2384,SELL,1.09797,1.09897,16.00,16.32,1.020
2385,BUY,1.09695,1.09595,17.00,-19.16,-1.127
2386,SELL,1.09712,1.09812,15.00,-15.15,-1.010
2387,SELL,1.09836,1.09936,14.00,14.00,1.000
2388,SELL,1.09771,1.09871,15.00,-15.15,-1.010
2389,SELL,1.09864,1.09964,14.00,-14.14,-1.010
2390,SELL,1.09970,1.10070,13.00,13.13,1.010
2391,BUY,1.09873,1.09773,14.00,-14.28,-1.020
2392,BUY,1.09758,1.09658,13.00,-13.13,-1.010
2393,BUY,1.09625,1.09525,11.00,11.11,1.010
2394,SELL,1.09746,1.09846,12.00,11.88,0.990
2395,SELL,1.09661,1.09761,13.00,-13.00,-1.000
2396,SELL,1.09756,1.09856,12.00,12.00,1.000
2397,BUY,1.09599,1.09499,13.00,13.52,1.040
2398,BUY,1.09640,1.09540,15.00,-15.00,-1.000
2399,BUY,1.09543,1.09443,13.00,-13.00,-1.000
2400,BUY,1.09448,1.09348,12.00,12.12,1.010
2401,BUY,1.09506,1.09406,13.00,-13.26,-1.020
2402,BUY,1.09409,1.09309,12.00,-12.25,-1.021
2403,BUY,1.09297,1.09197,11.00,-16.06,-1.460
2404,BUY,1.09197,1.09097,10.00,-11.80,-1.180
2405,SELL,1.09541,1.09641,9.00,9.00,1.000
2406,BUY,1.09411,1.09311,9.00,-9.00,-1.000
2407,BUY,1.09305,1.09205,9.00,9.27,1.030
2408,SELL,1.09408,1.09508,9.00,9.09,1.010
2409,BUY,1.09305,1.09205,10.00,-10.00,-1.000
2410,BUY,1.09195,1.09095,9.00,9.00,1.000
2411,SELL,1.09295,1.09395,10.00,10.40,1.040
2412,BUY,1.09186,1.09086,11.00,-11.11,-1.010
2413,BUY,1.09085,1.08985,10.00,10.00,1.000
2414,SELL,1.09185,1.09285,11.00,-11.00,-1.000
2415,SELL,1.09362,1.09462,10.00,-10.00,-1.000
2416,SELL,1.09478,1.09578,9.00,9.00,1.000
2417,BUY,1.09328,1.09228,10.00,11.70,1.170
2418,SELL,1.09445,1.09545,11.00,11.00,1.000
2419,BUY,1.09345,1.09245,12.00,12.00,1.000
2420,SELL,1.09445,1.09545,13.00,13.26,1.020
2421,SELL,1.09370,1.09470,14.00,14.14,1.010
2422,BUY,1.09205,1.09105,15.00,15.00,1.000
2423,BUY,1.09270,1.09170,17.00,-17.17,-1.010
2424,BUY,1.09161,1.09061,15.00,-15.30,-1.020
2425,BUY,1.09064,1.08964,14.00,14.42,1.030
2426,SELL,1.09167,1.09267,15.00,-15.15,-1.010
2427,SELL,1.09263,1.09363,14.00,14.42,1.030
2428,BUY,1.09160,1.09060,15.00,-15.00,-1.000
2429,BUY,1.09066,1.08966,14.00,-14.14,-1.010
2430,BUY,1.08961,1.08861,12.00,12.12,1.010
2431,SELL,1.09084,1.09184,13.00,13.00,1.000
2432,BUY,1.08871,1.08771,15.00,15.00,1.000
2433,SELL,1.08976,1.09076,16.00,-16.32,-1.020
2434,SELL,1.09092,1.09192,15.00,15.45,1.030
2435,SELL,1.09024,1.09124,16.00,-16.00,-1.000
2436,BUY,1.09091,1.08991,14.00,-14.28,-1.020
2437,SELL,1.09040,1.09140,13.00,13.39,1.030
2438,BUY,1.08937,1.08837,14.00,-14.00,-1.000
2439,BUY,1.08842,1.08742,13.00,13.43,1.033
2440,SELL,1.08946,1.09046,14.00,15.40,1.100
2441,BUY,1.08836,1.08736,16.00,16.00,1.000
2442,BUY,1.08857,1.08757,17.00,-17.00,-1.000
2443,SELL,1.08806,1.08906,16.00,-16.00,-1.000
2444,SELL,1.08924,1.09024,14.00,14.00,1.000
2445,BUY,1.08822,1.08722,15.00,-15.00,-1.000
2446,BUY,1.08726,1.08626,14.00,-14.00,-1.000
2447,SELL,1.08579,1.08679,13.00,-14.04,-1.080
2448,SELL,1.08596,1.08696,12.00,-13.44,-1.120
2449,SELL,1.08623,1.08723,11.00,-11.77,-1.070
2450,SELL,1.08688,1.08788,10.00,10.00,1.000
2451,SELL,1.08635,1.08735,10.00,10.10,1.010
2452,BUY,1.08506,1.08406,11.00,11.11,1.010
2453,SELL,1.08607,1.08707,12.00,-12.00,-1.000
2454,SELL,1.08697,1.08797,11.00,17.82,1.620
2455,BUY,1.08535,1.08435,13.00,-14.17,-1.090
2456,BUY,1.08425,1.08325,12.00,-12.24,-1.020
2457,BUY,1.08329,1.08229,10.00,-10.10,-1.010
2458,BUY,1.08165,1.08065,10.00,10.00,1.000
2459,SELL,1.08274,1.08374,10.00,10.30,1.030
2460,BUY,1.08171,1.08071,11.00,11.88,1.080
2461,SELL,1.08279,1.08379,12.00,12.12,1.010
2462,BUY,1.08178,1.08078,13.00,13.13,1.010
2463,SELL,1.08279,1.08379,15.00,-15.30,-1.020
2464,SELL,1.08375,1.08475,13.00,13.00,1.000
2465,BUY,1.08230,1.08130,14.00,13.90,0.993
2466,SELL,1.08440,1.08540,16.00,-16.00,-1.000
2467,SELL,1.08533,1.08633,14.00,-14.28,-1.020
2468,BUY,1.08524,1.08424,13.00,13.52,1.040
2469,SELL,1.08640,1.08740,14.00,14.00,1.000
2470,BUY,1.08540,1.08440,15.00,15.15,1.010
2471,SELL,1.08664,1.08764,17.00,16.83,0.990
2472,BUY,1.08526,1.08426,18.00,-18.18,-1.010
2473,BUY,1.08429,1.08329,17.00,-17.00,-1.000
2474,BUY,1.08319,1.08219,15.00,-15.15,-1.010
2475,BUY,1.08195,1.08095,14.00,13.90,0.993
2476,SELL,1.08336,1.08436,15.00,15.00,1.000
2477,BUY,1.08203,1.08103,16.00,-16.64,-1.040
2478,BUY,1.08089,1.07989,15.00,-15.45,-1.030
2479,BUY,1.07968,1.07868,14.00,-14.10,-1.007
2480,BUY,1.07873,1.07773,12.00,-12.00,-1.000
2481,BUY,1.07734,1.07634,11.00,-11.22,-1.020
2482,BUY,1.07637,1.07537,10.00,10.20,1.020
2483,SELL,1.07739,1.07839,11.00,-11.77,-1.070
2484,SELL,1.07854,1.07954,10.00,10.20,1.020
2485,SELL,1.07761,1.07861,11.00,-11.11,-1.010
2486,SELL,1.07857,1.07957,10.00,10.40,1.040
2487,BUY,1.07750,1.07650,11.00,12.32,1.120
2488,SELL,1.07862,1.07962,12.00,-12.12,-1.010
2489,SELL,1.07945,1.08045,11.00,-11.11,-1.010
2490,SELL,1.08040,1.08140,10.00,10.00,1.000
2491,BUY,1.07927,1.07827,11.00,11.22,1.020
2492,BUY,1.07990,1.07890,12.00,-12.24,-1.020
2493,BUY,1.07957,1.07857,11.00,11.00,1.000
2494,SELL,1.08076,1.08176,12.00,12.36,1.030
2495,SELL,1.08005,1.08105,13.00,-13.65,-1.050
2496,BUY,1.08067,1.07967,12.00,-12.00,-1.000
2497,SELL,1.08007,1.08107,11.00,-11.00,-1.000
2498,SELL,1.08145,1.08245,10.00,-10.00,-1.000
2499,SELL,1.08222,1.08322,9.00,-9.09,-1.010
2500,SELL,1.08317,1.08417,8.00,8.00,1.000
2501,BUY,1.08217,1.08117,9.00,9.00,1.000
2502,SELL,1.08321,1.08421,9.00,9.00,1.000
2503,BUY,1.08202,1.08102,10.00,-10.30,-1.030
2504,BUY,1.08060,1.07960,9.00,-9.00,-1.000
2505,BUY,1.07918,1.07818,9.00,9.00,1.000
2506,SELL,1.08019,1.08119,9.00,-9.00,-1.000
2507,SELL,1.08126,1.08226,9.00,-9.18,-1.020
2508,BUY,1.08210,1.08110,8.00,-8.00,-1.000
2509,SELL,1.08142,1.08242,7.00,-7.28,-1.040
2510,SELL,1.08241,1.08341,6.00,6.00,1.000
2511,BUY,1.08141,1.08041,7.00,-7.00,-1.000
2512,SELL,1.08073,1.08173,6.00,6.24,1.040
2513,SELL,1.08015,1.08115,7.00,7.07,1.010
2514,BUY,1.07914,1.07814,7.00,-7.00,-1.000
2515,BUY,1.07800,1.07700,7.00,-7.00,-1.000
2516,SELL,1.07769,1.07869,6.00,-6.06,-1.010
2517,SELL,1.07864,1.07964,6.00,-12.18,-2.030
2518,SELL,1.08021,1.08121,5.00,5.00,1.000
2519,BUY,1.07921,1.07821,5.00,5.00,1.000
2520,SELL,1.08021,1.08121,6.00,-6.00,-1.000
2521,SELL,1.08106,1.08206,5.00,5.10,1.020
2522,BUY,1.08002,1.07902,5.00,-5.10,-1.020
2523,BUY,1.07904,1.07804,5.00,5.05,1.010
2524,SELL,1.08005,1.08105,5.00,-5.00,-1.000
2525,SELL,1.08100,1.08200,5.00,-5.00,-1.000
2526,BUY,1.08232,1.08132,5.00,-5.20,-1.040
2527,BUY,1.08201,1.08101,4.00,4.09,1.023
2528,SELL,1.08304,1.08404,4.00,-4.28,-1.070
2529,SELL,1.08410,1.08510,4.00,-4.12,-1.030
2530,SELL,1.08508,1.08608,4.00,4.16,1.040
2531,BUY,1.08393,1.08293,4.00,-4.08,-1.020
2532,BUY,1.08241,1.08141,4.00,-4.16,-1.040
2533,BUY,1.08181,1.08081,3.00,-3.00,-1.000
2534,SELL,1.08126,1.08226,3.00,-3.00,-1.000
2535,SELL,1.08251,1.08351,3.00,-3.00,-1.000
2536,SELL,1.08346,1.08446,3.00,-3.00,-1.000
2537,SELL,1.08442,1.08542,2.00,-2.06,-1.030
2538,BUY,1.08499,1.08399,2.00,2.08,1.040
2539,SELL,1.08603,1.08703,2.00,-2.02,-1.010
2540,BUY,1.08667,1.08567,2.00,-2.02,-1.010
2541,BUY,1.08573,1.08473,2.00,-2.04,-1.020
2542,SELL,1.08497,1.08597,2.00,-2.00,-1.000
2543,SELL,1.08617,1.08717,2.00,2.02,1.010
2544,BUY,1.08516,1.08416,2.00,2.00,1.000
2545,SELL,1.08616,1.08716,2.00,-2.04,-1.020
2546,SELL,1.08734,1.08834,2.00,2.02,1.010
2547,BUY,1.08606,1.08506,2.00,2.02,1.010
2548,SELL,1.08742,1.08842,2.00,-2.00,-1.000
2549,SELL,1.08837,1.08937,2.00,2.00,1.000
2550,SELL,1.08778,1.08878,2.00,-2.02,-1.010
2551,SELL,1.08872,1.08972,2.00,2.06,1.030
2552,BUY,1.08769,1.08669,2.00,-2.14,-1.070
2553,BUY,1.08667,1.08567,2.00,-2.02,-1.010
2554,BUY,1.08570,1.08470,2.00,2.06,1.030
2555,SELL,1.08684,1.08784,2.00,2.08,1.040
2556,BUY,1.08580,1.08480,2.00,-2.00,-1.000
2557,BUY,1.08484,1.08384,2.00,2.04,1.020
2558,SELL,1.08586,1.08686,2.00,-2.00,-1.000
2559,SELL,1.08689,1.08789,2.00,-2.00,-1.000
2560,BUY,1.08691,1.08591,2.00,-2.04,-1.020
2561,SELL,1.08607,1.08707,2.00,-2.00,-1.000
2562,BUY,1.08661,1.08561,1.00,1.11,1.110
2563,SELL,1.08772,1.08872,1.00,-1.17,-1.170
2564,SELL,1.08947,1.09047,1.00,-1.02,-1.020
2565,SELL,1.09044,1.09144,1.00,1.00,1.000
2566,BUY,1.08944,1.08844,1.00,-1.03,-1.030
2567,BUY,1.08839,1.08739,1.00,-1.03,-1.030
2568,BUY,1.08741,1.08641,1.00,-1.01,-1.010
2569,BUY,1.08644,1.08544,1.00,-1.05,-1.050
2570,BUY,1.08544,1.08444,1.00,-1.00,-1.000
2571,BUY,1.08419,1.08319,1.00,-1.00,-1.000
2572,BUY,1.08325,1.08225,1.00,4.29,4.290
2573,SELL,1.08787,1.08887,1.00,-1.00,-1.000
2574,SELL,1.08882,1.08982,1.00,-1.00,-1.000
2575,SELL,1.08977,1.09077,1.00,1.01,1.010
2576,BUY,1.08876,1.08776,1.00,1.00,1.000
2577,SELL,1.09006,1.09106,1.00,1.00,1.000
2578,SELL,1.08942,1.09042,1.00,-1.00,-1.000
2579,SELL,1.09070,1.09170,1.00,1.00,1.000
2580,BUY,1.08956,1.08856,1.00,1.01,1.010
2581,SELL,1.09057,1.09157,1.00,1.00,1.000
2582,BUY,1.08957,1.08857,1.00,-1.03,-1.030
2583,BUY,1.08851,1.08751,1.00,-1.02,-1.020
2584,BUY,1.08822,1.08722,1.00,1.00,1.000
2585,SELL,1.08939,1.09039,1.00,-1.01,-1.010
2586,SELL,1.09035,1.09135,1.00,1.08,1.080
2587,BUY,1.08908,1.08808,1.00,1.00,1.000
2588,SELL,1.09008,1.09108,1.00,-1.02,-1.020
2589,BUY,1.09070,1.08970,1.00,1.05,1.050
2590,SELL,1.09182,1.09282,1.00,-1.00,-1.000
2591,BUY,1.09299,1.09199,1.00,-1.01,-1.010
2592,BUY,1.09203,1.09103,1.00,1.00,1.000
2593,SELL,1.09329,1.09429,1.00,1.00,1.000
2594,BUY,1.09229,1.09129,1.00,-1.04,-1.040
2595,BUY,1.09129,1.09029,1.00,-1.03,-1.030
2596,BUY,1.08942,1.08842,1.00,-1.05,-1.050
2597,SELL,1.08973,1.09073,1.00,1.04,1.040
2598,SELL,1.08904,1.09004,1.00,1.03,1.030
2599,BUY,1.08801,1.08701,1.00,-1.00,-1.000
2600,BUY,1.08644,1.08544,1.00,-1.01,-1.010
2601,BUY,1.08549,1.08449,1.00,-1.00,-1.000
2602,BUY,1.08456,1.08356,1.00,-1.04,-1.040
2603,BUY,1.08454,1.08354,1.00,-1.05,-1.050
2604,BUY,1.08356,1.08256,1.00,-1.03,-1.030
2605,BUY,1.08240,1.08140,1.00,1.04,1.040
2606,SELL,1.08334,1.08434,1.00,-1.00,-1.000
2607,SELL,1.08404,1.08504,1.00,-1.00,-1.000
2608,SELL,1.08499,1.08599,1.00,1.07,1.070
2609,BUY,1.08392,1.08292,1.00,-1.07,-1.070
2610,BUY,1.08297,1.08197,1.00,1.02,1.020
2611,SELL,1.08417,1.08517,1.00,1.07,1.070
2612,BUY,1.08310,1.08210,1.00,-1.05,-1.050
2613,BUY,1.08209,1.08109,1.00,-1.07,-1.070
2614,BUY,1.08106,1.08006,1.00,-1.03,-1.030
2615,BUY,1.08008,1.07908,1.00,-1.00,-1.000
2616,SELL,1.07877,1.07977,1.00,1.01,1.010
2617,BUY,1.07796,1.07696,1.00,-1.09,-1.090
2618,SELL,1.07791,1.07891,1.00,1.08,1.080
2619,BUY,1.07683,1.07583,1.00,1.02,1.020
2620,SELL,1.07854,1.07954,1.00,1.03,1.030
2621,BUY,1.07742,1.07642,1.00,-1.01,-1.010
2622,BUY,1.07647,1.07547,1.00,-1.07,-1.070
2623,BUY,1.07504,1.07404,1.00,1.01,1.010
2624,BUY,1.07499,1.07399,1.00,1.08,1.080
2625,SELL,1.07601,1.07701,1.00,-1.03,-1.030
2626,BUY,1.07674,1.07574,1.00,-1.04,-1.040
2627,BUY,1.07616,1.07516,1.00,-1.09,-1.090
2628,BUY,1.07518,1.07418,1.00,1.03,1.030
2629,SELL,1.07617,1.07717,1.00,-1.00,-1.000
2630,BUY,1.07657,1.07557,1.00,-1.02,-1.020
2631,BUY,1.07551,1.07451,1.00,-1.08,-1.080
