t,dir,spread_at_signal,slip_1tick,secs_to_next_tick
2024.01.02 00:00:00,SELL,2.5000,0.1000,7
2024.01.02 08:53:47,BUY,0.3000,0.0000,1
2024.01.02 09:24:15,SELL,0.2000,-0.1000,0
2024.01.02 09:44:33,BUY,0.1000,0.0000,0
2024.01.02 09:51:27,BUY,0.0000,0.1000,0
2024.01.02 09:58:36,BUY,0.0000,0.1000,0
2024.01.02 10:03:36,SELL,0.0000,0.1000,0
2024.01.02 10:13:00,SELL,0.0000,-0.1000,0
2024.01.02 11:01:52,SELL,0.0000,0.1000,0
2024.01.02 11:41:38,BUY,0.0000,-0.1000,2
2024.01.02 11:46:38,BUY,0.0000,0.1000,0
2024.01.02 12:09:17,BUY,0.0000,0.1000,0
2024.01.02 12:14:17,BUY,0.0000,-0.2000,0
2024.01.02 12:34:00,SELL,0.0000,-0.2000,0
2024.01.02 12:56:59,BUY,0.0000,0.0000,1
2024.01.02 13:04:43,BUY,0.0000,-0.1000,0
2024.01.02 13:14:07,BUY,0.0000,0.3000,0
2024.01.02 13:19:07,BUY,0.0000,-0.2000,0
2024.01.02 14:36:55,BUY,0.1000,0.0000,0
2024.01.02 14:57:49,BUY,0.1000,0.0000,0
2024.01.02 15:22:21,BUY,0.1000,0.1000,0
2024.01.02 15:33:04,SELL,0.1000,0.4000,0
2024.01.02 15:49:35,BUY,0.1000,0.0000,0
2024.01.02 15:54:35,BUY,0.1000,-0.1000,0
2024.01.02 16:32:42,SELL,0.0000,-0.1000,0
2024.01.02 16:40:49,SELL,0.1000,0.4000,0
2024.01.02 16:46:11,SELL,0.1000,0.2000,0
2024.01.02 16:52:15,SELL,0.0000,0.1000,0
2024.01.02 16:58:09,SELL,0.1000,-0.1000,0
2024.01.02 17:08:49,BUY,0.1000,0.0000,0
2024.01.02 17:30:49,BUY,0.0000,0.1000,0
2024.01.02 17:37:14,BUY,0.0000,0.1000,0
2024.01.02 17:58:18,BUY,0.1000,-0.1000,0
2024.01.02 18:07:03,SELL,0.0000,0.1000,0
2024.01.02 18:14:49,SELL,0.0000,0.2000,0
2024.01.02 18:31:08,BUY,0.0000,0.3000,0
2024.01.02 18:38:29,BUY,0.1000,0.1000,0
2024.01.02 18:47:07,SELL,0.1000,0.2000,0
2024.01.02 22:56:53,BUY,0.1000,-0.1000,0
2024.01.03 09:31:33,SELL,0.0000,0.1000,0
2024.01.03 10:24:58,BUY,0.0000,0.2000,0
2024.01.03 10:29:58,BUY,0.0000,0.1000,0
2024.01.03 11:09:04,BUY,0.0000,0.0000,0
2024.01.03 11:14:04,BUY,0.1000,0.0000,0
2024.01.03 12:38:08,BUY,0.0000,0.1000,0
2024.01.03 12:53:13,SELL,0.0000,-0.1000,1
2024.01.03 13:42:07,BUY,0.0000,0.1000,0
2024.01.03 14:39:26,BUY,0.0000,0.3000,0
2024.01.03 14:53:25,SELL,0.0000,0.2000,0
2024.01.03 14:58:25,BUY,0.1000,0.0000,0
2024.01.03 15:23:09,BUY,0.1000,0.2000,0
2024.01.03 15:28:10,SELL,0.1000,-0.1000,0
2024.01.03 15:33:10,SELL,0.0000,-0.1000,0
2024.01.03 15:43:35,BUY,0.1000,-0.1000,0
2024.01.03 16:05:51,BUY,0.1000,-0.3000,0
2024.01.03 16:22:23,BUY,0.0000,0.2000,0
2024.01.03 16:27:23,SELL,0.0000,-0.1000,0
2024.01.03 16:36:05,BUY,0.0000,0.1000,0
2024.01.03 16:49:57,SELL,0.0000,0.1000,0
2024.01.03 16:54:57,BUY,0.1000,-0.1000,0
2024.01.03 17:00:00,BUY,0.0000,0.7000,0
2024.01.03 17:06:59,BUY,0.1000,0.0000,0
2024.01.03 17:12:42,BUY,0.1000,-0.2000,0
2024.01.03 17:22:17,BUY,0.0000,-0.1000,0
2024.01.03 17:27:17,SELL,0.1000,-0.2000,0
2024.01.03 17:32:57,BUY,0.1000,0.3000,0
2024.01.03 17:38:00,BUY,0.1000,0.0000,0
2024.01.03 17:46:00,BUY,0.1000,-0.1000,0
2024.01.03 17:56:38,SELL,0.1000,-0.1000,0
2024.01.03 18:02:49,SELL,0.1000,0.3000,0
2024.01.03 18:16:00,SELL,0.0000,0.0000,0
2024.01.03 20:01:34,SELL,0.1000,-0.1000,0
2024.01.03 20:33:35,BUY,0.2000,0.0000,0
2024.01.03 21:00:12,SELL,0.2000,-0.1000,0
2024.01.03 21:05:26,BUY,0.2000,-0.1000,0
2024.01.03 21:13:10,BUY,0.2000,0.1000,0
2024.01.03 21:18:10,SELL,0.1000,0.1000,0
2024.01.03 21:25:42,SELL,0.2000,0.3000,0
2024.01.03 21:36:09,BUY,0.1000,0.5000,0
2024.01.03 21:55:39,BUY,0.3000,0.0000,0
2024.01.04 00:00:00,BUY,12.3000,4.9000,56
2024.01.04 00:06:05,BUY,10.0000,-0.5000,0
2024.01.04 08:33:43,BUY,0.2000,-0.1000,0
2024.01.04 10:08:47,SELL,0.0000,0.0000,0
2024.01.04 10:16:05,SELL,0.0000,-0.1000,0
2024.01.04 10:49:03,SELL,0.0000,-0.2000,0
2024.01.04 10:55:31,SELL,0.0000,-0.1000,0
2024.01.04 11:07:35,BUY,0.0000,0.3000,0
2024.01.04 11:14:50,SELL,0.0000,0.1000,0
2024.01.04 11:19:50,SELL,0.0000,0.1000,0
2024.01.04 12:27:34,BUY,0.0000,0.1000,0
2024.01.04 13:54:50,BUY,0.0000,0.1000,0
2024.01.04 15:15:01,BUY,0.0000,-0.5000,0
2024.01.04 15:21:58,BUY,0.1000,0.0000,0
2024.01.04 15:30:00,BUY,0.1000,-0.1000,0
2024.01.04 15:37:31,SELL,0.1000,-0.1000,0
2024.01.04 15:47:59,SELL,0.1000,-0.1000,0
2024.01.04 16:07:08,BUY,0.1000,0.3000,0
2024.01.04 16:21:35,SELL,0.0000,0.4000,0
2024.01.04 16:42:25,SELL,0.1000,0.1000,0
2024.01.04 16:49:43,BUY,0.1000,-0.1000,0
2024.01.04 17:01:20,SELL,0.1000,0.1000,0
2024.01.04 17:13:42,SELL,0.0000,0.1000,0
2024.01.04 18:13:57,SELL,0.0000,0.2000,0
2024.01.05 00:12:35,BUY,9.9000,-0.1000,0
2024.01.05 00:27:23,SELL,0.8000,0.1000,0
2024.01.05 00:51:43,BUY,6.2000,-0.1000,0
2024.01.05 09:44:45,BUY,0.0000,-0.1000,0
2024.01.05 10:32:09,BUY,0.0000,-0.1000,0
2024.01.05 10:54:43,BUY,0.0000,-0.1000,0
2024.01.05 11:11:42,SELL,0.0000,-0.1000,0
2024.01.05 11:34:11,SELL,0.0000,0.3000,0
2024.01.05 11:39:15,BUY,0.1000,-0.1000,0
2024.01.05 11:44:21,BUY,0.0000,-0.1000,0
2024.01.05 12:09:28,BUY,0.0000,0.2000,0
2024.01.05 12:23:00,BUY,0.0000,-0.1000,0
2024.01.05 15:24:01,SELL,0.0000,0.4000,0
2024.01.05 15:30:01,BUY,0.0000,-1.3000,0
2024.01.05 15:35:05,SELL,0.1000,0.1000,0
2024.01.05 15:40:50,BUY,0.1000,-0.1000,0
2024.01.05 15:45:50,BUY,0.1000,0.1000,0
2024.01.05 15:52:32,SELL,0.1000,-0.4000,0
2024.01.05 15:57:32,BUY,0.1000,0.0000,0
2024.01.05 16:02:54,SELL,0.0000,-0.2000,0
2024.01.05 16:09:59,BUY,0.1000,0.4000,0
2024.01.05 16:16:07,SELL,0.0000,0.0000,0
2024.01.05 16:21:19,SELL,0.0000,-0.4000,0
2024.01.05 16:26:57,SELL,0.0000,0.0000,0
2024.01.05 16:39:36,BUY,0.1000,0.4000,1
2024.01.05 16:45:48,SELL,0.0000,0.0000,0
2024.01.05 16:52:19,SELL,0.0000,0.0000,0
2024.01.05 17:00:00,SELL,0.1000,-1.6000,0
2024.01.05 17:09:08,BUY,0.1000,0.2000,0
2024.01.05 17:14:14,BUY,0.1000,-0.1000,0
2024.01.05 17:19:14,BUY,0.1000,0.4000,0
2024.01.05 17:24:14,SELL,0.0000,-0.1000,0
2024.01.05 17:29:14,BUY,0.0000,-0.2000,0
2024.01.05 17:34:14,SELL,0.1000,-0.2000,0
2024.01.05 17:42:34,SELL,0.0000,0.2000,0
2024.01.05 17:47:36,BUY,0.0000,0.0000,0
2024.01.05 18:04:34,BUY,0.1000,0.0000,0
2024.01.05 18:09:50,SELL,0.0000,-0.1000,0
2024.01.05 18:18:41,BUY,0.1000,0.0000,0
2024.01.05 18:23:58,BUY,0.0000,-0.1000,0
2024.01.05 18:47:22,BUY,0.0000,-0.2000,0
2024.01.05 18:56:35,BUY,0.0000,0.1000,0
2024.01.05 19:09:00,BUY,0.3000,0.0000,0
2024.01.05 19:14:17,SELL,0.1000,0.1000,0
2024.01.05 19:22:05,SELL,0.1000,0.2000,0
2024.01.05 19:29:44,BUY,0.1000,0.1000,0
2024.01.05 19:36:38,SELL,0.2000,0.1000,0
2024.01.05 20:03:02,BUY,0.2000,0.3000,0
2024.01.05 20:28:29,SELL,0.1000,0.1000,0
2024.01.05 20:39:08,SELL,0.1000,0.1000,0
2024.01.05 21:18:15,BUY,0.2000,0.4000,0
2024.01.08 00:01:16,BUY,25.0000,-0.5000,2
2024.01.08 01:03:10,BUY,0.3000,-0.2000,0
2024.01.08 09:19:39,BUY,0.2000,-0.1000,0
2024.01.08 10:03:36,BUY,0.0000,0.1000,0
2024.01.08 10:12:44,BUY,0.0000,-0.1000,0
2024.01.08 10:33:51,SELL,0.0000,0.1000,0
2024.01.08 11:04:58,BUY,0.0000,-0.1000,0
2024.01.08 11:48:05,SELL,0.0000,-0.1000,0
2024.01.08 12:31:02,SELL,0.0000,-0.1000,1
2024.01.08 12:39:43,BUY,0.0000,0.1000,0
2024.01.08 13:14:51,SELL,0.0000,-0.2000,0
2024.01.08 14:04:43,SELL,0.0000,0.3000,0
2024.01.08 14:17:59,BUY,0.0000,0.1000,0
2024.01.08 14:33:52,BUY,0.1000,-0.1000,0
2024.01.08 15:38:59,SELL,0.1000,0.4000,0
2024.01.08 15:47:25,BUY,0.0000,0.0000,0
2024.01.08 16:01:03,SELL,0.1000,0.2000,0
2024.01.08 16:14:06,SELL,0.1000,0.1000,0
2024.01.08 16:37:12,BUY,0.0000,0.1000,0
2024.01.08 16:58:11,SELL,0.0000,0.1000,0
2024.01.08 17:17:17,SELL,0.1000,-0.1000,0
2024.01.08 17:23:58,BUY,0.0000,0.0000,0
2024.01.08 17:28:58,SELL,0.0000,0.1000,0
2024.01.08 18:06:02,SELL,0.1000,0.4000,0
2024.01.08 18:41:46,SELL,0.1000,0.1000,1
2024.01.08 20:33:32,BUY,0.2000,0.1000,0
2024.01.08 22:14:07,BUY,0.3000,-0.1000,0
2024.01.09 09:09:58,SELL,0.2000,0.0000,0
2024.01.09 10:07:43,BUY,0.0000,0.1000,0
2024.01.09 10:14:16,BUY,0.1000,0.0000,0
2024.01.09 11:13:15,BUY,0.0000,-0.2000,0
2024.01.09 12:26:33,SELL,0.0000,-0.1000,0
2024.01.09 12:44:49,BUY,0.0000,0.2000,0
2024.01.09 12:49:49,BUY,0.0000,0.0000,1
2024.01.09 13:33:19,BUY,0.0000,0.1000,0
2024.01.09 14:32:21,BUY,0.0000,0.4000,0
2024.01.09 14:41:50,BUY,0.1000,0.2000,0
2024.01.09 15:13:20,SELL,0.1000,0.4000,0
2024.01.09 15:23:11,BUY,0.1000,-0.1000,0
2024.01.09 15:38:00,SELL,0.0000,0.1000,0
2024.01.09 15:43:20,BUY,0.0000,0.1000,0
2024.01.09 15:51:05,BUY,0.1000,-0.2000,0
2024.01.09 15:59:52,SELL,0.0000,0.1000,0
2024.01.09 16:27:55,SELL,0.1000,-0.1000,0
2024.01.09 16:33:03,SELL,0.0000,0.0000,0
2024.01.09 17:41:32,BUY,0.0000,0.1000,0
2024.01.09 18:09:12,BUY,0.1000,-0.1000,0
2024.01.09 18:23:59,SELL,0.1000,0.0000,0
2024.01.09 18:42:27,BUY,0.1000,0.1000,0
2024.01.09 18:48:13,SELL,0.1000,-0.1000,0
2024.01.09 19:27:38,SELL,0.1000,0.0000,0
2024.01.09 20:02:06,SELL,0.3000,-0.1000,0
2024.01.09 20:09:56,BUY,0.1000,0.0000,0
2024.01.09 20:24:40,BUY,0.2000,-0.1000,1
2024.01.10 00:01:58,BUY,5.6000,-0.3000,1
2024.01.10 08:24:49,SELL,0.3000,0.1000,0
2024.01.10 09:45:16,SELL,0.0000,0.1000,0
2024.01.10 09:52:01,BUY,0.0000,-0.1000,0
2024.01.10 09:57:46,BUY,0.0000,-0.1000,0
2024.01.10 10:04:09,SELL,0.0000,-0.1000,0
2024.01.10 10:23:02,SELL,0.0000,0.1000,1
2024.01.10 11:09:05,SELL,0.0000,0.2000,0
2024.01.10 13:29:12,BUY,0.0000,-0.2000,0
2024.01.10 15:14:02,SELL,0.1000,0.1000,0
2024.01.10 15:19:28,BUY,0.0000,0.1000,1
2024.01.10 15:27:52,SELL,0.0000,0.0000,0
2024.01.10 15:44:52,BUY,0.1000,0.4000,0
2024.01.10 16:54:22,SELL,0.1000,-0.1000,0
2024.01.10 17:07:03,SELL,0.0000,-0.2000,0
2024.01.10 17:31:14,SELL,0.1000,-0.1000,0
2024.01.10 17:42:16,SELL,0.0000,0.1000,0
2024.01.10 18:13:07,BUY,0.0000,0.3000,0
2024.01.10 22:14:40,BUY,0.1000,-0.2000,0
2024.01.10 22:23:21,BUY,0.2000,0.1000,0
2024.01.11 00:01:27,BUY,6.4000,0.0000,43
2024.01.11 10:04:19,BUY,0.0000,0.1000,0
2024.01.11 11:31:01,BUY,0.0000,0.2000,0
2024.01.11 12:59:32,SELL,0.0000,0.1000,0
2024.01.11 13:18:10,SELL,0.0000,0.2000,0
2024.01.11 14:58:01,BUY,0.1000,-0.1000,0
2024.01.11 15:30:00,SELL,5.8000,-2.8000,0
2024.01.11 15:35:06,BUY,0.0000,0.4000,1
2024.01.11 15:40:28,BUY,0.1000,0.0000,0
2024.01.11 15:45:28,SELL,0.1000,0.3000,0
2024.01.11 15:53:10,BUY,0.1000,0.0000,0
2024.01.11 15:59:03,SELL,0.0000,0.1000,0
2024.01.11 16:04:32,BUY,0.1000,-0.3000,0
2024.01.11 16:09:51,SELL,0.0000,0.2000,0
2024.01.11 16:14:51,SELL,0.1000,-0.1000,0
2024.01.11 16:20:44,BUY,0.1000,-0.1000,0
2024.01.11 16:26:16,SELL,0.1000,-0.1000,0
2024.01.11 16:31:50,SELL,0.0000,-0.1000,0
2024.01.11 16:39:19,BUY,0.1000,0.1000,0
2024.01.11 16:44:19,BUY,0.1000,-0.1000,0
2024.01.11 16:49:51,BUY,0.1000,0.4000,0
2024.01.11 16:56:17,SELL,0.1000,-0.1000,0
2024.01.11 17:02:18,BUY,0.1000,0.0000,0
2024.01.11 17:09:33,BUY,0.1000,-0.1000,0
2024.01.11 17:14:50,BUY,0.0000,0.0000,0
2024.01.11 17:19:50,SELL,0.1000,-0.1000,0
2024.01.11 17:25:34,SELL,0.1000,0.0000,0
2024.01.11 17:30:59,SELL,0.0000,0.0000,0
2024.01.11 17:36:23,SELL,0.0000,-0.3000,0
2024.01.11 17:44:36,SELL,0.1000,0.4000,0
2024.01.11 17:49:36,BUY,0.1000,0.0000,0
2024.01.11 17:54:36,BUY,0.0000,0.0000,0
2024.01.11 18:09:10,BUY,0.1000,0.0000,0
2024.01.11 18:19:14,SELL,0.0000,0.0000,0
2024.01.11 18:34:38,BUY,0.1000,0.1000,1
2024.01.11 18:43:23,SELL,0.0000,0.0000,0
2024.01.11 18:48:23,SELL,0.1000,0.0000,0
2024.01.11 18:53:23,BUY,0.1000,-0.1000,0
2024.01.11 19:02:32,SELL,0.1000,-0.1000,0
2024.01.11 19:12:57,SELL,0.1000,0.2000,0
2024.01.11 19:29:55,BUY,0.1000,0.1000,0
2024.01.11 19:43:00,SELL,0.2000,0.3000,0
2024.01.11 20:02:34,SELL,0.1000,0.0000,0
2024.01.11 21:03:29,SELL,0.2000,-0.1000,0
2024.01.11 21:13:35,SELL,0.1000,0.1000,0
2024.01.11 21:28:16,SELL,0.1000,-0.2000,0
2024.01.11 22:02:21,BUY,0.1000,-0.2000,0
2024.01.11 22:07:29,BUY,0.1000,0.1000,0
2024.01.11 22:16:25,BUY,0.1000,-0.1000,0
2024.01.11 22:48:51,SELL,0.1000,0.2000,0
2024.01.12 00:00:35,BUY,16.0000,0.0000,26
2024.01.12 00:07:53,SELL,3.3000,2.1000,1
2024.01.12 09:04:11,BUY,0.1000,0.2000,0
2024.01.12 10:07:33,SELL,0.0000,-0.1000,0
2024.01.12 10:42:40,BUY,0.0000,-0.1000,0
2024.01.12 10:54:25,SELL,0.0000,0.1000,0
2024.01.12 11:53:41,BUY,0.0000,0.2000,0
2024.01.12 12:03:57,BUY,0.0000,0.2000,0
2024.01.12 13:24:51,BUY,0.1000,-0.1000,0
2024.01.12 14:57:15,BUY,0.1000,-0.1000,0
2024.01.12 15:28:23,SELL,0.0000,0.0000,0
2024.01.12 15:33:23,SELL,0.0000,0.0000,0
2024.01.12 15:39:10,SELL,0.0000,0.2000,0
2024.01.12 15:44:10,BUY,0.1000,-0.1000,0
2024.01.12 15:49:10,BUY,0.1000,0.2000,0
2024.01.12 15:54:10,SELL,0.1000,0.0000,0
2024.01.12 16:03:01,SELL,0.0000,0.2000,0
2024.01.12 16:08:40,BUY,0.1000,-0.1000,0
2024.01.12 16:20:45,SELL,0.1000,0.2000,0
2024.01.12 16:31:13,SELL,0.1000,0.1000,0
2024.01.12 16:37:25,SELL,0.0000,0.1000,0
2024.01.12 16:43:21,SELL,0.0000,0.1000,0
2024.01.12 16:53:40,BUY,0.1000,0.0000,0
2024.01.12 16:58:40,SELL,0.1000,0.0000,0
2024.01.12 17:04:37,SELL,0.1000,0.2000,0
2024.01.12 17:09:37,SELL,0.0000,-0.2000,0
2024.01.12 17:37:16,BUY,0.1000,0.0000,0
2024.01.12 17:43:31,BUY,0.1000,-0.1000,1
2024.01.12 17:48:31,BUY,0.0000,0.1000,0
2024.01.12 18:09:02,SELL,0.1000,0.0000,0
2024.01.12 18:25:47,SELL,0.1000,0.0000,1
2024.01.12 18:37:47,BUY,0.1000,-0.1000,0
2024.01.15 00:00:53,BUY,12.2000,0.1000,0
2024.01.15 09:18:22,BUY,0.3000,0.1000,0
2024.01.15 10:03:21,SELL,0.0000,-0.2000,0
2024.01.15 10:34:41,BUY,0.1000,-0.2000,0
2024.01.15 11:03:07,BUY,0.0000,-0.2000,0
2024.01.15 11:37:51,BUY,0.0000,-0.1000,0
2024.01.15 12:03:10,BUY,0.0000,-0.1000,0
2024.01.15 14:41:08,SELL,0.0000,0.1000,0
2024.01.15 15:09:46,BUY,0.1000,0.1000,0
2024.01.15 15:32:31,SELL,0.1000,-0.1000,1
2024.01.15 16:06:56,BUY,0.1000,-0.1000,0
2024.01.15 17:12:32,BUY,0.1000,0.0000,0
2024.01.15 17:54:20,SELL,0.0000,0.2000,0
2024.01.16 00:01:01,BUY,15.3000,-6.2000,0
2024.01.16 02:53:12,BUY,0.3000,0.2000,0
2024.01.16 02:58:22,BUY,0.3000,0.1000,0
2024.01.16 04:03:56,BUY,0.3000,0.2000,0
2024.01.16 09:11:14,BUY,0.2000,-0.1000,0
2024.01.16 09:33:30,SELL,0.0000,-0.1000,0
2024.01.16 09:39:12,SELL,0.0000,0.1000,0
2024.01.16 09:57:31,BUY,0.0000,-0.1000,0
2024.01.16 10:02:31,BUY,0.0000,0.1000,1
2024.01.16 10:21:45,SELL,0.0000,0.1000,0
2024.01.16 10:29:23,BUY,0.0000,0.1000,0
2024.01.16 10:34:23,BUY,0.0000,-0.2000,0
2024.01.16 11:00:27,BUY,0.0000,0.2000,0
2024.01.16 11:36:47,BUY,0.0000,0.1000,0
2024.01.16 11:43:33,BUY,0.0000,-0.1000,0
2024.01.16 13:19:37,SELL,0.0000,0.1000,1
2024.01.16 13:38:53,SELL,0.0000,0.2000,0
2024.01.16 15:12:04,BUY,0.0000,0.2000,0
2024.01.16 15:30:00,SELL,0.0000,-1.5000,0
2024.01.16 15:42:32,SELL,0.1000,0.0000,0
2024.01.16 15:47:32,BUY,0.1000,-0.1000,0
2024.01.16 15:53:41,BUY,0.1000,0.4000,1
2024.01.16 16:09:50,SELL,0.0000,0.0000,0
2024.01.16 16:23:37,SELL,0.0000,0.2000,0
2024.01.16 16:28:55,BUY,0.0000,0.1000,0
2024.01.16 16:33:55,BUY,0.0000,0.0000,0
2024.01.16 16:38:58,BUY,0.0000,0.1000,0
2024.01.16 16:51:34,BUY,0.1000,-0.1000,0
2024.01.16 17:08:00,BUY,0.1000,0.1000,0
2024.01.16 17:14:45,SELL,0.0000,0.1000,0
2024.01.16 17:19:45,SELL,0.0000,-0.2000,0
2024.01.16 18:00:12,BUY,0.0000,-0.2000,0
2024.01.16 18:05:42,SELL,0.1000,0.0000,0
2024.01.16 18:14:26,SELL,0.0000,-0.1000,0
2024.01.16 18:19:26,SELL,0.1000,0.0000,0
2024.01.16 18:24:26,SELL,0.1000,-0.1000,0
2024.01.16 18:29:26,BUY,0.1000,-0.4000,0
2024.01.16 18:36:40,BUY,0.1000,-0.1000,1
2024.01.16 19:03:13,BUY,0.1000,0.1000,0
2024.01.16 19:08:13,BUY,0.2000,-0.1000,0
2024.01.16 19:17:56,SELL,0.1000,0.1000,0
2024.01.16 19:36:04,SELL,0.2000,0.0000,0
2024.01.16 20:18:10,SELL,0.2000,-0.1000,1
2024.01.17 00:01:14,BUY,25.0000,-8.5000,1
2024.01.17 04:08:23,SELL,0.3000,0.4000,0
2024.01.17 05:19:28,BUY,0.4000,0.1000,0
2024.01.17 09:00:33,SELL,0.1000,0.0000,0
2024.01.17 09:18:26,SELL,0.1000,0.3000,0
2024.01.17 09:29:53,BUY,0.2000,0.0000,0
2024.01.17 09:35:31,BUY,0.0000,-0.1000,1
2024.01.17 09:52:10,SELL,0.0000,-0.1000,0
2024.01.17 10:01:58,SELL,0.0000,0.1000,0
2024.01.17 10:13:54,SELL,0.0000,0.2000,0
2024.01.17 10:46:54,BUY,0.0000,-0.1000,0
2024.01.17 11:34:11,SELL,0.0000,-0.1000,0
2024.01.17 12:03:13,SELL,0.0000,-0.1000,0
2024.01.17 12:18:59,BUY,0.0000,0.1000,0
2024.01.17 13:17:01,SELL,0.0000,0.1000,0
2024.01.17 13:24:04,SELL,0.0000,-0.1000,0
2024.01.17 13:44:17,SELL,0.0000,0.1000,0
2024.01.17 15:21:43,BUY,0.0000,0.1000,0
2024.01.17 15:30:00,BUY,5.8000,-2.1000,0
2024.01.17 15:39:28,SELL,0.0000,0.0000,0
2024.01.17 15:44:39,BUY,0.1000,0.2000,0
2024.01.17 15:51:01,SELL,0.1000,0.4000,0
2024.01.17 16:43:38,BUY,0.1000,0.2000,0
2024.01.17 16:56:44,BUY,0.1000,0.1000,0
2024.01.17 17:01:44,SELL,0.1000,-0.4000,0
2024.01.17 17:07:10,SELL,0.0000,-0.1000,0
2024.01.17 17:17:03,BUY,0.0000,0.0000,0
2024.01.17 17:22:18,BUY,0.1000,-0.2000,0
2024.01.17 17:41:35,SELL,0.0000,0.0000,0
2024.01.17 17:52:51,BUY,0.1000,0.1000,0
2024.01.17 18:02:46,SELL,0.1000,0.2000,0
2024.01.17 18:24:47,BUY,0.1000,0.2000,0
2024.01.17 18:32:05,BUY,0.1000,0.1000,0
2024.01.17 18:38:09,SELL,0.0000,-0.2000,0
2024.01.17 18:57:25,SELL,0.0000,0.0000,1
2024.01.17 19:02:25,SELL,0.2000,0.0000,0
2024.01.17 19:48:27,SELL,0.1000,0.6000,0
2024.01.18 08:09:31,SELL,0.3000,0.1000,0
2024.01.18 10:32:01,BUY,0.0000,0.1000,1
2024.01.18 11:13:01,SELL,0.0000,-0.1000,0
2024.01.18 11:29:42,SELL,0.0000,0.1000,0
2024.01.18 13:06:59,BUY,0.0000,0.2000,0
2024.01.18 14:34:00,BUY,0.1000,-0.2000,0
2024.01.18 15:30:00,BUY,0.0000,-0.6000,0
2024.01.18 15:37:16,BUY,0.0000,0.3000,0
2024.01.18 15:42:21,BUY,0.1000,0.0000,0
2024.01.18 15:54:11,SELL,0.0000,-0.1000,0
2024.01.18 15:59:11,BUY,0.0000,0.0000,0
2024.01.18 16:06:12,SELL,0.0000,0.0000,0
2024.01.18 16:12:12,SELL,0.0000,0.4000,1
2024.01.18 16:17:12,BUY,0.1000,-0.1000,0
2024.01.18 16:23:28,SELL,0.0000,0.0000,0
2024.01.18 16:36:56,BUY,0.1000,0.3000,1
2024.01.18 16:44:52,BUY,0.1000,0.2000,0
2024.01.18 16:53:39,SELL,0.0000,0.2000,0
2024.01.18 17:03:18,BUY,0.0000,0.4000,0
2024.01.18 17:08:18,SELL,0.0000,0.1000,0
2024.01.18 17:13:31,SELL,0.0000,0.1000,1
2024.01.18 17:24:01,BUY,0.1000,-0.2000,0
2024.01.18 17:38:01,SELL,0.0000,0.1000,0
2024.01.18 17:45:56,BUY,0.0000,0.0000,0
2024.01.18 17:54:29,BUY,0.1000,-0.1000,0
2024.01.18 18:09:11,SELL,0.0000,0.4000,0
2024.01.18 19:02:14,BUY,0.3000,-0.1000,0
2024.01.18 19:39:52,SELL,0.1000,-0.2000,0
2024.01.19 00:01:11,BUY,8.8000,-0.9000,1
2024.01.19 00:08:46,BUY,13.2000,0.0000,0
2024.01.19 00:13:46,SELL,4.5000,0.7000,1
2024.01.19 00:22:41,SELL,3.8000,0.2000,1
2024.01.19 00:40:26,BUY,9.2000,-0.4000,0
2024.01.19 00:52:16,BUY,7.6000,0.3000,0
2024.01.19 00:58:52,BUY,7.4000,-0.2000,0
2024.01.19 09:09:23,BUY,0.2000,0.4000,0
2024.01.19 10:19:26,BUY,0.0000,-0.1000,0
2024.01.19 11:01:30,BUY,0.0000,0.1000,0
2024.01.19 11:43:02,BUY,0.0000,0.1000,1
2024.01.19 11:53:36,SELL,0.0000,0.1000,0
2024.01.19 12:07:35,BUY,0.0000,0.1000,0
2024.01.19 13:11:57,SELL,0.0000,-0.1000,0
2024.01.19 15:42:25,BUY,0.1000,0.4000,0
2024.01.19 16:28:56,BUY,0.1000,-0.1000,0
2024.01.19 16:34:18,SELL,0.0000,0.2000,0
2024.01.19 16:39:18,BUY,0.0000,0.0000,1
2024.01.19 17:00:00,SELL,0.1000,-2.6000,0
2024.01.19 17:06:21,BUY,0.1000,0.0000,0
2024.01.19 17:13:07,BUY,0.1000,-0.1000,0
2024.01.19 17:32:02,BUY,0.1000,-0.1000,0
2024.01.19 17:44:46,SELL,0.0000,0.1000,0
2024.01.19 17:49:46,BUY,0.1000,0.1000,0
2024.01.19 18:29:30,SELL,0.0000,0.4000,0
2024.01.22 00:00:36,BUY,5.2000,0.1000,0
2024.01.22 00:12:23,BUY,8.9000,0.4000,0
2024.01.22 00:23:55,BUY,10.0000,-0.3000,0
2024.01.22 00:28:59,SELL,2.3000,0.2000,0
2024.01.22 00:39:24,BUY,13.5000,-0.4000,0
2024.01.22 01:00:46,SELL,0.3000,-0.1000,0
2024.01.22 09:42:31,SELL,0.0000,0.1000,0
2024.01.22 10:32:58,BUY,0.0000,0.1000,0
2024.01.22 11:19:11,SELL,0.0000,0.1000,0
2024.01.22 12:01:26,BUY,0.0000,0.1000,0
2024.01.22 12:18:12,BUY,0.1000,0.0000,0
2024.01.22 14:44:11,SELL,0.0000,0.4000,2
2024.01.22 14:49:15,BUY,0.1000,0.3000,1
2024.01.22 15:13:47,BUY,0.1000,-0.1000,0
2024.01.22 15:31:59,BUY,0.0000,0.1000,0
2024.01.22 15:38:30,SELL,0.0000,0.0000,0
2024.01.22 15:53:39,SELL,0.1000,-0.1000,0
2024.01.22 16:04:42,BUY,0.0000,0.4000,1
2024.01.22 16:43:57,BUY,0.1000,-0.2000,0
2024.01.22 17:32:33,BUY,0.1000,-0.1000,0
2024.01.22 20:28:14,BUY,0.2000,0.0000,0
2024.01.22 21:14:09,BUY,0.1000,-0.1000,0
2024.01.23 03:57:34,SELL,0.3000,-0.1000,0
2024.01.23 09:24:56,BUY,0.2000,0.2000,0
2024.01.23 10:39:03,BUY,0.0000,-0.1000,0
2024.01.23 12:49:12,BUY,0.0000,0.1000,0
2024.01.23 13:18:41,BUY,0.0000,0.1000,0
2024.01.23 13:27:54,BUY,0.0000,0.2000,0
2024.01.23 14:24:12,BUY,0.1000,0.4000,0
2024.01.23 15:04:16,SELL,0.0000,0.0000,0
2024.01.23 15:58:40,SELL,0.0000,-0.2000,0
2024.01.23 16:24:04,BUY,0.1000,-0.2000,1
2024.01.23 16:32:51,BUY,0.1000,0.2000,0
2024.01.23 16:38:30,SELL,0.0000,0.0000,1
2024.01.23 16:48:47,BUY,0.1000,0.1000,0
2024.01.23 17:11:40,BUY,0.1000,-0.1000,0
2024.01.23 17:23:52,BUY,0.0000,-0.3000,1
2024.01.23 17:32:38,BUY,0.1000,0.0000,0
2024.01.23 17:41:35,BUY,0.0000,-0.6000,0
2024.01.23 17:48:19,SELL,0.1000,-0.1000,0
2024.01.23 18:02:23,SELL,0.1000,0.0000,0
2024.01.23 18:19:02,BUY,0.1000,0.1000,0
2024.01.23 18:44:34,BUY,0.1000,-0.1000,0
2024.01.23 19:38:27,BUY,0.3000,0.0000,0
2024.01.24 00:01:06,BUY,14.2000,-1.0000,21
2024.01.24 00:59:32,BUY,6.2000,0.3000,1
2024.01.24 09:54:33,BUY,0.0000,-0.3000,0
2024.01.24 10:02:51,SELL,0.0000,-0.1000,0
2024.01.24 10:15:00,BUY,0.0000,0.9000,0
2024.01.24 10:30:00,SELL,0.0000,0.9000,0
2024.01.24 10:36:33,BUY,0.0000,-0.1000,0
2024.01.24 11:01:35,SELL,0.0000,0.1000,0
2024.01.24 11:08:33,SELL,0.0000,0.2000,0
2024.01.24 11:17:14,SELL,0.0000,0.2000,0
2024.01.24 11:32:04,SELL,0.0000,-0.5000,0
2024.01.24 11:38:21,SELL,0.0000,-0.1000,0
2024.01.24 11:43:21,BUY,0.0000,-0.2000,0
2024.01.24 13:32:54,BUY,0.0000,-0.1000,0
2024.01.24 13:44:31,SELL,0.0000,0.1000,0
2024.01.24 13:57:22,BUY,0.0000,0.1000,0
2024.01.24 14:26:38,BUY,0.1000,0.3000,0
2024.01.24 14:37:40,SELL,0.1000,0.2000,0
2024.01.24 15:03:18,SELL,0.0000,0.0000,0
2024.01.24 15:32:25,SELL,0.1000,0.2000,0
2024.01.24 15:37:25,BUY,0.0000,0.2000,0
2024.01.24 15:46:18,SELL,0.0000,0.2000,0
2024.01.24 15:53:12,SELL,0.0000,0.1000,0
2024.01.24 16:45:00,BUY,0.0000,0.6000,0
2024.01.24 16:53:20,SELL,0.0000,0.0000,0
2024.01.24 16:58:20,BUY,0.0000,0.2000,0
2024.01.24 17:03:21,BUY,0.1000,0.0000,0
2024.01.24 17:34:29,BUY,0.1000,-0.3000,0
2024.01.24 17:42:22,SELL,0.0000,0.0000,0
2024.01.24 17:48:00,BUY,0.1000,0.2000,0
2024.01.24 17:53:00,BUY,0.1000,0.4000,0
2024.01.24 17:58:06,SELL,0.0000,0.1000,0
2024.01.24 18:07:04,BUY,0.0000,0.0000,0
2024.01.24 18:17:32,SELL,0.0000,0.3000,0
2024.01.24 18:27:41,SELL,0.0000,-0.1000,0
2024.01.24 18:44:34,BUY,0.0000,0.0000,0
2024.01.24 18:54:02,SELL,0.0000,0.0000,0
2024.01.24 19:24:56,SELL,0.1000,-0.2000,0
2024.01.24 20:01:58,BUY,0.3000,0.0000,0
2024.01.24 20:27:05,SELL,0.1000,0.0000,0
2024.01.25 10:09:17,SELL,0.0000,0.1000,0
2024.01.25 10:23:01,SELL,0.0000,0.1000,1
2024.01.25 15:15:46,SELL,0.0000,0.4000,0
2024.01.25 15:21:55,BUY,0.1000,0.4000,0
2024.01.25 15:30:02,BUY,0.0000,-2.1000,0
2024.01.25 15:39:02,SELL,0.0000,0.1000,0
2024.01.25 15:49:43,BUY,0.0000,0.2000,0
2024.01.25 15:54:43,BUY,0.0000,0.0000,0
2024.01.25 15:59:43,SELL,0.0000,0.0000,0
2024.01.25 16:04:43,BUY,0.1000,-0.2000,0
2024.01.25 16:09:56,BUY,0.0000,0.0000,0
2024.01.25 16:14:56,SELL,0.0000,0.0000,0
2024.01.25 16:19:56,BUY,0.0000,0.2000,0
2024.01.25 16:24:56,SELL,0.1000,0.1000,0
2024.01.25 16:30:10,BUY,0.1000,0.0000,0
2024.01.25 16:42:57,BUY,0.1000,-0.1000,0
2024.01.25 16:47:58,BUY,0.1000,0.1000,1
2024.01.25 17:03:12,BUY,0.1000,0.2000,0
2024.01.25 17:08:12,BUY,0.0000,0.1000,0
2024.01.25 17:17:46,BUY,0.1000,0.1000,0
2024.01.25 17:22:46,SELL,0.1000,0.3000,0
2024.01.25 17:33:27,BUY,0.1000,0.0000,0
2024.01.25 17:39:11,BUY,0.1000,0.4000,0
2024.01.25 18:03:35,BUY,0.1000,0.0000,0
2024.01.25 18:08:35,SELL,0.0000,0.1000,0
2024.01.25 18:13:35,SELL,0.0000,0.0000,0
2024.01.25 18:21:04,BUY,0.1000,0.0000,0
2024.01.25 19:12:41,SELL,0.2000,0.3000,0
2024.01.25 19:17:41,SELL,0.2000,-0.1000,1
2024.01.25 19:23:32,BUY,0.3000,-0.2000,0
2024.01.25 19:33:26,BUY,0.1000,0.3000,0
2024.01.25 19:38:32,BUY,0.3000,0.1000,0
2024.01.25 20:02:54,SELL,0.1000,-0.1000,0
2024.01.25 20:16:32,BUY,0.3000,-0.1000,0
2024.01.25 20:28:34,SELL,0.2000,0.3000,1
2024.01.25 20:58:05,BUY,0.3000,0.1000,0
2024.01.25 21:11:39,SELL,0.3000,0.0000,0
2024.01.25 21:23:43,BUY,0.1000,0.4000,0
2024.01.25 21:29:27,SELL,0.1000,0.1000,0
2024.01.26 00:01:00,BUY,12.0000,-1.2000,1
2024.01.26 08:34:41,BUY,0.3000,0.0000,0
2024.01.26 09:16:49,BUY,0.2000,-0.1000,0
2024.01.26 10:11:07,SELL,0.0000,0.1000,0
2024.01.26 11:06:06,SELL,0.0000,-0.1000,0
2024.01.26 11:11:23,BUY,0.0000,0.1000,0
2024.01.26 11:31:17,SELL,0.0000,-0.1000,0
2024.01.26 12:03:06,SELL,0.0000,0.1000,0
2024.01.26 13:11:15,SELL,0.0000,0.1000,0
2024.01.26 13:23:32,SELL,0.0000,-0.2000,0
2024.01.26 15:30:08,SELL,0.0000,0.2000,0
2024.01.26 15:36:26,BUY,0.1000,-0.3000,0
2024.01.26 15:41:26,SELL,0.1000,0.1000,0
2024.01.26 15:46:59,SELL,0.0000,-0.1000,0
2024.01.26 15:54:28,BUY,0.1000,0.3000,0
2024.01.26 16:09:28,SELL,0.1000,-0.2000,0
2024.01.26 16:14:28,BUY,0.1000,0.0000,0
2024.01.26 16:25:20,BUY,0.1000,0.0000,0
2024.01.26 16:33:58,SELL,0.1000,-0.1000,0
2024.01.26 16:39:37,SELL,0.0000,0.1000,0
2024.01.26 16:49:41,BUY,0.0000,0.1000,1
2024.01.26 16:59:06,SELL,0.1000,0.4000,0
2024.01.26 17:04:06,BUY,0.1000,-0.1000,0
2024.01.26 17:09:24,BUY,0.1000,0.0000,0
2024.01.26 17:17:18,BUY,0.1000,0.0000,0
2024.01.26 17:33:13,SELL,0.1000,0.4000,0
2024.01.26 18:02:49,BUY,0.1000,0.4000,1
2024.01.26 18:39:57,BUY,0.1000,-0.1000,0
2024.01.26 19:13:50,SELL,0.1000,0.1000,0
2024.01.29 00:00:46,BUY,2.0000,0.0000,14
2024.01.29 01:00:03,SELL,0.3000,0.1000,0
2024.01.29 09:12:32,BUY,0.3000,-0.3000,1
2024.01.29 09:54:32,BUY,0.0000,-0.1000,0
2024.01.29 11:18:27,BUY,0.1000,0.0000,0
2024.01.29 11:31:53,SELL,0.0000,-0.1000,0
2024.01.29 13:13:38,BUY,0.0000,0.2000,0
2024.01.29 14:51:38,BUY,0.1000,0.0000,0
2024.01.29 14:59:05,BUY,0.1000,-0.1000,0
2024.01.29 15:14:10,BUY,0.1000,0.0000,0
2024.01.29 16:12:41,BUY,0.0000,0.1000,0
2024.01.29 17:09:59,SELL,0.0000,0.2000,0
2024.01.29 17:18:28,BUY,0.1000,0.0000,0
2024.01.29 17:49:25,BUY,0.0000,0.1000,0
2024.01.29 22:01:01,SELL,0.1000,0.0000,0
2024.01.29 22:16:34,SELL,0.1000,0.2000,0
2024.01.29 23:04:44,BUY,1.5000,0.4000,0
2024.01.30 00:01:20,BUY,12.9000,0.0000,0
2024.01.30 03:04:22,BUY,0.3000,0.1000,0
2024.01.30 10:00:00,SELL,0.0000,0.4000,0
2024.01.30 11:34:07,SELL,0.0000,-0.1000,0
2024.01.30 12:33:29,SELL,0.0000,-0.1000,0
2024.01.30 12:48:32,SELL,0.0000,0.1000,0
2024.01.30 13:24:37,SELL,0.0000,0.1000,0
2024.01.30 13:37:53,SELL,0.0000,0.0000,0
2024.01.30 14:58:21,SELL,0.0000,0.1000,0
2024.01.30 15:13:00,BUY,0.0000,0.0000,0
2024.01.30 15:42:49,SELL,0.1000,0.4000,0
2024.01.30 15:48:20,BUY,0.1000,0.0000,0
2024.01.30 16:02:25,BUY,0.1000,0.2000,0
2024.01.30 16:11:00,SELL,0.0000,0.3000,0
2024.01.30 16:29:22,SELL,0.1000,0.0000,0
2024.01.30 16:41:50,BUY,0.1000,0.1000,0
2024.01.30 16:49:52,SELL,0.1000,0.3000,0
2024.01.30 16:57:43,BUY,0.1000,-0.1000,0
2024.01.30 17:02:43,BUY,0.0000,0.1000,0
2024.01.30 17:11:17,BUY,0.0000,0.3000,0
2024.01.30 17:51:28,BUY,0.1000,0.3000,0
2024.01.30 20:04:51,BUY,0.3000,0.3000,1
2024.01.31 00:00:00,BUY,5.0000,0.1000,0
2024.01.31 04:03:09,BUY,0.3000,0.2000,0
2024.01.31 09:45:02,BUY,0.0000,-0.2000,0
2024.01.31 09:56:57,SELL,0.0000,0.1000,0
2024.01.31 10:23:14,SELL,0.0000,0.1000,0
2024.01.31 10:33:49,SELL,0.0000,-0.1000,0
2024.01.31 10:53:14,BUY,0.0000,0.1000,0
2024.01.31 11:01:53,SELL,0.0000,0.1000,0
2024.01.31 11:23:57,SELL,0.0000,0.1000,0
2024.01.31 11:54:05,BUY,0.0000,0.1000,0
2024.01.31 12:54:49,BUY,0.0000,-0.1000,0
2024.01.31 15:15:01,SELL,0.0000,5.9000,0
2024.01.31 15:22:00,SELL,0.1000,0.0000,0
2024.01.31 15:30:01,SELL,0.0000,-2.5000,0
2024.01.31 15:38:32,BUY,0.1000,0.0000,0
2024.01.31 15:43:32,SELL,0.1000,-0.1000,0
2024.01.31 15:48:32,SELL,0.1000,-0.1000,1
2024.01.31 16:00:46,BUY,0.0000,-0.1000,0
2024.01.31 16:08:08,SELL,0.0000,0.0000,0
2024.01.31 16:13:08,SELL,0.0000,0.2000,0
2024.01.31 16:18:20,BUY,0.0000,0.1000,0
2024.01.31 16:29:21,SELL,0.1000,-0.1000,1
2024.01.31 16:34:21,SELL,0.0000,0.1000,0
2024.01.31 16:39:28,SELL,0.0000,0.1000,0
2024.01.31 16:51:46,BUY,0.1000,-0.1000,0
2024.01.31 16:56:46,SELL,0.1000,-0.2000,0
2024.01.31 17:02:14,SELL,0.0000,0.1000,0
2024.01.31 17:16:08,SELL,0.1000,0.4000,0
2024.01.31 17:24:38,BUY,0.1000,-0.1000,1
2024.01.31 17:44:37,BUY,0.1000,0.1000,0
2024.01.31 17:52:10,BUY,0.1000,0.1000,0
2024.01.31 18:01:07,SELL,0.1000,0.2000,0
2024.01.31 18:14:50,BUY,0.1000,0.4000,0
2024.01.31 18:47:51,SELL,0.0000,0.1000,0
2024.01.31 18:53:49,SELL,0.1000,0.3000,0
2024.01.31 19:33:38,SELL,0.2000,-0.1000,0
2024.01.31 21:00:01,SELL,0.2000,0.9000,0
2024.01.31 21:05:31,SELL,0.1000,-0.1000,0
2024.01.31 21:10:31,BUY,0.3000,0.0000,0
2024.01.31 21:17:21,SELL,0.1000,0.1000,0
2024.01.31 21:23:04,BUY,0.2000,0.1000,0
2024.01.31 21:31:04,BUY,0.2000,0.1000,0
2024.01.31 21:37:27,BUY,0.3000,-0.2000,0
2024.01.31 21:42:51,SELL,0.1000,-0.2000,0
2024.01.31 21:47:51,SELL,0.1000,0.3000,0
2024.01.31 21:52:51,BUY,0.2000,0.0000,0
2024.01.31 21:57:51,BUY,0.3000,-0.1000,0
2024.01.31 22:02:51,BUY,0.2000,0.1000,0
2024.01.31 22:08:45,SELL,0.0000,-0.2000,1
2024.01.31 22:17:36,SELL,0.1000,-0.2000,0
2024.01.31 22:31:42,BUY,0.3000,-0.3000,0
2024.01.31 22:39:49,SELL,0.1000,0.2000,0
2024.01.31 23:19:01,SELL,1.5000,0.1000,0
2024.01.31 23:38:32,SELL,1.5000,-0.1000,0
2024.02.01 00:00:03,BUY,5.0000,-2.0000,1
2024.02.01 00:48:54,BUY,6.4000,-0.2000,0
2024.02.01 02:59:20,BUY,0.3000,0.1000,0
2024.02.01 03:14:11,SELL,0.3000,0.0000,0
2024.02.01 08:57:55,BUY,0.3000,0.0000,1
2024.02.01 09:18:37,BUY,0.3000,0.0000,0
2024.02.01 10:03:31,BUY,0.0000,-0.1000,0
2024.02.01 10:46:49,SELL,0.0000,0.1000,0
2024.02.01 10:59:12,SELL,0.0000,0.1000,0
2024.02.01 11:09:57,SELL,0.0000,-0.1000,0
2024.02.01 11:29:30,SELL,0.0000,0.0000,0
2024.02.01 11:52:08,SELL,0.0000,-0.1000,0
2024.02.01 12:19:20,BUY,0.1000,-0.1000,0
2024.02.01 13:22:20,SELL,0.0000,0.1000,0
2024.02.01 14:04:09,SELL,0.0000,-0.1000,0
2024.02.01 14:22:41,BUY,0.1000,0.1000,0
2024.02.01 15:27:06,BUY,0.1000,0.3000,0
2024.02.01 15:32:14,SELL,0.0000,0.0000,0
2024.02.01 15:37:27,SELL,0.0000,0.4000,0
2024.02.01 15:59:19,BUY,0.1000,-0.2000,1
2024.02.01 16:14:27,SELL,0.0000,0.1000,0
2024.02.01 16:29:36,BUY,0.1000,-0.2000,0
2024.02.01 16:49:31,BUY,0.0000,0.1000,0
2024.02.01 16:54:31,SELL,0.0000,-0.1000,0
2024.02.01 17:00:00,BUY,0.0000,-3.5000,0
2024.02.01 17:06:41,BUY,0.1000,0.3000,1
2024.02.01 17:16:36,SELL,0.1000,0.1000,0
2024.02.01 17:26:49,SELL,0.0000,0.4000,0
2024.02.01 17:32:10,BUY,0.0000,0.0000,0
2024.02.01 18:01:35,SELL,0.1000,0.3000,0
2024.02.01 18:08:02,SELL,0.0000,0.4000,0
2024.02.01 18:21:57,SELL,0.1000,0.0000,1
2024.02.01 18:43:36,SELL,0.0000,0.4000,0
2024.02.01 18:53:38,SELL,0.0000,0.0000,0
2024.02.01 19:49:06,SELL,0.2000,0.3000,0
2024.02.01 20:03:30,BUY,0.3000,0.0000,0
2024.02.01 20:36:08,SELL,0.2000,0.1000,0
2024.02.01 20:57:39,SELL,0.2000,0.1000,0
2024.02.01 21:34:55,BUY,0.3000,0.1000,0
2024.02.02 00:14:42,BUY,5.7000,0.5000,17
2024.02.02 00:22:18,SELL,0.8000,0.2000,0
2024.02.02 02:58:30,BUY,0.3000,0.3000,1
2024.02.02 09:04:33,SELL,0.1000,0.0000,0
2024.02.02 09:14:41,SELL,0.2000,0.0000,0
2024.02.02 09:29:35,BUY,0.1000,0.1000,0
2024.02.02 10:13:59,SELL,0.0000,0.1000,0
2024.02.02 10:19:41,BUY,0.0000,0.0000,0
2024.02.02 10:28:30,BUY,0.0000,0.1000,1
2024.02.02 11:11:40,SELL,0.0000,0.1000,0
2024.02.02 11:22:44,SELL,0.0000,0.1000,0
2024.02.02 11:43:18,SELL,0.0000,0.3000,0
2024.02.02 11:56:51,BUY,0.0000,0.1000,0
2024.02.02 15:30:01,BUY,0.0000,-0.8000,0
2024.02.02 15:35:42,BUY,0.1000,-0.1000,0
2024.02.02 15:42:17,SELL,0.0000,0.1000,0
2024.02.02 15:47:17,BUY,0.1000,-0.1000,0
2024.02.02 15:54:12,SELL,0.0000,0.1000,0
2024.02.02 15:59:59,BUY,0.1000,0.2000,0
2024.02.02 16:04:59,BUY,0.1000,0.0000,0
2024.02.02 16:31:16,SELL,0.0000,0.0000,0
2024.02.02 16:40:30,BUY,0.1000,-0.1000,0
2024.02.02 16:45:37,SELL,0.1000,-0.1000,0
2024.02.02 16:51:12,BUY,0.0000,0.1000,0
2024.02.02 16:56:54,SELL,0.0000,-0.1000,0
2024.02.02 17:01:54,BUY,0.0000,0.0000,0
2024.02.02 17:19:35,BUY,0.1000,-0.1000,1
2024.02.02 17:26:51,BUY,0.1000,0.2000,0
2024.02.02 17:39:24,SELL,0.0000,0.0000,0
2024.02.02 17:48:12,SELL,0.0000,0.1000,1
2024.02.02 17:54:40,BUY,0.1000,-0.1000,0
2024.02.02 18:04:03,BUY,0.1000,-0.1000,0
2024.02.02 19:19:15,SELL,0.2000,0.4000,0
2024.02.02 19:28:05,BUY,0.1000,-0.1000,0
2024.02.02 19:44:35,BUY,0.1000,0.2000,0
2024.02.02 20:48:23,BUY,0.1000,-0.1000,0
2024.02.05 01:09:55,BUY,0.3000,0.0000,0
2024.02.05 02:00:30,BUY,0.6000,-0.1000,0
2024.02.05 02:19:23,BUY,0.4000,0.0000,0
2024.02.05 02:26:57,BUY,0.3000,0.1000,0
2024.02.05 09:43:04,SELL,0.0000,0.0000,0
2024.02.05 10:19:13,BUY,0.1000,0.0000,0
2024.02.05 11:19:20,BUY,0.0000,0.1000,1
2024.02.05 11:54:37,BUY,0.1000,-0.1000,0
2024.02.05 12:39:37,BUY,0.0000,0.1000,0
2024.02.05 14:29:12,SELL,0.0000,0.4000,0
2024.02.05 15:53:50,BUY,0.1000,0.1000,0
2024.02.05 16:02:16,SELL,0.0000,0.1000,0
2024.02.05 16:46:02,SELL,0.0000,0.0000,0
2024.02.05 17:00:00,BUY,0.1000,-0.3000,0
2024.02.05 17:13:56,SELL,0.0000,0.0000,0
2024.02.05 17:18:57,BUY,0.3000,-0.2000,0
2024.02.05 17:27:46,SELL,0.1000,-0.1000,0
2024.02.05 17:40:43,BUY,0.1000,0.0000,0
2024.02.05 17:51:23,SELL,0.1000,0.3000,0
2024.02.06 09:02:16,SELL,0.2000,0.3000,0
2024.02.06 10:46:49,BUY,0.3000,-0.3000,0
2024.02.06 11:56:12,BUY,0.3000,0.0000,0
2024.02.06 12:28:39,BUY,0.1000,-0.1000,0
2024.02.06 13:24:58,SELL,0.0000,0.0000,2
2024.02.06 14:33:46,BUY,0.4000,-0.3000,0
2024.02.06 15:07:48,SELL,0.1000,0.4000,0
2024.02.06 15:24:59,BUY,0.1000,0.1000,0
2024.02.06 16:03:08,SELL,0.0000,0.0000,0
2024.02.06 16:18:59,BUY,0.1000,-0.1000,0
2024.02.06 16:33:59,SELL,0.0000,0.4000,0
2024.02.06 16:38:59,BUY,0.1000,0.5000,0
2024.02.06 16:43:59,SELL,0.0000,0.0000,0
2024.02.06 17:07:59,SELL,0.0000,0.1000,0
2024.02.06 17:14:52,SELL,0.0000,0.4000,0
2024.02.06 17:24:08,BUY,0.0000,0.4000,0
2024.02.06 18:12:12,SELL,0.0000,0.4000,0
2024.02.06 18:24:21,SELL,0.1000,0.4000,1
2024.02.07 00:01:01,BUY,15.1000,-5.0000,1
2024.02.07 00:16:22,BUY,6.8000,-0.2000,3
2024.02.07 11:33:38,SELL,0.0000,-0.1000,0
2024.02.07 15:39:29,BUY,0.1000,0.4000,0
2024.02.07 15:49:47,BUY,0.1000,-0.2000,0
2024.02.07 16:03:41,SELL,0.1000,-0.1000,0
2024.02.07 16:24:53,BUY,0.1000,0.3000,1
2024.02.07 16:38:45,SELL,0.1000,0.1000,1
2024.02.07 16:47:39,BUY,0.1000,0.3000,0
2024.02.07 16:57:56,SELL,0.0000,0.0000,0
2024.02.07 17:04:56,BUY,0.1000,0.4000,0
2024.02.07 17:24:30,SELL,0.0000,0.0000,0
2024.02.07 17:35:25,BUY,0.0000,0.2000,0
2024.02.07 17:51:20,BUY,0.1000,0.4000,1
2024.02.07 17:56:20,BUY,0.1000,-0.4000,0
2024.02.07 18:01:35,SELL,0.1000,-0.1000,0
2024.02.07 18:07:58,BUY,0.0000,0.0000,0
2024.02.07 18:18:38,BUY,0.1000,0.2000,0
2024.02.07 19:02:41,BUY,0.1000,0.2000,0
2024.02.07 20:01:53,SELL,0.1000,0.0000,0
2024.02.08 00:01:00,BUY,25.0000,-9.1000,1
2024.02.08 09:43:22,BUY,0.0000,0.1000,0
2024.02.08 10:38:32,BUY,0.0000,0.3000,0
2024.02.08 12:33:57,BUY,0.0000,0.1000,3
2024.02.08 14:19:03,BUY,0.0000,0.2000,0
2024.02.08 15:30:12,BUY,0.0000,-0.2000,0
2024.02.08 15:43:12,BUY,0.1000,-0.3000,0
2024.02.08 16:17:05,SELL,0.1000,0.4000,0
2024.02.08 16:33:58,SELL,0.0000,0.0000,0
2024.02.08 16:48:51,SELL,0.1000,-0.2000,0
2024.02.08 17:11:41,BUY,0.1000,0.3000,0
2024.02.08 17:26:58,SELL,0.1000,0.4000,0
2024.02.08 17:37:14,BUY,0.1000,0.2000,0
2024.02.08 17:53:58,SELL,0.1000,-0.2000,0
2024.02.08 18:57:33,SELL,0.0000,0.2000,0
2024.02.08 20:01:49,SELL,0.1000,-0.4000,0
2024.02.09 10:22:12,SELL,0.0000,-0.3000,0
2024.02.09 10:44:08,BUY,0.0000,0.1000,1
2024.02.09 11:37:43,BUY,0.0000,0.1000,0
2024.02.09 15:31:05,SELL,0.1000,0.0000,1
2024.02.09 15:36:21,SELL,0.1000,0.2000,0
2024.02.09 15:41:21,BUY,0.1000,-0.1000,0
2024.02.09 15:51:32,BUY,0.1000,0.3000,0
2024.02.09 16:06:51,SELL,0.0000,0.4000,1
2024.02.09 16:14:58,SELL,0.0000,-0.2000,0
2024.02.09 16:19:58,BUY,0.0000,0.2000,0
2024.02.09 16:24:58,BUY,0.1000,-0.4000,0
2024.02.09 16:32:06,SELL,0.0000,-0.2000,0
2024.02.09 16:37:32,SELL,0.1000,-0.2000,0
2024.02.09 16:43:43,SELL,0.1000,0.2000,0
2024.02.09 17:07:46,SELL,0.1000,0.1000,0
2024.02.09 17:41:39,BUY,0.1000,0.2000,0
2024.02.12 00:00:55,BUY,7.0000,0.0000,9
2024.02.12 01:04:06,SELL,0.4000,-0.3000,1
2024.02.12 09:22:52,SELL,0.3000,0.2000,0
2024.02.12 09:57:30,SELL,0.1000,0.1000,0
2024.02.12 10:03:55,BUY,0.1000,0.1000,0
2024.02.12 10:13:40,BUY,0.1000,0.4000,0
2024.02.12 10:24:34,BUY,0.2000,0.0000,1
2024.02.12 12:19:56,BUY,0.2000,-0.1000,1
2024.02.12 12:24:58,SELL,0.1000,0.4000,1
2024.02.12 16:03:17,SELL,0.1000,0.1000,1
2024.02.12 17:17:56,BUY,0.1000,0.0000,0
2024.02.13 00:01:04,BUY,20.2000,-7.3000,1
2024.02.13 09:38:42,BUY,0.1000,0.4000,0
2024.02.13 09:49:11,SELL,0.1000,0.4000,1
2024.02.13 13:09:13,SELL,0.1000,-0.2000,0
2024.02.13 13:43:39,BUY,0.1000,0.5000,0
2024.02.13 15:09:08,SELL,0.1000,0.4000,0
2024.02.13 15:30:01,SELL,0.1000,3.1000,0
2024.02.13 15:35:06,SELL,0.1000,0.1000,0
2024.02.13 15:40:12,BUY,0.1000,-0.1000,0
2024.02.13 15:46:11,BUY,0.1000,0.2000,0
2024.02.13 15:51:41,SELL,0.1000,0.1000,0
2024.02.13 15:58:23,BUY,0.1000,0.0000,0
2024.02.13 16:03:31,BUY,0.0000,0.5000,0
2024.02.13 16:17:19,SELL,0.1000,-0.1000,0
2024.02.13 16:26:12,SELL,0.1000,0.2000,0
2024.02.13 16:31:23,BUY,0.0000,0.2000,0
2024.02.13 16:36:23,SELL,0.0000,-0.1000,0
2024.02.13 16:42:46,SELL,0.1000,-0.3000,0
2024.02.13 16:51:44,BUY,0.1000,0.2000,0
2024.02.13 16:57:58,SELL,0.0000,0.1000,0
2024.02.13 17:07:37,BUY,0.0000,0.2000,0
2024.02.13 17:26:20,SELL,0.1000,0.2000,0
2024.02.13 17:38:14,BUY,0.0000,0.0000,0
2024.02.13 17:43:40,BUY,0.0000,0.2000,0
2024.02.13 18:19:04,BUY,0.0000,0.2000,0
2024.02.13 18:24:37,SELL,0.1000,0.1000,1
2024.02.14 02:58:34,BUY,0.6000,0.0000,0
2024.02.14 09:00:36,BUY,0.3000,0.2000,0
2024.02.14 09:59:14,BUY,0.1000,0.3000,0
2024.02.14 10:04:30,BUY,0.3000,0.0000,0
2024.02.14 10:44:46,SELL,0.1000,0.5000,0
2024.02.14 11:24:53,SELL,0.1000,0.4000,0
2024.02.14 12:58:18,SELL,0.1000,0.4000,0
2024.02.14 13:57:53,SELL,0.1000,0.0000,1
2024.02.14 15:03:48,SELL,0.1000,0.1000,0
2024.02.14 15:48:46,BUY,0.1000,-0.4000,0
2024.02.14 16:09:14,SELL,0.1000,0.1000,0
2024.02.14 16:30:44,SELL,0.0000,-0.1000,0
2024.02.14 16:52:01,BUY,0.1000,-0.1000,0
2024.02.14 17:04:07,SELL,0.0000,0.4000,0
2024.02.14 17:09:07,BUY,0.0000,-0.2000,0
2024.02.14 17:23:34,SELL,0.0000,0.1000,1
2024.02.14 17:43:45,BUY,0.3000,-0.2000,0
2024.02.14 19:04:29,BUY,0.3000,0.0000,0
2024.02.15 14:28:17,SELL,0.1000,0.4000,1
2024.02.15 15:30:00,SELL,0.1000,-0.8000,1
2024.02.15 15:35:57,SELL,0.0000,0.1000,0
2024.02.15 15:46:32,BUY,0.1000,-0.3000,0
2024.02.15 15:55:33,SELL,0.1000,-0.2000,0
2024.02.15 16:07:52,BUY,0.1000,0.3000,0
2024.02.15 16:31:50,SELL,0.0000,0.0000,0
2024.02.15 16:49:55,BUY,0.1000,-0.1000,0
2024.02.15 16:57:54,SELL,0.1000,0.0000,0
2024.02.15 17:08:23,SELL,0.1000,-0.2000,0
2024.02.15 17:38:19,BUY,0.1000,-0.1000,1
2024.02.16 00:00:01,BUY,5.0000,3.8000,65
2024.02.16 00:09:00,SELL,1.5000,0.0000,17
2024.02.16 09:39:11,SELL,0.1000,-0.1000,0
2024.02.16 14:38:37,BUY,0.1000,0.2000,0
2024.02.16 15:30:01,BUY,0.1000,-0.1000,0
2024.02.16 15:35:30,BUY,0.1000,0.1000,0
2024.02.16 15:43:34,SELL,0.1000,-0.1000,0
2024.02.16 15:51:24,SELL,0.0000,-0.1000,1
2024.02.16 15:57:29,SELL,0.1000,0.4000,0
2024.02.16 16:02:31,SELL,0.1000,0.3000,0
2024.02.16 16:13:09,BUY,0.0000,0.0000,0
2024.02.16 16:26:55,SELL,0.0000,0.3000,0
2024.02.16 16:44:13,SELL,0.1000,-0.1000,0
2024.02.16 17:02:04,SELL,0.1000,0.2000,0
2024.02.16 17:08:37,SELL,0.1000,-0.1000,0
2024.02.16 17:14:13,SELL,0.1000,-0.2000,0
2024.02.16 17:39:48,SELL,0.1000,0.4000,1
2024.02.16 17:44:48,SELL,0.1000,0.1000,0
2024.02.19 00:03:46,BUY,6.3000,-1.2000,43
2024.02.19 01:00:29,SELL,0.4000,0.4000,2
2024.02.19 10:57:11,BUY,0.2000,-0.2000,0
2024.02.19 11:04:35,SELL,0.1000,0.4000,0
2024.02.19 11:09:50,BUY,0.1000,0.2000,1
2024.02.19 14:58:45,BUY,0.1000,0.2000,0
2024.02.20 00:08:35,BUY,11.5000,0.0000,0
2024.02.20 10:01:19,SELL,0.1000,0.4000,0
2024.02.20 11:17:58,SELL,0.1000,0.5000,1
2024.02.20 11:39:56,SELL,0.1000,0.1000,0
2024.02.20 12:22:03,SELL,0.2000,0.3000,0
2024.02.20 12:36:44,SELL,0.1000,-0.4000,0
2024.02.20 15:31:23,SELL,0.1000,0.1000,0
2024.02.20 15:47:03,SELL,0.1000,0.2000,0
2024.02.20 15:53:45,SELL,0.1000,0.2000,0
2024.02.20 16:22:23,SELL,0.1000,-0.2000,0
2024.02.20 16:32:43,SELL,0.1000,0.0000,0
2024.02.20 16:38:13,BUY,0.0000,-0.1000,1
2024.02.20 16:49:02,SELL,0.1000,0.4000,0
2024.02.20 17:33:22,BUY,0.1000,0.3000,0
2024.02.20 17:38:23,BUY,0.1000,-0.2000,0
2024.02.20 17:49:41,SELL,0.1000,0.1000,0
2024.02.21 10:57:21,BUY,0.1000,-0.1000,0
2024.02.21 11:03:09,BUY,0.4000,0.1000,0
2024.02.21 15:04:25,SELL,0.1000,0.1000,0
2024.02.21 17:23:19,BUY,0.1000,0.0000,0
2024.02.21 17:44:24,BUY,0.1000,0.0000,0
2024.02.21 18:09:07,SELL,0.1000,-0.2000,0
2024.02.21 20:01:35,BUY,0.2000,0.2000,0
2024.02.21 21:00:06,BUY,0.4000,0.2000,0
2024.02.21 21:06:22,BUY,0.3000,0.1000,1
2024.02.22 00:01:00,BUY,8.4000,1.8000,0
2024.02.22 09:18:55,SELL,0.2000,0.4000,0
2024.02.22 10:15:00,SELL,2.0000,-4.6000,0
2024.02.22 10:20:47,SELL,0.1000,0.3000,0
2024.02.22 10:30:00,BUY,0.2000,-2.9000,0
2024.02.22 10:48:34,SELL,0.1000,-0.1000,0
2024.02.22 11:02:43,BUY,0.1000,-0.1000,0
2024.02.22 11:19:55,BUY,0.1000,0.4000,0
2024.02.22 11:33:18,BUY,0.2000,0.1000,0
2024.02.22 13:04:24,BUY,0.2000,0.1000,0
2024.02.22 13:09:31,BUY,0.1000,0.5000,1
2024.02.22 15:24:29,BUY,0.1000,0.3000,0
2024.02.22 15:30:00,BUY,0.1000,-3.3000,1
2024.02.22 15:53:58,BUY,0.1000,0.3000,0
2024.02.22 16:09:21,BUY,0.1000,0.3000,1
2024.02.22 16:24:47,BUY,0.1000,0.2000,0
2024.02.22 16:41:42,BUY,0.1000,-0.2000,1
2024.02.22 16:46:42,SELL,0.1000,-0.1000,0
2024.02.22 16:52:48,BUY,0.0000,0.0000,0
2024.02.22 16:57:48,SELL,0.1000,0.2000,0
2024.02.22 17:02:48,BUY,0.1000,-0.2000,0
2024.02.22 17:12:44,SELL,0.1000,0.1000,0
2024.02.22 17:19:03,BUY,0.0000,0.1000,0
2024.02.22 17:24:07,SELL,0.0000,0.2000,0
2024.02.22 18:48:20,BUY,0.1000,0.1000,0
2024.02.23 02:35:41,BUY,0.4000,-0.2000,1
2024.02.23 13:22:54,SELL,0.1000,0.5000,0
2024.02.23 14:24:52,SELL,0.0000,0.4000,0
2024.02.23 15:04:15,BUY,0.1000,0.2000,0
2024.02.23 15:43:15,BUY,0.1000,0.1000,0
2024.02.23 16:39:34,BUY,0.0000,0.2000,0
2024.02.23 17:12:49,BUY,0.1000,0.0000,1
2024.02.23 17:47:29,BUY,0.3000,-0.2000,0
2024.02.23 17:54:07,SELL,0.0000,0.3000,0
2024.02.26 00:01:00,SELL,2.0000,9.8000,1
2024.02.26 00:06:07,BUY,5.5000,0.0000,0
2024.02.26 00:14:32,BUY,8.1000,-0.5000,12
2024.02.26 00:19:45,SELL,3.0000,0.2000,12
2024.02.26 09:43:40,BUY,0.1000,-0.1000,0
2024.02.26 14:58:43,BUY,0.1000,0.4000,0
2024.02.26 15:08:35,SELL,0.0000,0.4000,0
2024.02.26 16:07:53,BUY,0.1000,0.4000,0
2024.02.26 16:13:26,BUY,0.1000,0.0000,0
2024.02.26 17:09:46,BUY,0.1000,0.4000,0
2024.02.26 17:22:16,SELL,0.0000,0.2000,0
2024.02.26 17:53:58,SELL,0.1000,0.4000,1
2024.02.27 12:02:18,BUY,0.2000,0.2000,0
2024.02.27 15:30:26,SELL,0.1000,0.0000,0
2024.02.27 15:38:27,BUY,0.0000,0.2000,0
2024.02.27 15:49:52,SELL,0.0000,0.1000,0
2024.02.27 16:13:18,BUY,0.1000,-0.2000,0
2024.02.27 17:00:01,SELL,0.0000,-1.5000,0
2024.02.27 17:05:42,BUY,0.0000,0.4000,0
2024.02.27 17:46:42,SELL,0.1000,0.3000,0
2024.02.27 18:14:43,SELL,0.1000,0.4000,0
2024.02.27 18:48:39,SELL,0.0000,0.4000,0
2024.02.28 10:08:56,BUY,0.1000,0.4000,0
2024.02.28 10:46:46,BUY,0.1000,0.2000,0
2024.02.28 11:19:27,BUY,0.2000,-0.2000,0
2024.02.28 12:02:57,SELL,0.1000,0.1000,0
2024.02.28 15:14:42,SELL,0.1000,0.3000,0
2024.02.28 15:30:20,BUY,0.1000,0.2000,0
2024.02.28 15:47:54,SELL,0.1000,0.3000,0
2024.02.28 15:58:27,SELL,0.0000,0.2000,0
2024.02.28 16:12:35,BUY,0.0000,-0.1000,0
2024.02.28 16:24:32,SELL,0.1000,0.4000,0
2024.02.28 16:34:37,BUY,0.1000,-0.1000,0
2024.02.28 16:43:14,SELL,0.1000,0.3000,0
2024.02.28 18:42:52,SELL,0.1000,0.3000,0
2024.02.29 00:02:02,BUY,6.7000,-0.1000,1
2024.02.29 03:49:05,BUY,0.4000,-0.2000,0
2024.02.29 09:48:36,BUY,0.1000,0.4000,0
2024.02.29 10:00:42,SELL,0.1000,0.4000,0
2024.02.29 10:17:45,SELL,0.2000,0.4000,0
2024.02.29 10:57:09,BUY,0.2000,0.1000,0
2024.02.29 11:02:09,SELL,0.2000,-0.3000,0
2024.02.29 11:07:44,SELL,0.1000,0.1000,0
2024.02.29 12:37:49,BUY,0.1000,-0.2000,0
2024.02.29 13:29:59,BUY,0.2000,-0.1000,0
2024.02.29 14:12:44,BUY,0.1000,-0.1000,1
2024.02.29 15:00:44,BUY,0.1000,0.2000,0
2024.02.29 15:30:05,SELL,0.1000,1.2000,0
2024.02.29 15:40:59,SELL,0.1000,-0.2000,0
2024.02.29 16:10:56,SELL,0.1000,-0.3000,0
2024.02.29 16:37:13,BUY,0.1000,0.0000,0
2024.02.29 16:42:50,SELL,0.0000,0.2000,0
2024.02.29 16:56:09,SELL,0.1000,0.0000,0
2024.02.29 17:01:09,SELL,0.1000,-0.1000,0
2024.02.29 17:32:49,BUY,0.1000,-0.4000,0
2024.02.29 17:52:30,BUY,0.1000,-0.3000,0
2024.02.29 18:23:01,BUY,0.1000,-0.4000,0
2024.02.29 18:42:07,BUY,0.3000,-0.1000,0
2024.03.01 00:01:28,BUY,7.2000,0.0000,7
2024.03.01 09:03:44,SELL,0.3000,0.2000,0
2024.03.01 10:19:23,SELL,0.1000,0.3000,0
2024.03.01 12:00:04,SELL,0.2000,0.2000,1
2024.03.01 12:13:04,BUY,0.1000,0.2000,0
2024.03.01 12:19:56,BUY,0.1000,0.3000,0
2024.03.01 12:44:54,SELL,0.1000,0.4000,0
2024.03.01 14:59:15,BUY,0.1000,-0.3000,0
2024.03.01 16:24:20,BUY,0.0000,0.2000,0
2024.03.01 16:41:39,BUY,0.1000,0.2000,0
2024.03.01 16:46:39,BUY,0.1000,-0.2000,0
2024.03.01 17:00:00,SELL,0.1000,-2.2000,0
2024.03.01 17:05:32,SELL,0.0000,0.0000,0
2024.03.01 17:15:41,SELL,0.0000,0.3000,0
2024.03.01 17:21:04,SELL,0.1000,0.1000,0
2024.03.01 17:27:59,SELL,0.1000,-0.1000,1
2024.03.01 17:38:33,BUY,0.0000,-0.1000,0
2024.03.01 17:47:42,SELL,0.0000,0.4000,0
2024.03.01 18:24:22,BUY,0.0000,0.3000,0
2024.03.04 00:01:39,BUY,20.8000,-3.1000,4
2024.03.04 10:13:03,BUY,0.1000,0.5000,0
2024.03.04 14:57:24,BUY,0.1000,0.4000,0
2024.03.04 15:33:43,SELL,0.1000,0.1000,0
2024.03.04 15:38:44,BUY,0.1000,0.1000,0
2024.03.04 16:52:27,SELL,0.1000,-0.2000,1
2024.03.04 17:19:19,SELL,0.1000,0.2000,0
2024.03.05 00:13:40,SELL,1.2000,0.9000,1
2024.03.05 10:48:22,BUY,0.2000,0.0000,0
2024.03.05 15:41:22,BUY,0.1000,0.4000,0
2024.03.05 16:45:01,BUY,0.0000,-0.2000,0
2024.03.05 17:00:00,SELL,0.1000,0.7000,0
2024.03.05 17:17:38,SELL,0.1000,0.4000,1
2024.03.05 17:24:19,BUY,0.1000,0.2000,0
2024.03.05 17:44:21,SELL,0.1000,-0.2000,0
2024.03.05 18:04:53,BUY,0.1000,0.1000,0
2024.03.06 15:30:47,BUY,0.1000,-0.2000,0
2024.03.06 15:41:19,SELL,0.1000,-0.1000,1
2024.03.06 17:04:50,BUY,0.1000,-0.4000,0
2024.03.06 17:11:59,SELL,0.0000,0.2000,0
2024.03.06 17:37:14,BUY,0.1000,-0.2000,0
2024.03.06 17:54:04,SELL,0.0000,-0.1000,0
2024.03.06 19:09:48,BUY,0.3000,0.2000,0
2024.03.06 20:33:37,BUY,0.2000,0.4000,0
2024.03.06 21:04:00,BUY,0.2000,0.5000,0
2024.03.07 10:11:43,BUY,0.2000,0.2000,0
2024.03.07 15:15:30,BUY,0.1000,-0.4000,0
2024.03.07 15:21:18,BUY,0.1000,0.0000,0
2024.03.07 15:37:41,BUY,0.1000,0.2000,0
2024.03.07 15:42:52,SELL,0.1000,-0.2000,0
2024.03.07 15:49:29,BUY,0.0000,0.3000,0
2024.03.07 15:54:29,BUY,0.1000,-0.2000,0
2024.03.07 16:02:04,SELL,0.0000,0.6000,0
2024.03.07 16:21:24,SELL,0.1000,0.0000,0
2024.03.07 16:27:02,SELL,0.1000,-0.2000,1
2024.03.07 16:41:38,BUY,0.1000,-0.2000,0
2024.03.07 16:51:19,SELL,0.1000,0.3000,0
2024.03.07 16:56:19,SELL,0.1000,-0.1000,0
2024.03.07 17:07:32,BUY,0.1000,0.0000,1
2024.03.07 17:14:10,SELL,0.1000,0.1000,0
2024.03.07 17:27:39,BUY,0.1000,-0.2000,0
2024.03.07 17:34:01,SELL,0.1000,0.1000,0
2024.03.07 17:39:01,SELL,0.1000,0.2000,0
2024.03.07 17:49:34,SELL,0.0000,0.2000,0
2024.03.07 17:58:42,SELL,0.1000,-0.1000,0
2024.03.07 18:28:24,SELL,0.1000,0.1000,0
2024.03.07 18:51:04,SELL,0.1000,0.3000,0
2024.03.08 00:00:37,BUY,8.1000,0.0000,24
2024.03.08 09:26:39,BUY,0.3000,0.2000,0
2024.03.08 11:18:54,BUY,0.2000,0.1000,0
2024.03.08 11:41:48,BUY,0.1000,0.3000,0
2024.03.08 11:47:38,SELL,0.1000,0.2000,0
2024.03.08 15:30:01,BUY,0.1000,1.0000,0
2024.03.08 15:35:25,SELL,0.0000,-0.1000,1
2024.03.08 15:40:34,SELL,0.0000,0.4000,0
2024.03.08 15:49:20,BUY,0.0000,0.4000,0
2024.03.08 15:57:08,BUY,0.1000,0.2000,0
2024.03.08 16:02:09,SELL,0.1000,0.4000,0
2024.03.08 16:07:09,BUY,0.0000,-0.2000,0
2024.03.08 16:12:09,SELL,0.1000,-0.2000,0
2024.03.08 16:17:13,BUY,0.1000,-0.3000,0
2024.03.08 16:34:04,SELL,0.1000,0.2000,0
2024.03.08 16:39:04,BUY,0.1000,0.0000,0
2024.03.08 16:44:04,SELL,0.0000,0.1000,0
2024.03.08 17:18:56,BUY,0.1000,0.2000,0
2024.03.08 17:29:43,SELL,0.1000,0.1000,0
2024.03.08 18:02:15,BUY,0.1000,0.2000,0
2024.03.08 18:43:36,BUY,0.1000,-0.2000,0
2024.03.08 19:04:21,SELL,0.3000,-0.1000,0
2024.03.11 09:29:31,SELL,0.3000,0.2000,0
2024.03.11 09:37:14,BUY,0.1000,0.2000,1
2024.03.11 14:57:42,BUY,0.1000,0.2000,0
2024.03.11 15:49:06,BUY,0.0000,0.1000,0
2024.03.11 16:39:30,BUY,0.1000,0.1000,0
2024.03.11 17:49:00,SELL,0.0000,-0.1000,0
2024.03.11 23:00:57,BUY,12.9000,0.0000,3
2024.03.11 23:07:31,SELL,4.9000,-0.4000,0
2024.03.12 14:30:01,BUY,0.7000,-7.8000,0
2024.03.12 14:35:44,SELL,0.2000,0.1000,1
2024.03.12 14:40:44,SELL,0.0000,-0.2000,1
2024.03.12 14:47:05,BUY,0.1000,0.1000,0
2024.03.12 14:52:05,BUY,0.2000,-0.4000,0
2024.03.12 14:59:05,BUY,0.1000,-0.1000,0
2024.03.12 15:12:07,BUY,0.0000,-0.3000,0
2024.03.12 15:19:42,BUY,0.2000,0.1000,1
2024.03.12 15:24:58,SELL,0.3000,0.0000,0
2024.03.12 15:32:10,BUY,0.2000,-0.1000,0
2024.03.13 09:24:00,BUY,0.3000,0.0000,3
2024.03.13 15:49:04,SELL,0.1000,0.0000,0
2024.03.13 16:03:29,BUY,0.2000,0.0000,0
2024.03.13 17:49:18,SELL,0.1000,0.1000,1
2024.03.13 19:01:54,SELL,0.0000,-0.7000,0
2024.03.13 19:08:43,SELL,0.3000,0.1000,0
2024.03.13 19:13:45,SELL,0.2000,-0.1000,1
2024.03.14 09:31:05,BUY,0.3000,-0.5000,0
2024.03.14 11:54:38,BUY,0.3000,-0.1000,0
2024.03.14 14:24:45,BUY,0.1000,0.1000,0
2024.03.14 14:30:01,BUY,0.7000,-0.9000,0
2024.03.14 14:37:41,SELL,0.3000,0.2000,0
2024.03.14 14:47:20,BUY,0.2000,0.0000,0
2024.03.14 14:58:50,BUY,0.2000,-0.1000,1
2024.03.14 15:09:05,BUY,0.1000,-0.1000,1
2024.03.14 15:48:17,BUY,0.2000,-0.2000,1
2024.03.14 16:38:32,BUY,0.3000,-0.2000,1
2024.03.15 02:53:21,SELL,0.1000,0.2000,0
2024.03.15 15:24:21,BUY,0.2000,0.0000,0
2024.03.15 16:07:44,BUY,0.2000,-0.1000,1
2024.03.15 16:14:18,SELL,0.2000,-0.1000,0
2024.03.15 17:52:23,SELL,0.2000,-0.1000,1
2024.03.18 17:39:12,BUY,0.3000,-0.1000,1
2024.03.18 18:02:39,BUY,0.2000,0.0000,0
2024.03.19 09:53:46,BUY,0.2000,0.3000,0
2024.03.19 11:47:52,BUY,0.2000,0.2000,2
2024.03.19 12:00:07,SELL,0.7000,-0.3000,0
2024.03.19 15:03:34,SELL,0.0000,0.4000,1
2024.03.19 23:01:00,BUY,10.7000,0.0000,1
2024.03.19 23:10:21,BUY,6.5000,0.0000,5
2024.03.19 23:19:34,SELL,0.9000,0.9000,32
2024.03.20 10:02:43,BUY,0.1000,0.0000,1
2024.03.20 11:09:50,BUY,0.3000,-0.1000,1
2024.03.20 20:00:01,SELL,0.7000,-2.4000,0
2024.03.20 20:05:04,SELL,0.3000,0.4000,1
2024.03.20 20:11:00,SELL,0.1000,-0.2000,1
2024.03.20 20:17:54,BUY,0.2000,0.2000,0
2024.03.20 20:27:06,SELL,0.3000,0.2000,1
2024.03.20 20:32:06,BUY,0.3000,-0.4000,0
2024.03.20 20:37:06,SELL,0.2000,-1.5000,0
2024.03.20 20:42:06,SELL,0.4000,0.3000,0
2024.03.20 20:47:06,SELL,0.3000,-0.3000,0
2024.03.20 20:52:33,SELL,0.0000,0.3000,1
2024.03.20 21:01:57,BUY,0.1000,-0.3000,0
2024.03.20 21:08:28,SELL,0.3000,-0.3000,0
2024.03.20 21:13:28,BUY,0.3000,-0.1000,0
2024.03.20 21:22:28,BUY,0.1000,0.5000,0
2024.03.20 21:29:29,SELL,0.2000,-0.7000,1
2024.03.20 21:34:40,SELL,0.3000,0.2000,0
2024.03.21 10:13:47,BUY,0.1000,0.3000,1
2024.03.21 10:30:03,BUY,0.7000,0.5000,0
2024.03.21 10:42:16,BUY,0.2000,-0.3000,0
2024.03.21 10:53:35,BUY,0.2000,0.1000,1
2024.03.21 11:23:08,SELL,0.1000,0.2000,1
2024.03.21 11:44:42,SELL,0.1000,0.0000,1
2024.03.21 13:28:30,BUY,0.2000,-0.2000,2
2024.03.21 15:19:50,BUY,0.1000,-0.1000,0
2024.03.21 15:47:32,BUY,0.1000,-0.5000,0
2024.03.21 15:54:14,BUY,0.3000,1.0000,1
2024.03.21 16:01:57,BUY,0.3000,-0.1000,0
2024.03.21 17:03:14,BUY,0.2000,0.0000,1
2024.03.21 19:28:48,BUY,0.4000,0.1000,1
2024.03.21 23:01:02,BUY,12.9000,-2.4000,1
2024.03.22 03:36:52,BUY,0.3000,0.4000,0
2024.03.22 10:13:44,BUY,0.3000,0.0000,1
2024.03.22 10:18:57,BUY,0.0000,0.0000,1
2024.03.22 11:00:05,SELL,0.3000,-0.1000,0
2024.03.25 03:15:30,SELL,0.3000,-0.2000,0
2024.03.25 03:38:47,SELL,0.0000,0.0000,0
2024.03.25 07:58:29,SELL,0.3000,0.4000,0
2024.03.25 10:38:02,BUY,0.3000,-0.4000,0
2024.03.25 15:34:50,SELL,0.2000,0.2000,1
2024.03.26 14:23:22,BUY,0.2000,-0.1000,0
2024.03.26 14:43:48,BUY,0.0000,0.3000,1
2024.03.26 15:23:14,BUY,0.2000,0.0000,3
2024.03.26 17:57:15,BUY,0.2000,0.1000,0
2024.03.27 09:28:13,BUY,0.3000,0.0000,0
2024.03.27 10:08:58,SELL,0.1000,-0.3000,0
2024.03.27 13:54:36,BUY,0.2000,0.0000,0
2024.03.27 23:03:52,BUY,5.7000,0.3000,0
2024.03.28 00:00:18,BUY,2.9000,0.4000,0
2024.03.28 04:14:49,SELL,0.1000,0.2000,5
2024.03.28 09:18:46,BUY,0.2000,-0.1000,1
2024.03.28 10:03:49,BUY,0.2000,0.1000,0
2024.03.28 10:09:49,BUY,0.2000,-0.1000,0
2024.03.28 11:03:54,BUY,0.3000,-0.1000,1
2024.03.28 12:33:45,SELL,0.0000,-0.1000,0
2024.03.28 14:57:41,SELL,0.1000,0.0000,0
2024.03.28 15:03:35,SELL,0.2000,0.2000,0
2024.03.28 15:08:53,BUY,0.2000,0.1000,1
2024.03.28 15:38:35,BUY,0.1000,0.4000,1
2024.03.28 15:48:04,SELL,0.2000,0.2000,0
2024.03.28 16:00:08,SELL,0.3000,0.0000,0
2024.03.28 16:48:03,BUY,0.1000,-0.1000,0
2024.03.28 17:56:46,SELL,0.2000,0.0000,1
2024.03.28 18:07:26,BUY,0.1000,0.1000,1
2024.03.29 09:45:29,BUY,0.7000,-0.5000,0
2024.03.29 14:30:28,SELL,0.7000,0.6000,0
2024.03.29 14:39:57,SELL,0.7000,0.3000,0
2024.03.29 17:02:00,BUY,0.7000,0.1000,0
2024.03.29 22:09:19,BUY,10.4000,-1.5000,1
2024.03.29 22:44:26,BUY,13.6000,0.4000,2
2024.03.29 22:50:44,BUY,12.0000,-0.7000,0
2024.03.29 22:55:45,BUY,13.4000,0.0000,3
2024.04.01 00:01:14,BUY,4.1000,0.0000,55
2024.04.01 00:20:36,BUY,11.2000,0.3000,11
2024.04.01 01:00:00,BUY,4.6000,-0.1000,0
2024.04.01 17:00:00,BUY,0.7000,-1.1000,0
2024.04.01 17:17:56,BUY,0.0000,-0.1000,1
2024.04.01 17:39:14,BUY,0.2000,0.1000,1
2024.04.02 00:02:14,BUY,9.1000,-0.3000,1
2024.04.02 03:54:14,SELL,0.0000,0.1000,0
2024.04.02 10:54:41,SELL,0.1000,0.1000,2
2024.04.02 11:00:32,BUY,0.2000,-0.4000,0
2024.04.02 11:06:54,SELL,0.1000,-0.4000,0
2024.04.02 11:19:37,BUY,0.0000,0.1000,0
2024.04.02 12:07:51,SELL,0.0000,-0.1000,1
2024.04.02 15:38:31,SELL,0.2000,-0.1000,1
2024.04.02 16:14:16,SELL,0.1000,0.1000,0
2024.04.02 16:37:54,SELL,0.1000,0.2000,1
2024.04.02 17:00:01,BUY,0.7000,0.4000,1
2024.04.02 17:07:51,BUY,0.2000,0.1000,0
2024.04.02 17:22:59,SELL,0.1000,-0.1000,0
2024.04.02 17:34:55,BUY,0.3000,-0.2000,0
2024.04.02 17:53:32,BUY,0.2000,0.1000,1
2024.04.03 12:49:48,SELL,0.3000,0.1000,1
2024.04.03 14:11:43,SELL,0.1000,-0.3000,0
2024.04.03 15:22:44,BUY,0.2000,-0.2000,0
2024.04.03 15:36:24,BUY,0.2000,0.1000,1
2024.04.03 16:01:19,SELL,0.0000,0.1000,0
2024.04.03 17:00:00,SELL,0.7000,-2.6000,0
2024.04.03 17:14:31,SELL,0.2000,0.1000,1
2024.04.03 17:43:19,SELL,0.2000,0.0000,0
2024.04.03 18:23:03,SELL,0.0000,-0.1000,0
2024.04.03 19:24:04,SELL,0.1000,0.1000,1
2024.04.03 19:38:53,BUY,0.1000,0.3000,0
2024.04.04 00:01:00,BUY,13.4000,-4.5000,1
2024.04.04 11:29:15,SELL,0.1000,0.2000,1
2024.04.04 15:49:04,SELL,0.0000,0.0000,1
2024.04.04 16:17:29,SELL,0.2000,-0.2000,1
2024.04.04 16:43:00,SELL,0.2000,-0.3000,1
2024.04.04 22:49:13,BUY,0.3000,0.0000,0
2024.04.05 00:01:00,BUY,10.7000,7.0000,1
2024.04.05 09:12:43,BUY,0.3000,-0.2000,1
2024.04.05 10:47:43,SELL,0.0000,0.5000,0
2024.04.05 15:03:33,SELL,0.1000,0.1000,2
2024.04.05 15:30:01,BUY,0.7000,-11.3000,0
2024.04.05 15:37:52,SELL,0.2000,0.6000,1
2024.04.05 15:43:44,SELL,0.0000,0.1000,0
2024.04.05 15:48:44,BUY,0.1000,-0.2000,0
2024.04.05 15:59:04,SELL,0.1000,0.0000,0
2024.04.05 16:05:46,BUY,0.2000,-0.2000,0
2024.04.05 16:14:34,BUY,0.2000,0.1000,1
2024.04.05 16:19:34,SELL,0.3000,0.0000,0
2024.04.05 16:52:58,SELL,0.2000,-0.2000,0
2024.04.05 17:11:27,SELL,0.1000,-0.1000,1
2024.04.05 17:24:57,SELL,0.0000,0.1000,2
2024.04.05 17:54:21,BUY,0.3000,0.2000,0
2024.04.05 18:06:26,SELL,0.1000,0.3000,0
2024.04.05 18:38:49,SELL,0.3000,0.0000,0
2024.04.05 18:46:55,SELL,0.2000,-0.1000,2
2024.04.08 15:49:05,SELL,0.2000,0.1000,0
2024.04.08 16:03:51,SELL,0.1000,0.1000,1
2024.04.08 16:34:40,SELL,0.1000,0.0000,0
2024.04.08 17:28:14,SELL,0.1000,0.2000,0
2024.04.08 17:52:27,SELL,0.1000,0.1000,0
2024.04.08 17:58:16,BUY,0.0000,0.0000,6
2024.04.09 00:01:00,BUY,22.5000,-7.4000,1
2024.04.09 15:34:14,SELL,0.2000,-0.2000,0
2024.04.09 17:38:00,BUY,0.1000,0.0000,0
2024.04.09 17:43:31,BUY,0.1000,-0.1000,1
2024.04.09 17:51:28,SELL,0.1000,0.0000,0
2024.04.10 15:30:01,BUY,0.7000,-2.9000,0
2024.04.10 15:36:35,BUY,0.5000,0.2000,0
2024.04.10 15:45:53,SELL,0.2000,0.2000,0
2024.04.10 15:53:05,SELL,0.1000,0.1000,1
2024.04.10 15:58:05,BUY,0.1000,0.0000,0
2024.04.10 16:03:29,BUY,0.2000,0.3000,1
2024.04.10 16:09:57,BUY,0.2000,0.4000,0
2024.04.10 16:15:20,SELL,0.1000,-0.2000,1
2024.04.10 16:28:23,SELL,0.0000,0.3000,0
2024.04.10 16:34:07,BUY,0.3000,-0.5000,0
2024.04.10 16:45:29,BUY,0.3000,-0.4000,0
2024.04.10 17:04:57,BUY,0.3000,-0.1000,1
2024.04.10 17:09:57,SELL,0.2000,0.4000,0
2024.04.10 17:19:02,SELL,0.1000,0.2000,1
2024.04.10 17:24:46,SELL,0.2000,-0.2000,0
2024.04.10 17:29:46,BUY,0.2000,-0.4000,0
2024.04.10 17:42:20,BUY,0.1000,0.0000,0
2024.04.10 18:42:50,BUY,0.4000,0.5000,0
2024.04.10 20:17:37,SELL,0.1000,-0.1000,0
2024.04.10 20:23:07,SELL,0.1000,0.0000,1
2024.04.10 20:31:24,SELL,0.1000,0.4000,0
2024.04.10 20:36:48,BUY,0.2000,0.0000,0
2024.04.10 20:53:32,SELL,0.1000,0.1000,0
2024.04.10 21:17:37,BUY,0.2000,0.0000,1
2024.04.10 21:57:46,BUY,0.3000,0.0000,1
2024.04.11 09:58:37,BUY,0.3000,-0.2000,1
2024.04.11 10:07:42,SELL,0.1000,-0.2000,1
2024.04.11 10:39:12,BUY,0.2000,-0.1000,1
2024.04.11 11:47:00,BUY,0.3000,0.0000,1
2024.04.11 15:15:30,BUY,0.7000,-0.4000,0
2024.04.11 15:29:09,SELL,0.2000,0.2000,1
2024.04.11 15:34:09,SELL,0.2000,-0.1000,0
2024.04.11 15:39:38,BUY,0.2000,0.1000,1
2024.04.11 15:44:39,BUY,0.0000,0.3000,0
2024.04.11 15:49:39,SELL,0.2000,0.3000,0
2024.04.11 15:54:51,SELL,0.2000,0.4000,0
2024.04.11 16:01:10,BUY,0.0000,0.4000,0
2024.04.11 16:06:35,SELL,0.1000,0.2000,0
2024.04.11 16:26:27,SELL,0.2000,-0.4000,0
2024.04.11 16:31:28,BUY,0.1000,0.0000,0
2024.04.11 16:38:36,BUY,0.1000,0.4000,0
2024.04.11 17:00:33,BUY,0.1000,0.4000,0
2024.04.11 17:18:00,BUY,0.3000,0.0000,0
2024.04.11 17:28:42,BUY,0.1000,0.2000,0
2024.04.11 17:42:29,BUY,0.2000,0.3000,0
2024.04.11 18:04:46,SELL,0.2000,0.1000,1
2024.04.11 18:17:37,SELL,0.1000,0.0000,0
2024.04.11 18:29:23,BUY,0.2000,-0.1000,1
2024.04.11 18:37:25,SELL,0.1000,-0.5000,0
2024.04.11 21:07:45,SELL,0.1000,0.0000,1
2024.04.12 09:03:00,BUY,0.2000,-0.1000,1
2024.04.12 09:37:08,BUY,0.1000,0.0000,0
2024.04.12 09:44:06,BUY,0.3000,-0.2000,0
2024.04.12 10:32:39,SELL,0.0000,0.1000,0
2024.04.12 11:19:23,SELL,0.2000,-0.1000,0
2024.04.12 11:58:09,BUY,0.1000,0.2000,1
2024.04.12 12:18:48,BUY,0.3000,-0.2000,0
2024.04.12 12:23:48,BUY,0.2000,-0.1000,0
2024.04.12 12:39:06,BUY,0.2000,0.0000,0
2024.04.12 13:22:00,BUY,0.1000,0.2000,0
2024.04.12 13:48:18,BUY,0.3000,0.0000,0
2024.04.12 14:14:06,SELL,0.0000,0.0000,1
2024.04.12 14:57:07,BUY,0.2000,-0.1000,0
2024.04.12 15:39:48,BUY,0.3000,0.0000,2
2024.04.12 15:44:50,BUY,0.1000,0.1000,1
2024.04.12 15:54:38,SELL,0.2000,0.1000,1
2024.04.12 16:08:48,BUY,0.1000,0.1000,0
2024.04.12 16:13:48,SELL,0.2000,0.1000,0
2024.04.12 16:19:02,BUY,0.2000,0.0000,0
2024.04.12 16:48:15,SELL,0.1000,0.2000,0
2024.04.12 16:58:42,SELL,0.1000,0.1000,0
2024.04.12 17:07:23,BUY,0.2000,0.2000,0
2024.04.12 17:19:59,BUY,0.1000,0.1000,1
2024.04.12 17:39:22,SELL,0.2000,0.1000,1
2024.04.12 17:54:14,SELL,0.2000,0.2000,1
2024.04.12 20:48:41,SELL,0.2000,0.0000,0
2024.04.15 00:00:47,BUY,2.0000,1.1000,16
2024.04.15 00:16:46,SELL,2.7000,2.6000,4
2024.04.15 01:02:09,SELL,2.9000,0.1000,0
2024.04.15 05:03:50,SELL,0.2000,0.0000,1
2024.04.15 10:54:21,SELL,0.2000,-0.3000,0
2024.04.15 14:14:56,SELL,0.1000,0.0000,0
2024.04.15 15:30:00,BUY,0.7000,-3.5000,0
2024.04.15 15:36:07,SELL,0.2000,0.0000,0
2024.04.15 15:41:33,SELL,0.1000,0.4000,0
2024.04.15 15:54:46,SELL,0.2000,-0.1000,2
2024.04.15 16:00:22,SELL,0.2000,-0.1000,1
2024.04.15 16:12:34,BUY,0.1000,0.1000,1
2024.04.15 16:24:10,BUY,0.3000,-0.1000,6
2024.04.15 16:43:51,BUY,0.3000,0.1000,0
2024.04.15 16:54:48,BUY,0.2000,0.1000,0
2024.04.15 17:04:43,BUY,0.2000,-0.1000,0
2024.04.15 17:18:45,SELL,0.2000,0.1000,1
2024.04.15 17:23:45,BUY,0.2000,-0.1000,1
2024.04.15 17:31:19,SELL,0.2000,0.1000,1
2024.04.15 17:36:20,SELL,0.3000,-0.5000,0
2024.04.15 17:46:33,BUY,0.2000,0.1000,0
2024.04.15 18:06:30,SELL,0.2000,0.1000,1
2024.04.15 18:14:07,SELL,0.0000,0.0000,0
2024.04.16 04:15:59,BUY,0.7000,-1.1000,0
2024.04.16 04:22:23,SELL,0.2000,0.0000,1
2024.04.16 09:08:47,BUY,0.3000,0.0000,0
2024.04.16 10:04:12,SELL,0.1000,-0.1000,0
2024.04.16 10:23:35,SELL,0.2000,0.1000,0
2024.04.16 10:34:47,BUY,0.1000,-0.1000,1
2024.04.16 10:58:12,SELL,0.0000,0.1000,0
2024.04.16 11:04:59,SELL,0.2000,-0.3000,0
2024.04.16 12:00:09,SELL,0.2000,0.0000,0
2024.04.16 12:07:22,SELL,0.1000,0.1000,0
2024.04.16 12:14:33,SELL,0.1000,0.0000,0
2024.04.16 12:22:26,BUY,0.2000,-0.1000,0
2024.04.16 14:49:52,SELL,0.1000,-0.1000,0
2024.04.16 15:14:59,SELL,0.1000,0.0000,0
2024.04.16 15:32:16,SELL,0.1000,0.0000,1
2024.04.16 15:38:43,SELL,0.2000,-0.2000,0
2024.04.16 15:49:01,BUY,0.2000,0.0000,0
2024.04.16 16:13:07,BUY,0.2000,0.1000,0
2024.04.16 16:27:43,SELL,0.1000,-0.1000,1
2024.04.16 16:39:11,SELL,0.2000,0.5000,0
2024.04.16 16:47:55,BUY,0.1000,0.0000,1
2024.04.16 16:53:01,BUY,0.2000,0.0000,0
2024.04.16 17:04:11,SELL,0.1000,0.0000,2
2024.04.16 17:09:54,SELL,0.1000,0.2000,1
2024.04.16 17:15:32,SELL,0.2000,0.3000,0
2024.04.16 17:21:40,BUY,0.2000,0.1000,0
2024.04.16 17:28:21,BUY,0.0000,0.0000,1
2024.04.16 18:07:42,SELL,0.2000,-0.1000,0
2024.04.16 18:14:56,BUY,0.1000,0.0000,0
2024.04.16 18:22:02,BUY,0.2000,-0.1000,1
2024.04.16 19:03:48,BUY,0.2000,0.1000,1
2024.04.16 19:19:25,BUY,0.1000,0.3000,1
2024.04.16 19:49:50,SELL,0.1000,0.1000,0
2024.04.16 20:03:07,BUY,0.2000,-0.2000,0
2024.04.16 20:29:51,BUY,0.2000,-0.4000,0
2024.04.16 20:34:51,BUY,0.2000,0.4000,0
2024.04.16 20:39:57,SELL,0.2000,-0.1000,1
2024.04.16 20:44:58,SELL,0.2000,0.0000,1
2024.04.16 20:49:58,BUY,0.3000,-0.1000,0
2024.04.16 21:07:25,SELL,0.2000,-0.6000,1
2024.04.16 21:13:52,BUY,0.1000,0.1000,0
2024.04.16 21:34:21,SELL,0.2000,-0.5000,1
2024.04.16 21:52:39,SELL,0.0000,0.1000,0
2024.04.16 22:34:18,BUY,0.3000,0.0000,1
2024.04.17 00:02:05,BUY,9.9000,-0.2000,56
2024.04.17 00:14:00,BUY,5.3000,0.0000,1
2024.04.17 00:51:35,SELL,4.6000,4.0000,6
2024.04.17 09:01:51,BUY,0.2000,0.0000,0
2024.04.17 09:09:30,SELL,0.2000,0.2000,0
2024.04.17 09:33:08,SELL,0.1000,-0.1000,1
2024.04.17 09:38:46,SELL,0.2000,-0.1000,0
2024.04.17 09:53:22,SELL,0.2000,0.1000,0
2024.04.17 10:01:34,BUY,0.1000,0.1000,0
2024.04.17 10:18:32,BUY,0.1000,0.3000,1
2024.04.17 10:26:48,SELL,0.2000,0.2000,0
2024.04.17 10:59:24,BUY,0.0000,0.0000,1
2024.04.17 11:19:16,SELL,0.1000,0.1000,0
2024.04.17 11:24:16,SELL,0.3000,-0.1000,0
2024.04.17 11:48:38,BUY,0.3000,-0.1000,0
2024.04.17 11:56:37,BUY,0.1000,0.1000,0
2024.04.17 12:12:04,SELL,0.4000,-0.1000,1
2024.04.17 14:04:18,SELL,0.2000,-0.1000,2
2024.04.17 14:23:38,BUY,0.3000,-0.1000,0
2024.04.17 14:56:47,BUY,0.2000,0.0000,1
2024.04.17 15:04:31,SELL,0.2000,-0.1000,0
2024.04.17 15:22:15,BUY,0.2000,-0.4000,0
2024.04.17 16:14:48,SELL,0.0000,-0.3000,0
2024.04.17 17:22:55,BUY,0.2000,0.1000,0
2024.04.17 17:53:17,BUY,0.1000,0.6000,0
2024.04.17 17:58:17,SELL,0.1000,0.0000,0
2024.04.17 18:04:45,SELL,0.0000,0.0000,0
2024.04.17 19:04:13,BUY,0.0000,0.2000,0
2024.04.17 19:11:54,SELL,0.0000,-0.3000,0
2024.04.17 19:25:57,SELL,0.3000,-0.2000,0
2024.04.17 19:49:14,SELL,0.2000,0.0000,0
2024.04.17 20:02:01,SELL,0.1000,-0.3000,0
2024.04.17 20:07:06,SELL,0.2000,0.0000,1
2024.04.17 21:09:41,SELL,0.2000,0.0000,1
2024.04.17 21:53:01,BUY,0.1000,0.2000,1
2024.04.18 05:14:04,SELL,0.2000,-0.1000,0
2024.04.18 11:09:27,BUY,0.2000,0.0000,0
2024.04.18 12:38:22,BUY,0.1000,0.0000,0
2024.04.18 15:23:56,BUY,0.0000,0.1000,0
2024.04.18 15:29:14,SELL,0.4000,0.1000,0
2024.04.18 15:34:14,BUY,0.3000,-0.1000,1
2024.04.18 15:48:00,SELL,0.2000,-0.6000,0
2024.04.18 16:17:42,BUY,0.2000,-0.1000,0
2024.04.18 16:22:42,SELL,0.0000,0.5000,0
2024.04.18 16:32:57,SELL,0.1000,0.1000,0
2024.04.18 16:37:57,BUY,0.2000,-0.1000,0
2024.04.18 17:06:25,SELL,0.1000,0.1000,0
2024.04.18 18:09:54,SELL,0.1000,0.1000,1
2024.04.18 20:29:52,SELL,0.1000,0.1000,1
2024.04.19 04:36:33,BUY,0.5000,0.1000,0
2024.04.19 04:47:56,SELL,0.2000,-0.1000,0
2024.04.19 04:57:44,BUY,0.2000,0.0000,0
2024.04.19 05:10:49,BUY,0.3000,0.1000,0
2024.04.19 05:24:37,SELL,0.1000,-0.4000,1
2024.04.19 05:29:49,SELL,0.3000,-0.1000,0
2024.04.19 05:47:51,BUY,0.2000,-0.2000,0
2024.04.19 06:11:00,SELL,0.5000,0.0000,0
2024.04.19 06:26:57,SELL,0.1000,0.1000,1
2024.04.19 07:01:54,SELL,0.2000,-0.1000,0
2024.04.19 09:11:48,SELL,0.2000,0.1000,0
2024.04.19 09:36:57,SELL,0.1000,0.0000,0
2024.04.19 10:09:13,SELL,0.1000,0.0000,0
2024.04.19 10:26:43,SELL,0.3000,-0.2000,0
2024.04.19 11:44:22,BUY,0.3000,-0.3000,2
2024.04.19 12:59:01,BUY,0.0000,-0.2000,1
2024.04.19 13:32:05,SELL,0.2000,-0.1000,1
2024.04.19 14:13:48,BUY,0.2000,0.1000,0
2024.04.19 15:32:07,SELL,0.2000,0.2000,1
2024.04.19 15:54:42,BUY,0.1000,0.2000,1
2024.04.19 16:12:38,BUY,0.2000,-0.1000,1
2024.04.19 16:18:50,SELL,0.2000,-0.6000,2
2024.04.19 16:24:28,SELL,0.2000,-0.1000,1
2024.04.19 16:49:54,BUY,0.2000,0.0000,0
2024.04.19 17:26:00,SELL,0.2000,0.4000,0
2024.04.19 18:43:37,BUY,0.2000,0.1000,1
2024.04.19 19:09:54,BUY,0.2000,0.1000,0
2024.04.19 19:18:50,BUY,0.3000,-0.1000,1
2024.04.19 19:32:56,SELL,0.2000,0.1000,1
2024.04.19 20:29:43,BUY,0.3000,0.2000,1
2024.04.22 00:02:02,BUY,13.5000,0.0000,60
2024.04.22 00:09:31,SELL,11.8000,-2.2000,0
2024.04.22 04:24:10,SELL,0.2000,-0.2000,1
2024.04.22 10:18:22,BUY,0.2000,0.0000,1
2024.04.22 10:49:25,SELL,0.2000,0.1000,1
2024.04.22 11:59:53,BUY,0.2000,0.2000,2
2024.04.22 12:33:23,BUY,0.2000,0.0000,1
2024.04.22 13:29:12,SELL,0.2000,0.1000,0
2024.04.22 15:14:58,SELL,0.1000,-0.3000,0
2024.04.22 16:44:52,SELL,0.2000,-0.1000,0
2024.04.23 10:15:00,SELL,0.7000,-0.2000,0
2024.04.23 10:24:04,SELL,0.2000,-0.2000,1
2024.04.23 10:29:09,SELL,0.3000,0.4000,0
2024.04.23 10:34:09,SELL,0.3000,0.0000,0
2024.04.23 10:39:09,BUY,0.2000,0.3000,1
2024.04.23 11:01:50,BUY,0.3000,-0.5000,1
2024.04.23 11:18:21,SELL,0.0000,0.1000,0
2024.04.23 11:24:50,BUY,0.3000,-0.1000,1
2024.04.23 11:47:13,BUY,0.3000,0.0000,1
2024.04.23 12:02:31,BUY,0.2000,-0.1000,1
2024.04.23 12:47:52,BUY,0.3000,0.1000,1
2024.04.23 14:16:37,SELL,0.2000,-0.1000,2
2024.04.23 14:24:47,SELL,0.2000,0.0000,1
2024.04.23 15:59:55,SELL,0.2000,0.1000,4
2024.04.23 16:36:21,BUY,0.2000,0.1000,0
2024.04.23 16:45:00,SELL,0.7000,-3.6000,0
2024.04.23 16:52:06,SELL,0.3000,-0.1000,1
2024.04.23 16:57:06,SELL,0.3000,-0.1000,0
2024.04.23 17:02:45,BUY,0.2000,-0.1000,1
2024.04.23 17:07:51,SELL,0.2000,-0.3000,0
2024.04.23 17:12:51,SELL,0.2000,0.3000,0
2024.04.23 17:17:51,SELL,0.2000,0.1000,1
2024.04.23 17:25:56,BUY,0.2000,0.0000,1
2024.04.23 17:31:56,SELL,0.1000,-0.1000,2
2024.04.23 17:54:04,BUY,0.2000,-0.1000,1
2024.04.23 18:02:52,BUY,0.1000,0.0000,1
2024.04.23 18:14:48,SELL,0.2000,-0.1000,1
2024.04.23 18:44:54,BUY,0.2000,-0.2000,1
2024.04.24 09:12:55,BUY,0.3000,0.0000,2
2024.04.24 11:34:33,BUY,0.1000,0.2000,1
2024.04.24 15:12:42,BUY,0.2000,0.1000,1
2024.04.24 15:41:27,BUY,0.2000,0.4000,1
2024.04.24 15:54:36,SELL,0.1000,-0.2000,1
2024.04.24 17:06:00,SELL,0.2000,0.1000,2
2024.04.24 18:18:41,SELL,0.2000,0.0000,4
2024.04.24 18:43:26,BUY,0.2000,-0.2000,2
2024.04.24 22:09:21,SELL,0.1000,-0.2000,0
2024.04.25 00:01:44,BUY,7.0000,-1.6000,0
2024.04.25 15:30:11,SELL,0.7000,-1.8000,0
2024.04.25 15:36:17,SELL,0.3000,0.1000,0
2024.04.25 15:42:08,SELL,0.4000,-0.1000,0
2024.04.25 15:53:39,BUY,0.2000,0.0000,1
2024.04.25 16:01:09,SELL,0.2000,-0.5000,1
2024.04.25 16:07:36,BUY,0.3000,-0.1000,0
2024.04.25 16:13:13,BUY,0.3000,-0.5000,0
2024.04.25 16:18:14,SELL,0.2000,-0.1000,1
2024.04.25 16:23:14,SELL,0.1000,0.3000,0
2024.04.25 16:28:14,BUY,0.3000,-0.2000,1
2024.04.25 16:33:22,BUY,0.0000,0.2000,2
2024.04.25 16:42:46,SELL,0.3000,-0.1000,2
2024.04.25 16:58:26,SELL,0.3000,-0.3000,0
2024.04.25 17:03:26,BUY,0.2000,0.3000,0
2024.04.25 17:11:00,SELL,0.1000,0.5000,1
2024.04.25 17:18:05,SELL,0.1000,0.1000,1
2024.04.25 17:31:17,SELL,0.3000,0.0000,0
2024.04.25 17:37:16,SELL,0.2000,0.3000,1
2024.04.25 17:42:16,BUY,0.1000,0.1000,0
2024.04.25 18:28:55,SELL,0.2000,0.1000,1
2024.04.25 19:44:15,SELL,0.2000,0.7000,1
2024.04.25 19:49:16,SELL,0.2000,0.0000,1
2024.04.26 00:01:01,BUY,12.2000,-4.5000,0
2024.04.26 09:44:49,SELL,0.2000,0.3000,1
2024.04.26 11:01:26,SELL,0.1000,0.5000,1
2024.04.26 14:39:04,BUY,0.2000,0.0000,1
2024.04.26 15:30:04,SELL,0.7000,-2.8000,0
2024.04.26 15:38:37,SELL,0.1000,0.2000,0
2024.04.26 15:43:37,BUY,0.2000,0.2000,0
2024.04.26 15:48:37,BUY,0.2000,-0.8000,0
2024.04.26 15:56:47,SELL,0.2000,0.1000,0
2024.04.26 16:01:50,SELL,0.1000,0.1000,1
2024.04.26 16:13:35,BUY,0.2000,0.1000,0
2024.04.26 16:42:34,BUY,0.3000,0.1000,1
2024.04.26 17:06:17,BUY,0.0000,0.3000,0
2024.04.26 17:19:22,BUY,0.1000,-0.1000,1
2024.04.26 17:51:24,BUY,0.2000,0.2000,0
2024.04.26 18:08:32,BUY,0.3000,0.0000,0
2024.04.26 18:39:04,SELL,0.1000,0.1000,1
2024.04.26 18:53:32,BUY,0.2000,0.1000,0
2024.04.29 00:02:06,BUY,11.4000,0.0000,61
2024.04.29 00:07:13,SELL,10.1000,1.0000,0
2024.04.29 07:14:32,SELL,0.3000,0.3000,1
2024.04.29 10:00:10,BUY,0.1000,0.2000,1
2024.04.29 10:12:51,SELL,0.3000,-0.3000,0
2024.04.29 10:27:09,BUY,0.2000,0.0000,0
2024.04.29 10:34:22,SELL,0.1000,-0.1000,1
2024.04.29 10:39:54,SELL,0.1000,0.4000,0
2024.04.29 10:44:54,BUY,0.3000,0.0000,3
2024.04.29 11:01:33,SELL,0.2000,0.5000,1
2024.04.29 11:13:28,SELL,0.2000,-0.6000,0
2024.04.29 11:18:36,BUY,0.3000,0.4000,1
2024.04.29 11:23:52,SELL,0.2000,0.4000,0
2024.04.29 11:36:26,BUY,0.3000,-0.1000,0
2024.04.29 11:42:47,BUY,0.2000,0.1000,1
2024.04.29 11:47:48,BUY,0.2000,0.1000,0
2024.04.29 12:11:57,BUY,0.2000,0.5000,1
2024.04.29 12:27:42,SELL,0.2000,0.0000,4
2024.04.29 14:33:08,BUY,0.2000,-0.1000,1
2024.04.29 15:57:58,BUY,0.0000,0.0000,2
2024.04.29 16:34:08,BUY,0.3000,-0.4000,0
2024.04.29 17:02:30,SELL,0.2000,-0.1000,0
2024.04.29 18:03:46,SELL,0.3000,-0.1000,2
2024.04.29 19:43:16,SELL,0.3000,-0.2000,0
2024.04.29 22:01:01,BUY,0.2000,-0.1000,1
2024.04.30 09:09:16,BUY,0.3000,0.0000,1
2024.04.30 09:45:09,SELL,0.2000,-1.1000,1
2024.04.30 11:57:25,SELL,0.0000,-0.4000,5
2024.04.30 12:02:25,SELL,0.2000,-0.5000,1
2024.04.30 12:14:45,BUY,0.2000,-0.3000,0
2024.04.30 12:28:48,SELL,0.2000,0.0000,1
2024.04.30 15:30:01,BUY,0.7000,-6.1000,0
2024.04.30 15:42:42,SELL,0.2000,0.3000,0
2024.04.30 15:50:38,BUY,0.2000,0.1000,1
2024.04.30 15:57:44,BUY,0.1000,0.1000,1
2024.04.30 16:03:48,SELL,0.2000,-0.6000,0
2024.04.30 16:14:16,SELL,0.3000,-0.6000,1
2024.04.30 16:19:22,BUY,0.2000,-0.2000,1
2024.04.30 16:26:40,SELL,0.1000,-0.1000,1
2024.04.30 16:42:00,SELL,0.7000,-1.0000,0
2024.04.30 16:54:10,BUY,0.3000,-0.1000,0
2024.04.30 17:00:13,SELL,0.7000,-0.9000,0
2024.04.30 17:05:31,SELL,0.3000,-0.2000,1
2024.04.30 17:12:50,BUY,0.2000,0.0000,1
2024.04.30 17:17:50,SELL,0.2000,0.1000,2
2024.04.30 17:34:20,BUY,0.2000,0.4000,1
2024.04.30 17:39:24,BUY,0.3000,0.0000,1
2024.04.30 17:53:00,BUY,0.3000,-0.1000,1
2024.04.30 18:02:49,SELL,0.2000,-0.5000,0
2024.04.30 18:12:50,BUY,0.2000,0.1000,1
2024.04.30 19:48:09,SELL,0.2000,0.1000,4
2024.05.01 00:09:53,SELL,2.5000,0.3000,3
2024.05.01 03:23:04,BUY,0.2000,0.3000,0
2024.05.01 10:03:56,SELL,0.2000,-0.1000,1
2024.05.01 15:32:07,SELL,0.2000,0.1000,0
2024.05.01 15:38:27,SELL,0.1000,0.2000,0
2024.05.01 16:19:59,BUY,0.2000,0.0000,1
2024.05.01 17:00:01,SELL,0.7000,-1.1000,0
2024.05.01 17:05:46,SELL,0.2000,-1.1000,0
2024.05.01 17:29:46,SELL,0.3000,-0.2000,0
2024.05.01 21:00:05,SELL,0.7000,-2.5000,0
2024.05.01 21:05:42,BUY,0.4000,0.3000,1
2024.05.01 21:23:41,SELL,0.2000,-0.1000,0
2024.05.01 21:29:31,SELL,0.4000,-0.1000,0
2024.05.01 21:34:41,SELL,0.4000,-0.7000,0
2024.05.01 21:39:41,SELL,0.4000,-0.5000,0
2024.05.01 21:44:41,SELL,0.5000,0.0000,1
2024.05.01 21:56:21,BUY,0.1000,0.3000,1
2024.05.01 22:03:24,BUY,0.2000,0.0000,1
2024.05.01 22:12:03,BUY,0.2000,0.2000,1
2024.05.01 22:18:37,BUY,0.3000,-0.1000,0
2024.05.01 22:24:28,SELL,0.2000,0.2000,0
2024.05.01 22:29:28,BUY,0.2000,0.0000,0
2024.05.01 22:39:13,BUY,0.2000,-0.2000,1
2024.05.01 22:52:14,BUY,0.1000,0.2000,0
2024.05.01 23:19:49,SELL,0.9000,-0.2000,1
2024.05.01 23:25:55,SELL,0.9000,-0.5000,1
2024.05.01 23:52:55,BUY,1.3000,-0.5000,1
2024.05.01 23:59:31,BUY,1.7000,0.1000,0
2024.05.02 00:54:00,SELL,4.6000,-0.8000,5
2024.05.02 01:00:12,SELL,4.6000,3.5000,2
2024.05.02 03:02:15,BUY,0.2000,0.2000,1
2024.05.02 05:04:29,SELL,0.3000,0.1000,0
2024.05.02 09:13:50,SELL,0.3000,0.1000,1
2024.05.02 09:38:55,BUY,0.3000,0.1000,0
2024.05.02 10:19:21,SELL,0.2000,-0.1000,0
2024.05.02 10:24:21,SELL,0.2000,0.2000,0
2024.05.02 10:57:48,BUY,0.2000,-0.1000,0
2024.05.02 11:13:58,BUY,0.1000,0.2000,1
2024.05.02 12:28:05,BUY,0.2000,-0.4000,0
2024.05.02 14:22:20,BUY,0.2000,-0.1000,1
2024.05.02 15:30:03,BUY,0.6000,1.0000,1
2024.05.02 15:36:31,SELL,0.2000,0.0000,1
2024.05.02 15:54:03,BUY,0.2000,0.1000,3
2024.05.02 16:09:20,BUY,0.2000,-0.1000,1
2024.05.02 16:28:14,BUY,0.3000,0.2000,0
2024.05.02 16:38:41,BUY,0.4000,0.6000,1
2024.05.02 16:44:57,SELL,0.2000,0.1000,0
2024.05.02 16:49:57,BUY,0.2000,-0.1000,0
2024.05.02 17:02:00,BUY,0.1000,-0.2000,0
2024.05.02 17:09:20,BUY,0.2000,-0.1000,1
2024.05.02 17:24:06,SELL,0.2000,-0.2000,1
2024.05.02 17:43:14,BUY,0.2000,-0.3000,1
2024.05.02 17:48:20,SELL,0.2000,0.1000,1
2024.05.02 18:08:29,SELL,0.2000,0.2000,0
2024.05.02 18:37:25,SELL,0.0000,0.1000,1
2024.05.02 19:44:17,SELL,0.2000,0.1000,2
2024.05.03 00:02:00,BUY,9.1000,-1.3000,0
2024.05.03 01:00:16,SELL,1.1000,0.2000,1
2024.05.03 09:29:33,SELL,0.2000,-0.2000,4
2024.05.03 11:04:11,SELL,0.1000,-0.8000,1
2024.05.03 15:14:51,SELL,0.2000,0.2000,1
2024.05.03 15:30:01,SELL,0.7000,-5.5000,0
2024.05.03 15:36:01,SELL,0.2000,-0.3000,0
2024.05.03 15:41:37,BUY,0.2000,-0.3000,0
2024.05.03 15:49:11,BUY,0.3000,-0.2000,0
2024.05.03 15:55:50,SELL,0.3000,0.1000,1
2024.05.03 16:00:51,BUY,0.2000,-0.4000,1
2024.05.03 16:11:41,SELL,0.3000,-0.1000,1
2024.05.03 16:18:14,BUY,0.2000,0.0000,1
2024.05.03 16:23:15,BUY,0.3000,-0.2000,1
2024.05.03 16:32:23,BUY,0.2000,-0.5000,1
2024.05.03 16:38:19,SELL,0.2000,-0.6000,0
2024.05.03 16:43:19,SELL,0.3000,-0.1000,1
2024.05.03 16:51:03,BUY,0.2000,0.0000,2
2024.05.03 17:00:00,SELL,0.7000,0.3000,0
2024.05.03 17:05:35,SELL,0.3000,0.8000,0
2024.05.03 17:12:05,BUY,0.0000,-0.1000,1
2024.05.03 17:17:05,BUY,0.3000,-0.1000,0
2024.05.03 17:22:35,BUY,0.1000,0.5000,1
2024.05.03 17:27:37,BUY,0.2000,0.7000,1
2024.05.03 17:36:30,SELL,0.2000,0.4000,2
2024.05.03 18:02:14,SELL,0.2000,0.1000,1
2024.05.03 18:32:47,SELL,0.1000,0.1000,1
2024.05.06 13:28:29,BUY,0.3000,-0.1000,0
2024.05.07 09:33:06,BUY,0.2000,0.2000,1
2024.05.07 11:04:39,BUY,0.3000,0.0000,0
2024.05.07 18:58:34,BUY,0.3000,-0.2000,0
2024.05.07 19:04:53,SELL,0.1000,0.3000,1
2024.05.07 20:18:22,BUY,0.2000,0.1000,1
2024.05.07 21:18:51,BUY,0.2000,0.1000,1
2024.05.08 04:23:03,BUY,0.3000,-0.1000,6
2024.05.08 10:52:08,BUY,0.2000,-0.1000,2
2024.05.08 15:43:56,SELL,0.2000,0.1000,2
2024.05.09 00:01:28,BUY,14.1000,7.3000,29
2024.05.09 15:04:23,SELL,0.2000,0.3000,0
2024.05.09 15:30:00,SELL,0.4000,1.0000,0
2024.05.09 15:44:01,SELL,0.2000,0.0000,1
2024.05.09 16:01:07,BUY,0.3000,-0.1000,0
2024.05.09 17:03:41,SELL,0.3000,0.0000,0
2024.05.09 17:23:19,SELL,0.1000,0.1000,1
2024.05.09 18:54:05,BUY,0.2000,0.2000,2
2024.05.10 00:04:26,BUY,6.4000,0.3000,1
2024.05.10 10:13:12,SELL,0.2000,0.1000,0
2024.05.10 10:19:47,BUY,0.2000,0.1000,0
2024.05.10 15:37:21,BUY,0.3000,0.1000,1
2024.05.10 16:49:37,SELL,0.0000,0.1000,1
2024.05.10 17:03:09,BUY,0.0000,0.2000,1
2024.05.10 17:11:01,BUY,0.2000,-0.4000,0
2024.05.10 17:19:30,BUY,0.2000,-0.1000,1
2024.05.13 12:03:40,SELL,0.2000,0.1000,5
2024.05.13 14:48:08,SELL,0.2000,0.3000,2
2024.05.13 15:02:49,SELL,0.1000,0.4000,1
2024.05.13 17:09:03,BUY,0.2000,0.0000,2
2024.05.13 18:02:52,BUY,0.1000,-0.2000,0
2024.05.14 15:30:01,BUY,0.7000,2.0000,0
2024.05.14 15:37:36,SELL,0.1000,0.0000,0
2024.05.14 15:42:36,SELL,0.1000,0.1000,1
2024.05.14 15:48:21,BUY,0.1000,0.0000,1
2024.05.14 16:06:37,SELL,0.2000,0.0000,1
2024.05.14 16:12:39,SELL,0.3000,-0.2000,1
2024.05.14 16:28:55,BUY,0.2000,-0.1000,0
2024.05.14 17:17:40,BUY,0.3000,0.1000,1
2024.05.15 15:30:01,SELL,0.7000,-0.1000,0
2024.05.15 15:35:29,BUY,0.3000,0.0000,0
2024.05.15 15:40:55,BUY,0.3000,-0.1000,1
2024.05.15 15:46:23,BUY,0.4000,-0.4000,0
2024.05.15 16:01:03,BUY,0.3000,-0.1000,1
2024.05.15 16:07:02,SELL,0.0000,-0.2000,0
2024.05.15 16:14:09,SELL,0.1000,-0.1000,1
2024.05.15 16:19:09,BUY,0.3000,0.0000,3
2024.05.15 16:28:17,SELL,0.2000,-0.1000,1
2024.05.15 16:44:07,BUY,0.3000,0.0000,0
2024.05.15 16:49:35,BUY,0.2000,0.0000,0
2024.05.15 16:54:35,BUY,0.3000,-0.1000,0
2024.05.15 18:08:01,SELL,0.2000,0.2000,0
2024.05.15 19:13:17,SELL,0.2000,0.0000,0
2024.05.15 19:33:37,SELL,0.1000,0.1000,0
2024.05.16 15:30:17,SELL,0.0000,-0.1000,0
2024.05.16 15:36:43,BUY,0.1000,0.1000,1
2024.05.16 20:24:20,BUY,0.0000,-0.1000,0
2024.05.17 00:01:41,BUY,12.4000,1.0000,1
2024.05.17 11:33:50,BUY,0.0000,-0.1000,0
2024.05.17 12:07:42,BUY,0.0000,-0.1000,1
2024.05.17 13:54:22,BUY,0.0000,-0.3000,1
2024.05.17 16:48:28,SELL,0.0000,0.1000,1
2024.05.17 17:49:01,SELL,0.0000,0.1000,1
2024.05.17 18:32:22,BUY,0.0000,-0.4000,1
2024.05.21 15:08:30,BUY,0.0000,0.1000,2
2024.05.21 16:00:02,BUY,0.0000,0.1000,1
2024.05.21 16:08:07,SELL,0.0000,-0.1000,1
2024.05.21 16:23:37,SELL,0.0000,0.5000,0
2024.05.21 17:09:27,SELL,0.0000,0.1000,2
2024.05.21 17:38:52,SELL,0.0000,0.1000,1
2024.05.21 20:13:46,BUY,0.0000,-0.1000,1
2024.05.22 09:00:11,SELL,0.0000,0.5000,0
2024.05.22 10:07:23,BUY,0.1000,0.0000,3
2024.05.22 14:59:13,SELL,0.1000,0.2000,0
2024.05.22 17:49:24,SELL,0.0000,0.1000,3
2024.05.22 17:54:25,BUY,0.2000,-0.2000,1
2024.05.22 19:18:40,SELL,0.0000,0.4000,1
2024.05.22 21:00:29,BUY,0.5000,1.0000,0
2024.05.22 21:14:27,BUY,0.0000,0.1000,1
2024.05.22 21:22:06,BUY,0.0000,-0.2000,0
2024.05.22 21:29:18,BUY,0.0000,0.2000,1
2024.05.23 10:15:00,BUY,0.0000,2.0000,0
2024.05.23 10:30:00,SELL,0.7000,-3.2000,0
2024.05.23 10:39:50,SELL,0.0000,-0.1000,1
2024.05.23 11:03:01,SELL,0.0000,-0.2000,1
2024.05.23 11:09:40,SELL,0.0000,-0.1000,1
2024.05.23 12:00:57,SELL,0.1000,0.2000,0
2024.05.23 15:53:03,SELL,0.0000,-0.1000,0
2024.05.23 16:45:00,BUY,0.7000,-9.2000,0
2024.05.23 16:50:53,BUY,0.1000,-1.1000,0
2024.05.23 17:00:42,SELL,0.0000,-0.4000,1
2024.05.23 17:19:33,BUY,0.0000,-0.1000,1
2024.05.23 17:44:40,BUY,0.0000,0.0000,0
2024.05.23 19:13:15,BUY,0.0000,-0.3000,5
2024.05.23 20:38:17,BUY,0.4000,0.1000,0
2024.05.24 00:02:03,BUY,9.4000,-0.3000,1
2024.05.24 17:00:23,SELL,0.0000,0.1000,0
2024.05.27 11:03:49,BUY,0.0000,-0.1000,2
2024.05.27 12:59:24,SELL,0.3000,-0.3000,0
2024.05.27 15:00:43,BUY,0.0000,0.2000,1
2024.05.27 15:06:31,BUY,0.2000,-0.1000,1
2024.05.27 16:29:59,SELL,0.2000,0.2000,0
2024.05.28 14:04:35,SELL,0.0000,-0.1000,1
2024.05.28 16:58:43,BUY,0.0000,-0.1000,0
2024.05.28 17:42:28,SELL,0.0000,-0.1000,0
2024.05.28 20:04:35,BUY,0.2000,-0.2000,0
2024.05.29 11:00:06,BUY,0.1000,-0.6000,1
2024.05.29 11:07:01,BUY,0.0000,-0.4000,0
2024.05.29 11:13:15,SELL,0.0000,-0.1000,0
2024.05.29 13:54:03,SELL,0.0000,-0.1000,0
2024.05.29 15:01:28,SELL,0.0000,-0.1000,1
2024.05.29 15:08:21,SELL,0.0000,0.1000,1
2024.05.29 16:04:50,BUY,0.0000,0.1000,1
2024.05.29 16:19:47,BUY,0.2000,0.2000,0
2024.05.29 16:49:36,SELL,0.0000,0.1000,2
2024.05.29 17:21:35,BUY,0.2000,-0.5000,1
2024.05.29 17:32:54,BUY,0.0000,0.1000,1
2024.05.30 10:38:26,BUY,0.1000,-0.1000,0
2024.05.30 10:46:24,SELL,0.0000,0.5000,1
2024.05.30 15:30:06,SELL,0.0000,2.8000,0
2024.05.30 16:52:52,SELL,0.1000,-0.2000,1
2024.05.30 17:08:29,SELL,0.0000,-0.1000,1
2024.05.30 17:13:36,BUY,0.2000,-0.1000,1
2024.05.30 17:19:34,SELL,0.0000,0.1000,2
2024.05.31 10:43:03,SELL,0.0000,0.2000,2
2024.05.31 12:00:11,SELL,0.3000,-0.2000,1
2024.05.31 15:30:29,SELL,0.7000,0.2000,1
2024.05.31 15:39:34,SELL,0.0000,0.1000,0
2024.05.31 15:44:45,SELL,0.1000,0.2000,0
2024.05.31 16:54:30,BUY,0.0000,0.8000,1
2024.05.31 17:09:28,SELL,0.0000,-0.1000,0
2024.05.31 17:14:41,BUY,0.0000,0.1000,1
2024.05.31 17:24:19,BUY,0.0000,-0.1000,0
2024.05.31 17:33:21,BUY,0.0000,-0.2000,1
2024.05.31 17:42:26,BUY,0.0000,0.1000,0
2024.05.31 17:55:40,SELL,0.0000,0.1000,1
2024.05.31 18:09:42,BUY,0.3000,-0.3000,0
2024.05.31 18:19:39,BUY,0.0000,0.1000,5
2024.05.31 18:59:31,BUY,0.4000,-0.1000,1
2024.06.03 11:06:55,BUY,0.0000,0.3000,1
2024.06.03 17:00:00,SELL,0.1000,-2.5000,0
2024.06.03 17:06:38,SELL,0.0000,0.1000,1
2024.06.03 17:21:01,BUY,0.0000,-0.3000,2
2024.06.03 17:34:57,BUY,0.0000,0.1000,1
2024.06.03 17:39:58,SELL,0.0000,-0.1000,1
2024.06.03 18:03:29,SELL,0.0000,0.1000,0
2024.06.04 00:06:47,BUY,9.3000,0.4000,1
2024.06.04 01:04:38,SELL,1.3000,0.2000,2
2024.06.04 03:04:45,SELL,0.1000,-0.1000,1
2024.06.04 11:03:06,BUY,0.0000,-0.1000,1
2024.06.04 11:23:50,BUY,0.0000,-0.1000,0
2024.06.04 12:11:47,BUY,0.1000,0.0000,1
2024.06.04 12:53:05,BUY,0.0000,0.1000,1
2024.06.04 14:44:55,BUY,0.2000,-0.3000,0
2024.06.04 15:02:49,SELL,0.0000,-0.1000,0
2024.06.04 16:59:58,BUY,0.7000,0.9000,1
2024.06.04 17:04:58,SELL,0.0000,0.4000,1
2024.06.04 17:09:58,BUY,0.0000,0.6000,0
2024.06.04 17:29:59,SELL,0.0000,0.2000,0
2024.06.04 18:21:55,SELL,0.0000,-0.2000,1
2024.06.05 15:15:01,SELL,0.1000,0.8000,0
2024.06.05 16:45:44,BUY,0.1000,-0.1000,1
2024.06.05 17:00:00,BUY,0.7000,-4.1000,0
2024.06.05 17:21:39,SELL,0.1000,-0.1000,1
2024.06.05 17:33:24,SELL,0.0000,0.2000,1
2024.06.05 17:38:53,SELL,0.0000,-0.1000,1
2024.06.05 17:44:23,BUY,0.1000,0.0000,1
2024.06.05 17:49:24,BUY,0.0000,-0.2000,1
2024.06.05 19:03:28,BUY,0.0000,0.5000,0
2024.06.06 10:08:14,BUY,0.0000,0.1000,1
2024.06.06 15:15:29,SELL,0.7000,-0.3000,1
2024.06.06 15:24:14,SELL,0.3000,-0.2000,0
2024.06.06 15:30:00,SELL,0.7000,0.2000,0
2024.06.06 15:37:37,BUY,0.0000,0.1000,0
2024.06.06 15:48:14,BUY,0.0000,-0.1000,1
2024.06.06 15:53:14,BUY,0.0000,-0.3000,1
2024.06.06 16:06:31,BUY,0.5000,-1.0000,0
2024.06.06 16:12:55,SELL,0.3000,-1.0000,1
2024.06.06 16:26:41,SELL,0.0000,-0.6000,0
2024.06.06 16:39:00,SELL,0.0000,-0.1000,2
2024.06.06 17:03:02,SELL,0.2000,-0.3000,0
2024.06.06 17:11:15,BUY,0.0000,0.3000,1
2024.06.07 15:30:01,BUY,0.7000,5.7000,0
2024.06.07 15:35:39,BUY,0.0000,0.4000,0
2024.06.07 15:43:34,BUY,0.0000,0.2000,0
2024.06.07 15:48:34,BUY,0.1000,0.0000,0
2024.06.07 15:53:34,SELL,0.0000,-0.1000,0
2024.06.07 16:01:13,BUY,0.0000,0.3000,1
2024.06.07 16:08:50,SELL,0.2000,0.2000,0
2024.06.07 16:17:43,SELL,0.0000,-0.2000,0
2024.06.07 16:22:54,BUY,0.0000,0.1000,1
2024.06.07 16:32:19,BUY,0.0000,0.3000,1
2024.06.07 16:39:21,SELL,0.0000,0.3000,1
2024.06.07 17:18:16,SELL,0.0000,-0.1000,1
2024.06.07 17:38:13,SELL,0.2000,-0.1000,0
2024.06.07 17:46:50,BUY,0.0000,0.1000,1
2024.06.07 18:18:04,BUY,0.0000,0.1000,1
2024.06.10 00:00:36,BUY,2.0000,-1.0000,1
2024.06.10 00:38:42,BUY,4.6000,-0.4000,0
2024.06.10 01:00:10,BUY,3.0000,-1.8000,0
2024.06.10 01:13:26,BUY,1.7000,-0.8000,0
2024.06.10 07:04:00,BUY,0.0000,-0.3000,1
2024.06.10 10:22:46,SELL,0.0000,0.1000,1
2024.06.10 10:28:58,SELL,0.0000,0.0000,2
2024.06.10 10:39:41,BUY,0.2000,0.0000,1
2024.06.10 12:29:33,BUY,0.0000,-0.1000,1
2024.06.10 12:54:13,BUY,0.5000,0.0000,0
2024.06.10 16:37:01,SELL,0.3000,-0.3000,0
2024.06.10 17:03:13,BUY,0.0000,0.1000,1
2024.06.10 17:57:27,BUY,0.0000,-0.2000,2
2024.06.11 11:48:07,BUY,0.2000,0.0000,1
2024.06.11 12:26:43,BUY,0.0000,0.3000,0
2024.06.11 12:34:06,SELL,0.0000,-0.3000,1
2024.06.11 13:13:22,BUY,0.1000,0.1000,0
2024.06.11 14:12:44,BUY,0.5000,-0.5000,1
2024.06.11 14:29:02,SELL,0.0000,0.1000,1
2024.06.11 14:54:11,BUY,0.0000,0.1000,1
2024.06.11 16:08:34,SELL,0.0000,0.1000,1
2024.06.11 16:13:36,BUY,0.0000,0.1000,1
2024.06.11 16:47:27,BUY,0.3000,-0.4000,1
2024.06.11 18:01:30,SELL,0.0000,-0.5000,1
2024.06.11 18:08:40,SELL,0.0000,-0.2000,2
2024.06.11 20:02:58,SELL,0.0000,0.1000,1
2024.06.12 00:00:51,BUY,10.0000,-0.5000,1
2024.06.12 00:08:12,SELL,2.7000,-0.1000,6
2024.06.12 11:04:46,SELL,0.0000,-0.1000,1
2024.06.12 15:30:05,SELL,0.7000,-1.8000,1
2024.06.12 15:35:29,BUY,0.0000,-0.5000,1
2024.06.12 15:42:41,SELL,0.0000,-0.1000,0
2024.06.12 15:49:31,SELL,0.0000,0.2000,0
2024.06.12 15:54:31,SELL,0.0000,-0.1000,2
2024.06.12 16:03:15,BUY,0.0000,0.2000,2
2024.06.12 16:29:35,SELL,0.0000,0.1000,0
2024.06.12 16:37:35,BUY,0.0000,0.1000,5
2024.06.12 16:58:24,SELL,0.2000,0.2000,0
2024.06.12 17:03:24,BUY,0.0000,-0.1000,0
2024.06.12 17:08:44,BUY,0.0000,-0.2000,1
2024.06.12 17:16:10,SELL,0.0000,-0.1000,1
2024.06.12 17:24:12,SELL,0.1000,0.2000,2
2024.06.12 18:47:05,BUY,0.0000,-0.1000,0
2024.06.12 19:33:09,SELL,0.1000,-0.4000,0
2024.06.12 21:00:01,BUY,0.7000,-5.4000,0
2024.06.12 21:05:50,SELL,0.3000,0.6000,0
2024.06.12 21:14:19,BUY,0.1000,0.4000,0
2024.06.12 21:19:19,SELL,0.0000,0.2000,0
2024.06.12 21:28:20,SELL,0.2000,0.4000,0
2024.06.12 21:33:20,BUY,0.5000,0.2000,0
2024.06.12 21:43:31,BUY,0.0000,0.2000,0
2024.06.12 21:49:34,BUY,0.2000,-0.4000,0
2024.06.12 21:55:50,SELL,0.0000,0.6000,1
2024.06.12 22:01:38,SELL,0.1000,0.1000,0
2024.06.12 22:07:15,BUY,0.0000,0.2000,1
2024.06.12 22:14:51,SELL,0.1000,-0.1000,1
2024.06.12 22:24:01,BUY,0.0000,-0.1000,2
2024.06.12 22:29:01,BUY,0.0000,0.2000,0
2024.06.12 22:37:11,SELL,0.1000,-0.1000,0
2024.06.13 13:58:31,BUY,0.0000,0.4000,1
2024.06.13 15:22:54,SELL,0.0000,0.1000,0
2024.06.13 15:30:01,BUY,0.7000,1.4000,0
2024.06.13 15:36:13,BUY,0.0000,-0.1000,1
2024.06.13 15:42:44,SELL,0.0000,0.1000,1
2024.06.13 15:47:44,SELL,0.0000,0.4000,0
2024.06.13 15:59:17,BUY,0.0000,0.2000,1
2024.06.13 16:27:54,SELL,0.0000,-0.1000,1
2024.06.13 16:46:57,BUY,0.0000,0.1000,0
2024.06.13 16:54:57,BUY,0.2000,-0.1000,0
2024.06.13 17:26:41,BUY,0.2000,-0.5000,0
2024.06.13 17:34:19,BUY,0.1000,-0.4000,0
2024.06.13 17:57:29,SELL,0.0000,0.1000,1
2024.06.13 18:27:49,BUY,0.0000,0.2000,1
2024.06.13 18:48:02,BUY,0.0000,-0.1000,2
2024.06.13 19:08:58,BUY,0.0000,0.0000,2
2024.06.13 20:02:04,SELL,0.0000,0.1000,0
2024.06.14 09:37:32,BUY,0.0000,-0.1000,0
2024.06.14 10:13:43,BUY,0.0000,-0.1000,1
2024.06.14 10:18:43,BUY,0.0000,0.1000,1
2024.06.14 10:28:58,SELL,0.0000,-0.1000,1
2024.06.14 10:39:57,BUY,0.0000,-0.1000,0
2024.06.14 10:53:43,BUY,0.0000,0.0000,1
2024.06.14 11:08:59,SELL,0.0000,0.0000,1
2024.06.14 11:14:04,BUY,0.4000,0.0000,1
2024.06.14 11:44:02,BUY,0.0000,0.2000,1
2024.06.14 12:03:00,BUY,0.2000,0.2000,1
2024.06.14 12:12:44,BUY,0.2000,-0.3000,1
2024.06.14 12:34:26,BUY,0.2000,-0.1000,1
2024.06.14 12:47:20,SELL,0.1000,0.0000,1
2024.06.14 13:04:19,BUY,0.0000,0.1000,1
2024.06.14 13:09:37,SELL,0.0000,0.1000,0
2024.06.14 14:54:51,SELL,0.0000,-0.2000,1
2024.06.14 14:59:54,BUY,0.1000,-0.1000,0
2024.06.14 15:07:40,BUY,0.0000,-0.1000,1
2024.06.14 15:49:32,SELL,0.0000,0.2000,1
2024.06.14 15:55:54,SELL,0.0000,0.1000,1
2024.06.14 16:19:22,BUY,0.0000,0.1000,0
2024.06.14 16:33:03,BUY,0.2000,-0.2000,1
2024.06.14 17:04:54,SELL,0.0000,-0.1000,0
2024.06.14 17:24:52,SELL,0.0000,0.4000,0
2024.06.14 17:31:06,BUY,0.0000,-0.5000,1
2024.06.14 17:41:33,BUY,0.0000,-0.1000,1
2024.06.14 17:47:17,SELL,0.0000,-0.4000,1
2024.06.14 17:52:33,SELL,0.2000,0.3000,1
2024.06.17 09:01:02,BUY,0.1000,-0.1000,0
2024.06.17 09:12:22,SELL,0.1000,0.0000,1
2024.06.17 09:43:48,SELL,0.1000,-0.2000,0
2024.06.17 10:19:04,SELL,0.4000,0.0000,1
2024.06.17 10:28:56,SELL,0.0000,0.2000,1
2024.06.17 10:38:04,BUY,0.0000,0.1000,1
2024.06.17 10:43:13,BUY,0.0000,-0.1000,1
2024.06.17 11:44:12,SELL,0.3000,-0.1000,0
2024.06.17 16:24:03,BUY,0.0000,-0.5000,1
2024.06.17 21:02:43,SELL,0.0000,0.1000,2
2024.06.18 09:22:16,SELL,0.0000,-0.1000,2
2024.06.18 12:57:45,BUY,0.0000,-0.1000,1
2024.06.18 15:30:00,SELL,0.7000,1.9000,0
2024.06.18 15:59:00,SELL,0.3000,-0.6000,0
2024.06.18 16:43:42,SELL,0.0000,0.4000,2
2024.06.18 16:49:33,SELL,0.0000,-0.1000,0
2024.06.18 17:14:12,SELL,0.0000,-0.2000,1
2024.06.18 17:19:36,SELL,0.0000,-0.1000,2
2024.06.18 17:28:09,SELL,0.3000,0.0000,1
2024.06.18 17:34:50,BUY,0.0000,0.1000,1
2024.06.18 17:52:52,BUY,0.0000,0.1000,1
2024.06.18 18:06:42,BUY,0.0000,-0.1000,5
2024.06.18 18:44:55,SELL,0.0000,-0.1000,2
2024.06.18 19:24:04,SELL,0.0000,0.1000,1
2024.06.19 09:33:47,BUY,0.0000,-0.4000,0
2024.06.19 10:09:33,SELL,0.0000,-0.2000,3
2024.06.19 10:16:26,BUY,0.0000,0.5000,2
2024.06.19 12:42:26,BUY,0.0000,-0.1000,1
2024.06.19 13:49:38,SELL,0.0000,0.1000,2
2024.06.20 00:01:34,BUY,15.3000,-4.8000,0
2024.06.20 11:19:51,BUY,0.1000,0.2000,0
2024.06.20 12:28:08,BUY,0.0000,0.1000,2
2024.06.20 14:57:15,BUY,0.1000,-0.2000,1
2024.06.20 15:30:13,SELL,0.0000,1.2000,1
2024.06.20 15:57:15,BUY,0.1000,0.2000,1
2024.06.20 16:09:01,SELL,0.3000,0.1000,1
2024.06.20 17:48:47,BUY,0.4000,0.2000,1
2024.06.20 18:14:21,BUY,0.2000,0.2000,1
2024.06.20 18:19:22,SELL,0.2000,0.1000,2
2024.06.21 09:39:24,BUY,0.2000,-0.1000,1
2024.06.21 10:08:59,BUY,0.2000,0.0000,1
2024.06.21 10:15:00,BUY,4.6000,-5.1000,0
2024.06.21 10:30:00,BUY,4.6000,2.5000,0
2024.06.21 10:42:31,SELL,0.1000,0.1000,3
2024.06.21 11:49:40,BUY,0.3000,0.5000,1
2024.06.21 13:33:14,BUY,0.1000,0.0000,1
2024.06.21 15:29:59,SELL,0.1000,-0.1000,1
2024.06.21 15:53:01,BUY,0.2000,0.1000,0
2024.06.21 15:58:01,SELL,0.2000,-0.1000,1
2024.06.21 16:45:00,BUY,4.6000,0.5000,0
2024.06.21 17:07:52,SELL,0.1000,-0.1000,1
2024.06.21 17:49:28,SELL,0.1000,-0.1000,0
2024.06.21 17:57:23,BUY,0.2000,-0.2000,1
2024.06.24 00:00:00,BUY,2.0000,2.3000,69
2024.06.24 10:34:49,SELL,0.1000,0.2000,0
2024.06.24 12:24:48,SELL,0.2000,0.2000,1
2024.06.24 14:59:41,SELL,0.1000,-0.1000,0
2024.06.24 17:12:24,BUY,0.2000,-0.1000,1
2024.06.25 10:17:49,BUY,0.2000,-0.3000,1
2024.06.25 16:02:19,SELL,0.1000,0.3000,1
2024.06.25 17:03:00,BUY,0.2000,-0.3000,1
2024.06.25 17:08:42,BUY,0.1000,0.1000,0
2024.06.26 00:01:41,BUY,18.5000,0.0000,1
2024.06.26 14:58:11,SELL,0.1000,0.1000,1
2024.06.26 15:18:11,SELL,0.1000,0.0000,1
2024.06.26 15:23:38,BUY,0.5000,0.2000,0
2024.06.26 15:49:53,BUY,0.6000,-0.4000,1
2024.06.26 16:13:16,BUY,0.3000,-0.1000,0
2024.06.26 17:04:01,SELL,0.3000,-0.5000,0
2024.06.26 17:13:15,SELL,0.1000,0.0000,4
2024.06.26 17:46:11,SELL,0.1000,0.1000,0
2024.06.26 17:52:53,BUY,0.3000,-0.1000,1
2024.06.26 17:59:39,BUY,0.5000,-0.1000,1
2024.06.26 18:13:31,BUY,0.3000,0.0000,0
2024.06.26 18:58:24,BUY,0.1000,-0.1000,1
2024.06.27 00:01:58,BUY,15.3000,-5.7000,1
2024.06.27 13:43:53,SELL,0.1000,0.4000,3
2024.06.27 14:59:32,BUY,0.1000,0.3000,1
2024.06.27 15:04:52,SELL,0.2000,0.1000,1
2024.06.27 15:30:00,BUY,4.6000,-1.2000,0
2024.06.27 15:37:26,SELL,0.3000,0.0000,0
2024.06.27 15:49:50,BUY,0.2000,0.0000,0
2024.06.27 15:54:50,SELL,0.1000,0.2000,3
2024.06.27 16:26:51,SELL,0.4000,-0.1000,0
2024.06.27 16:33:17,SELL,0.1000,0.0000,0
2024.06.27 17:19:10,BUY,0.2000,-0.1000,2
2024.06.27 17:29:17,BUY,0.1000,0.5000,1
2024.06.27 18:28:15,BUY,0.1000,0.1000,1
2024.06.27 18:39:03,SELL,0.1000,-0.1000,1
2024.06.27 19:11:04,BUY,0.5000,-0.2000,0
2024.06.28 00:00:00,SELL,5.0000,10.5000,1
2024.06.28 10:23:59,SELL,0.2000,0.1000,1
2024.06.28 12:38:44,SELL,0.2000,-0.2000,0
2024.06.28 14:33:28,BUY,0.3000,-0.7000,0
2024.06.28 14:56:34,BUY,0.2000,-0.1000,0
2024.06.28 15:02:01,SELL,0.1000,0.0000,1
2024.06.28 15:30:02,BUY,4.6000,-0.9000,0
2024.06.28 15:38:14,BUY,0.2000,0.1000,0
2024.06.28 15:43:14,BUY,0.3000,-0.4000,1
2024.06.28 16:21:11,BUY,0.3000,-0.3000,0
2024.06.28 16:39:26,SELL,0.2000,-0.1000,3
2024.06.28 17:13:46,SELL,0.4000,0.2000,1
2024.06.28 17:44:40,SELL,0.4000,0.0000,1
2024.06.28 17:49:40,SELL,0.2000,0.2000,1
2024.06.28 17:54:40,SELL,0.5000,-0.4000,0
2024.06.28 18:01:00,BUY,0.1000,0.3000,1
2024.06.28 18:18:13,BUY,0.1000,0.1000,2
2024.06.28 20:29:24,BUY,0.1000,0.1000,1
2024.07.01 00:00:01,SELL,2.0000,1.0000,0
2024.07.01 00:31:14,BUY,3.2000,-0.7000,3
2024.07.01 01:00:01,BUY,3.4000,0.8000,0
2024.07.01 03:16:51,SELL,0.2000,0.3000,0
2024.07.01 03:23:28,SELL,0.1000,0.1000,1
2024.07.01 04:23:49,SELL,0.1000,0.1000,1
2024.07.01 04:38:35,BUY,0.3000,0.0000,0
2024.07.01 09:01:21,SELL,0.4000,0.2000,1
2024.07.01 09:38:46,BUY,0.4000,0.0000,0
2024.07.01 09:44:34,BUY,0.6000,0.3000,0
2024.07.01 10:16:42,BUY,0.2000,0.2000,0
2024.07.01 12:09:46,BUY,0.2000,-0.1000,3
2024.07.01 12:18:54,SELL,0.1000,0.0000,1
2024.07.01 14:56:18,SELL,0.1000,-0.1000,2
2024.07.01 16:43:49,BUY,0.4000,0.0000,1
2024.07.01 16:59:59,SELL,3.4000,-5.3000,1
2024.07.01 17:13:00,BUY,0.1000,-0.1000,1
2024.07.01 17:19:36,BUY,0.1000,0.0000,0
2024.07.01 17:34:58,BUY,0.7000,-0.2000,0
2024.07.01 18:04:43,BUY,0.2000,-0.2000,1
2024.07.02 00:01:10,BUY,10.0000,0.3000,0
2024.07.02 10:24:24,BUY,0.1000,0.1000,1
2024.07.02 11:18:03,BUY,0.2000,-0.2000,1
2024.07.02 11:29:17,BUY,0.3000,-0.2000,0
2024.07.02 13:28:35,SELL,0.1000,0.1000,1
2024.07.02 16:39:11,SELL,0.2000,0.0000,1
2024.07.02 17:00:01,BUY,1.3000,4.4000,0
2024.07.02 17:07:20,BUY,0.1000,0.4000,2
2024.07.02 17:33:12,SELL,0.1000,0.2000,0
2024.07.02 17:44:45,BUY,0.1000,-0.2000,1
2024.07.02 17:49:45,SELL,0.2000,0.0000,1
2024.07.02 17:54:45,SELL,0.1000,-0.1000,1
2024.07.03 00:00:42,BUY,10.0000,0.2000,0
2024.07.03 03:08:59,SELL,0.1000,0.3000,1
2024.07.03 10:02:35,SELL,0.1000,0.4000,1
2024.07.03 11:58:47,BUY,0.1000,-0.1000,1
2024.07.03 15:15:08,SELL,0.2000,0.0000,1
2024.07.03 15:34:16,SELL,0.2000,0.2000,0
2024.07.03 16:18:59,SELL,0.1000,0.0000,1
2024.07.03 17:00:00,SELL,0.5000,-3.8000,0
2024.07.03 17:06:24,SELL,0.4000,-0.1000,1
2024.07.03 17:14:06,SELL,0.2000,0.1000,1
2024.07.03 17:21:25,BUY,0.1000,0.1000,1
2024.07.03 17:28:13,BUY,0.2000,-0.2000,1
2024.07.03 17:33:33,SELL,0.1000,-0.1000,0
2024.07.03 17:41:43,BUY,0.2000,-0.2000,2
2024.07.03 17:47:17,SELL,0.1000,0.4000,1
2024.07.03 17:58:19,BUY,0.4000,-0.2000,1
2024.07.03 23:59:57,BUY,5.0000,2.7000,1
2024.07.04 09:04:27,BUY,0.2000,-0.1000,1
2024.07.04 09:09:36,SELL,0.2000,-0.1000,4
2024.07.05 10:39:58,SELL,0.2000,0.0000,0
2024.07.05 15:30:03,BUY,3.3000,1.7000,0
2024.07.05 15:36:50,SELL,0.4000,0.6000,0
2024.07.05 15:42:11,SELL,0.5000,-0.2000,1
2024.07.05 15:48:27,BUY,0.1000,0.4000,1
2024.07.05 15:55:50,SELL,0.1000,-0.1000,1
2024.07.05 16:03:20,BUY,0.2000,0.0000,1
2024.07.05 16:08:20,SELL,0.1000,-0.1000,0
2024.07.05 16:46:52,BUY,0.1000,-0.5000,1
2024.07.05 16:52:51,BUY,0.1000,0.2000,0
2024.07.05 17:02:33,BUY,0.2000,-0.3000,0
2024.07.05 17:32:27,SELL,0.2000,-0.2000,0
2024.07.05 18:07:53,SELL,0.1000,0.1000,1
2024.07.08 00:00:02,BUY,2.0000,1.0000,37
2024.07.08 00:16:10,SELL,3.2000,1.1000,26
2024.07.08 01:03:55,SELL,1.1000,0.4000,0
2024.07.08 09:49:32,BUY,0.2000,0.4000,0
2024.07.08 10:48:12,SELL,0.1000,0.0000,0
2024.07.08 11:34:25,SELL,0.1000,-0.4000,1
2024.07.08 13:38:01,BUY,0.4000,0.0000,0
2024.07.09 17:00:14,SELL,0.4000,1.0000,1
2024.07.09 17:05:17,BUY,0.1000,0.5000,1
2024.07.09 17:27:06,BUY,0.1000,0.4000,1
2024.07.09 18:08:34,BUY,0.2000,0.3000,0
2024.07.09 18:14:40,BUY,0.2000,-0.1000,1
2024.07.10 12:19:20,SELL,0.1000,-0.1000,1
2024.07.11 11:43:49,SELL,0.1000,0.1000,0
2024.07.11 15:18:48,BUY,0.1000,-0.1000,1
2024.07.11 15:30:01,SELL,4.6000,-14.2000,1
2024.07.11 15:35:42,BUY,0.2000,0.1000,0
2024.07.11 15:41:39,SELL,0.1000,0.4000,1
2024.07.11 15:46:39,BUY,0.1000,0.1000,0
2024.07.11 15:53:31,BUY,0.3000,0.0000,1
2024.07.11 15:59:33,BUY,0.1000,0.1000,0
2024.07.11 16:04:46,SELL,0.6000,-0.4000,0
2024.07.11 16:09:59,SELL,0.2000,-0.3000,1
2024.07.11 16:14:59,BUY,0.2000,0.3000,0
2024.07.11 16:24:29,BUY,0.4000,-0.2000,1
2024.07.11 16:29:29,BUY,0.1000,0.3000,0
2024.07.11 16:39:00,BUY,0.3000,0.6000,1
2024.07.11 16:48:54,SELL,0.3000,0.3000,0
2024.07.11 16:53:55,SELL,0.2000,-0.1000,0
2024.07.11 17:14:52,BUY,0.3000,-0.1000,0
2024.07.11 17:19:52,BUY,0.2000,-0.1000,1
2024.07.11 17:37:50,SELL,0.2000,-0.1000,1
2024.07.11 17:43:34,BUY,0.2000,-0.1000,0
2024.07.11 18:06:15,BUY,0.2000,0.3000,1
2024.07.11 18:16:11,BUY,0.6000,-0.4000,0
2024.07.11 20:02:05,BUY,0.4000,0.1000,0
2024.07.12 00:01:00,BUY,8.4000,0.0000,1
2024.07.12 02:29:09,SELL,0.1000,0.0000,1
2024.07.12 02:34:13,BUY,0.3000,0.0000,0
2024.07.12 02:49:39,SELL,0.4000,-0.2000,1
2024.07.12 15:28:07,BUY,0.1000,-0.1000,1
2024.07.12 15:33:21,BUY,0.7000,-0.8000,1
2024.07.12 15:39:56,BUY,0.2000,0.2000,1
2024.07.12 15:44:56,SELL,0.3000,0.0000,0
2024.07.12 16:44:10,BUY,0.5000,-0.1000,0
2024.07.12 17:54:34,SELL,0.1000,-0.2000,4
2024.07.15 00:00:48,BUY,2.0000,-1.0000,4
2024.07.15 00:14:37,SELL,3.5000,-0.8000,1
2024.07.15 13:21:29,SELL,0.1000,-0.1000,0
2024.07.15 13:36:36,BUY,0.4000,0.0000,1
2024.07.15 17:37:54,BUY,0.3000,-0.4000,0
2024.07.15 18:16:39,BUY,0.2000,-0.1000,1
2024.07.15 19:41:48,SELL,0.2000,-0.9000,0
2024.07.15 20:01:06,BUY,0.1000,-0.2000,1
2024.07.16 00:01:00,BUY,10.0000,1.0000,10
2024.07.16 11:04:58,BUY,0.1000,0.0000,0
2024.07.16 11:24:00,SELL,0.4000,0.2000,1
2024.07.16 14:47:40,SELL,0.1000,0.1000,1
2024.07.16 15:30:00,BUY,4.6000,-3.5000,0
2024.07.16 15:35:31,BUY,0.3000,-0.1000,0
2024.07.17 09:04:29,BUY,0.1000,0.1000,0
2024.07.17 10:33:07,SELL,0.1000,0.0000,1
2024.07.17 11:33:12,SELL,0.1000,0.1000,0
2024.07.17 11:38:55,SELL,0.0000,-1.4000,0
2024.07.17 11:43:55,SELL,0.1000,-0.1000,0
2024.07.17 11:54:01,SELL,0.1000,-0.1000,1
2024.07.17 13:43:35,BUY,0.2000,-0.4000,1
2024.07.17 16:38:44,SELL,0.0000,-0.9000,0
2024.07.17 16:43:48,BUY,0.2000,0.2000,1
2024.07.17 18:18:47,SELL,0.1000,0.4000,2
2024.07.18 15:15:43,SELL,0.2000,-0.1000,1
2024.07.18 15:30:37,SELL,0.1000,0.0000,0
2024.07.18 18:41:17,SELL,0.2000,-0.8000,0
2024.07.18 21:14:47,BUY,0.1000,0.1000,1
2024.07.19 10:03:08,SELL,0.1000,0.1000,1
2024.07.19 11:02:03,BUY,0.1000,-0.3000,1
2024.07.19 11:24:48,SELL,0.3000,-0.1000,1
2024.07.19 15:43:10,BUY,0.2000,-0.1000,1
2024.07.22 01:00:01,SELL,1.6000,0.0000,0
2024.07.22 15:45:51,BUY,0.4000,0.1000,0
2024.07.23 00:01:37,BUY,14.9000,-0.3000,1
2024.07.23 10:29:40,BUY,0.2000,-0.1000,1
2024.07.23 13:07:23,BUY,0.4000,0.0000,0
2024.07.24 10:15:21,SELL,0.2000,0.2000,1
2024.07.24 10:30:00,BUY,4.5000,-0.1000,0
2024.07.24 12:48:41,SELL,0.1000,-0.2000,2
2024.07.24 15:48:10,SELL,0.1000,0.1000,1
2024.07.24 16:45:00,BUY,0.6000,1.2000,0
2024.07.24 16:51:11,BUY,0.1000,0.5000,1
2024.07.25 10:16:38,SELL,0.2000,-0.3000,1
2024.07.25 10:52:58,SELL,0.2000,0.0000,1
2024.07.25 11:19:10,BUY,0.1000,0.1000,0
2024.07.25 15:30:03,BUY,0.7000,-3.5000,0
2024.07.25 15:36:16,SELL,0.1000,0.9000,2
2024.07.25 15:49:11,SELL,0.1000,0.5000,2
2024.07.25 16:37:56,BUY,0.2000,0.0000,0
2024.07.25 16:43:15,SELL,0.2000,-0.1000,1
2024.07.25 18:13:40,SELL,0.2000,0.2000,1
2024.07.25 19:07:58,BUY,0.1000,-0.1000,1
2024.07.26 10:12:10,BUY,0.2000,0.0000,1
2024.07.26 15:30:05,BUY,2.6000,-0.5000,0
2024.07.26 17:12:23,SELL,0.6000,0.1000,1
2024.07.26 17:34:02,BUY,0.1000,0.1000,0
2024.07.29 10:14:59,BUY,0.3000,0.0000,1
2024.07.29 17:52:12,SELL,0.1000,0.1000,1
2024.07.29 18:03:34,SELL,0.2000,-0.1000,3
2024.07.30 11:02:21,SELL,0.8000,0.0000,0
2024.07.30 15:34:55,BUY,0.4000,0.0000,0
2024.07.30 15:58:18,BUY,0.1000,0.3000,1
2024.07.30 17:00:01,BUY,2.7000,-1.0000,0
2024.07.30 17:24:03,SELL,0.2000,-0.2000,0
2024.07.31 09:03:05,BUY,0.1000,-0.2000,1
2024.07.31 09:44:55,SELL,0.2000,0.0000,1
2024.07.31 10:01:47,BUY,0.2000,-0.1000,1
2024.07.31 10:48:48,SELL,0.3000,-0.3000,1
2024.07.31 10:58:03,BUY,0.1000,0.1000,1
2024.07.31 11:04:17,BUY,0.3000,-0.3000,0
2024.07.31 11:19:59,SELL,0.4000,-0.1000,1
2024.07.31 11:34:58,BUY,0.5000,-0.2000,1
2024.07.31 11:56:53,SELL,0.1000,0.4000,0
2024.07.31 14:44:51,BUY,0.4000,0.1000,0
2024.07.31 14:54:32,BUY,0.6000,-0.4000,1
2024.07.31 15:28:41,SELL,0.1000,-0.1000,1
2024.07.31 15:33:41,SELL,0.2000,-0.2000,0
2024.07.31 15:38:41,BUY,0.3000,0.2000,1
2024.07.31 17:42:54,BUY,0.2000,0.1000,1
2024.07.31 17:51:21,BUY,0.1000,-0.8000,1
2024.07.31 18:33:10,SELL,0.1000,0.0000,0
2024.07.31 19:02:22,BUY,0.2000,0.1000,1
2024.07.31 21:00:03,BUY,4.6000,-6.4000,0
2024.07.31 21:06:43,BUY,0.2000,-0.1000,1
2024.07.31 21:33:04,SELL,0.1000,-0.4000,0
2024.07.31 21:42:34,SELL,0.1000,0.1000,0
2024.07.31 22:29:46,BUY,0.3000,-0.1000,0
2024.07.31 22:41:33,SELL,0.1000,0.4000,2
2024.07.31 22:59:18,BUY,0.2000,0.1000,2
2024.08.01 09:28:11,BUY,0.2000,-0.1000,0
2024.08.01 11:04:22,BUY,0.2000,-0.1000,0
2024.08.01 11:11:10,BUY,0.2000,0.0000,1
2024.08.01 15:30:00,SELL,0.0000,0.3000,0
2024.08.01 15:39:12,BUY,0.6000,0.0000,1
2024.08.01 16:04:00,BUY,0.2000,0.1000,1
2024.08.01 16:48:01,SELL,0.1000,0.1000,1
2024.08.01 17:00:00,SELL,4.6000,-4.6000,0
2024.08.01 17:11:26,BUY,0.4000,-0.3000,0
2024.08.01 17:16:45,BUY,0.2000,-0.2000,3
2024.08.01 17:23:30,BUY,0.3000,-0.4000,1
2024.08.01 17:47:40,BUY,0.2000,-0.1000,1
2024.08.01 19:23:20,BUY,0.2000,0.0000,1
2024.08.02 00:01:28,BUY,9.3000,-0.5000,55
2024.08.02 09:54:39,BUY,0.3000,0.1000,1
2024.08.02 10:01:46,BUY,0.2000,0.3000,1
2024.08.02 10:07:40,SELL,0.1000,-0.1000,1
2024.08.02 10:17:18,BUY,0.3000,-0.9000,1
2024.08.02 11:04:01,SELL,0.1000,-0.2000,1
2024.08.02 11:24:38,SELL,0.1000,0.1000,1
2024.08.02 15:30:01,SELL,1.0000,-9.9000,0
2024.08.02 15:35:20,SELL,0.2000,0.3000,1
2024.08.02 15:40:36,SELL,0.3000,-0.2000,0
2024.08.02 15:46:48,SELL,0.3000,0.0000,1
2024.08.02 15:52:06,SELL,0.5000,0.1000,0
2024.08.02 16:00:39,BUY,0.2000,-0.2000,1
2024.08.02 16:18:23,SELL,0.1000,-0.3000,1
2024.08.02 16:38:53,BUY,0.5000,0.1000,0
2024.08.02 16:44:35,SELL,0.1000,0.1000,0
2024.08.02 16:49:35,SELL,0.1000,0.0000,1
2024.08.02 16:58:17,SELL,0.1000,-0.1000,1
2024.08.02 17:11:09,BUY,0.2000,0.0000,0
2024.08.02 17:28:50,SELL,0.2000,-0.2000,1
2024.08.02 17:33:50,BUY,0.2000,-0.1000,0
2024.08.02 17:52:13,SELL,0.1000,-0.1000,0
2024.08.02 18:08:18,BUY,0.1000,0.1000,1
2024.08.02 18:37:07,SELL,0.1000,0.0000,0
2024.08.02 18:49:04,BUY,0.2000,0.0000,1
2024.08.02 19:02:42,BUY,0.5000,0.1000,0
2024.08.02 19:19:23,SELL,0.2000,0.1000,1
2024.08.02 20:13:26,BUY,0.5000,-0.2000,1
2024.08.05 00:00:50,SELL,2.9000,0.0000,0
2024.08.05 01:01:42,BUY,1.2000,0.1000,1
2024.08.05 03:36:21,BUY,0.4000,0.1000,1
2024.08.05 05:22:33,SELL,0.1000,0.3000,2
2024.08.05 06:57:36,SELL,0.1000,0.1000,1
2024.08.05 07:27:45,SELL,0.1000,-0.1000,1
2024.08.05 08:39:18,SELL,0.2000,-0.1000,1
2024.08.05 08:46:05,BUY,0.4000,0.2000,0
2024.08.05 08:52:39,BUY,0.4000,-0.3000,0
2024.08.05 08:59:46,BUY,0.7000,-0.1000,1
2024.08.05 09:04:55,BUY,0.4000,-0.2000,0
2024.08.05 09:09:55,BUY,0.3000,0.0000,0
2024.08.05 09:18:17,SELL,0.2000,-0.3000,0
2024.08.05 09:27:00,BUY,0.3000,-0.3000,1
2024.08.05 09:32:00,SELL,0.3000,0.1000,1
2024.08.05 09:43:56,SELL,0.3000,0.2000,1
2024.08.05 09:51:09,BUY,0.2000,-0.1000,1
2024.08.05 10:01:44,SELL,0.3000,-0.1000,0
2024.08.05 10:07:17,SELL,0.2000,0.7000,0
2024.08.05 10:13:45,SELL,0.5000,-0.3000,0
2024.08.05 10:18:45,SELL,0.1000,-0.1000,0
2024.08.05 10:23:45,SELL,0.2000,-0.3000,1
2024.08.05 10:30:41,SELL,0.6000,-0.1000,1
2024.08.05 10:37:20,BUY,0.2000,-0.1000,0
2024.08.05 10:50:54,BUY,0.1000,-0.3000,2
2024.08.05 10:56:10,BUY,0.3000,0.4000,1
2024.08.05 11:01:26,SELL,0.1000,0.2000,0
2024.08.05 11:07:07,SELL,0.3000,-0.2000,1
2024.08.05 11:13:16,BUY,0.1000,0.1000,0
2024.08.05 11:22:16,BUY,0.2000,1.1000,1
2024.08.05 11:28:08,BUY,0.2000,0.6000,1
2024.08.05 11:34:08,SELL,0.1000,-0.2000,0
2024.08.05 11:42:56,BUY,0.4000,0.3000,1
2024.08.05 11:47:56,BUY,0.3000,-0.2000,1
2024.08.05 11:53:58,BUY,0.2000,-0.1000,1
2024.08.05 11:58:58,BUY,0.1000,0.1000,1
2024.08.05 12:04:02,SELL,0.1000,-0.3000,0
2024.08.05 12:09:58,BUY,0.3000,0.1000,1
2024.08.05 12:19:54,SELL,0.1000,0.2000,0
2024.08.05 12:30:51,SELL,0.2000,0.0000,1
2024.08.05 12:36:48,BUY,0.1000,0.2000,0
2024.08.05 12:43:19,SELL,0.1000,-0.1000,0
2024.08.05 12:49:23,SELL,0.2000,0.1000,5
2024.08.05 13:01:28,BUY,0.3000,-0.1000,0
2024.08.05 13:08:59,BUY,0.3000,-0.1000,1
2024.08.05 13:14:34,SELL,0.2000,0.1000,1
2024.08.05 13:19:34,SELL,0.2000,-0.1000,0
2024.08.05 13:38:56,BUY,0.3000,0.0000,1
2024.08.05 13:43:56,SELL,0.2000,-0.3000,0
2024.08.05 14:10:37,SELL,0.2000,-0.3000,1
2024.08.05 14:57:58,SELL,0.1000,0.2000,0
2024.08.05 15:13:53,SELL,0.2000,0.0000,0
2024.08.05 15:39:16,SELL,0.2000,-0.2000,0
2024.08.05 15:44:42,SELL,0.1000,1.1000,0
2024.08.05 15:49:42,SELL,0.2000,0.2000,0
2024.08.05 15:54:42,BUY,0.1000,0.1000,0
2024.08.05 16:03:20,BUY,0.2000,0.6000,1
2024.08.05 16:19:45,SELL,0.1000,0.2000,1
2024.08.05 16:34:05,SELL,0.6000,-0.2000,0
2024.08.05 16:39:05,BUY,0.2000,-0.2000,0
2024.08.05 16:49:50,BUY,0.4000,0.2000,0
2024.08.05 16:54:50,BUY,0.1000,0.4000,0
2024.08.05 16:59:59,BUY,4.6000,-0.6000,1
2024.08.05 17:04:59,BUY,0.3000,0.4000,0
2024.08.05 17:09:59,SELL,0.2000,0.4000,0
2024.08.05 17:14:59,BUY,0.2000,-0.1000,0
2024.08.05 17:23:36,BUY,0.6000,0.0000,0
2024.08.05 17:28:54,BUY,0.2000,0.0000,1
2024.08.05 17:33:54,BUY,0.1000,-0.4000,0
2024.08.05 17:49:01,SELL,0.1000,0.1000,0
2024.08.05 17:54:01,SELL,0.1000,0.5000,1
2024.08.05 18:03:21,SELL,0.2000,0.0000,0
2024.08.05 18:14:11,BUY,0.4000,-0.2000,1
2024.08.05 18:19:11,BUY,0.1000,0.1000,1
2024.08.05 18:24:11,SELL,0.2000,-0.2000,0
2024.08.05 18:37:50,SELL,0.1000,-0.3000,0
2024.08.05 18:43:56,BUY,0.2000,0.2000,0
2024.08.05 18:59:45,BUY,0.2000,0.0000,1
2024.08.05 19:06:17,BUY,0.1000,0.4000,3
2024.08.05 19:17:36,SELL,0.2000,-0.1000,1
2024.08.06 00:01:00,BUY,10.1000,0.0000,1
2024.08.06 01:04:14,SELL,0.0000,0.4000,3
2024.08.06 03:08:05,BUY,0.3000,-0.8000,0
2024.08.06 09:12:24,BUY,0.2000,0.1000,0
2024.08.06 09:44:07,BUY,0.4000,-0.4000,1
2024.08.06 10:02:07,BUY,0.3000,-0.4000,1
2024.08.06 10:36:24,BUY,0.4000,0.0000,1
2024.08.06 10:49:31,BUY,0.1000,0.1000,2
2024.08.06 11:04:24,BUY,0.1000,0.3000,1
2024.08.06 11:09:42,SELL,0.1000,0.1000,1
2024.08.06 11:37:08,BUY,0.5000,-0.3000,0
2024.08.06 11:57:53,BUY,0.2000,0.0000,1
2024.08.06 12:02:55,BUY,0.3000,-0.3000,1
2024.08.06 12:13:01,BUY,0.2000,0.2000,1
2024.08.06 14:22:02,SELL,0.1000,0.1000,1
2024.08.06 14:57:04,SELL,0.1000,-0.1000,1
2024.08.06 15:57:47,BUY,0.5000,-0.3000,1
2024.08.06 16:02:47,SELL,0.3000,-0.1000,0
2024.08.06 16:08:56,SELL,0.2000,-0.1000,1
2024.08.06 16:44:56,SELL,0.1000,0.1000,1
2024.08.06 16:58:03,BUY,0.4000,-0.3000,1
2024.08.06 18:28:27,BUY,0.1000,0.1000,1
2024.08.07 04:44:20,BUY,0.2000,0.2000,0
2024.08.07 11:54:18,BUY,0.3000,-0.2000,0
2024.08.07 12:24:28,SELL,0.1000,0.1000,3
2024.08.07 17:44:47,SELL,0.1000,0.2000,1
2024.08.08 00:02:00,BUY,9.5000,0.1000,1
2024.08.08 09:12:13,SELL,0.2000,0.1000,1
2024.08.08 09:49:32,SELL,0.1000,0.1000,1
2024.08.08 13:24:23,SELL,0.1000,0.3000,2
2024.08.08 14:54:49,SELL,0.1000,0.1000,0
2024.08.08 15:30:02,BUY,0.3000,1.9000,1
2024.08.08 15:38:05,BUY,0.2000,-0.2000,1
2024.08.08 15:45:57,BUY,0.1000,-0.1000,1
2024.08.08 16:03:36,SELL,0.2000,0.1000,1
2024.08.08 16:18:16,BUY,0.1000,0.1000,1
2024.08.08 16:41:20,BUY,0.1000,-0.1000,1
2024.08.08 16:53:38,SELL,0.2000,0.0000,2
2024.08.08 17:28:33,SELL,0.1000,-0.1000,2
2024.08.08 17:53:06,SELL,0.2000,0.0000,1
2024.08.08 18:04:23,SELL,0.1000,0.1000,0
2024.08.09 00:01:26,BUY,9.2000,0.0000,1
2024.08.12 17:29:07,SELL,0.4000,0.1000,0
2024.08.12 18:13:29,SELL,0.4000,0.1000,0
2024.08.12 18:38:57,BUY,0.5000,0.0000,1
2024.08.13 00:00:47,BUY,8.8000,0.0000,1
2024.08.13 11:18:32,BUY,0.5000,0.0000,3
2024.08.13 12:00:11,BUY,0.5000,0.0000,0
2024.08.13 15:30:01,SELL,4.6000,-1.8000,0
2024.08.13 16:22:21,SELL,0.4000,0.2000,1
2024.08.13 16:29:46,SELL,0.8000,-0.2000,1
2024.08.13 17:42:47,SELL,0.5000,-0.2000,0
2024.08.13 17:52:14,BUY,0.7000,-0.2000,0
2024.08.13 21:04:23,SELL,0.5000,-0.2000,0
2024.08.14 00:00:38,BUY,10.0000,-0.2000,9
2024.08.14 09:39:32,SELL,0.4000,0.3000,1
2024.08.14 11:47:47,SELL,0.4000,0.1000,1
2024.08.14 15:23:29,SELL,0.4000,0.1000,5
2024.08.14 15:29:47,BUY,1.4000,-1.1000,1
2024.08.14 15:34:47,BUY,0.4000,-0.1000,3
2024.08.14 15:44:03,SELL,0.4000,0.2000,0
2024.08.14 15:49:03,BUY,0.4000,-0.1000,0
2024.08.14 16:02:30,SELL,0.5000,0.5000,1
2024.08.14 16:07:30,SELL,0.4000,-0.1000,0
2024.08.14 16:12:30,BUY,0.5000,-0.2000,0
2024.08.14 16:32:22,SELL,0.4000,-0.1000,1
2024.08.14 16:44:37,SELL,0.5000,-0.1000,1
2024.08.14 16:51:33,BUY,0.5000,0.0000,1
2024.08.14 17:03:43,BUY,0.4000,0.1000,0
2024.08.14 17:13:40,BUY,0.5000,-0.1000,0
2024.08.14 17:31:32,SELL,0.4000,0.1000,0
2024.08.14 17:39:38,SELL,0.4000,0.1000,1
2024.08.14 17:54:08,BUY,0.5000,-0.1000,0
2024.08.15 11:04:33,BUY,0.4000,-0.1000,1
2024.08.15 15:30:00,BUY,4.6000,-1.8000,0
2024.08.15 15:36:33,BUY,0.7000,-0.3000,1
2024.08.15 15:42:06,BUY,0.5000,-0.1000,0
2024.08.15 16:07:08,BUY,0.4000,-0.1000,0
2024.08.15 16:17:11,SELL,0.5000,0.1000,0
2024.08.15 16:22:21,SELL,0.4000,0.4000,1
2024.08.15 16:27:22,SELL,0.4000,0.3000,1
2024.08.15 16:44:01,SELL,0.4000,-0.1000,1
2024.08.15 17:08:29,BUY,0.5000,0.0000,2
2024.08.15 17:17:23,SELL,0.5000,-0.1000,2
2024.08.16 00:01:00,BUY,10.0000,0.3000,1
2024.08.16 15:31:20,SELL,0.4000,-0.1000,0
2024.08.16 17:00:28,BUY,0.4000,-0.1000,1
2024.08.19 01:01:01,SELL,0.8000,-0.1000,4
2024.08.19 03:52:55,SELL,0.4000,-0.1000,1
2024.08.19 17:09:58,SELL,0.4000,0.4000,0
2024.08.19 17:24:58,SELL,0.4000,0.1000,0
2024.08.19 17:31:15,SELL,0.5000,0.0000,1
2024.08.19 17:52:37,BUY,0.6000,-0.1000,0
2024.08.19 18:46:47,SELL,0.4000,-0.1000,1
2024.08.20 00:01:01,BUY,10.0000,-1.6000,0
2024.08.20 10:57:47,SELL,0.5000,-0.1000,3
2024.08.20 11:34:50,SELL,0.3000,0.0000,1
2024.08.20 15:48:03,SELL,0.6000,0.3000,0
2024.08.20 16:13:10,SELL,0.9000,-1.2000,0
2024.08.20 16:44:13,SELL,0.4000,-0.1000,2
2024.08.20 17:03:00,BUY,0.4000,1.1000,0
2024.08.20 17:28:35,SELL,0.4000,0.1000,10
2024.08.20 17:35:49,SELL,0.4000,0.3000,0
2024.08.20 17:52:57,SELL,0.4000,-0.3000,0
2024.08.20 19:08:52,SELL,0.4000,0.0000,3
2024.08.21 00:00:53,BUY,5.9000,0.0000,7
2024.08.21 10:09:20,SELL,0.4000,-0.2000,0
2024.08.21 10:42:57,BUY,0.5000,-0.1000,2
2024.08.21 12:38:09,BUY,0.4000,0.3000,1
2024.08.21 15:34:58,SELL,0.4000,0.1000,1
2024.08.21 16:39:17,BUY,0.6000,-0.1000,1
2024.08.21 17:00:09,BUY,0.3000,-1.0000,1
2024.08.21 17:05:10,SELL,0.4000,0.1000,0
2024.08.21 17:10:39,SELL,0.5000,0.3000,0
2024.08.21 17:19:30,BUY,0.5000,-0.1000,0
2024.08.21 17:32:36,SELL,0.5000,-0.3000,0
2024.08.21 17:39:13,SELL,0.7000,0.3000,0
2024.08.21 17:44:13,SELL,0.6000,0.2000,1
2024.08.21 18:25:55,SELL,0.3000,-0.9000,1
2024.08.21 18:49:38,SELL,0.5000,-0.1000,2
2024.08.21 21:00:42,SELL,0.5000,-0.2000,1
2024.08.21 21:14:57,SELL,0.3000,0.3000,1
2024.08.21 21:33:54,BUY,0.4000,-0.3000,0
2024.08.22 00:01:28,BUY,12.6000,0.0000,1
2024.08.22 00:09:19,SELL,4.4000,-0.3000,0
2024.08.22 10:15:00,SELL,0.3000,-2.5000,0
2024.08.22 10:30:00,BUY,1.2000,1.5000,0
2024.08.22 10:37:09,SELL,0.4000,0.4000,0
2024.08.22 10:57:14,BUY,0.5000,0.1000,0
2024.08.22 11:02:32,SELL,0.4000,-0.3000,1
2024.08.22 11:22:58,SELL,0.5000,0.0000,1
2024.08.22 12:00:46,BUY,0.4000,0.5000,1
2024.08.22 12:24:59,SELL,0.3000,0.5000,1
2024.08.22 15:30:00,SELL,0.4000,2.1000,0
2024.08.22 15:44:28,SELL,0.4000,0.0000,1
2024.08.22 15:53:03,SELL,0.4000,-0.2000,0
2024.08.22 16:17:21,SELL,0.4000,0.0000,0
2024.08.22 16:33:11,BUY,0.5000,-0.1000,0
2024.08.22 16:45:00,BUY,0.9000,-0.3000,0
2024.08.22 16:53:40,BUY,0.5000,0.2000,1
2024.08.22 17:00:37,BUY,0.4000,0.1000,1
2024.08.22 17:07:37,BUY,0.5000,-0.4000,1
2024.08.22 17:22:28,BUY,0.5000,0.1000,1
2024.08.22 17:33:07,SELL,0.4000,-0.1000,1
2024.08.22 17:38:41,SELL,0.4000,-0.1000,2
2024.08.22 17:53:24,SELL,0.5000,0.0000,0
2024.08.23 00:00:50,BUY,9.9000,0.1000,8
2024.08.23 13:09:27,SELL,0.5000,0.1000,1
2024.08.23 15:22:07,BUY,0.5000,-0.2000,1
2024.08.23 16:58:29,SELL,0.4000,-0.1000,1
2024.08.23 17:03:29,SELL,0.4000,0.2000,0
2024.08.23 17:10:18,SELL,0.5000,-0.1000,0
2024.08.23 17:16:03,BUY,0.5000,-0.1000,0
2024.08.23 17:21:41,BUY,0.4000,0.0000,1
2024.08.23 17:27:42,SELL,0.4000,-0.3000,1
2024.08.23 17:32:42,SELL,0.4000,-0.1000,0
2024.08.23 17:37:42,BUY,0.3000,-0.3000,0
2024.08.23 17:48:04,SELL,0.5000,0.0000,1
2024.08.23 17:57:00,SELL,0.5000,0.4000,0
2024.08.23 18:02:53,SELL,0.4000,0.6000,0
2024.08.23 18:11:16,SELL,0.3000,0.0000,1
2024.08.23 18:49:18,BUY,0.6000,0.3000,0
2024.08.23 19:17:52,BUY,0.6000,-0.2000,2
2024.08.23 19:43:30,BUY,0.4000,0.1000,1
2024.08.23 20:04:55,SELL,0.6000,-0.2000,0
2024.08.23 20:20:54,SELL,0.4000,0.1000,0
2024.08.23 20:28:35,SELL,0.7000,0.1000,1
2024.08.23 21:22:40,BUY,0.5000,0.1000,0
2024.08.26 00:00:59,BUY,10.5000,0.3000,0
2024.08.26 00:29:16,BUY,5.4000,-1.2000,15
2024.08.26 03:59:21,BUY,0.4000,0.1000,4
2024.08.26 12:52:59,BUY,0.4000,-0.1000,1
2024.08.26 15:32:09,BUY,0.5000,-0.7000,0
2024.08.26 15:48:28,SELL,0.4000,0.0000,0
2024.08.26 15:54:25,BUY,0.4000,0.0000,1
2024.08.26 16:04:08,BUY,0.4000,-0.6000,1
2024.08.26 16:46:34,SELL,0.4000,-0.3000,3
2024.08.26 17:00:51,BUY,0.4000,-0.5000,2
2024.08.26 18:04:30,BUY,0.4000,0.3000,0
2024.08.27 10:03:40,SELL,0.5000,0.0000,0
2024.08.27 10:29:13,BUY,0.4000,-0.1000,0
2024.08.27 12:16:53,SELL,0.5000,-0.2000,2
2024.08.27 12:22:57,BUY,0.4000,-0.1000,2
2024.08.27 15:39:40,SELL,0.5000,-0.3000,2
2024.08.27 16:49:14,SELL,0.4000,0.1000,0
2024.08.27 16:54:14,SELL,0.4000,0.1000,0
2024.08.27 17:08:14,BUY,0.5000,-0.2000,1
2024.08.27 20:14:10,SELL,0.4000,0.1000,0
2024.08.27 20:19:34,SELL,0.5000,0.0000,2
2024.08.27 20:58:50,SELL,0.4000,-0.1000,0
2024.08.28 00:01:01,BUY,10.0000,1.2000,1
2024.08.28 08:07:28,BUY,0.5000,-0.7000,0
2024.08.28 08:18:26,BUY,0.4000,0.1000,1
2024.08.28 08:39:26,SELL,0.6000,0.1000,0
2024.08.28 09:13:20,BUY,0.5000,0.1000,1
2024.08.28 11:24:03,BUY,0.4000,0.1000,1
2024.08.28 12:08:42,SELL,0.5000,0.3000,0
2024.08.28 14:57:44,BUY,0.5000,0.3000,0
2024.08.28 15:32:14,BUY,0.6000,0.0000,1
2024.08.28 15:49:54,SELL,0.4000,0.0000,1
2024.08.28 16:13:33,SELL,0.4000,0.1000,1
2024.08.28 16:23:55,BUY,0.4000,0.2000,0
2024.08.28 16:36:39,SELL,0.4000,-0.1000,1
2024.08.28 16:42:00,BUY,0.5000,-0.1000,1
2024.08.28 17:01:44,SELL,0.4000,0.3000,0
2024.08.28 17:18:19,SELL,0.4000,0.2000,1
2024.08.28 17:33:05,SELL,0.4000,0.1000,1
2024.08.28 17:48:28,SELL,0.6000,-0.4000,1
2024.08.28 17:53:28,BUY,0.5000,-0.1000,0
2024.08.28 18:02:59,BUY,0.5000,-0.1000,1
2024.08.28 18:26:48,BUY,0.5000,-0.1000,2
2024.08.28 19:03:44,BUY,0.5000,-0.1000,1
2024.08.29 10:04:35,BUY,0.5000,0.2000,1
2024.08.29 10:17:58,SELL,0.4000,0.0000,2
2024.08.29 10:24:10,SELL,0.5000,-0.1000,1
2024.08.29 11:00:10,BUY,0.9000,-0.5000,0
2024.08.29 11:07:45,BUY,0.7000,0.7000,1
2024.08.29 11:22:15,BUY,0.4000,-0.2000,0
2024.08.29 11:28:22,SELL,0.4000,-0.6000,3
2024.08.29 11:34:39,SELL,0.4000,-0.1000,1
2024.08.29 12:32:25,SELL,0.4000,-0.1000,2
2024.08.29 12:44:08,BUY,0.6000,-0.2000,1
2024.08.29 15:04:10,BUY,0.4000,0.2000,0
2024.08.29 15:13:34,SELL,0.5000,-0.1000,1
2024.08.29 15:30:07,BUY,0.6000,1.0000,0
2024.08.29 15:41:27,BUY,0.5000,0.1000,1
2024.08.29 15:53:22,SELL,0.4000,0.1000,1
2024.08.29 16:14:39,SELL,0.4000,-0.1000,0
2024.08.29 16:34:44,BUY,0.4000,0.0000,1
2024.08.29 17:04:15,BUY,0.5000,0.0000,0
2024.08.29 17:16:18,BUY,0.4000,0.2000,0
2024.08.29 17:27:35,SELL,0.4000,0.1000,4
2024.08.29 17:34:59,BUY,0.4000,-0.2000,1
2024.08.29 17:39:59,SELL,0.4000,0.0000,1
2024.08.29 19:03:39,BUY,0.4000,0.1000,4
2024.08.29 20:14:27,BUY,0.5000,-0.1000,1
2024.08.30 09:45:09,SELL,0.7000,-0.6000,0
2024.08.30 09:58:53,SELL,0.4000,0.1000,2
2024.08.30 11:43:07,BUY,0.4000,0.5000,0
2024.08.30 11:57:05,BUY,0.4000,-0.1000,4
2024.08.30 12:07:14,SELL,0.5000,-0.1000,1
2024.08.30 13:34:49,BUY,0.4000,-0.5000,1
2024.08.30 15:08:32,SELL,0.5000,-0.1000,2
2024.08.30 15:30:15,SELL,0.4000,0.5000,1
2024.08.30 15:35:15,BUY,0.5000,-0.1000,1
2024.08.30 15:44:11,BUY,0.4000,-0.2000,1
2024.08.30 15:50:58,BUY,0.6000,-0.2000,1
2024.08.30 16:03:47,BUY,0.4000,0.2000,1
2024.08.30 16:09:55,BUY,0.5000,0.2000,0
2024.08.30 16:14:55,SELL,0.5000,-0.3000,1
2024.08.30 16:32:33,SELL,0.6000,-0.2000,0
2024.08.30 16:53:42,SELL,0.4000,0.3000,2
2024.08.30 17:00:11,SELL,0.8000,-0.7000,1
2024.08.30 17:19:27,BUY,0.4000,0.1000,3
2024.08.30 17:24:37,BUY,0.5000,-0.1000,1
2024.08.30 17:29:37,SELL,0.4000,-0.1000,0
2024.08.30 17:35:56,SELL,0.4000,0.1000,0
2024.08.30 17:44:38,BUY,0.4000,-0.5000,0
2024.08.30 17:50:38,SELL,0.5000,0.2000,0
2024.08.30 17:57:56,BUY,0.5000,0.0000,1
2024.08.30 18:13:31,BUY,0.4000,-0.4000,0
2024.08.30 18:32:39,BUY,0.4000,0.0000,0
2024.08.30 19:19:32,BUY,0.4000,0.1000,1
2024.09.02 11:02:31,SELL,0.4000,0.1000,3
2024.09.02 11:23:40,BUY,0.4000,-0.1000,1
2024.09.02 13:29:20,BUY,0.5000,0.0000,1
2024.09.02 13:34:20,SELL,0.4000,-0.1000,2
2024.09.02 17:14:32,BUY,0.4000,0.1000,8
2024.09.03 00:00:00,BUY,5.0000,3.2000,49
2024.09.03 09:02:37,BUY,0.4000,0.2000,0
2024.09.03 10:58:33,BUY,0.5000,-0.1000,0
2024.09.03 11:29:23,BUY,0.4000,0.1000,1
2024.09.03 12:07:16,BUY,0.6000,-0.2000,0
2024.09.03 13:34:13,BUY,0.5000,-0.1000,1
2024.09.03 15:34:01,SELL,0.4000,-0.1000,1
2024.09.03 16:03:45,SELL,0.4000,0.3000,1
2024.09.03 16:19:17,SELL,0.5000,-0.1000,1
2024.09.03 16:58:13,SELL,0.5000,-0.1000,1
2024.09.03 17:03:22,SELL,0.4000,-0.3000,1
2024.09.03 17:11:59,BUY,0.4000,0.0000,1
2024.09.03 17:19:28,BUY,0.4000,-0.1000,1
2024.09.03 17:25:54,SELL,0.4000,0.0000,1
2024.09.03 17:38:08,SELL,0.4000,0.0000,0
2024.09.03 17:52:18,BUY,0.4000,-0.1000,2
2024.09.03 18:58:26,SELL,0.4000,0.1000,1
2024.09.04 00:01:28,BUY,15.8000,-5.8000,94
2024.09.04 00:06:31,SELL,5.4000,-0.5000,2
2024.09.04 01:03:16,BUY,2.0000,-0.3000,0
2024.09.04 10:01:24,BUY,0.4000,0.1000,1
2024.09.04 10:13:37,SELL,0.5000,-0.1000,0
2024.09.04 14:56:04,SELL,0.4000,-0.1000,2
2024.09.04 15:44:17,SELL,0.5000,-0.1000,0
2024.09.04 16:16:05,SELL,0.4000,0.3000,4
2024.09.04 16:58:16,SELL,0.4000,0.1000,1
2024.09.04 17:03:16,SELL,0.4000,-0.3000,0
2024.09.04 17:08:16,BUY,0.5000,-1.0000,0
2024.09.04 17:16:40,SELL,0.4000,-0.1000,0
2024.09.04 17:21:47,SELL,0.4000,0.1000,0
2024.09.04 17:32:14,SELL,0.4000,0.1000,1
2024.09.04 17:43:09,SELL,0.4000,0.1000,0
2024.09.04 18:09:51,BUY,0.7000,-0.3000,0
2024.09.04 18:39:25,BUY,0.6000,-0.1000,1
2024.09.04 19:54:56,SELL,0.4000,-0.1000,1
2024.09.05 10:12:55,SELL,0.4000,0.1000,0
2024.09.05 11:08:54,SELL,0.4000,0.0000,3
2024.09.05 11:26:56,SELL,0.9000,-0.3000,1
2024.09.05 15:14:12,SELL,0.4000,0.2000,1
2024.09.05 15:19:12,SELL,0.4000,0.1000,1
2024.09.05 15:30:03,BUY,1.1000,-1.8000,0
2024.09.05 15:39:21,BUY,0.5000,0.1000,0
2024.09.05 15:45:40,BUY,0.5000,-0.3000,0
2024.09.05 15:53:42,BUY,0.5000,0.5000,1
2024.09.05 15:58:42,SELL,0.4000,-0.1000,1
2024.09.05 16:06:58,SELL,0.6000,0.3000,1
2024.09.05 16:21:40,SELL,0.4000,0.2000,1
2024.09.05 16:31:55,BUY,0.5000,0.1000,2
2024.09.05 16:44:44,SELL,0.4000,0.2000,1
2024.09.05 17:00:01,BUY,1.8000,1.4000,0
2024.09.05 17:06:47,BUY,0.5000,0.0000,1
2024.09.05 17:13:24,SELL,0.4000,0.1000,1
2024.09.05 17:19:20,SELL,0.5000,0.1000,0
2024.09.05 17:24:24,BUY,0.5000,0.1000,1
2024.09.05 17:38:31,BUY,0.4000,-0.2000,1
2024.09.05 17:43:41,BUY,0.4000,-0.2000,0
2024.09.05 17:49:40,SELL,0.4000,0.3000,1
2024.09.05 17:54:40,BUY,0.5000,-0.1000,0
2024.09.05 18:43:23,SELL,0.4000,0.4000,1
2024.09.05 19:02:41,SELL,0.4000,-0.3000,2
2024.09.06 00:01:01,BUY,10.0000,0.2000,0
2024.09.06 13:19:45,BUY,0.4000,0.3000,1
2024.09.06 15:30:01,BUY,3.5000,-3.3000,0
2024.09.06 15:35:51,SELL,0.5000,0.2000,1
2024.09.06 15:41:43,SELL,0.5000,-0.1000,0
2024.09.06 15:46:43,BUY,0.4000,0.2000,0
2024.09.06 15:52:18,BUY,0.4000,0.5000,0
2024.09.06 16:04:13,BUY,0.7000,0.4000,1
2024.09.06 16:09:13,BUY,0.4000,-0.1000,0
2024.09.06 16:17:34,BUY,0.6000,-0.3000,0
2024.09.06 16:23:19,SELL,0.3000,-0.1000,1
2024.09.06 16:28:19,BUY,0.4000,0.0000,1
2024.09.06 16:35:50,BUY,0.3000,-0.2000,1
2024.09.06 16:41:30,SELL,0.3000,-0.1000,1
2024.09.06 16:46:31,BUY,0.6000,0.0000,1
2024.09.06 16:51:31,SELL,0.4000,0.5000,0
2024.09.06 16:57:15,SELL,0.4000,0.5000,0
2024.09.06 17:04:29,BUY,0.5000,0.7000,1
2024.09.06 17:09:29,BUY,0.5000,0.0000,1
2024.09.06 17:14:29,SELL,0.6000,-0.1000,0
2024.09.06 17:21:25,BUY,0.6000,0.0000,1
2024.09.06 17:28:05,BUY,0.8000,-0.1000,1
2024.09.06 17:36:26,SELL,0.6000,-0.4000,0
2024.09.06 17:41:26,SELL,0.4000,0.1000,0
2024.09.06 17:49:57,SELL,0.4000,0.2000,0
2024.09.06 17:54:57,BUY,0.5000,-0.2000,0
2024.09.06 18:00:06,SELL,0.5000,-0.2000,0
2024.09.06 18:06:24,BUY,0.5000,0.4000,1
2024.09.06 18:11:24,SELL,0.4000,0.3000,0
2024.09.06 18:18:32,SELL,0.4000,0.0000,1
2024.09.06 18:26:02,SELL,0.4000,0.1000,1
2024.09.06 18:31:02,BUY,0.4000,0.1000,0
2024.09.06 18:38:20,BUY,0.5000,0.0000,2
2024.09.06 18:52:00,BUY,0.5000,0.2000,1
2024.09.06 19:02:41,BUY,0.4000,-0.4000,1
2024.09.06 19:42:05,BUY,0.5000,0.1000,1
2024.09.06 19:52:53,SELL,0.5000,-0.2000,1
2024.09.06 20:02:46,BUY,0.5000,0.0000,0
2024.09.06 20:14:17,SELL,0.4000,-0.1000,8
2024.09.06 20:22:16,SELL,0.4000,0.1000,1
2024.09.06 21:02:43,BUY,0.5000,0.0000,1
2024.09.09 00:01:33,BUY,7.8000,-1.0000,10
2024.09.09 09:49:06,BUY,0.4000,0.1000,1
2024.09.09 10:00:58,BUY,0.4000,0.3000,1
2024.09.09 12:43:07,SELL,0.4000,0.1000,2
2024.09.09 13:08:17,BUY,0.5000,-0.2000,7
2024.09.09 15:33:49,SELL,0.4000,-0.1000,1
2024.09.09 15:59:27,BUY,0.6000,-0.1000,0
2024.09.09 16:09:03,SELL,0.5000,0.1000,1
2024.09.09 16:34:04,BUY,0.4000,-0.1000,1
2024.09.09 17:04:16,BUY,0.4000,0.0000,0
2024.09.09 17:13:08,BUY,0.5000,-0.2000,0
2024.09.09 17:19:04,SELL,0.5000,0.0000,0
2024.09.09 17:31:31,BUY,0.4000,0.2000,0
2024.09.10 09:59:43,SELL,0.4000,0.2000,1
2024.09.10 10:04:44,BUY,0.4000,-0.1000,2
2024.09.10 15:28:29,BUY,0.4000,-0.1000,0
2024.09.10 15:41:37,BUY,0.5000,-0.2000,1
2024.09.10 16:07:50,BUY,0.4000,-0.2000,1
2024.09.10 16:43:34,BUY,0.4000,0.2000,1
2024.09.10 16:53:16,BUY,0.4000,0.3000,0
2024.09.11 04:32:04,SELL,0.4000,0.1000,0
2024.09.11 11:07:00,BUY,0.5000,0.0000,1
2024.09.11 15:27:28,BUY,0.5000,0.0000,1
2024.09.11 15:32:28,BUY,0.4000,-0.5000,0
2024.09.11 15:37:28,BUY,0.5000,-0.4000,0
2024.09.11 15:42:31,BUY,0.5000,0.2000,0
2024.09.11 15:48:08,SELL,0.5000,0.3000,1
2024.09.11 15:53:08,BUY,0.5000,0.1000,0
2024.09.11 15:58:08,SELL,0.4000,-0.1000,1
2024.09.11 16:13:16,SELL,0.5000,0.1000,0
2024.09.11 16:27:15,BUY,0.4000,0.2000,1
2024.09.11 16:37:27,SELL,0.5000,0.1000,1
2024.09.11 16:42:27,SELL,0.4000,0.0000,0
2024.09.11 16:48:08,BUY,0.3000,-0.1000,1
2024.09.11 17:01:11,BUY,0.5000,-0.2000,1
2024.09.11 17:07:25,SELL,0.4000,0.5000,1
2024.09.11 17:22:23,BUY,0.3000,0.0000,1
2024.09.11 17:27:33,BUY,0.5000,0.1000,1
2024.09.11 17:41:21,BUY,0.4000,0.3000,1
2024.09.11 17:51:58,SELL,0.4000,-0.5000,0
2024.09.11 18:14:32,SELL,0.5000,0.2000,1
2024.09.12 09:59:28,BUY,0.7000,-0.1000,1
2024.09.12 10:29:45,SELL,0.4000,0.1000,2
2024.09.12 11:23:49,SELL,0.4000,-0.3000,1
2024.09.12 11:39:19,SELL,0.4000,0.2000,0
2024.09.12 14:38:55,SELL,0.4000,0.1000,0
2024.09.12 15:15:02,SELL,1.2000,4.4000,0
2024.09.12 15:20:43,SELL,0.5000,-0.1000,0
2024.09.12 15:30:12,BUY,0.5000,1.2000,0
2024.09.12 15:38:56,SELL,0.5000,0.2000,0
2024.09.12 15:46:23,SELL,0.4000,-0.2000,0
2024.09.12 15:53:25,BUY,0.5000,0.1000,1
2024.09.12 16:03:59,SELL,0.4000,0.0000,1
2024.09.12 16:08:59,SELL,0.5000,-0.2000,0
2024.09.12 16:14:54,BUY,0.4000,-0.2000,0
2024.09.12 16:21:27,BUY,0.5000,-0.2000,0
2024.09.12 16:26:28,SELL,0.4000,-0.2000,0
2024.09.12 16:34:56,BUY,0.4000,-0.1000,1
2024.09.12 17:04:30,BUY,0.5000,-0.1000,1
2024.09.12 17:33:39,BUY,0.5000,0.2000,2
2024.09.12 17:43:45,SELL,0.5000,0.0000,1
2024.09.12 17:54:21,BUY,0.5000,-0.1000,0
2024.09.12 18:19:42,BUY,0.5000,0.1000,1
2024.09.12 19:03:49,SELL,0.4000,-0.3000,1
2024.09.12 20:56:04,SELL,0.5000,-0.2000,0
2024.09.12 21:04:23,BUY,0.5000,0.1000,2
2024.09.12 21:16:28,SELL,0.4000,0.3000,1
2024.09.13 00:01:00,BUY,10.0000,0.9000,1
2024.09.13 05:07:38,SELL,0.5000,0.1000,10
2024.09.13 12:28:18,SELL,0.4000,-0.1000,2
2024.09.13 16:09:25,SELL,0.5000,0.0000,1
2024.09.13 16:27:09,BUY,0.4000,0.1000,1
2024.09.13 17:00:52,BUY,0.4000,0.1000,2
2024.09.13 17:13:00,BUY,0.4000,-0.2000,1
2024.09.13 17:54:53,BUY,0.4000,0.2000,1
2024.09.16 01:01:30,SELL,0.8000,0.0000,0
2024.09.16 10:33:26,SELL,0.4000,-0.2000,0
2024.09.16 12:08:32,SELL,0.4000,0.0000,3
2024.09.16 16:46:48,BUY,0.3000,0.2000,0
2024.09.16 17:04:32,BUY,0.5000,0.0000,1
2024.09.16 17:42:22,BUY,0.4000,-0.2000,1
2024.09.17 09:59:52,BUY,0.4000,-0.1000,1
2024.09.17 10:23:36,SELL,0.4000,-0.1000,0
2024.09.17 10:42:32,SELL,0.4000,0.1000,0
2024.09.17 11:53:40,SELL,0.4000,0.0000,1
2024.09.17 12:00:10,BUY,0.6000,-0.7000,1
2024.09.17 14:47:13,SELL,0.4000,0.1000,1
2024.09.17 15:30:00,BUY,4.6000,-2.0000,0
2024.09.17 16:02:25,BUY,0.5000,-0.1000,0
2024.09.17 16:07:25,SELL,0.4000,-0.3000,0
2024.09.17 16:44:06,SELL,0.4000,0.1000,1
2024.09.17 16:57:34,BUY,0.5000,0.2000,1
2024.09.17 17:03:30,SELL,0.4000,0.0000,0
2024.09.17 18:08:12,BUY,0.3000,0.0000,0
2024.09.18 03:54:16,SELL,0.4000,0.1000,1
2024.09.18 10:19:55,SELL,0.4000,0.0000,0
2024.09.18 10:49:57,SELL,0.5000,-0.2000,1
2024.09.18 14:04:31,BUY,0.4000,0.1000,0
2024.09.18 16:02:38,SELL,0.4000,0.1000,1
2024.09.18 16:53:48,BUY,0.5000,-0.1000,1
2024.09.18 17:17:50,BUY,0.5000,0.2000,1
2024.09.18 17:32:20,BUY,0.5000,-0.3000,0
2024.09.18 18:33:15,BUY,0.5000,-0.4000,1
2024.09.18 19:13:20,SELL,0.4000,0.4000,1
2024.09.18 20:32:27,SELL,0.4000,0.0000,0
2024.09.18 21:00:01,SELL,4.3000,-2.9000,0
2024.09.18 21:05:13,SELL,0.4000,0.0000,1
2024.09.18 21:10:21,SELL,0.4000,-0.3000,1
2024.09.18 21:15:32,SELL,0.4000,0.3000,0
2024.09.18 21:24:15,BUY,0.4000,0.0000,0
2024.09.18 21:30:38,SELL,0.4000,-1.1000,1
2024.09.18 21:35:49,BUY,0.5000,0.2000,0
2024.09.18 21:41:00,BUY,0.7000,0.2000,0
2024.09.18 21:46:06,BUY,0.5000,0.2000,0
2024.09.18 21:51:10,BUY,0.5000,-0.4000,1
2024.09.18 21:56:11,SELL,0.5000,-0.1000,0
2024.09.18 22:01:11,BUY,0.6000,-0.9000,0
2024.09.18 22:06:11,BUY,0.4000,0.6000,1
2024.09.18 22:11:20,SELL,0.5000,-0.6000,1
2024.09.18 22:16:20,BUY,0.4000,-0.1000,0
2024.09.18 22:21:20,BUY,0.5000,0.1000,1
2024.09.18 22:26:28,SELL,0.4000,-0.3000,2
2024.09.18 22:32:09,BUY,0.3000,-0.1000,0
2024.09.18 22:43:11,BUY,0.4000,0.1000,1
2024.09.18 22:48:11,BUY,0.4000,-0.2000,0
2024.09.18 22:54:40,SELL,0.5000,0.0000,1
2024.09.18 23:04:48,SELL,0.4000,-0.2000,1
2024.09.19 00:00:35,BUY,5.0000,1.1000,2
2024.09.19 01:00:15,SELL,1.0000,1.7000,0
2024.09.19 03:09:59,BUY,0.5000,-0.1000,0
2024.09.19 03:49:43,BUY,0.4000,0.1000,1
2024.09.19 03:54:44,BUY,0.5000,0.0000,0
2024.09.19 03:59:44,BUY,0.4000,0.0000,2
2024.09.19 04:28:48,BUY,0.4000,0.3000,1
2024.09.19 04:34:09,BUY,0.4000,-0.3000,1
2024.09.19 05:09:03,SELL,0.4000,0.1000,1
2024.09.19 05:22:06,SELL,0.4000,0.0000,2
2024.09.19 06:24:30,SELL,0.4000,0.2000,6
2024.09.19 09:48:43,SELL,0.4000,0.1000,1
2024.09.19 10:18:59,BUY,0.7000,-0.3000,1
2024.09.19 10:27:33,SELL,0.4000,0.0000,1
2024.09.19 11:34:34,SELL,0.6000,-0.1000,1
2024.09.19 11:44:12,SELL,0.4000,0.2000,1
2024.09.19 11:49:24,BUY,0.4000,0.2000,1
2024.09.19 12:04:24,SELL,0.4000,-0.5000,1
2024.09.19 12:36:25,SELL,0.4000,0.2000,1
2024.09.19 13:09:24,BUY,0.4000,-0.1000,1
2024.09.19 14:00:44,SELL,0.4000,-0.1000,0
2024.09.19 14:12:59,BUY,0.5000,0.2000,0
2024.09.19 14:18:20,BUY,0.4000,0.1000,0
2024.09.19 14:44:49,BUY,0.4000,0.2000,0
2024.09.19 15:00:49,BUY,0.5000,0.0000,2
2024.09.19 15:16:47,BUY,0.4000,0.0000,0
2024.09.19 15:30:00,BUY,1.6000,-0.2000,0
2024.09.19 15:35:34,BUY,0.5000,-0.1000,0
2024.09.19 15:43:24,BUY,0.4000,-0.1000,1
2024.09.19 16:01:54,SELL,0.4000,-0.2000,0
2024.09.19 16:12:10,SELL,0.5000,-0.2000,0
2024.09.19 16:23:34,BUY,0.4000,-0.2000,0
2024.09.19 16:29:33,BUY,0.4000,-0.3000,0
2024.09.19 16:36:07,BUY,0.5000,-0.1000,1
2024.09.19 16:44:29,BUY,0.6000,0.2000,1
2024.09.19 17:03:44,SELL,0.4000,0.2000,1
2024.09.19 17:08:44,BUY,0.4000,-0.1000,0
2024.09.19 17:26:10,SELL,0.4000,0.0000,0
2024.09.19 17:44:20,BUY,0.4000,0.1000,0
2024.09.19 17:51:01,SELL,0.5000,-0.3000,0
2024.09.19 17:58:37,SELL,0.5000,-0.1000,0
2024.09.19 18:09:35,BUY,0.5000,0.0000,1
2024.09.19 18:22:43,SELL,0.4000,0.1000,2
2024.09.19 19:26:11,SELL,0.5000,0.0000,0
2024.09.19 19:47:38,SELL,0.4000,0.1000,1
2024.09.20 09:34:20,SELL,0.6000,0.0000,0
2024.09.20 09:53:48,BUY,0.4000,0.1000,1
2024.09.20 10:09:27,SELL,0.4000,0.2000,1
2024.09.20 10:19:04,BUY,0.5000,-0.2000,0
2024.09.20 10:43:43,BUY,0.5000,0.1000,1
2024.09.20 11:07:18,BUY,0.4000,0.1000,1
2024.09.20 11:18:02,BUY,0.6000,0.0000,1
2024.09.20 11:33:28,SELL,0.4000,0.1000,1
2024.09.20 11:53:40,BUY,0.5000,0.0000,0
2024.09.20 16:14:58,BUY,0.5000,0.1000,1
2024.09.20 16:24:17,BUY,0.5000,0.2000,1
2024.09.20 17:00:44,BUY,0.4000,-0.5000,1
2024.09.20 17:13:56,BUY,0.5000,-0.1000,1
2024.09.20 17:23:55,BUY,0.7000,-0.1000,0
2024.09.20 17:28:55,SELL,0.4000,0.1000,1
2024.09.20 17:56:26,BUY,0.5000,-0.3000,1
2024.09.20 18:23:04,BUY,0.5000,0.1000,0
2024.09.20 18:35:39,SELL,0.6000,0.1000,0
2024.09.20 18:41:55,SELL,0.5000,-0.2000,0
2024.09.20 19:00:46,SELL,0.4000,0.1000,0
2024.09.23 00:01:22,BUY,10.5000,1.0000,14
2024.09.23 10:03:53,BUY,0.5000,0.1000,1
2024.09.23 10:08:53,BUY,0.5000,0.0000,1
2024.09.23 10:15:00,BUY,1.1000,-4.7000,0
2024.09.23 10:28:41,SELL,0.5000,-0.1000,1
2024.09.23 10:33:41,BUY,0.5000,-0.1000,0
2024.09.23 10:52:01,BUY,0.5000,0.1000,1
2024.09.23 11:01:41,BUY,0.5000,-0.1000,1
2024.09.23 11:13:54,BUY,0.4000,0.0000,0
2024.09.23 11:29:05,SELL,0.5000,0.4000,5
2024.09.23 11:44:52,SELL,0.4000,0.3000,1
2024.09.23 11:59:25,BUY,0.4000,0.1000,0
2024.09.23 12:19:49,SELL,0.5000,0.1000,1
2024.09.23 12:24:49,SELL,0.5000,-0.7000,2
2024.09.23 13:32:38,SELL,0.4000,0.2000,1
2024.09.23 15:19:56,BUY,0.5000,-0.5000,2
2024.09.23 15:53:23,SELL,0.4000,0.1000,0
2024.09.23 16:24:20,SELL,0.5000,-0.3000,1
2024.09.23 16:45:00,SELL,1.2000,-0.3000,0
2024.09.23 17:07:06,BUY,0.4000,0.2000,0
2024.09.23 17:14:03,SELL,0.4000,0.2000,1
2024.09.23 17:19:11,SELL,0.4000,-0.1000,1
2024.09.23 17:34:07,SELL,0.4000,0.1000,0
2024.09.23 17:39:09,BUY,0.5000,0.0000,1
2024.09.23 17:49:52,BUY,0.4000,-0.1000,1
2024.09.23 19:02:36,BUY,0.6000,0.0000,0
2024.09.24 00:00:35,SELL,10.0000,3.1000,0
2024.09.24 09:49:25,SELL,0.4000,0.0000,2
2024.09.24 10:09:14,SELL,0.5000,-0.2000,1
2024.09.24 10:48:03,SELL,0.4000,0.1000,1
2024.09.24 11:03:13,SELL,0.4000,-0.3000,1
2024.09.24 13:36:04,BUY,0.4000,0.1000,1
2024.09.24 13:52:44,BUY,0.5000,0.1000,1
2024.09.24 15:08:22,SELL,0.4000,0.0000,1
2024.09.24 15:39:18,SELL,0.4000,0.1000,1
2024.09.24 16:14:26,BUY,0.5000,0.1000,1
2024.09.24 16:34:25,BUY,0.5000,0.0000,1
2024.09.24 16:58:45,SELL,0.4000,-0.1000,1
2024.09.24 17:04:36,SELL,0.5000,-0.1000,1
2024.09.24 17:09:36,SELL,0.5000,0.1000,0
2024.09.24 17:18:58,SELL,0.5000,0.1000,0
2024.09.24 17:34:04,BUY,0.5000,-0.1000,0
2024.09.24 17:39:12,BUY,0.5000,0.0000,1
2024.09.24 17:52:38,BUY,0.5000,0.0000,1
2024.09.24 18:23:07,BUY,0.5000,0.0000,1
2024.09.24 18:28:07,SELL,0.5000,-0.1000,1
2024.09.24 19:04:12,SELL,0.4000,0.0000,1
2024.09.25 00:01:01,BUY,7.5000,0.0000,0
2024.09.25 10:34:01,SELL,0.5000,-0.1000,1
2024.09.25 11:08:17,BUY,0.6000,-0.2000,1
2024.09.25 11:33:33,SELL,0.4000,0.3000,1
2024.09.25 13:02:23,SELL,0.4000,0.0000,0
2024.09.25 14:54:45,SELL,0.4000,0.3000,1
2024.09.25 15:30:25,SELL,0.3000,-0.3000,0
2024.09.25 16:01:10,SELL,0.4000,0.2000,0
2024.09.25 16:13:07,BUY,0.5000,0.0000,1
2024.09.25 16:41:53,BUY,0.4000,0.5000,1
2024.09.25 16:53:33,SELL,0.5000,-0.1000,1
2024.09.25 16:58:33,BUY,0.4000,-0.2000,0
2024.09.25 17:05:43,BUY,0.5000,0.3000,0
2024.09.25 17:13:07,BUY,0.5000,-0.2000,1
2024.09.25 17:18:08,BUY,0.4000,0.1000,2
2024.09.25 17:23:09,SELL,0.5000,-0.1000,0
2024.09.25 17:43:27,BUY,0.5000,0.3000,0
2024.09.25 17:49:31,BUY,0.5000,0.2000,1
2024.09.25 18:07:29,BUY,0.5000,-0.2000,1
2024.09.25 18:15:46,BUY,0.6000,0.2000,1
2024.09.25 18:54:32,BUY,0.4000,0.0000,1
2024.09.25 18:59:32,BUY,0.5000,-0.2000,1
2024.09.25 19:37:10,BUY,0.5000,0.0000,0
2024.09.25 20:08:47,BUY,0.5000,0.0000,0
2024.09.25 20:13:49,SELL,0.4000,-0.1000,1
2024.09.26 00:02:04,BUY,10.1000,-0.2000,0
2024.09.26 10:30:06,SELL,0.5000,1.2000,0
2024.09.26 10:55:26,BUY,0.4000,0.0000,1
2024.09.26 11:00:34,BUY,0.4000,-0.8000,1
2024.09.26 11:14:39,SELL,0.4000,-0.1000,0
2024.09.26 11:24:21,BUY,0.5000,-0.1000,1
2024.09.26 11:29:21,SELL,0.5000,0.0000,1
2024.09.26 11:34:22,SELL,0.4000,0.2000,3
2024.09.26 13:37:41,SELL,0.4000,0.0000,1
2024.09.26 14:17:35,BUY,0.5000,-0.1000,0
2024.09.26 14:56:35,BUY,0.5000,0.1000,0
2024.09.26 15:02:22,SELL,0.5000,0.0000,1
2024.09.26 15:13:37,SELL,0.4000,-1.1000,1
2024.09.26 15:30:11,BUY,0.4000,-0.8000,0
2024.09.26 15:35:28,SELL,0.5000,-0.3000,1
2024.09.26 15:42:15,SELL,0.4000,0.1000,2
2024.09.26 16:04:02,BUY,0.4000,0.1000,1
2024.09.26 16:09:04,SELL,0.4000,0.3000,1
2024.09.26 16:14:04,BUY,0.5000,0.0000,1
2024.09.26 16:26:12,SELL,0.4000,-0.1000,1
2024.09.26 16:38:33,BUY,0.4000,0.2000,1
2024.09.26 16:53:36,BUY,0.5000,-0.2000,1
2024.09.26 17:04:33,BUY,0.4000,0.0000,2
2024.09.26 17:09:45,BUY,0.4000,0.1000,1
2024.09.26 17:14:45,SELL,0.4000,0.6000,0
2024.09.26 17:20:29,SELL,0.3000,-0.3000,1
2024.09.26 17:32:36,SELL,0.4000,0.1000,0
2024.09.26 17:42:43,SELL,0.5000,0.3000,1
2024.09.26 17:47:43,SELL,0.4000,-0.1000,0
2024.09.26 17:54:06,BUY,0.5000,0.2000,1
2024.09.26 18:18:11,SELL,0.5000,-0.2000,0
2024.09.26 18:23:36,SELL,0.4000,0.3000,0
2024.09.26 18:44:49,SELL,0.5000,0.1000,1
2024.09.26 18:59:36,BUY,0.5000,0.1000,1
2024.09.26 19:04:36,BUY,0.5000,-0.2000,1
2024.09.26 19:21:39,BUY,0.5000,-0.1000,1
2024.09.26 20:11:44,SELL,0.4000,-0.1000,0
2024.09.27 09:23:04,SELL,1.8000,-0.2000,1
2024.09.27 09:36:55,BUY,0.5000,-0.3000,1
2024.09.27 09:44:07,BUY,0.5000,0.0000,0
2024.09.27 09:49:07,BUY,0.7000,0.0000,1
2024.09.27 09:57:09,SELL,0.4000,-0.3000,1
2024.09.27 10:02:09,BUY,0.4000,0.2000,0
2024.09.27 10:24:09,BUY,0.5000,0.1000,0
2024.09.27 10:38:08,BUY,0.4000,0.2000,0
2024.09.27 10:43:09,SELL,0.4000,0.1000,4
2024.09.27 10:55:37,BUY,0.4000,0.2000,3
2024.09.27 11:53:21,SELL,0.4000,-0.1000,1
2024.09.27 12:29:41,SELL,0.4000,0.1000,2
2024.09.27 12:49:56,SELL,0.4000,0.2000,2
2024.09.27 13:33:17,SELL,0.4000,0.0000,1
2024.09.27 14:57:06,BUY,0.5000,-0.1000,0
2024.09.27 15:30:03,SELL,3.8000,-0.2000,1
2024.09.27 15:37:53,SELL,0.4000,-0.6000,1
2024.09.27 15:42:53,SELL,0.4000,0.1000,1
2024.09.27 15:57:37,SELL,0.5000,-0.1000,1
2024.09.27 16:02:43,BUY,0.5000,-0.1000,0
2024.09.27 16:28:29,BUY,0.4000,0.4000,1
2024.09.27 16:47:51,BUY,0.4000,-0.2000,1
2024.09.27 16:52:51,BUY,0.5000,0.0000,1
2024.09.27 17:04:42,BUY,0.5000,-0.1000,2
2024.09.27 17:11:46,BUY,0.4000,0.1000,1
2024.09.27 17:22:51,SELL,0.4000,-0.1000,0
2024.09.27 17:29:58,SELL,0.5000,0.0000,1
2024.09.27 17:34:58,SELL,0.5000,0.1000,1
2024.09.27 17:48:50,BUY,0.5000,-0.2000,2
2024.09.27 17:53:50,SELL,0.4000,0.3000,0
2024.09.27 18:03:07,BUY,0.4000,0.1000,1
2024.09.27 18:18:18,BUY,0.4000,-0.1000,0
2024.09.27 18:44:44,BUY,0.5000,-0.2000,1
2024.09.27 19:12:30,BUY,0.5000,0.0000,1
2024.09.27 20:39:56,BUY,0.5000,0.0000,1
2024.09.27 20:49:40,SELL,0.5000,0.1000,0
2024.09.27 23:56:03,SELL,1.1000,-0.1000,0
2024.09.30 00:01:17,BUY,16.0000,-3.5000,11
2024.09.30 00:28:13,BUY,13.2000,-2.3000,14
2024.09.30 00:34:12,SELL,2.6000,5.7000,1
2024.09.30 01:01:07,SELL,0.8000,-0.7000,0
2024.09.30 04:13:38,BUY,0.5000,0.0000,4
2024.09.30 09:22:20,SELL,0.5000,0.1000,4
2024.09.30 10:08:23,BUY,0.4000,-0.1000,1
2024.09.30 10:48:23,SELL,0.5000,-0.3000,0
2024.09.30 11:00:01,SELL,1.0000,0.1000,0
2024.09.30 11:32:42,SELL,0.4000,0.3000,0
2024.09.30 11:42:11,SELL,0.4000,0.4000,1
2024.09.30 11:57:07,SELL,0.4000,0.0000,1
2024.09.30 12:03:10,BUY,0.4000,0.2000,1
2024.09.30 12:09:55,BUY,0.5000,0.0000,1
2024.09.30 12:28:31,BUY,0.5000,-0.1000,1
2024.09.30 14:34:28,SELL,0.4000,-0.5000,0
2024.09.30 15:32:28,BUY,0.6000,-0.1000,1
2024.09.30 16:02:48,BUY,0.4000,-0.4000,0
2024.09.30 16:07:50,BUY,0.6000,0.0000,1
2024.09.30 16:12:51,SELL,0.5000,-0.1000,0
2024.09.30 17:03:17,BUY,0.5000,-0.1000,0
2024.09.30 17:25:33,BUY,0.4000,-0.1000,1
2024.09.30 17:33:45,SELL,0.5000,-0.3000,0
2024.09.30 17:38:55,BUY,0.5000,-0.1000,1
2024.09.30 17:43:59,BUY,0.5000,-0.1000,0
2024.09.30 17:48:59,SELL,0.5000,-0.4000,0
2024.09.30 17:56:04,SELL,0.4000,-0.1000,1
2024.09.30 18:02:59,SELL,0.7000,0.1000,0
2024.09.30 18:09:55,BUY,0.5000,0.1000,1
2024.09.30 18:19:08,BUY,0.4000,0.1000,1
2024.09.30 18:29:41,BUY,0.4000,-0.5000,1
2024.09.30 18:39:23,BUY,0.5000,-0.1000,1
2024.09.30 18:52:19,BUY,0.5000,-0.1000,1
2024.09.30 18:58:01,SELL,0.5000,0.2000,2
2024.09.30 19:22:51,SELL,0.3000,0.7000,0
2024.09.30 20:44:33,BUY,0.4000,0.0000,1
2024.09.30 20:49:49,SELL,0.4000,0.1000,1
2024.09.30 20:56:41,BUY,0.4000,-0.1000,1
2024.09.30 21:05:36,BUY,0.5000,-0.6000,1
2024.09.30 21:11:00,BUY,0.3000,-0.9000,0
2024.09.30 21:17:13,BUY,0.5000,0.3000,1
2024.09.30 21:22:14,SELL,0.5000,0.1000,0
2024.09.30 21:27:14,BUY,0.4000,-0.2000,1
2024.09.30 21:32:16,SELL,0.4000,0.1000,1
2024.09.30 21:41:44,SELL,0.4000,0.1000,1
2024.09.30 22:03:10,BUY,0.5000,0.0000,1
2024.09.30 22:39:31,SELL,0.4000,0.1000,1
2024.10.01 00:01:10,BUY,6.1000,0.0000,17
2024.10.01 09:04:48,BUY,0.5000,0.0000,0
2024.10.01 09:42:52,BUY,0.5000,0.0000,1
2024.10.01 10:04:18,BUY,0.6000,-0.2000,0
2024.10.01 10:09:18,BUY,0.5000,-0.1000,1
2024.10.01 10:16:45,SELL,0.5000,0.1000,0
2024.10.01 10:21:45,SELL,0.4000,0.1000,0
2024.10.01 10:42:34,BUY,0.5000,0.1000,1
2024.10.01 10:49:54,BUY,0.5000,-0.2000,1
2024.10.01 11:04:38,BUY,0.7000,0.2000,1
2024.10.01 11:12:51,BUY,0.3000,0.4000,0
2024.10.01 11:37:54,SELL,0.4000,0.1000,5
2024.10.01 11:44:08,BUY,0.5000,-0.2000,0
2024.10.01 11:52:10,BUY,0.6000,0.0000,1
2024.10.01 12:02:56,SELL,0.5000,0.1000,2
2024.10.01 12:14:35,SELL,0.4000,0.3000,0
2024.10.01 12:42:32,BUY,0.5000,0.1000,0
2024.10.01 14:01:38,SELL,0.4000,0.0000,2
2024.10.01 14:07:08,SELL,0.5000,-0.3000,1
2024.10.01 14:22:26,BUY,0.4000,-0.3000,1
2024.10.01 14:59:09,SELL,0.4000,0.0000,1
2024.10.01 15:14:01,BUY,0.4000,0.1000,0
2024.10.01 15:39:45,BUY,0.7000,0.1000,1
2024.10.01 16:03:41,SELL,0.4000,-0.1000,1
2024.10.01 16:34:14,SELL,0.6000,0.0000,0
2024.10.01 16:39:14,BUY,0.4000,0.2000,1
2024.10.01 16:44:18,BUY,0.4000,-0.1000,0
2024.10.01 16:50:22,BUY,0.4000,0.2000,1
2024.10.01 16:57:00,SELL,0.4000,0.1000,1
2024.10.01 17:02:00,SELL,0.6000,0.1000,0
2024.10.01 17:25:53,BUY,0.4000,0.5000,0
2024.10.01 17:37:07,SELL,0.4000,0.1000,1
2024.10.01 18:03:43,BUY,0.7000,-0.2000,0
2024.10.01 18:08:43,BUY,0.5000,0.0000,0
2024.10.01 18:33:14,BUY,0.6000,-0.1000,1
2024.10.01 19:23:59,BUY,0.4000,0.1000,1
2024.10.01 19:37:48,BUY,0.5000,-0.2000,1
2024.10.01 19:48:26,BUY,0.5000,0.1000,1
2024.10.01 19:53:38,SELL,0.4000,-0.2000,1
2024.10.01 20:31:51,SELL,0.4000,0.1000,0
2024.10.01 20:44:39,SELL,0.4000,0.1000,1
2024.10.02 00:05:24,SELL,5.4000,-1.0000,4
2024.10.02 03:54:52,BUY,0.5000,0.0000,0
2024.10.02 10:37:09,SELL,0.4000,0.1000,1
2024.10.02 11:13:53,SELL,0.5000,0.4000,1
2024.10.02 11:19:11,SELL,0.4000,0.1000,0
2024.10.02 11:43:57,BUY,0.5000,0.0000,2
2024.10.02 12:03:12,BUY,0.5000,0.0000,0
2024.10.02 12:44:16,SELL,0.6000,-0.4000,1
2024.10.02 13:18:24,SELL,0.6000,0.1000,1
2024.10.02 14:13:56,SELL,0.5000,0.0000,1
2024.10.02 15:16:38,BUY,0.5000,0.0000,1
2024.10.02 15:43:53,BUY,0.5000,-0.4000,1
2024.10.02 16:07:15,SELL,0.4000,0.1000,0
2024.10.02 16:13:53,BUY,0.5000,-0.1000,1
2024.10.02 16:34:26,BUY,0.5000,0.4000,1
2024.10.02 16:49:18,SELL,0.4000,0.1000,1
2024.10.02 16:57:57,BUY,0.4000,0.0000,1
2024.10.02 17:18:00,BUY,0.5000,0.0000,1
2024.10.02 17:24:02,SELL,0.4000,-0.1000,3
2024.10.02 17:29:04,BUY,0.4000,0.1000,1
2024.10.02 17:49:25,BUY,0.4000,0.1000,0
2024.10.02 22:59:23,SELL,0.4000,1.7000,0
2024.10.02 23:59:37,BUY,4.3000,-0.1000,1
2024.10.03 08:08:30,BUY,0.6000,0.1000,1
2024.10.03 10:43:13,BUY,0.6000,-0.1000,0
2024.10.03 12:22:24,SELL,0.8000,0.1000,2
2024.10.03 12:54:34,BUY,0.4000,0.1000,1
2024.10.03 15:30:00,SELL,3.2000,-0.6000,0
2024.10.03 15:36:34,SELL,0.3000,0.3000,1
2024.10.03 15:46:26,SELL,0.5000,0.1000,1
2024.10.03 15:51:53,SELL,0.4000,-0.1000,1
2024.10.03 16:08:18,BUY,0.5000,0.0000,1
2024.10.03 16:13:58,SELL,0.4000,0.3000,2
2024.10.03 16:46:12,SELL,0.4000,0.1000,1
2024.10.03 17:00:00,BUY,4.0000,1.4000,0
2024.10.03 17:05:27,SELL,0.4000,-0.6000,0
2024.10.03 17:14:36,BUY,0.6000,-0.1000,1
2024.10.03 17:21:11,SELL,0.4000,0.2000,1
2024.10.03 17:32:33,BUY,0.4000,-0.1000,0
2024.10.03 17:39:22,BUY,0.4000,-0.3000,0
2024.10.03 17:44:22,BUY,0.4000,0.1000,2
2024.10.03 17:51:31,SELL,0.7000,0.0000,1
2024.10.03 18:59:27,BUY,0.5000,0.1000,0
2024.10.03 19:38:30,SELL,0.5000,0.0000,1
2024.10.04 00:02:51,BUY,16.8000,-3.9000,1
2024.10.04 10:12:36,SELL,0.4000,-0.1000,1
2024.10.04 10:49:33,BUY,0.4000,0.0000,1
2024.10.04 15:29:19,SELL,0.4000,-0.1000,1
2024.10.04 15:34:19,BUY,0.4000,-0.1000,0
2024.10.04 15:40:22,SELL,0.4000,-0.4000,1
2024.10.04 15:53:01,BUY,0.4000,0.4000,1
2024.10.04 16:04:47,SELL,0.6000,-0.8000,1
2024.10.04 16:18:47,BUY,0.5000,-0.1000,1
2024.10.04 16:23:47,BUY,0.4000,0.2000,0
2024.10.04 16:28:47,SELL,0.5000,0.1000,1
2024.10.04 16:33:47,SELL,0.4000,0.1000,1
2024.10.04 16:38:48,SELL,0.4000,0.1000,0
2024.10.04 16:44:27,SELL,0.4000,0.0000,3
2024.10.04 17:09:04,SELL,0.4000,-0.3000,1
2024.10.04 17:14:59,BUY,0.4000,-0.1000,1
2024.10.04 17:24:51,BUY,0.4000,0.2000,1
2024.10.04 17:44:03,SELL,0.5000,-0.1000,1
2024.10.04 17:50:25,SELL,0.4000,-0.3000,1
2024.10.04 17:58:31,BUY,0.5000,-0.4000,1
2024.10.04 18:19:03,BUY,0.5000,0.2000,0
2024.10.04 18:31:26,SELL,0.4000,0.4000,0
2024.10.04 18:44:35,BUY,0.5000,-0.5000,2
2024.10.07 00:01:10,BUY,17.1000,-6.4000,75
2024.10.07 00:06:10,SELL,7.5000,-0.2000,1
2024.10.07 00:11:18,SELL,4.7000,0.7000,7
2024.10.07 00:17:06,SELL,4.6000,3.1000,0
2024.10.07 00:32:18,SELL,3.7000,-0.3000,15
2024.10.07 00:40:50,BUY,4.4000,0.3000,2
2024.10.07 01:06:22,BUY,0.5000,-0.4000,1
2024.10.07 01:17:16,SELL,0.4000,-0.4000,1
2024.10.07 04:03:11,SELL,0.4000,0.1000,1
2024.10.07 04:34:34,SELL,0.5000,-0.1000,1
2024.10.07 09:04:56,BUY,0.4000,-0.2000,0
2024.10.07 10:19:55,BUY,0.4000,0.1000,0
2024.10.07 10:38:28,SELL,0.4000,-0.1000,1
2024.10.07 10:49:55,SELL,0.5000,-0.1000,1
2024.10.07 11:09:28,SELL,0.4000,0.1000,2
2024.10.07 11:24:26,SELL,0.5000,0.2000,0
2024.10.07 12:03:55,BUY,0.4000,-0.2000,0
2024.10.07 12:49:15,BUY,0.6000,-0.3000,1
2024.10.07 13:17:26,SELL,0.5000,0.2000,1
2024.10.07 14:13:09,SELL,0.4000,0.1000,2
2024.10.07 17:03:27,SELL,0.4000,0.0000,1
2024.10.07 17:08:58,BUY,0.4000,0.1000,0
2024.10.07 17:13:58,SELL,0.6000,0.1000,0
2024.10.07 17:18:58,BUY,0.4000,0.1000,0
2024.10.07 17:49:55,BUY,0.5000,-0.2000,1
2024.10.08 00:01:28,BUY,17.6000,0.0000,32
2024.10.08 00:08:12,SELL,4.5000,-0.1000,0
2024.10.08 10:44:57,SELL,0.4000,-0.2000,0
2024.10.08 11:33:01,BUY,0.4000,0.0000,3
2024.10.08 15:09:19,BUY,0.6000,-0.1000,1
2024.10.08 16:08:27,SELL,0.5000,0.0000,1
2024.10.08 16:52:46,BUY,0.5000,0.5000,2
2024.10.08 17:28:04,BUY,0.4000,0.1000,1
2024.10.08 17:33:34,BUY,0.4000,-0.3000,1
2024.10.08 20:04:11,BUY,0.4000,0.0000,1
2024.10.08 23:59:59,BUY,5.0000,-0.1000,0
2024.10.09 08:01:05,SELL,0.4000,0.1000,3
2024.10.09 10:18:13,SELL,0.5000,0.0000,0
2024.10.09 10:23:38,SELL,0.5000,0.0000,0
2024.10.09 10:34:56,SELL,0.4000,0.1000,2
2024.10.09 10:43:50,BUY,0.7000,-0.2000,1
2024.10.09 15:03:02,SELL,0.4000,0.0000,0
2024.10.09 16:18:00,BUY,0.7000,-0.7000,1
2024.10.09 17:10:36,SELL,0.5000,0.0000,0
2024.10.09 17:24:27,BUY,0.4000,0.1000,1
2024.10.09 17:46:57,BUY,0.6000,0.2000,1
2024.10.09 18:07:49,SELL,0.4000,-0.1000,1
2024.10.10 11:09:08,BUY,0.8000,-0.3000,1
2024.10.10 14:39:27,BUY,0.8000,-0.2000,1
2024.10.10 15:30:01,BUY,4.6000,2.9000,0
2024.10.10 15:35:35,BUY,0.5000,0.1000,0
2024.10.10 15:43:56,SELL,0.4000,0.0000,1
2024.10.10 15:48:56,SELL,0.5000,0.3000,0
2024.10.10 15:54:09,SELL,0.4000,0.4000,0
2024.10.10 16:03:20,SELL,0.4000,0.1000,0
2024.10.10 16:08:20,BUY,0.4000,0.0000,0
2024.10.10 16:14:09,BUY,0.4000,-0.1000,1
2024.10.10 16:19:09,SELL,0.5000,0.1000,1
2024.10.10 16:41:35,SELL,0.4000,0.2000,0
2024.10.10 16:56:37,BUY,0.5000,-0.1000,0
2024.10.10 17:09:18,BUY,0.7000,-0.2000,1
2024.10.10 17:27:53,BUY,0.5000,-0.2000,1
2024.10.10 19:46:28,BUY,0.4000,-0.5000,0
2024.10.10 20:18:34,SELL,0.4000,0.0000,3
2024.10.10 20:23:34,SELL,0.5000,-0.2000,0
2024.10.11 00:00:46,BUY,10.0000,0.1000,3
2024.10.11 00:05:47,SELL,4.9000,0.5000,14
2024.10.11 14:38:08,SELL,0.4000,0.1000,1
2024.10.11 15:30:08,SELL,0.8000,-1.4000,0
2024.10.11 15:36:30,BUY,0.4000,0.0000,1
2024.10.11 15:41:30,BUY,0.5000,0.1000,1
2024.10.11 15:59:10,SELL,0.4000,0.1000,0
2024.10.11 16:14:41,SELL,0.4000,-0.1000,0
2024.10.11 16:34:38,SELL,0.4000,0.1000,2
2024.10.11 17:01:56,SELL,0.5000,-0.1000,1
2024.10.11 17:13:35,SELL,0.5000,0.4000,1
2024.10.11 18:49:00,BUY,0.5000,0.2000,1
2024.10.14 00:01:00,BUY,2.0000,2.0000,1
2024.10.14 03:02:45,BUY,0.4000,-1.8000,0
2024.10.14 12:09:59,SELL,0.4000,-0.3000,1
2024.10.14 14:48:34,BUY,0.6000,0.0000,0
2024.10.14 15:38:16,BUY,0.5000,-0.2000,1
2024.10.14 16:14:51,SELL,0.4000,-0.1000,3
2024.10.14 16:43:31,SELL,0.4000,0.5000,1
2024.10.14 16:48:35,SELL,0.4000,-0.1000,1
2024.10.14 16:59:51,BUY,0.5000,0.0000,1
2024.10.14 17:09:07,BUY,0.4000,0.0000,0
2024.10.14 22:00:57,BUY,0.4000,-0.5000,2
2024.10.15 09:03:45,BUY,1.2000,0.1000,5
2024.10.15 11:08:29,SELL,0.5000,-0.1000,0
2024.10.15 11:47:31,SELL,0.4000,-0.1000,2
2024.10.15 12:52:22,SELL,0.5000,0.0000,1
2024.10.15 13:58:19,BUY,0.5000,0.0000,2
2024.10.15 14:56:43,BUY,0.5000,-0.2000,0
2024.10.15 15:44:23,BUY,0.4000,-0.1000,2
2024.10.15 19:24:21,BUY,0.5000,-0.7000,1
2024.10.16 09:00:06,BUY,0.5000,0.2000,0
2024.10.16 10:08:59,SELL,0.6000,0.2000,0
2024.10.16 12:27:41,SELL,0.4000,0.4000,1
2024.10.16 15:38:06,BUY,0.5000,0.1000,4
2024.10.16 16:16:27,SELL,0.4000,-0.1000,0
2024.10.16 17:04:47,BUY,0.5000,-0.1000,5
2024.10.16 17:27:36,BUY,0.5000,0.0000,1
2024.10.16 18:53:17,SELL,0.4000,0.1000,2
2024.10.17 00:01:09,BUY,10.0000,3.1000,1
2024.10.17 00:06:09,SELL,3.1000,0.1000,0
2024.10.17 01:00:00,SELL,0.7000,0.9000,0
2024.10.17 12:40:55,SELL,0.4000,0.0000,0
2024.10.17 15:15:22,SELL,0.4000,-0.4000,1
2024.10.17 15:30:01,BUY,0.5000,7.1000,0
2024.10.17 15:35:24,BUY,0.4000,0.1000,0
2024.10.17 15:41:29,SELL,0.4000,0.2000,1
2024.10.17 15:47:59,SELL,0.4000,-0.1000,1
2024.10.17 16:02:43,BUY,0.4000,-0.1000,0
2024.10.17 16:08:02,BUY,0.8000,-0.3000,1
2024.10.17 16:13:02,BUY,0.5000,-0.3000,1
2024.10.17 16:18:02,SELL,0.4000,0.3000,0
2024.10.17 16:25:45,BUY,0.4000,0.0000,3
2024.10.17 16:36:50,SELL,0.4000,-0.6000,0
2024.10.17 16:41:50,SELL,0.5000,0.1000,0
2024.10.17 16:48:46,BUY,0.4000,-0.1000,1
2024.10.17 16:53:46,SELL,0.4000,-0.1000,0
2024.10.17 17:06:39,BUY,0.4000,0.1000,0
2024.10.17 17:17:15,BUY,0.5000,-0.1000,1
2024.10.17 17:22:37,SELL,0.5000,0.0000,0
2024.10.17 17:33:04,BUY,0.5000,0.0000,1
2024.10.17 17:38:37,SELL,0.5000,0.0000,0
2024.10.17 18:26:21,SELL,0.4000,0.0000,1
2024.10.17 19:03:50,BUY,0.4000,-0.2000,0
2024.10.18 15:33:35,SELL,0.4000,-0.4000,2
2024.10.18 15:44:09,BUY,0.5000,-0.1000,1
2024.10.18 16:59:47,SELL,0.4000,-0.1000,2
2024.10.21 00:01:00,BUY,2.0000,-1.0000,0
2024.10.21 01:03:31,SELL,0.5000,-0.2000,2
2024.10.21 17:23:19,BUY,0.4000,-0.3000,1
2024.10.21 20:14:21,BUY,0.5000,0.0000,1
2024.10.22 10:41:39,SELL,0.4000,0.1000,1
2024.10.22 14:34:50,BUY,0.4000,0.0000,1
2024.10.22 14:56:50,BUY,0.7000,-0.4000,1
2024.10.22 16:02:18,BUY,0.7000,-0.7000,1
2024.10.22 16:08:50,SELL,0.4000,0.1000,2
2024.10.22 16:34:08,BUY,0.7000,0.1000,1
2024.10.22 16:44:13,BUY,0.5000,-0.1000,0
2024.10.22 17:18:31,SELL,0.6000,-0.5000,0
2024.10.22 20:06:56,BUY,0.4000,0.0000,1
2024.10.23 00:01:30,BUY,8.5000,-0.2000,0
2024.10.23 03:54:22,SELL,0.4000,-0.1000,1
2024.10.23 03:59:55,BUY,0.5000,0.4000,2
2024.10.23 10:01:34,BUY,0.4000,0.0000,1
2024.10.23 14:42:07,BUY,0.5000,-0.1000,1
2024.10.23 15:33:03,SELL,0.5000,0.4000,1
2024.10.23 15:49:01,SELL,0.4000,0.1000,1
2024.10.23 16:57:38,BUY,0.5000,-0.2000,0
2024.10.23 17:34:14,BUY,0.5000,0.2000,1
2024.10.24 09:46:09,BUY,0.5000,-0.1000,0
2024.10.24 10:15:00,BUY,4.6000,-1.0000,0
2024.10.24 10:30:00,SELL,3.1000,-1.2000,0
2024.10.24 10:35:49,BUY,0.5000,-0.3000,0
2024.10.24 11:01:58,SELL,0.4000,0.1000,1
2024.10.24 11:52:18,SELL,0.5000,0.0000,2
2024.10.24 14:17:10,BUY,0.4000,0.0000,3
2024.10.24 15:04:42,SELL,0.5000,-0.1000,0
2024.10.24 15:30:00,BUY,3.1000,-2.8000,0
2024.10.24 15:37:43,BUY,0.5000,0.0000,1
2024.10.24 16:31:16,SELL,0.5000,0.0000,1
2024.10.24 16:42:21,BUY,0.4000,0.0000,1
2024.10.24 17:09:54,SELL,0.4000,-0.3000,1
2024.10.24 17:18:27,BUY,0.5000,-0.3000,1
2024.10.24 17:58:23,BUY,0.4000,0.1000,0
2024.10.25 11:17:00,SELL,0.5000,-0.1000,1
2024.10.25 14:56:33,BUY,0.5000,-0.1000,2
2024.10.25 15:38:39,SELL,0.5000,-0.2000,1
2024.10.25 15:44:01,SELL,0.4000,0.1000,0
2024.10.25 17:32:25,BUY,0.5000,-0.3000,0
2024.10.25 18:18:58,BUY,0.4000,-0.1000,1
2024.10.25 18:37:02,BUY,0.7000,0.1000,0
2024.10.28 00:00:02,BUY,1.8000,-0.8000,0
2024.10.28 03:09:19,SELL,0.6000,-0.2000,6
2024.10.28 14:39:38,BUY,0.5000,-0.1000,1
2024.10.28 16:53:03,SELL,0.4000,0.4000,1
2024.10.29 10:09:03,SELL,0.5000,0.0000,0
2024.10.29 11:49:39,BUY,0.4000,0.1000,0
2024.10.29 14:28:44,BUY,0.5000,0.0000,1
2024.10.29 14:34:43,BUY,0.5000,-0.1000,2
2024.10.29 15:02:04,BUY,0.4000,0.1000,2
2024.10.29 15:19:26,SELL,0.6000,0.3000,1
2024.10.29 15:49:00,SELL,0.6000,-0.1000,0
2024.10.29 16:00:01,SELL,4.6000,-3.4000,0
2024.10.29 16:12:56,BUY,0.4000,0.2000,1
2024.10.29 16:17:56,SELL,0.4000,0.5000,0
2024.10.29 16:23:51,SELL,0.5000,-0.1000,0
2024.10.29 17:04:56,BUY,0.4000,-0.1000,1
2024.10.29 17:09:56,BUY,0.4000,0.1000,1
2024.10.29 17:31:26,SELL,0.4000,-0.1000,0
2024.10.29 17:47:50,SELL,0.4000,0.2000,1
2024.10.29 18:03:04,SELL,0.5000,0.1000,1
2024.10.29 18:32:08,BUY,0.5000,0.1000,0
2024.10.29 18:54:09,SELL,0.5000,0.1000,1
2024.10.29 19:02:04,SELL,0.5000,-0.3000,1
2024.10.29 19:14:47,SELL,0.4000,-0.1000,0
2024.10.29 19:24:27,BUY,0.6000,0.0000,1
2024.10.30 10:00:17,SELL,0.5000,0.0000,1
2024.10.30 10:08:21,SELL,0.4000,-0.2000,1
2024.10.30 10:14:47,SELL,0.5000,0.0000,0
2024.10.30 10:31:53,BUY,0.4000,0.1000,0
2024.10.30 10:57:54,BUY,0.6000,-0.1000,5
2024.10.30 11:02:54,SELL,0.5000,-0.3000,0
2024.10.30 11:07:55,BUY,0.5000,0.1000,0
2024.10.30 11:22:48,BUY,0.6000,-0.1000,0
2024.10.30 14:15:01,BUY,0.8000,0.0000,0
2024.10.30 14:30:12,SELL,0.3000,1.5000,1
2024.10.30 14:36:21,SELL,0.5000,0.0000,1
2024.10.30 14:44:13,BUY,0.4000,-0.1000,1
2024.10.30 15:02:05,SELL,0.5000,-0.2000,1
2024.10.30 15:37:40,SELL,0.4000,0.1000,1
2024.10.30 15:53:46,SELL,0.4000,0.1000,0
2024.10.30 16:18:53,BUY,0.5000,0.0000,1
2024.10.30 16:37:40,SELL,0.4000,0.1000,1
2024.10.30 16:42:40,BUY,0.5000,0.0000,1
2024.10.30 16:52:19,BUY,0.4000,0.2000,0
2024.10.30 16:57:52,BUY,0.4000,-0.1000,1
2024.10.30 17:04:52,BUY,0.5000,0.0000,1
2024.10.30 17:09:52,SELL,0.5000,-0.1000,1
2024.10.30 18:08:30,BUY,0.5000,-0.2000,0
2024.10.30 18:48:10,SELL,0.4000,0.1000,0
2024.10.30 19:04:15,BUY,0.4000,0.1000,0
2024.10.30 19:29:57,SELL,0.5000,-0.1000,2
2024.10.30 21:03:21,BUY,0.5000,0.1000,3
2024.10.31 08:47:05,SELL,0.5000,-0.1000,3
2024.10.31 10:46:57,BUY,0.5000,0.0000,0
2024.10.31 11:42:43,SELL,0.7000,-0.6000,1
2024.10.31 12:33:03,BUY,0.5000,-0.1000,1
2024.10.31 14:29:45,BUY,2.3000,-0.4000,0
2024.10.31 14:34:45,SELL,0.5000,0.1000,1
2024.10.31 14:40:28,SELL,0.5000,-0.1000,1
2024.10.31 14:49:18,SELL,0.5000,-0.1000,1
2024.10.31 14:56:27,BUY,0.4000,-0.1000,3
2024.10.31 15:07:38,SELL,0.4000,0.1000,1
2024.10.31 15:19:51,BUY,0.5000,0.0000,0
2024.10.31 15:29:33,SELL,0.4000,0.1000,1
2024.10.31 15:34:33,SELL,0.5000,-0.1000,1
2024.10.31 15:39:34,BUY,0.5000,0.3000,0
2024.10.31 15:47:20,BUY,0.6000,-0.2000,0
2024.10.31 15:52:20,BUY,0.5000,0.1000,0
2024.10.31 16:24:38,SELL,0.4000,0.4000,1
2024.10.31 16:29:38,SELL,0.5000,-0.1000,2
2024.10.31 16:39:59,BUY,0.4000,0.1000,1
2024.10.31 17:01:03,BUY,0.6000,0.5000,0
2024.10.31 17:51:04,BUY,0.8000,-1.0000,0
2024.10.31 18:20:50,SELL,0.5000,0.0000,1
2024.10.31 20:27:32,BUY,0.6000,-0.1000,0
2024.11.01 14:29:59,BUY,4.6000,1.7000,1
2024.11.01 14:34:59,SELL,0.5000,0.0000,0
2024.11.01 14:41:13,BUY,0.7000,-0.1000,1
2024.11.01 14:49:34,BUY,0.5000,0.1000,1
2024.11.01 14:56:46,BUY,0.4000,-0.2000,1
2024.11.01 15:03:46,BUY,0.5000,0.2000,0
2024.11.01 15:10:46,BUY,0.4000,-1.1000,0
2024.11.01 15:16:04,BUY,0.5000,0.0000,1
2024.11.01 15:22:14,BUY,0.4000,-0.2000,1
2024.11.01 15:56:41,BUY,0.5000,0.1000,0
2024.11.01 16:02:58,BUY,0.4000,0.0000,1
2024.11.01 16:07:58,SELL,0.5000,-0.1000,0
2024.11.01 16:19:02,BUY,0.5000,-0.3000,1
2024.11.01 16:36:49,BUY,0.5000,0.0000,1
2024.11.01 17:49:07,BUY,0.5000,0.1000,0
2024.11.01 17:54:19,SELL,0.4000,0.3000,1
2024.11.01 19:39:50,BUY,0.7000,0.3000,1
2024.11.04 00:00:47,SELL,2.8000,0.1000,2
2024.11.04 01:00:01,BUY,4.2000,-1.0000,0
2024.11.04 01:09:21,SELL,0.6000,-0.1000,0
2024.11.04 09:23:12,BUY,0.4000,-0.2000,1
2024.11.04 10:09:37,SELL,0.5000,0.0000,2
2024.11.04 15:22:27,BUY,0.4000,-0.1000,0
2024.11.04 15:52:44,SELL,0.4000,-0.1000,2
2024.11.04 16:51:11,BUY,0.4000,0.1000,1
2024.11.04 17:03:40,SELL,0.5000,-0.1000,3
2024.11.04 17:23:00,BUY,0.4000,0.1000,0
2024.11.04 17:46:41,BUY,0.4000,0.1000,1
2024.11.04 20:08:24,BUY,0.4000,0.2000,1
2024.11.05 16:14:42,SELL,0.4000,-0.1000,5
2024.11.05 16:23:23,SELL,0.4000,0.2000,2
2024.11.05 17:00:00,BUY,2.0000,-1.2000,0
2024.11.05 17:06:40,BUY,0.4000,0.1000,3
2024.11.05 17:34:33,SELL,0.4000,-0.1000,0
2024.11.05 17:39:46,BUY,0.4000,-0.1000,0
2024.11.05 18:09:00,SELL,0.4000,-0.1000,1
2024.11.06 00:04:46,BUY,15.8000,-0.1000,0
2024.11.06 01:14:10,BUY,0.6000,-0.2000,1
2024.11.06 01:19:14,BUY,0.6000,0.2000,2
2024.11.06 01:44:17,SELL,0.5000,-0.4000,3
2024.11.06 01:55:34,SELL,0.5000,0.2000,1
2024.11.06 02:00:38,BUY,0.4000,0.1000,1
2024.11.06 02:06:30,BUY,0.4000,0.2000,1
2024.11.06 02:11:30,BUY,0.5000,0.2000,0
2024.11.06 02:16:52,BUY,0.5000,0.0000,0
2024.11.06 02:23:05,SELL,0.4000,0.2000,0
2024.11.06 02:30:37,BUY,0.7000,0.4000,0
2024.11.06 02:35:58,SELL,0.6000,0.0000,0
2024.11.06 02:41:45,BUY,0.6000,-0.3000,1
2024.11.06 02:46:45,BUY,0.5000,0.2000,0
2024.11.06 02:51:46,SELL,0.5000,0.3000,1
2024.11.06 02:58:05,BUY,0.5000,-0.1000,1
2024.11.06 03:04:34,BUY,0.6000,1.4000,0
2024.11.06 03:09:42,SELL,0.4000,0.0000,1
2024.11.06 03:14:54,SELL,0.5000,0.4000,1
2024.11.06 03:19:54,SELL,0.4000,0.1000,2
2024.11.06 03:27:51,BUY,0.5000,-0.8000,0
2024.11.06 03:33:14,BUY,0.5000,0.7000,0
2024.11.06 03:39:08,BUY,1.0000,-1.0000,1
2024.11.06 03:44:33,SELL,0.8000,-0.3000,0
2024.11.06 03:49:33,SELL,0.4000,0.2000,0
2024.11.06 03:54:35,SELL,0.4000,-0.2000,1
2024.11.06 03:59:35,BUY,0.5000,0.6000,0
2024.11.06 04:04:36,BUY,0.4000,0.6000,0
2024.11.06 04:09:36,BUY,0.4000,-0.2000,0
2024.11.06 04:14:36,BUY,0.5000,0.1000,0
2024.11.06 04:20:17,SELL,0.5000,-0.2000,0
2024.11.06 04:25:29,BUY,0.4000,0.4000,1
2024.11.06 04:30:29,SELL,0.4000,0.1000,0
2024.11.06 04:36:05,BUY,0.6000,-2.3000,0
2024.11.06 04:41:16,SELL,0.5000,-0.4000,1
2024.11.06 04:46:17,BUY,0.4000,-0.7000,1
2024.11.06 04:52:27,BUY,0.5000,-0.2000,0
2024.11.06 04:57:28,BUY,0.5000,-0.1000,0
2024.11.06 05:02:28,BUY,0.4000,0.1000,1
2024.11.06 05:07:55,SELL,0.4000,0.1000,1
2024.11.06 05:12:55,BUY,0.5000,0.4000,0
2024.11.06 05:18:14,BUY,0.5000,-0.4000,1
2024.11.06 05:23:14,SELL,0.5000,-0.6000,0
2024.11.06 05:28:50,BUY,0.5000,-0.1000,1
2024.11.06 05:36:42,BUY,0.4000,0.0000,0
2024.11.06 05:41:42,BUY,0.6000,-0.1000,1
2024.11.06 05:46:42,SELL,0.4000,0.2000,0
2024.11.06 05:52:06,BUY,0.4000,-0.4000,0
2024.11.06 05:57:56,SELL,0.5000,0.1000,0
2024.11.06 06:03:07,BUY,0.4000,0.2000,0
2024.11.06 06:12:40,SELL,1.2000,-1.0000,0
2024.11.06 06:31:34,SELL,0.4000,-0.5000,1
2024.11.06 06:38:24,SELL,0.5000,0.1000,0
2024.11.06 06:43:48,SELL,0.6000,-0.1000,1
2024.11.06 06:48:58,BUY,0.4000,0.1000,1
2024.11.06 06:58:36,SELL,0.5000,-0.2000,0
2024.11.06 07:03:36,SELL,0.5000,-1.2000,0
2024.11.06 07:08:36,SELL,0.4000,-0.5000,1
2024.11.06 07:13:36,BUY,0.4000,0.0000,1
2024.11.06 07:18:38,SELL,0.5000,0.4000,1
2024.11.06 07:24:15,BUY,0.5000,-0.1000,1
2024.11.06 07:29:23,SELL,0.5000,-0.1000,1
2024.11.06 07:34:24,BUY,0.7000,0.2000,0
2024.11.06 07:39:24,BUY,0.5000,0.1000,0
2024.11.06 07:52:26,BUY,0.5000,-0.1000,1
2024.11.06 07:57:37,SELL,0.4000,0.1000,1
2024.11.06 08:02:37,BUY,0.7000,-0.2000,0
2024.11.06 08:07:37,BUY,0.5000,0.1000,1
2024.11.06 08:12:37,BUY,0.4000,0.0000,0
2024.11.06 08:17:37,SELL,0.4000,0.2000,1
2024.11.06 08:24:39,BUY,0.4000,0.1000,3
2024.11.06 08:29:40,BUY,0.5000,-0.1000,1
2024.11.06 08:34:46,BUY,0.9000,-0.8000,0
2024.11.06 08:43:32,BUY,0.5000,0.9000,0
2024.11.06 08:48:32,SELL,0.4000,0.3000,0
2024.11.06 08:53:32,BUY,0.4000,0.0000,0
2024.11.06 08:58:32,SELL,0.5000,0.2000,1
2024.11.06 09:03:36,SELL,0.5000,0.0000,1
2024.11.06 09:08:44,SELL,0.5000,0.1000,1
2024.11.06 09:16:06,BUY,0.4000,-0.1000,1
2024.11.06 09:21:07,BUY,0.4000,-0.9000,0
2024.11.06 09:27:23,BUY,0.4000,0.5000,0
2024.11.06 09:39:07,BUY,0.5000,-0.1000,0
2024.11.06 09:44:07,BUY,0.5000,-0.1000,0
2024.11.06 09:49:07,SELL,0.5000,0.1000,0
2024.11.06 09:54:07,BUY,0.5000,0.5000,1
2024.11.06 10:03:04,SELL,0.8000,0.3000,1
2024.11.06 10:08:04,BUY,0.5000,-0.2000,0
2024.11.06 10:13:28,BUY,0.6000,0.1000,0
2024.11.06 10:19:03,SELL,0.6000,0.2000,1
2024.11.06 10:26:21,SELL,0.4000,0.1000,0
2024.11.06 10:33:12,SELL,0.4000,0.1000,1
2024.11.06 10:38:12,SELL,0.5000,-0.1000,1
2024.11.06 10:44:27,SELL,0.4000,0.3000,1
2024.11.06 10:49:27,SELL,0.4000,-0.1000,0
2024.11.06 10:57:22,SELL,0.5000,0.0000,0
2024.11.06 11:02:51,BUY,0.5000,-0.1000,1
2024.11.06 11:10:46,SELL,0.5000,0.2000,0
2024.11.06 11:19:25,BUY,0.5000,-0.3000,0
2024.11.06 11:27:50,BUY,0.5000,-0.7000,0
2024.11.06 11:33:28,SELL,0.5000,0.4000,1
2024.11.06 11:39:29,BUY,0.4000,0.2000,1
2024.11.06 11:49:11,SELL,0.4000,-0.1000,0
2024.11.06 12:03:40,BUY,0.5000,0.5000,0
2024.11.06 12:24:03,SELL,0.4000,0.1000,0
2024.11.06 12:33:02,BUY,0.5000,0.3000,0
2024.11.06 13:01:26,BUY,0.5000,-0.1000,0
2024.11.06 13:06:26,BUY,0.4000,0.2000,1
2024.11.06 13:17:06,BUY,0.4000,0.1000,0
2024.11.06 13:22:43,BUY,0.5000,0.1000,1
2024.11.06 13:28:49,BUY,0.5000,-0.2000,1
2024.11.06 13:38:24,BUY,0.4000,-0.2000,1
2024.11.06 13:43:26,BUY,0.4000,0.3000,1
2024.11.06 13:48:58,BUY,0.6000,-0.3000,1
2024.11.06 13:54:14,BUY,0.5000,0.0000,1
2024.11.06 13:59:25,SELL,0.4000,0.0000,1
2024.11.06 14:04:25,SELL,0.4000,0.2000,0
2024.11.06 14:09:58,BUY,0.5000,-0.1000,1
2024.11.06 14:21:07,BUY,0.5000,0.2000,0
2024.11.06 14:27:00,BUY,0.5000,0.0000,2
2024.11.06 14:32:22,BUY,0.4000,0.0000,1
2024.11.06 14:38:31,SELL,0.5000,0.1000,1
2024.11.06 14:43:33,BUY,0.6000,0.1000,1
2024.11.06 14:54:15,SELL,0.4000,-0.3000,0
2024.11.06 14:59:23,BUY,0.7000,-0.1000,1
2024.11.06 15:05:50,BUY,0.5000,0.2000,1
2024.11.06 15:10:59,SELL,0.4000,-0.3000,1
2024.11.06 15:16:11,SELL,0.7000,-1.1000,0
2024.11.06 15:28:21,BUY,0.5000,0.1000,0
2024.11.06 15:33:24,SELL,0.5000,0.0000,0
2024.11.06 15:38:31,BUY,0.4000,0.3000,0
2024.11.06 15:47:31,BUY,0.4000,0.1000,0
2024.11.06 15:52:34,SELL,0.9000,-0.2000,0
2024.11.06 15:59:10,BUY,0.5000,-0.1000,1
2024.11.06 16:04:10,SELL,0.5000,-0.2000,0
2024.11.06 16:14:46,SELL,0.5000,0.0000,0
2024.11.06 16:29:46,BUY,0.5000,-0.3000,0
2024.11.06 16:34:46,BUY,0.4000,0.1000,1
2024.11.06 16:48:36,SELL,0.4000,-0.2000,1
2024.11.06 16:53:36,BUY,0.4000,0.0000,1
2024.11.06 16:58:36,SELL,0.5000,0.3000,1
2024.11.06 17:03:36,SELL,0.5000,-0.1000,0
2024.11.06 17:08:36,SELL,0.4000,0.1000,0
2024.11.06 17:13:36,BUY,0.4000,0.0000,0
2024.11.06 17:20:38,SELL,0.5000,1.0000,1
2024.11.06 17:27:35,SELL,0.5000,-0.1000,0
2024.11.06 17:36:13,BUY,0.5000,0.1000,1
2024.11.06 17:44:32,SELL,0.4000,0.1000,1
2024.11.06 17:49:32,SELL,0.4000,0.0000,1
2024.11.06 17:55:11,SELL,0.4000,-0.3000,1
2024.11.06 18:03:11,SELL,0.5000,0.0000,1
2024.11.06 18:08:25,BUY,0.5000,0.1000,2
2024.11.06 18:17:22,BUY,0.4000,0.1000,1
2024.11.06 19:09:42,SELL,0.4000,-0.1000,0
2024.11.06 19:24:03,SELL,0.4000,-0.3000,1
2024.11.06 20:02:44,SELL,0.5000,-0.2000,0
2024.11.06 20:11:29,SELL,0.5000,0.3000,1
2024.11.06 20:19:23,SELL,0.4000,-0.4000,1
2024.11.06 20:26:36,BUY,0.5000,0.1000,0
2024.11.06 20:38:03,BUY,0.5000,0.0000,0
2024.11.06 21:02:40,BUY,0.5000,0.5000,1
2024.11.06 21:09:57,BUY,0.4000,0.0000,1
2024.11.06 21:14:57,BUY,0.4000,-0.1000,0
2024.11.06 21:38:36,BUY,0.7000,-0.1000,0
2024.11.07 02:22:13,BUY,0.5000,-0.1000,4
2024.11.07 03:15:36,BUY,0.5000,-0.1000,0
2024.11.07 03:24:05,BUY,0.5000,0.6000,1
2024.11.07 03:48:06,SELL,0.4000,0.1000,1
2024.11.07 03:53:36,BUY,0.5000,-0.3000,1
2024.11.07 04:07:51,SELL,0.5000,0.0000,1
2024.11.07 06:19:11,SELL,0.4000,0.1000,3
2024.11.07 09:08:03,SELL,0.5000,-0.1000,1
2024.11.07 09:13:03,SELL,0.5000,-0.1000,0
2024.11.07 09:24:14,SELL,0.4000,-0.2000,0
2024.11.07 09:29:26,BUY,0.5000,-0.3000,1
2024.11.07 09:39:16,BUY,0.5000,-0.1000,1
2024.11.07 09:48:40,BUY,0.5000,0.0000,1
2024.11.07 10:08:31,SELL,0.4000,0.0000,2
2024.11.07 10:16:55,SELL,0.4000,0.0000,0
2024.11.07 10:34:24,BUY,0.4000,0.2000,1
2024.11.07 11:13:22,BUY,0.6000,-0.2000,1
2024.11.07 12:04:20,SELL,0.4000,0.0000,1
2024.11.07 12:13:23,SELL,0.6000,0.0000,0
2024.11.07 12:19:45,SELL,0.5000,-0.1000,1
2024.11.07 12:27:12,BUY,0.5000,0.0000,1
2024.11.07 13:28:40,SELL,0.5000,0.0000,2
2024.11.07 14:53:46,SELL,0.4000,-0.2000,1
2024.11.07 15:08:06,SELL,0.6000,0.1000,0
2024.11.07 15:14:12,SELL,0.4000,0.1000,0
2024.11.07 15:20:38,BUY,0.4000,0.1000,3
2024.11.07 15:32:43,BUY,0.4000,-0.4000,0
2024.11.07 15:37:44,SELL,0.4000,-0.4000,1
2024.11.07 15:46:07,SELL,0.5000,0.1000,1
2024.11.07 16:08:23,BUY,0.4000,0.1000,0
2024.11.07 16:19:08,SELL,0.4000,0.0000,1
2024.11.07 16:28:15,SELL,0.6000,-0.1000,0
2024.11.07 16:33:40,BUY,0.5000,-0.3000,1
2024.11.07 16:39:41,SELL,0.6000,-0.2000,1
2024.11.07 16:44:41,SELL,0.4000,0.1000,2
2024.11.07 16:49:52,BUY,0.4000,0.1000,2
2024.11.07 16:54:58,SELL,0.4000,0.2000,1
2024.11.07 17:08:48,SELL,0.4000,0.0000,2
2024.11.07 17:18:54,BUY,0.5000,0.1000,0
2024.11.07 17:23:54,SELL,0.4000,0.0000,1
2024.11.07 17:31:15,SELL,0.5000,-0.6000,0
2024.11.07 17:39:06,BUY,0.4000,0.1000,1
2024.11.07 17:44:35,BUY,0.6000,0.1000,1
2024.11.07 17:52:36,SELL,0.5000,-0.2000,0
2024.11.07 17:57:36,BUY,0.4000,0.1000,0
2024.11.07 18:03:47,BUY,0.6000,0.0000,1
2024.11.07 18:13:07,BUY,0.4000,0.3000,1
2024.11.07 18:18:07,BUY,0.5000,-0.1000,0
2024.11.07 18:34:45,SELL,0.4000,0.2000,1
2024.11.07 18:47:55,BUY,0.5000,0.2000,1
2024.11.07 19:21:51,SELL,0.4000,0.0000,1
2024.11.07 20:03:57,BUY,0.4000,-0.1000,1
2024.11.07 21:00:20,BUY,0.6000,-1.0000,0
2024.11.07 21:05:23,SELL,0.4000,0.2000,1
2024.11.07 21:14:05,SELL,0.4000,0.2000,1
2024.11.07 21:22:26,BUY,0.5000,-0.2000,1
2024.11.07 21:31:07,SELL,0.4000,0.3000,1
2024.11.07 21:36:18,SELL,0.4000,0.1000,1
2024.11.07 21:41:18,BUY,0.6000,0.1000,0
2024.11.07 21:46:21,SELL,0.4000,0.1000,1
2024.11.07 21:51:29,SELL,0.6000,0.2000,0
2024.11.07 21:59:38,BUY,0.5000,0.3000,1
2024.11.07 22:04:38,SELL,0.4000,0.2000,0
2024.11.07 22:13:39,SELL,0.4000,0.1000,1
2024.11.07 22:18:46,BUY,0.4000,-0.4000,0
2024.11.07 22:36:31,BUY,0.5000,-0.2000,2
2024.11.07 22:58:58,SELL,0.4000,-0.1000,0
2024.11.08 02:02:14,BUY,0.5000,-0.1000,2
2024.11.08 03:49:42,SELL,0.4000,0.1000,1
2024.11.08 04:38:51,BUY,0.4000,-0.1000,0
2024.11.08 08:14:26,BUY,0.5000,-0.1000,6
2024.11.08 09:19:21,BUY,0.4000,0.1000,2
2024.11.08 10:03:02,BUY,0.5000,-0.1000,1
2024.11.08 10:09:45,BUY,0.8000,-0.4000,1
2024.11.08 10:14:45,SELL,0.5000,-0.1000,1
2024.11.08 10:19:54,SELL,0.4000,-0.2000,1
2024.11.08 10:27:10,SELL,0.4000,-0.1000,1
2024.11.08 10:38:33,BUY,0.4000,-0.4000,0
2024.11.08 10:53:22,BUY,0.5000,0.1000,0
2024.11.08 11:04:47,SELL,0.4000,0.3000,1
2024.11.08 11:23:12,BUY,0.5000,0.4000,2
2024.11.08 11:52:16,BUY,0.5000,0.1000,1
2024.11.08 12:11:48,BUY,0.4000,-0.2000,0
2024.11.08 12:33:37,BUY,0.4000,0.0000,1
2024.11.08 13:18:18,SELL,0.5000,-0.7000,1
2024.11.08 14:14:39,BUY,0.5000,0.0000,0
2024.11.08 14:22:57,BUY,0.5000,0.0000,1
2024.11.08 15:04:29,BUY,0.4000,0.4000,1
2024.11.08 15:09:30,SELL,0.5000,0.0000,1
2024.11.08 15:14:30,BUY,0.4000,0.0000,0
2024.11.08 15:23:39,BUY,0.5000,-0.6000,1
2024.11.08 15:31:46,BUY,0.5000,0.0000,1
2024.11.08 15:37:00,BUY,0.5000,-0.2000,1
2024.11.08 15:53:00,SELL,0.5000,0.1000,0
2024.11.08 15:58:13,BUY,0.4000,0.0000,1
2024.11.08 16:08:35,SELL,0.6000,-0.2000,1
2024.11.08 17:02:18,BUY,0.7000,-0.4000,1
2024.11.08 17:07:18,BUY,0.6000,-0.1000,0
2024.11.08 17:17:08,BUY,0.5000,-0.3000,1
2024.11.08 17:34:05,SELL,0.5000,-0.1000,1
2024.11.08 18:04:00,BUY,0.5000,-0.4000,1
2024.11.08 18:09:01,BUY,0.4000,0.0000,1
2024.11.08 18:48:25,BUY,0.5000,0.1000,1
2024.11.08 18:54:26,BUY,0.4000,-0.1000,1
2024.11.08 18:59:26,BUY,0.7000,-0.3000,1
2024.11.08 19:04:26,BUY,0.5000,0.0000,2
2024.11.08 19:09:58,BUY,0.5000,0.1000,1
2024.11.08 19:16:09,SELL,0.4000,0.0000,2
2024.11.08 19:37:46,BUY,0.5000,-0.1000,1
2024.11.08 19:54:32,SELL,0.4000,0.1000,3
2024.11.08 20:08:53,SELL,0.5000,0.0000,0
2024.11.08 20:58:15,SELL,0.5000,0.1000,1
2024.11.08 21:56:50,SELL,0.4000,0.0000,2
2024.11.11 00:01:02,BUY,2.0000,2.5000,23
2024.11.11 03:22:40,SELL,0.4000,0.1000,1
2024.11.11 09:19:44,BUY,0.4000,0.0000,2
2024.11.11 09:24:44,BUY,0.4000,0.1000,2
2024.11.11 09:32:03,BUY,0.4000,-0.5000,1
2024.11.11 09:44:27,BUY,0.5000,0.3000,0
2024.11.11 09:49:27,BUY,0.5000,0.6000,0
2024.11.11 10:12:03,SELL,0.4000,-0.4000,1
2024.11.11 10:20:18,BUY,0.4000,-0.1000,1
2024.11.11 10:39:40,SELL,0.5000,-0.1000,0
2024.11.11 10:52:11,BUY,0.5000,0.1000,1
2024.11.11 11:27:52,BUY,0.6000,0.0000,1
2024.11.11 12:12:01,BUY,0.4000,0.1000,1
2024.11.11 12:19:42,SELL,0.4000,-0.7000,0
2024.11.11 12:48:29,BUY,0.4000,0.1000,2
2024.11.11 13:06:11,BUY,0.5000,0.3000,1
2024.11.11 13:31:41,BUY,0.6000,-0.1000,0
2024.11.11 13:37:25,SELL,0.5000,-0.4000,1
2024.11.11 14:27:55,BUY,0.5000,0.0000,1
2024.11.11 14:38:28,SELL,0.4000,0.0000,2
2024.11.11 15:17:26,BUY,0.5000,0.2000,1
2024.11.11 15:38:31,SELL,0.4000,0.0000,3
2024.11.11 16:09:42,SELL,0.5000,0.3000,1
2024.11.11 16:38:47,BUY,0.5000,0.3000,2
2024.11.11 16:46:15,BUY,0.5000,-0.1000,1
2024.11.11 16:51:35,BUY,0.5000,-0.2000,1
2024.11.11 16:59:08,SELL,0.5000,-0.3000,0
2024.11.11 17:04:08,SELL,0.4000,0.6000,2
2024.11.11 17:09:08,BUY,0.5000,0.3000,2
2024.11.11 17:56:15,BUY,0.8000,-0.4000,1
2024.11.11 18:38:26,SELL,0.4000,0.0000,2
2024.11.11 19:24:20,BUY,0.4000,0.0000,0
2024.11.11 19:33:49,SELL,0.4000,0.1000,1
2024.11.11 23:59:58,BUY,12.7000,-0.6000,1
2024.11.12 04:22:49,SELL,0.5000,0.0000,1
2024.11.12 06:03:05,SELL,0.5000,-0.1000,0
2024.11.12 08:02:30,BUY,0.5000,-0.4000,1
2024.11.12 09:13:34,BUY,0.5000,0.4000,1
2024.11.12 09:25:51,BUY,0.4000,-0.1000,1
2024.11.12 09:37:31,BUY,0.6000,-0.1000,0
2024.11.12 09:43:10,SELL,0.4000,0.1000,1
2024.11.12 10:02:29,BUY,0.4000,0.0000,0
2024.11.12 10:22:10,BUY,0.5000,0.5000,1
2024.11.12 10:29:48,BUY,0.7000,-0.2000,1
2024.11.12 11:24:29,BUY,0.5000,0.2000,1
2024.11.12 11:44:38,BUY,0.5000,0.0000,0
2024.11.12 11:49:38,SELL,0.5000,0.0000,0
2024.11.12 12:00:24,BUY,0.5000,0.0000,1
2024.11.12 13:12:52,SELL,0.4000,0.1000,1
2024.11.12 14:08:56,BUY,0.5000,-0.1000,1
2024.11.12 14:21:59,BUY,0.5000,0.3000,1
2024.11.12 15:19:31,SELL,0.4000,0.1000,0
2024.11.12 15:24:33,BUY,0.4000,0.0000,0
2024.11.12 15:33:39,SELL,0.4000,0.4000,1
2024.11.12 15:42:34,BUY,0.5000,0.0000,1
2024.11.12 15:47:55,SELL,0.5000,-0.1000,1
2024.11.12 16:29:44,BUY,0.6000,0.2000,1
2024.11.12 16:37:59,SELL,0.5000,-0.1000,0
2024.11.12 17:03:12,BUY,0.4000,0.0000,1
2024.11.12 17:56:09,SELL,0.5000,0.0000,1
2024.11.12 18:43:50,BUY,0.5000,0.3000,1
2024.11.12 19:06:37,SELL,0.5000,-0.1000,0
2024.11.12 19:54:22,SELL,0.7000,-0.4000,1
2024.11.12 20:02:42,SELL,0.4000,-0.2000,1
2024.11.12 22:59:54,SELL,0.5000,-0.1000,0
2024.11.13 00:02:08,BUY,16.5000,-3.9000,1
2024.11.13 03:15:33,SELL,0.5000,0.4000,1
2024.11.13 08:06:15,BUY,0.5000,0.2000,0
2024.11.13 09:38:26,SELL,0.6000,0.1000,0
2024.11.13 09:49:32,BUY,0.5000,-0.1000,0
2024.11.13 10:08:51,BUY,0.5000,0.0000,3
2024.11.13 10:13:51,SELL,0.5000,0.2000,0
2024.11.13 10:18:54,SELL,0.4000,0.2000,2
2024.11.13 10:27:10,BUY,0.5000,-0.3000,1
2024.11.13 10:47:11,SELL,0.7000,0.0000,0
2024.11.13 11:24:10,SELL,0.4000,0.1000,1
2024.11.13 11:29:10,SELL,0.5000,-0.1000,1
2024.11.13 12:33:51,BUY,0.4000,0.2000,1
2024.11.13 13:47:08,SELL,0.4000,0.1000,1
2024.11.13 13:53:26,SELL,0.4000,-0.1000,0
2024.11.13 13:58:47,SELL,0.4000,-0.1000,0
2024.11.13 15:21:54,SELL,0.5000,0.1000,1
2024.11.13 15:30:02,SELL,1.6000,-2.5000,0
2024.11.13 15:37:55,SELL,0.6000,-0.2000,0
2024.11.13 15:43:21,BUY,0.5000,-0.3000,1
2024.11.13 15:48:58,BUY,0.6000,0.3000,1
2024.11.13 15:53:58,SELL,0.5000,-0.5000,1
2024.11.13 16:00:17,BUY,0.5000,-0.2000,1
2024.11.13 16:05:50,SELL,0.5000,0.0000,1
2024.11.13 16:15:42,BUY,0.5000,-0.1000,0
2024.11.13 16:27:17,BUY,0.5000,0.4000,0
2024.11.13 16:32:17,BUY,0.4000,0.3000,1
2024.11.13 16:37:18,BUY,0.5000,-0.1000,1
2024.11.13 16:44:52,SELL,0.5000,-0.2000,1
2024.11.13 16:49:52,BUY,0.5000,-0.1000,0
2024.11.13 16:54:52,BUY,0.5000,-0.3000,0
2024.11.13 17:03:45,BUY,0.7000,0.5000,0
2024.11.13 17:08:45,BUY,0.5000,-0.5000,0
2024.11.13 17:16:00,SELL,0.4000,0.2000,1
2024.11.13 17:21:30,BUY,0.6000,-0.1000,1
2024.11.13 17:26:40,BUY,0.5000,0.0000,1
2024.11.13 17:31:40,SELL,0.5000,1.1000,1
2024.11.13 17:40:30,BUY,0.5000,0.2000,1
2024.11.13 17:45:38,BUY,0.4000,-0.1000,2
2024.11.13 17:52:13,SELL,0.4000,-0.5000,1
2024.11.13 18:06:22,BUY,0.6000,0.0000,0
2024.11.13 18:11:22,BUY,0.4000,0.2000,1
2024.11.13 18:24:10,SELL,0.5000,-0.1000,1
2024.11.13 18:58:04,BUY,0.4000,0.1000,0
2024.11.13 19:07:09,SELL,0.4000,0.1000,2
2024.11.13 19:26:40,BUY,0.5000,-0.3000,2
2024.11.13 19:33:11,SELL,0.4000,0.1000,1
2024.11.13 19:47:02,SELL,0.4000,0.3000,1
2024.11.13 19:52:55,BUY,0.6000,0.0000,0
2024.11.13 20:08:44,BUY,0.5000,0.1000,0
2024.11.13 20:13:53,SELL,0.5000,0.2000,0
2024.11.14 03:02:19,BUY,0.5000,0.0000,1
2024.11.14 03:48:16,SELL,0.5000,-0.7000,0
2024.11.14 07:15:51,BUY,0.7000,-1.9000,1
2024.11.14 09:34:03,SELL,0.4000,-0.1000,3
2024.11.14 09:46:43,SELL,0.4000,0.0000,1
2024.11.14 10:13:43,BUY,0.5000,0.0000,2
2024.11.14 10:23:50,BUY,0.4000,0.1000,1
2024.11.14 10:47:05,BUY,0.7000,-0.2000,0
2024.11.14 11:14:29,BUY,0.4000,0.1000,1
2024.11.14 11:29:42,BUY,0.4000,0.3000,0
2024.11.14 11:51:41,BUY,0.6000,-0.2000,0
2024.11.14 12:09:33,BUY,0.5000,0.0000,1
2024.11.14 12:43:10,SELL,0.4000,0.5000,1
2024.11.14 12:48:16,SELL,0.5000,0.0000,0
2024.11.14 13:02:38,BUY,0.5000,-0.1000,1
2024.11.14 13:07:40,SELL,0.4000,-0.4000,2
2024.11.14 13:13:41,BUY,0.5000,0.0000,0
2024.11.14 13:18:41,SELL,0.4000,-0.1000,0
2024.11.14 13:38:05,SELL,0.4000,0.1000,2
2024.11.14 13:44:24,SELL,0.4000,-0.2000,2
2024.11.14 13:49:31,SELL,0.8000,0.1000,1
2024.11.14 14:14:57,SELL,0.4000,-0.2000,1
2024.11.14 14:39:06,SELL,0.6000,-0.3000,0
2024.11.14 14:47:14,SELL,0.5000,0.4000,1
2024.11.14 15:23:19,SELL,0.5000,-0.2000,0
2024.11.14 15:30:07,BUY,0.5000,-1.1000,1
2024.11.14 15:35:42,BUY,0.4000,0.2000,0
2024.11.14 15:42:27,SELL,0.7000,0.2000,1
2024.11.14 15:47:44,SELL,0.5000,-0.1000,0
2024.11.14 15:52:57,SELL,0.4000,0.0000,1
2024.11.14 15:57:57,BUY,0.4000,0.2000,1
2024.11.14 16:02:58,SELL,0.5000,0.1000,1
2024.11.14 16:14:23,SELL,0.4000,0.0000,0
2024.11.14 16:19:23,SELL,0.4000,-0.1000,0
2024.11.14 16:26:52,SELL,0.4000,-0.1000,0
2024.11.14 16:37:55,SELL,0.4000,-0.1000,1
2024.11.14 16:42:55,BUY,0.6000,-0.2000,1
2024.11.14 16:52:29,BUY,0.5000,0.1000,0
2024.11.14 17:02:45,SELL,0.5000,0.1000,1
2024.11.14 17:07:49,SELL,0.7000,-0.4000,1
2024.11.14 17:12:49,SELL,0.5000,-0.1000,1
2024.11.14 17:18:52,SELL,0.5000,-0.2000,1
2024.11.14 17:33:53,BUY,0.4000,-0.5000,1
2024.11.14 17:46:40,SELL,0.4000,0.1000,1
2024.11.14 17:52:07,SELL,0.4000,-0.3000,1
2024.11.14 18:03:33,BUY,0.4000,0.1000,0
2024.11.14 18:17:00,SELL,0.4000,0.0000,1
2024.11.14 18:22:22,SELL,0.5000,-0.2000,1
2024.11.14 18:34:06,BUY,0.5000,0.0000,0
2024.11.14 18:51:24,BUY,0.4000,0.2000,1
2024.11.14 22:00:04,BUY,3.8000,-0.7000,0
2024.11.14 22:05:37,BUY,0.6000,-0.2000,0
2024.11.14 22:12:49,SELL,0.5000,0.0000,0
2024.11.14 22:18:59,SELL,0.4000,-0.3000,0
2024.11.14 22:32:38,BUY,0.4000,-0.2000,2
2024.11.14 22:39:49,SELL,0.5000,-0.2000,1
2024.11.14 22:49:01,BUY,0.6000,-0.1000,1
2024.11.14 22:54:02,BUY,0.5000,0.1000,0
2024.11.14 22:59:02,SELL,0.5000,0.0000,1
2024.11.15 03:24:26,SELL,0.4000,0.1000,1
2024.11.15 03:34:26,BUY,0.5000,-0.1000,2
2024.11.15 03:44:13,BUY,0.4000,0.2000,1
2024.11.15 04:02:28,SELL,0.4000,0.1000,1
2024.11.15 05:54:29,BUY,0.5000,0.0000,1
2024.11.15 08:33:09,SELL,0.5000,0.1000,1
2024.11.15 08:46:45,SELL,0.4000,-0.6000,0
2024.11.15 09:38:07,SELL,0.5000,-0.4000,2
2024.11.15 10:44:58,SELL,0.4000,0.2000,1
2024.11.15 11:24:28,BUY,0.5000,0.2000,1
2024.11.15 12:30:22,BUY,0.7000,0.0000,0
2024.11.15 12:38:58,SELL,0.5000,-0.4000,0
2024.11.15 12:49:56,SELL,0.4000,0.0000,0
2024.11.15 14:09:56,BUY,0.5000,0.1000,1
2024.11.15 14:51:50,SELL,0.5000,0.1000,6
2024.11.15 15:11:34,SELL,0.4000,0.3000,0
2024.11.15 15:30:02,BUY,1.9000,-0.4000,0
2024.11.15 15:37:40,SELL,0.7000,0.3000,0
2024.11.15 15:46:23,SELL,0.4000,0.1000,1
2024.11.15 15:51:55,BUY,0.5000,-0.2000,0
2024.11.15 16:09:07,BUY,0.5000,0.0000,1
2024.11.15 16:17:28,BUY,0.4000,0.3000,1
2024.11.15 16:24:24,SELL,0.5000,-0.2000,1
2024.11.15 16:32:14,BUY,0.6000,-0.5000,0
2024.11.15 16:37:24,BUY,0.5000,-0.2000,1
2024.11.15 16:42:24,SELL,0.5000,0.0000,1
2024.11.15 16:47:33,SELL,0.5000,0.1000,0
2024.11.15 16:52:57,BUY,0.4000,0.0000,1
2024.11.15 16:57:59,SELL,0.4000,0.2000,0
2024.11.15 17:08:44,SELL,0.4000,-0.6000,1
2024.11.15 17:13:44,BUY,0.4000,0.1000,0
2024.11.15 17:27:04,BUY,0.6000,0.1000,1
2024.11.15 17:36:34,BUY,0.5000,-0.3000,1
2024.11.15 17:43:36,BUY,0.5000,-0.5000,0
2024.11.15 17:48:36,SELL,0.5000,-0.4000,0
2024.11.15 18:03:56,SELL,0.4000,-0.4000,2
2024.11.15 18:16:18,BUY,0.6000,-0.1000,1
2024.11.15 18:24:07,SELL,0.5000,0.0000,2
2024.11.15 19:01:22,SELL,0.4000,-0.2000,1
2024.11.15 19:21:55,SELL,0.4000,0.4000,1
2024.11.15 19:39:26,SELL,0.3000,-0.3000,0
2024.11.15 20:34:29,BUY,0.5000,-0.1000,2
2024.11.15 20:48:22,SELL,0.4000,-0.1000,1
2024.11.15 20:53:24,SELL,0.5000,0.0000,2
2024.11.15 21:03:33,BUY,0.5000,-0.2000,0
2024.11.15 22:38:24,BUY,0.5000,-0.1000,1
2024.11.15 22:43:42,SELL,0.5000,-0.1000,4
2024.11.15 23:57:46,SELL,2.7000,-0.2000,0
2024.11.18 00:00:54,BUY,3.0000,-0.6000,0
2024.11.18 01:02:56,SELL,0.6000,-0.4000,2
2024.11.18 03:06:52,BUY,0.5000,-0.3000,1
2024.11.18 09:23:51,BUY,0.4000,-0.1000,4
2024.11.18 10:25:42,SELL,0.6000,0.1000,0
2024.11.18 10:31:56,BUY,0.4000,-0.1000,1
2024.11.18 11:20:47,SELL,0.4000,0.3000,0
2024.11.18 12:13:39,BUY,0.5000,-0.4000,0
2024.11.18 13:03:27,BUY,0.5000,0.1000,0
2024.11.18 13:29:48,BUY,0.4000,0.3000,1
2024.11.18 15:23:44,SELL,0.5000,0.8000,1
2024.11.18 15:51:39,SELL,0.5000,0.3000,1
2024.11.18 16:37:30,SELL,0.4000,-0.1000,3
2024.11.18 16:44:22,BUY,0.5000,0.2000,1
2024.11.18 17:32:32,SELL,0.4000,0.1000,0
2024.11.18 17:49:50,SELL,0.5000,-0.1000,0
2024.11.18 18:04:39,BUY,0.4000,0.2000,1
2024.11.18 18:57:57,SELL,0.4000,-0.1000,1
2024.11.18 19:12:46,BUY,0.6000,0.2000,1
2024.11.18 21:06:57,SELL,0.7000,0.2000,1
2024.11.18 21:19:31,BUY,0.5000,-0.1000,2
2024.11.19 02:52:35,SELL,0.5000,-0.1000,1
2024.11.19 05:19:15,SELL,0.4000,-0.1000,1
2024.11.19 09:03:40,BUY,0.4000,0.1000,1
2024.11.19 09:08:41,BUY,0.5000,-0.8000,0
2024.11.19 09:13:41,BUY,0.4000,0.1000,0
2024.11.19 09:57:17,BUY,0.6000,0.0000,0
2024.11.19 10:02:18,SELL,0.5000,-0.1000,1
2024.11.19 10:18:10,SELL,0.5000,-0.3000,0
2024.11.19 10:34:11,BUY,0.5000,0.2000,1
2024.11.19 10:39:11,BUY,0.5000,-1.6000,0
2024.11.19 10:44:11,SELL,0.5000,-0.2000,0
2024.11.19 10:52:35,BUY,0.4000,0.3000,0
2024.11.19 11:04:23,SELL,0.5000,0.1000,1
2024.11.19 11:16:24,BUY,0.5000,-0.7000,1
2024.11.19 11:21:24,BUY,0.5000,0.1000,0
2024.11.19 11:27:43,BUY,0.5000,0.4000,0
2024.11.19 11:34:09,SELL,0.4000,0.0000,1
2024.11.19 11:46:16,BUY,0.5000,-0.1000,0
2024.11.19 11:52:37,SELL,0.4000,0.1000,0
2024.11.19 11:59:09,SELL,0.5000,0.5000,0
2024.11.19 12:05:59,SELL,0.4000,0.1000,1
2024.11.19 12:12:27,SELL,0.5000,0.3000,1
2024.11.19 12:26:47,SELL,0.4000,-0.3000,0
2024.11.19 12:35:52,SELL,0.6000,-0.2000,0
2024.11.19 13:14:50,BUY,0.6000,0.1000,1
2024.11.19 15:06:47,SELL,0.4000,0.2000,0
2024.11.19 15:22:02,BUY,0.4000,-0.1000,0
2024.11.19 15:37:06,SELL,0.4000,0.1000,1
2024.11.19 15:42:06,SELL,0.4000,0.2000,1
2024.11.19 15:47:07,BUY,0.5000,0.3000,0
2024.11.19 15:54:31,BUY,0.7000,-0.3000,0
2024.11.19 16:04:58,BUY,0.5000,0.6000,0
2024.11.19 16:09:58,SELL,0.4000,-0.1000,1
2024.11.19 16:14:58,SELL,0.5000,-0.1000,0
2024.11.19 16:39:25,BUY,0.5000,0.2000,1
2024.11.19 16:53:57,BUY,0.5000,0.3000,0
2024.11.19 17:04:29,BUY,0.5000,0.1000,0
2024.11.19 17:29:39,SELL,0.5000,0.2000,1
2024.11.19 17:37:30,SELL,0.5000,0.1000,1
2024.11.19 17:43:45,SELL,0.5000,-0.1000,1
2024.11.19 17:53:05,BUY,0.4000,-0.1000,1
2024.11.19 18:28:30,BUY,0.6000,-0.1000,1
2024.11.19 18:34:49,BUY,0.6000,-0.6000,0
2024.11.19 19:02:17,SELL,0.4000,-0.1000,1
2024.11.19 20:03:04,BUY,0.4000,0.0000,2
2024.11.19 21:19:41,BUY,0.5000,0.2000,2
2024.11.20 01:00:23,SELL,0.4000,0.1000,3
2024.11.20 08:48:10,BUY,0.4000,0.0000,2
2024.11.20 09:23:08,SELL,0.7000,-0.8000,0
2024.11.20 09:28:08,BUY,0.5000,-0.4000,0
2024.11.20 09:58:03,BUY,0.7000,-0.1000,0
2024.11.20 10:03:17,BUY,0.5000,0.3000,1
2024.11.20 10:08:33,BUY,0.4000,0.1000,4
2024.11.20 10:16:47,SELL,0.4000,0.1000,1
2024.11.20 10:38:25,BUY,0.5000,-0.1000,1
2024.11.20 11:11:36,SELL,0.4000,0.1000,1
2024.11.20 11:19:11,BUY,0.4000,0.0000,2
2024.11.20 11:34:01,BUY,0.4000,0.1000,1
2024.11.20 11:39:02,SELL,0.5000,0.0000,2
2024.11.20 12:11:43,BUY,0.5000,-0.1000,0
2024.11.20 13:42:44,SELL,0.4000,0.1000,1
2024.11.20 14:04:43,SELL,0.5000,-0.1000,0
2024.11.20 14:09:43,BUY,0.5000,0.0000,0
2024.11.20 14:57:28,BUY,0.4000,0.4000,0
2024.11.20 15:48:10,SELL,0.5000,0.0000,1
2024.11.20 16:07:49,BUY,0.5000,-0.1000,2
2024.11.20 16:17:22,BUY,0.4000,0.0000,1
2024.11.20 16:22:22,BUY,0.4000,0.0000,0
2024.11.20 16:31:38,SELL,0.6000,-0.5000,1
2024.11.20 16:38:04,BUY,0.6000,-0.3000,1
2024.11.20 16:43:52,SELL,0.4000,0.1000,3
2024.11.20 16:52:25,BUY,0.5000,-0.1000,1
2024.11.20 17:01:07,SELL,0.6000,0.1000,0
2024.11.20 17:26:49,SELL,0.4000,0.2000,1
2024.11.20 17:38:15,BUY,0.4000,-0.2000,0
2024.11.20 17:46:34,BUY,0.5000,-0.2000,1
2024.11.20 17:51:34,BUY,0.5000,0.0000,0
2024.11.20 18:06:29,BUY,0.4000,-0.1000,0
2024.11.20 18:11:29,BUY,0.4000,-0.1000,0
2024.11.20 18:27:42,BUY,0.6000,-0.1000,1
2024.11.20 20:47:48,SELL,0.4000,0.1000,2
2024.11.20 23:49:30,SELL,0.5000,-0.3000,5
2024.11.21 00:01:03,BUY,10.0000,0.0000,3
2024.11.21 09:09:16,BUY,0.6000,-0.4000,0
2024.11.21 09:27:32,BUY,0.6000,-0.1000,0
2024.11.21 10:24:55,BUY,0.4000,0.0000,1
2024.11.21 10:42:23,SELL,0.4000,-0.1000,1
2024.11.21 10:48:21,SELL,0.4000,0.1000,1
2024.11.21 11:03:28,BUY,0.5000,0.0000,1
2024.11.21 11:19:55,BUY,0.5000,0.3000,5
2024.11.21 11:24:56,BUY,0.4000,0.2000,1
2024.11.21 11:29:58,SELL,0.4000,-0.1000,0
2024.11.21 11:34:58,BUY,0.5000,0.2000,0
2024.11.21 11:39:58,SELL,0.5000,0.3000,1
2024.11.21 12:11:13,BUY,0.5000,-0.4000,0
2024.11.21 12:39:35,SELL,0.5000,0.5000,4
2024.11.21 13:18:26,SELL,0.4000,0.0000,1
2024.11.21 13:26:47,SELL,0.4000,0.1000,1
2024.11.21 14:55:38,BUY,0.4000,0.0000,0
2024.11.21 15:27:23,BUY,0.5000,-0.1000,5
2024.11.21 15:32:47,SELL,0.6000,-0.4000,2
2024.11.21 15:37:49,SELL,0.5000,0.1000,1
2024.11.21 15:44:01,BUY,0.4000,-0.1000,1
2024.11.21 15:52:28,BUY,0.6000,0.0000,1
2024.11.21 16:07:37,BUY,0.5000,-0.1000,0
2024.11.21 16:39:34,BUY,0.5000,-0.2000,1
2024.11.21 16:44:34,SELL,0.5000,-0.1000,0
2024.11.21 16:51:51,SELL,0.5000,-0.1000,0
2024.11.21 16:59:35,SELL,0.4000,0.0000,0
2024.11.21 17:09:23,SELL,0.4000,-0.1000,0
2024.11.21 17:14:25,BUY,0.5000,-0.1000,1
2024.11.21 17:28:05,BUY,0.4000,-0.5000,1
2024.11.21 17:48:31,BUY,0.4000,0.0000,0
2024.11.21 17:53:32,BUY,0.5000,-0.1000,1
2024.11.21 17:58:32,BUY,0.5000,-0.1000,0
2024.11.21 18:06:12,BUY,0.5000,-0.2000,0
2024.11.21 18:11:56,BUY,0.5000,0.4000,0
2024.11.21 18:16:56,BUY,0.5000,0.7000,0
2024.11.21 18:23:54,SELL,0.5000,0.5000,0
2024.11.21 18:29:00,BUY,0.6000,0.0000,0
2024.11.21 18:36:46,BUY,0.4000,0.1000,1
2024.11.21 18:43:40,BUY,0.6000,-0.1000,1
2024.11.21 18:57:23,BUY,0.4000,-0.1000,1
2024.11.21 19:02:23,BUY,0.4000,0.1000,2
2024.11.21 19:07:25,SELL,0.4000,-0.2000,1
2024.11.21 19:12:25,SELL,0.5000,0.1000,0
2024.11.21 19:20:51,SELL,0.4000,0.3000,2
2024.11.21 19:38:44,SELL,0.6000,-0.3000,0
2024.11.21 20:08:59,BUY,0.5000,0.0000,2
2024.11.21 20:14:15,SELL,0.6000,0.1000,0
2024.11.21 21:13:13,BUY,0.4000,-0.1000,1
2024.11.22 01:50:52,SELL,0.5000,-0.1000,1
2024.11.22 03:57:34,BUY,0.4000,-0.1000,1
2024.11.22 09:04:26,BUY,0.5000,0.2000,1
2024.11.22 09:18:50,SELL,0.5000,-0.2000,1
2024.11.22 09:24:06,SELL,0.5000,0.0000,1
2024.11.22 09:38:58,SELL,0.4000,0.1000,1
2024.11.22 10:03:38,SELL,0.4000,0.1000,0
2024.11.22 10:15:00,BUY,0.8000,-1.4000,0
2024.11.22 10:28:46,SELL,0.5000,-0.4000,0
2024.11.22 10:34:23,BUY,0.4000,0.0000,1
2024.11.22 10:39:23,BUY,0.4000,-0.1000,1
2024.11.22 10:46:12,BUY,0.6000,-0.2000,0
2024.11.22 10:56:25,BUY,0.4000,0.2000,0
2024.11.22 11:01:25,BUY,0.5000,0.4000,0
2024.11.22 11:09:13,BUY,0.5000,0.2000,1
2024.11.22 11:14:13,BUY,0.5000,0.5000,0
2024.11.22 11:19:13,SELL,0.4000,-0.4000,0
2024.11.22 11:24:13,SELL,0.4000,-0.2000,0
2024.11.22 11:29:13,SELL,0.5000,0.5000,0
2024.11.22 11:35:37,SELL,0.6000,0.0000,1
2024.11.22 11:40:48,SELL,0.5000,0.0000,1
2024.11.22 11:48:55,BUY,0.4000,-0.2000,1
2024.11.22 11:54:01,SELL,0.5000,-0.4000,0
2024.11.22 11:59:01,BUY,0.4000,-0.2000,0
2024.11.22 12:04:01,BUY,0.5000,-0.9000,0
2024.11.22 12:09:18,SELL,0.5000,1.0000,0
2024.11.22 12:17:45,SELL,0.4000,0.3000,1
2024.11.22 12:26:35,SELL,0.4000,0.1000,2
2024.11.22 12:31:48,SELL,0.7000,-0.7000,0
2024.11.22 12:38:32,BUY,0.5000,0.1000,1
2024.11.22 12:47:13,BUY,0.4000,0.2000,2
2024.11.22 12:53:52,SELL,0.5000,-0.3000,2
2024.11.22 13:01:53,BUY,0.5000,0.1000,0
2024.11.22 13:06:53,SELL,0.5000,0.1000,1
2024.11.22 13:17:55,BUY,0.4000,0.2000,2
2024.11.22 13:28:16,SELL,0.4000,0.2000,1
2024.11.22 13:43:58,BUY,0.5000,0.2000,0
2024.11.22 13:53:53,SELL,0.6000,0.2000,1
2024.11.22 14:22:32,BUY,0.6000,0.0000,1
2024.11.22 14:34:35,SELL,0.4000,0.1000,1
2024.11.22 14:55:23,BUY,0.5000,0.3000,0
2024.11.22 15:13:31,SELL,0.7000,0.2000,1
2024.11.22 15:28:44,BUY,0.7000,0.2000,4
2024.11.22 15:42:18,SELL,0.4000,0.0000,1
2024.11.22 15:49:26,BUY,0.5000,0.2000,1
2024.11.22 15:54:26,BUY,0.5000,0.0000,1
2024.11.22 16:01:56,SELL,0.5000,0.2000,0
2024.11.22 16:07:18,BUY,0.4000,-0.1000,1
2024.11.22 16:12:19,BUY,0.5000,0.1000,0
2024.11.22 16:21:52,BUY,0.5000,-0.1000,0
2024.11.22 16:29:22,BUY,0.5000,0.0000,0
2024.11.22 16:34:23,SELL,0.5000,-0.9000,0
2024.11.22 16:39:52,SELL,0.4000,-0.2000,0
2024.11.22 16:45:00,BUY,3.6000,-2.6000,0
2024.11.22 16:51:02,SELL,0.4000,0.0000,1
2024.11.22 17:00:05,SELL,0.3000,-1.8000,1
2024.11.22 17:07:18,SELL,0.4000,-0.2000,1
2024.11.22 17:13:40,SELL,0.5000,-0.4000,1
2024.11.22 17:30:59,BUY,0.4000,0.1000,1
2024.11.22 17:48:04,SELL,0.4000,0.1000,0
2024.11.22 17:53:04,BUY,0.5000,0.3000,0
2024.11.22 17:58:45,SELL,0.4000,-0.2000,1
2024.11.22 18:18:41,BUY,0.5000,0.1000,1
2024.11.22 19:01:49,SELL,0.4000,0.0000,1
2024.11.22 19:11:39,SELL,0.4000,0.0000,0
2024.11.22 19:43:37,SELL,0.5000,0.1000,2
2024.11.22 20:04:18,SELL,0.4000,0.1000,1
2024.11.25 00:00:45,SELL,3.5000,0.0000,0
2024.11.25 00:05:54,BUY,5.1000,0.0000,2
2024.11.25 00:22:36,BUY,4.6000,-0.2000,1
2024.11.25 00:38:21,SELL,3.0000,0.1000,0
2024.11.25 01:00:00,BUY,2.1000,1.0000,0
2024.11.25 01:07:11,BUY,0.8000,-0.6000,1
2024.11.25 01:12:12,SELL,0.5000,0.6000,5
2024.11.25 01:17:12,SELL,0.5000,-0.1000,0
2024.11.25 01:28:55,SELL,0.5000,-0.1000,1
2024.11.25 01:34:00,BUY,0.5000,-0.1000,1
2024.11.25 01:39:00,BUY,0.5000,0.1000,1
2024.11.25 02:13:25,SELL,0.4000,0.1000,4
2024.11.25 02:52:42,SELL,0.4000,0.0000,2
2024.11.25 03:13:42,BUY,0.4000,0.0000,2
2024.11.25 03:23:32,SELL,0.4000,-0.3000,1
2024.11.25 03:42:03,BUY,0.5000,-0.1000,2
2024.11.25 03:57:14,BUY,0.5000,0.1000,1
2024.11.25 05:02:50,BUY,0.5000,0.4000,0
2024.11.25 08:20:44,SELL,0.5000,-0.3000,1
2024.11.25 09:02:22,BUY,0.5000,-1.2000,0
2024.11.25 09:08:38,SELL,0.4000,0.1000,1
2024.11.25 09:14:10,BUY,0.4000,0.1000,0
2024.11.25 09:24:44,BUY,0.4000,0.1000,7
2024.11.25 09:34:50,BUY,0.5000,0.0000,0
2024.11.25 09:56:49,BUY,0.4000,-0.5000,1
2024.11.25 10:02:35,SELL,0.5000,-0.2000,2
2024.11.25 10:07:35,SELL,0.6000,0.2000,0
2024.11.25 10:43:34,BUY,0.5000,0.1000,0
2024.11.25 10:57:46,SELL,0.5000,-0.2000,0
2024.11.25 11:02:46,SELL,0.4000,0.6000,1
2024.11.25 11:07:46,BUY,0.4000,0.0000,1
2024.11.25 11:30:47,SELL,0.5000,-0.7000,1
2024.11.25 11:48:00,SELL,0.5000,0.0000,0
2024.11.25 12:21:00,BUY,0.4000,0.0000,2
2024.11.25 12:38:21,SELL,0.4000,0.1000,1
2024.11.25 12:43:21,BUY,0.6000,-0.1000,1
2024.11.25 13:42:19,BUY,0.5000,-0.2000,1
2024.11.25 14:13:18,BUY,0.5000,-0.4000,0
2024.11.25 14:48:26,SELL,0.6000,-0.1000,1
2024.11.25 14:54:40,SELL,0.4000,0.1000,0
2024.11.25 15:01:26,SELL,0.4000,0.0000,1
2024.11.25 15:08:41,SELL,0.6000,-0.5000,1
2024.11.25 15:14:12,SELL,0.4000,-0.1000,1
2024.11.25 15:19:14,SELL,0.4000,-0.1000,1
2024.11.25 15:26:07,SELL,0.6000,-0.3000,1
2024.11.25 15:31:08,SELL,0.5000,0.0000,1
2024.11.25 15:42:26,SELL,0.4000,0.1000,3
2024.11.25 15:54:06,SELL,0.5000,0.1000,1
2024.11.25 16:01:51,BUY,0.5000,0.2000,1
2024.11.25 16:16:19,BUY,0.8000,0.1000,1
2024.11.25 16:21:48,BUY,0.4000,0.3000,1
2024.11.25 16:27:23,SELL,0.4000,-0.1000,0
2024.11.25 16:33:03,BUY,0.4000,-0.2000,1
2024.11.25 16:38:03,BUY,0.5000,0.2000,1
2024.11.25 16:44:24,BUY,0.4000,0.1000,0
2024.11.25 16:49:24,SELL,0.5000,0.0000,0
2024.11.25 17:03:06,BUY,0.6000,-0.3000,0
2024.11.25 17:08:06,BUY,0.4000,-0.2000,2
2024.11.25 17:13:44,SELL,0.4000,0.1000,1
2024.11.25 17:25:46,SELL,0.4000,0.1000,0
2024.11.25 17:41:37,BUY,0.5000,-0.3000,1
2024.11.25 17:49:14,BUY,0.4000,0.4000,1
2024.11.25 17:54:14,BUY,0.4000,0.2000,1
2024.11.25 17:59:14,BUY,0.5000,0.0000,1
2024.11.25 18:04:23,SELL,0.5000,-0.2000,1
2024.11.25 18:23:54,BUY,0.5000,-0.3000,1
2024.11.25 18:43:48,BUY,0.5000,-0.2000,1
2024.11.25 18:49:07,BUY,0.4000,0.0000,1
2024.11.25 18:54:08,SELL,0.5000,-0.1000,2
2024.11.25 19:24:28,SELL,0.4000,-0.1000,0
2024.11.25 19:30:29,SELL,0.5000,-0.2000,0
2024.11.25 20:02:05,SELL,0.7000,0.5000,0
2024.11.25 20:28:00,SELL,0.4000,0.0000,0
2024.11.25 20:34:35,SELL,0.4000,0.1000,1
2024.11.25 20:52:09,SELL,0.5000,0.1000,0
2024.11.26 01:03:08,SELL,0.5000,-0.1000,1
2024.11.26 01:38:00,BUY,0.4000,0.0000,3
2024.11.26 01:43:00,BUY,0.7000,-0.1000,0
2024.11.26 01:48:00,BUY,0.5000,0.4000,0
2024.11.26 01:56:39,SELL,0.5000,-0.8000,1
2024.11.26 02:01:47,SELL,0.4000,-0.8000,0
2024.11.26 02:07:21,BUY,0.5000,0.1000,0
2024.11.26 02:14:17,BUY,0.4000,0.0000,1
2024.11.26 02:19:17,SELL,0.5000,0.0000,1
2024.11.26 02:24:18,SELL,0.4000,-0.4000,1
2024.11.26 02:36:36,BUY,0.5000,0.0000,2
2024.11.26 02:58:53,BUY,0.5000,-0.2000,1
2024.11.26 03:05:18,SELL,0.4000,-0.1000,1
2024.11.26 03:12:37,SELL,0.5000,0.1000,0
2024.11.26 03:19:13,SELL,0.5000,-0.3000,0
2024.11.26 03:34:16,SELL,0.5000,-0.1000,0
2024.11.26 03:39:16,BUY,0.5000,-0.1000,0
2024.11.26 03:51:00,SELL,0.5000,0.1000,1
2024.11.26 03:58:26,BUY,0.5000,0.1000,1
2024.11.26 04:48:01,SELL,0.4000,0.1000,1
2024.11.26 05:08:42,SELL,0.4000,0.0000,1
2024.11.26 05:41:48,SELL,0.5000,0.2000,4
2024.11.26 05:48:25,SELL,0.5000,0.2000,1
2024.11.26 06:01:07,SELL,0.6000,0.5000,0
2024.11.26 06:14:55,BUY,0.5000,-0.1000,1
2024.11.26 07:33:03,SELL,0.5000,0.3000,1
2024.11.26 09:13:50,SELL,0.6000,0.0000,1
2024.11.26 09:38:49,SELL,0.5000,0.3000,1
2024.11.26 09:57:37,BUY,0.6000,-0.1000,0
2024.11.26 10:09:04,SELL,0.4000,0.7000,0
2024.11.26 10:14:04,BUY,0.5000,-0.1000,2
2024.11.26 10:19:04,SELL,0.4000,0.1000,1
2024.11.26 10:27:38,BUY,0.4000,-0.2000,1
2024.11.26 10:49:11,SELL,0.4000,0.2000,1
2024.11.26 10:54:45,SELL,0.5000,-0.8000,1
2024.11.26 11:01:19,SELL,0.4000,0.5000,1
2024.11.26 11:08:47,BUY,0.5000,0.0000,1
2024.11.26 11:13:47,SELL,0.5000,0.1000,1
2024.11.26 11:19:44,BUY,0.4000,0.1000,1
2024.11.26 11:26:21,BUY,0.4000,0.1000,0
2024.11.26 11:34:12,BUY,0.5000,-0.3000,1
2024.11.26 11:43:34,SELL,0.4000,0.0000,1
2024.11.26 11:51:23,BUY,0.4000,0.8000,0
2024.11.26 12:03:40,SELL,0.4000,0.0000,2
2024.11.26 13:24:47,BUY,0.4000,-0.1000,4
2024.11.26 13:33:50,SELL,0.4000,0.0000,1
2024.11.26 13:58:45,BUY,0.5000,-0.1000,2
2024.11.26 14:13:45,SELL,0.5000,-0.2000,1
2024.11.26 14:18:46,SELL,0.5000,-0.3000,0
2024.11.26 14:27:36,BUY,0.5000,-0.4000,1
2024.11.26 14:32:37,SELL,0.5000,-0.1000,1
2024.11.26 14:37:51,SELL,0.5000,-0.5000,1
2024.11.26 14:42:52,BUY,0.5000,-0.1000,1
2024.11.26 14:49:28,BUY,0.8000,-0.3000,1
2024.11.26 14:56:30,BUY,0.6000,-0.1000,0
2024.11.26 15:02:37,BUY,0.5000,-0.8000,1
2024.11.26 15:07:38,BUY,0.4000,0.0000,0
2024.11.26 15:17:52,BUY,0.4000,0.1000,0
2024.11.26 15:22:52,BUY,0.5000,0.0000,0
2024.11.26 15:31:30,SELL,0.6000,-0.1000,1
2024.11.26 15:39:04,BUY,0.5000,0.0000,0
2024.11.26 15:53:47,BUY,0.4000,-0.6000,1
2024.11.26 15:58:47,BUY,0.5000,-0.3000,1
2024.11.26 16:03:47,BUY,0.5000,-0.2000,0
2024.11.26 16:19:23,SELL,0.6000,-0.4000,1
2024.11.26 16:24:57,SELL,0.4000,-0.2000,2
2024.11.26 16:29:57,BUY,0.4000,0.0000,2
2024.11.26 16:46:42,BUY,0.4000,-0.1000,1
2024.11.26 17:01:22,SELL,0.4000,-0.1000,0
2024.11.26 17:06:43,SELL,0.4000,-0.1000,0
2024.11.26 17:22:10,BUY,0.4000,-0.1000,0
2024.11.26 17:27:10,BUY,0.5000,0.0000,1
2024.11.26 17:46:20,SELL,0.5000,-0.1000,0
2024.11.26 17:54:06,BUY,0.4000,0.3000,1
2024.11.26 17:59:06,BUY,0.7000,-0.1000,0
2024.11.26 18:07:15,BUY,0.6000,0.1000,0
2024.11.26 18:12:15,BUY,0.4000,0.6000,1
2024.11.26 18:21:41,BUY,0.6000,0.2000,1
2024.11.26 18:34:52,SELL,0.6000,0.0000,0
2024.11.26 18:44:36,BUY,0.5000,-0.2000,3
2024.11.26 18:52:19,SELL,0.4000,0.0000,0
2024.11.26 19:07:33,BUY,0.4000,-0.7000,1
2024.11.26 19:39:23,BUY,0.5000,-0.1000,1
2024.11.26 20:27:36,BUY,0.5000,0.3000,0
2024.11.26 20:43:31,SELL,0.5000,0.1000,1
2024.11.26 21:02:50,SELL,0.4000,0.2000,1
2024.11.26 21:10:44,SELL,0.4000,0.3000,1
2024.11.26 21:17:30,BUY,0.5000,0.1000,2
2024.11.26 21:23:35,BUY,0.8000,0.0000,1
2024.11.26 21:53:59,SELL,0.4000,-0.4000,1
2024.11.26 23:14:01,SELL,0.4000,0.1000,1
2024.11.26 23:59:59,BUY,9.7000,-0.1000,0
2024.11.27 09:00:54,SELL,0.5000,0.1000,1
2024.11.27 09:14:56,BUY,0.5000,0.0000,1
2024.11.27 09:24:52,SELL,0.5000,-0.3000,2
2024.11.27 09:34:02,SELL,0.6000,-0.1000,0
2024.11.27 09:47:33,SELL,0.4000,-0.1000,1
2024.11.27 10:06:34,SELL,0.5000,-0.1000,0
2024.11.27 10:13:32,SELL,0.5000,0.0000,1
2024.11.27 10:20:09,SELL,0.5000,-0.4000,1
2024.11.27 10:31:39,BUY,0.5000,0.1000,1
2024.11.27 10:41:10,SELL,0.4000,-0.5000,1
2024.11.27 10:52:26,BUY,0.5000,0.0000,0
2024.11.27 10:57:27,BUY,0.4000,-0.4000,0
2024.11.27 11:29:50,SELL,0.4000,0.1000,1
2024.11.27 11:44:49,BUY,0.4000,-0.3000,0
2024.11.27 12:02:48,SELL,0.5000,0.5000,1
2024.11.27 12:56:09,SELL,0.5000,-0.2000,1
2024.11.27 13:13:03,BUY,0.4000,0.1000,0
2024.11.27 13:23:31,BUY,0.4000,0.1000,1
2024.11.27 13:37:34,SELL,0.4000,0.1000,3
2024.11.27 13:47:07,BUY,0.4000,0.2000,0
2024.11.27 13:52:10,SELL,0.5000,0.0000,0
2024.11.27 14:29:07,SELL,0.4000,-0.1000,1
2024.11.27 14:34:07,SELL,0.5000,0.3000,0
2024.11.27 14:41:57,SELL,0.5000,0.2000,1
2024.11.27 14:56:00,BUY,0.5000,0.1000,1
2024.11.27 15:06:31,SELL,0.5000,0.1000,0
2024.11.27 15:29:13,SELL,0.5000,0.1000,1
2024.11.27 15:34:13,SELL,0.4000,0.1000,0
2024.11.27 15:39:37,SELL,0.5000,-0.1000,0
2024.11.27 15:44:37,BUY,0.5000,-0.1000,0
2024.11.27 15:52:52,SELL,0.4000,0.5000,1
2024.11.27 15:57:52,SELL,0.5000,0.0000,2
2024.11.27 16:02:54,BUY,0.4000,0.5000,1
2024.11.27 16:09:38,BUY,0.5000,0.1000,1
2024.11.27 16:17:28,BUY,0.6000,0.2000,0
2024.11.27 16:36:10,BUY,0.5000,-0.1000,1
2024.11.27 16:44:26,SELL,0.5000,0.0000,1
2024.11.27 16:49:26,BUY,0.5000,0.0000,1
2024.11.27 16:58:50,SELL,0.6000,-0.3000,1
2024.11.27 17:03:50,BUY,0.5000,0.1000,0
2024.11.27 17:08:53,SELL,0.5000,0.5000,0
2024.11.27 17:13:53,BUY,0.5000,0.3000,1
2024.11.27 17:19:44,SELL,0.5000,-0.2000,2
2024.11.27 17:28:55,SELL,0.4000,0.0000,0
2024.11.27 17:40:36,SELL,0.5000,0.1000,2
2024.11.27 17:47:20,SELL,0.7000,-0.3000,0
2024.11.27 17:52:57,SELL,0.5000,-0.1000,1
2024.11.27 17:57:57,BUY,0.5000,0.2000,0
2024.11.27 18:02:57,BUY,0.4000,0.2000,1
2024.11.27 18:07:57,SELL,0.4000,0.5000,1
2024.11.27 18:12:57,BUY,0.4000,0.1000,1
2024.11.27 18:18:23,BUY,0.4000,0.1000,3
2024.11.27 18:32:33,SELL,0.4000,0.1000,1
2024.11.27 18:37:33,SELL,0.4000,0.5000,1
2024.11.27 18:49:37,SELL,0.4000,-0.6000,1
2024.11.27 18:54:37,BUY,0.4000,0.3000,1
2024.11.27 19:08:07,SELL,0.4000,-0.2000,0
2024.11.27 19:13:07,SELL,0.6000,-0.1000,0
2024.11.27 19:19:14,SELL,0.5000,0.0000,1
2024.11.27 19:34:37,BUY,0.6000,-0.2000,2
2024.11.27 19:41:25,SELL,0.5000,0.2000,1
2024.11.28 03:54:12,BUY,0.4000,0.3000,1
2024.11.28 04:08:16,SELL,0.5000,-0.1000,1
2024.11.28 06:18:57,SELL,0.5000,-0.1000,1
2024.11.28 08:01:49,BUY,0.5000,-0.4000,0
2024.11.28 09:03:01,BUY,0.4000,0.1000,1
2024.11.28 09:19:25,SELL,0.4000,0.0000,2
2024.11.28 09:32:25,BUY,0.5000,0.3000,1
2024.11.28 09:47:40,SELL,0.5000,-0.2000,0
2024.11.28 10:00:01,BUY,0.5000,0.3000,1
2024.11.28 10:08:08,SELL,0.5000,-0.3000,0
2024.11.28 10:13:08,SELL,0.4000,0.3000,1
2024.11.28 10:18:08,BUY,0.5000,-0.2000,0
2024.11.28 10:51:11,SELL,0.5000,-0.5000,1
2024.11.28 11:00:23,BUY,0.7000,1.0000,0
2024.11.28 11:05:38,SELL,0.4000,-0.4000,0
2024.11.28 11:16:29,BUY,0.5000,0.1000,0
2024.11.28 11:21:47,BUY,0.5000,0.0000,1
2024.11.28 11:28:59,BUY,0.4000,0.1000,1
2024.11.28 11:48:49,BUY,0.5000,-0.1000,0
2024.11.28 12:12:23,SELL,0.4000,-0.1000,1
2024.11.28 13:54:20,BUY,0.4000,0.1000,1
2024.11.28 15:03:03,BUY,0.5000,-0.1000,1
2024.11.28 15:13:53,SELL,0.5000,-0.1000,1
2024.11.28 15:43:44,BUY,1.0000,-0.5000,1
2024.11.28 15:49:05,BUY,0.5000,-0.1000,1
2024.11.28 16:23:02,BUY,0.5000,0.2000,2
2024.11.28 16:28:24,SELL,0.4000,0.1000,1
2024.11.28 16:59:34,SELL,0.4000,0.2000,0
2024.11.28 17:34:10,BUY,0.5000,0.4000,1
2024.11.28 17:39:10,BUY,0.4000,0.1000,1
2024.11.28 17:48:36,SELL,0.4000,0.1000,0
2024.11.28 23:59:58,BUY,11.0000,0.2000,1
2024.11.29 00:17:32,SELL,3.2000,-0.4000,2
2024.11.29 00:28:46,BUY,6.5000,-0.8000,10
2024.11.29 00:45:12,SELL,2.0000,0.1000,1
2024.11.29 01:03:52,SELL,0.4000,0.0000,9
2024.11.29 02:37:49,SELL,0.4000,0.0000,1
2024.11.29 02:47:34,BUY,0.4000,0.1000,2
2024.11.29 03:11:49,SELL,0.5000,0.1000,1
2024.11.29 03:22:45,SELL,0.5000,0.0000,1
2024.11.29 09:29:05,SELL,0.4000,0.1000,0
2024.11.29 09:34:05,BUY,0.5000,0.2000,2
2024.11.29 09:39:07,BUY,0.5000,-0.1000,1
2024.11.29 09:47:52,SELL,0.5000,-0.1000,1
2024.11.29 09:56:46,BUY,0.4000,0.0000,0
2024.11.29 10:14:26,BUY,0.5000,-0.4000,1
2024.11.29 10:49:08,SELL,0.4000,0.1000,1
2024.11.29 11:03:02,SELL,0.4000,0.0000,1
2024.11.29 11:08:03,SELL,0.5000,0.2000,1
2024.11.29 11:23:05,BUY,0.6000,-0.2000,1
2024.11.29 11:37:05,BUY,0.5000,0.0000,1
2024.11.29 11:42:05,BUY,0.4000,0.0000,1
2024.11.29 12:08:09,SELL,0.5000,0.0000,1
2024.11.29 12:33:00,SELL,0.5000,0.1000,1
2024.11.29 12:40:45,BUY,0.5000,-0.1000,1
2024.11.29 12:53:01,SELL,0.4000,0.0000,1
2024.11.29 13:12:19,BUY,0.5000,0.1000,1
2024.11.29 13:53:36,BUY,0.5000,0.3000,1
2024.11.29 14:18:06,BUY,0.6000,0.0000,1
2024.11.29 14:57:44,SELL,0.6000,-0.4000,1
2024.11.29 15:59:35,SELL,0.5000,-0.2000,1
2024.11.29 16:09:16,BUY,0.5000,0.0000,3
2024.11.29 16:14:16,BUY,0.4000,-0.2000,0
2024.11.29 16:49:48,BUY,0.6000,0.1000,0
2024.11.29 16:58:52,SELL,0.5000,0.6000,1
2024.11.29 17:04:06,BUY,0.5000,0.1000,1
2024.11.29 17:09:06,SELL,0.4000,0.2000,0
2024.11.29 17:16:59,BUY,0.5000,-0.1000,0
2024.11.29 17:26:05,BUY,0.4000,0.1000,1
2024.11.29 17:33:01,SELL,0.5000,-0.1000,2
2024.11.29 17:44:29,SELL,0.5000,0.2000,0
2024.11.29 17:49:29,BUY,0.4000,-0.2000,0
2024.11.29 17:56:18,SELL,0.4000,0.0000,2
2024.11.29 18:02:59,BUY,0.5000,0.1000,0
2024.11.29 18:07:59,BUY,0.5000,0.1000,0
2024.11.29 18:13:18,SELL,0.5000,-0.5000,0
2024.11.29 18:32:01,BUY,0.7000,0.0000,0
2024.11.29 18:52:51,BUY,0.5000,0.1000,2
2024.11.29 19:04:53,SELL,0.5000,0.4000,0
2024.11.29 19:13:21,BUY,0.5000,-0.2000,1
2024.11.29 19:44:37,SELL,0.4000,0.2000,5
2024.11.29 19:54:36,SELL,0.4000,0.1000,0
2024.11.29 20:02:57,SELL,0.4000,-1.0000,1
2024.11.29 20:11:26,BUY,0.5000,0.0000,1
2024.11.29 23:54:33,BUY,4.6000,-0.9000,0
2024.12.02 00:01:02,BUY,2.0000,7.5000,8
2024.12.02 00:15:26,SELL,2.3000,0.0000,0
2024.12.02 01:02:51,BUY,0.9000,-0.1000,1
2024.12.02 01:07:52,BUY,0.8000,-0.1000,1
2024.12.02 01:22:29,BUY,0.5000,-0.2000,1
2024.12.02 01:29:04,BUY,0.7000,-1.3000,0
2024.12.02 01:34:15,SELL,0.5000,-0.1000,4
2024.12.02 02:03:36,BUY,0.5000,-0.2000,1
2024.12.02 02:38:18,BUY,0.6000,-0.2000,0
2024.12.02 04:16:02,BUY,0.5000,0.0000,0
2024.12.02 07:16:58,BUY,0.7000,0.0000,0
2024.12.02 08:38:35,SELL,0.5000,0.1000,1
2024.12.02 09:06:17,BUY,0.6000,-0.2000,1
2024.12.02 09:14:07,BUY,0.5000,0.0000,0
2024.12.02 09:21:20,SELL,0.4000,-0.8000,1
2024.12.02 09:32:52,BUY,0.6000,-0.3000,0
2024.12.02 09:54:23,BUY,0.4000,0.1000,1
2024.12.02 09:59:23,BUY,0.4000,0.1000,2
2024.12.02 10:04:23,BUY,0.4000,-0.1000,0
2024.12.02 10:09:23,SELL,0.5000,0.0000,1
2024.12.02 10:16:30,BUY,0.5000,0.2000,0
2024.12.02 10:21:30,SELL,0.4000,1.0000,0
2024.12.02 10:31:05,BUY,0.5000,-0.1000,0
2024.12.02 10:43:08,SELL,0.4000,-0.1000,2
2024.12.02 10:54:56,BUY,0.7000,-0.1000,0
2024.12.02 11:01:32,SELL,0.4000,0.1000,1
2024.12.02 11:53:24,SELL,0.5000,-0.1000,1
2024.12.02 12:14:24,BUY,0.6000,-0.3000,0
2024.12.02 12:21:42,SELL,0.5000,0.0000,1
2024.12.02 12:31:35,BUY,0.7000,-0.2000,0
2024.12.02 12:45:43,SELL,0.4000,0.1000,0
2024.12.02 13:13:26,SELL,0.6000,0.3000,0
2024.12.02 13:53:38,BUY,0.4000,0.4000,3
2024.12.02 14:04:24,BUY,0.4000,0.4000,1
2024.12.02 14:09:37,SELL,0.4000,0.2000,1
2024.12.02 14:14:37,SELL,0.4000,0.1000,1
2024.12.02 14:19:37,BUY,0.5000,0.2000,4
2024.12.02 14:24:57,BUY,0.5000,-0.3000,1
2024.12.02 14:37:07,BUY,0.7000,-0.5000,1
2024.12.02 14:44:44,SELL,0.4000,0.0000,1
2024.12.02 14:49:44,BUY,0.4000,-0.1000,3
2024.12.02 14:54:44,BUY,0.4000,0.2000,1
2024.12.02 15:00:50,SELL,0.4000,0.1000,1
2024.12.02 15:53:47,SELL,0.5000,0.0000,0
2024.12.02 15:58:47,BUY,0.4000,-0.1000,1
2024.12.02 16:03:48,SELL,0.4000,0.1000,0
2024.12.02 16:13:40,BUY,0.4000,0.1000,2
2024.12.02 16:19:54,BUY,0.6000,-0.2000,1
2024.12.02 16:24:54,BUY,0.5000,-0.1000,0
2024.12.02 16:33:16,BUY,0.8000,0.5000,1
2024.12.02 16:38:30,BUY,0.6000,0.0000,0
2024.12.02 16:43:55,BUY,0.4000,0.4000,0
2024.12.02 16:48:56,BUY,0.5000,-0.1000,1
2024.12.02 17:00:22,SELL,0.5000,0.1000,0
2024.12.02 17:06:59,SELL,0.5000,-0.1000,1
2024.12.02 17:12:46,BUY,0.4000,0.1000,1
2024.12.02 17:19:53,SELL,0.5000,0.4000,1
2024.12.02 17:27:45,BUY,0.5000,-0.7000,1
2024.12.02 17:32:45,SELL,0.7000,0.1000,1
2024.12.02 17:47:08,BUY,0.4000,0.3000,1
2024.12.02 17:54:16,BUY,0.4000,-0.5000,1
2024.12.02 17:59:16,SELL,0.4000,0.0000,0
2024.12.02 18:04:16,BUY,0.4000,0.1000,1
2024.12.02 18:10:49,SELL,0.4000,0.2000,0
2024.12.02 18:19:59,SELL,0.4000,-0.3000,1
2024.12.02 18:24:59,SELL,0.6000,-0.2000,0
2024.12.02 18:30:44,BUY,0.5000,0.1000,1
2024.12.02 19:12:09,SELL,0.5000,0.0000,0
2024.12.02 19:34:33,BUY,0.5000,0.0000,0
2024.12.02 20:14:41,SELL,0.4000,0.1000,1
2024.12.02 22:15:02,SELL,0.3000,-0.8000,0
2024.12.02 22:23:02,BUY,0.4000,-0.6000,0
2024.12.02 22:31:54,SELL,0.5000,0.0000,0
2024.12.02 22:37:15,BUY,0.5000,0.0000,1
2024.12.03 03:28:41,BUY,0.5000,0.0000,1
2024.12.03 03:47:43,BUY,0.5000,-0.1000,0
2024.12.03 04:18:54,BUY,0.5000,-0.1000,1
2024.12.03 08:14:00,BUY,0.5000,0.1000,1
2024.12.03 09:14:58,SELL,0.5000,-0.4000,0
2024.12.03 09:31:57,SELL,0.5000,-0.4000,0
2024.12.03 09:57:05,BUY,0.5000,0.4000,0
2024.12.03 10:02:05,SELL,0.5000,-0.4000,0
2024.12.03 10:18:40,SELL,0.5000,-0.1000,1
2024.12.03 10:30:56,SELL,0.4000,0.1000,0
2024.12.03 11:01:03,SELL,0.6000,0.2000,0
2024.12.03 11:14:26,SELL,0.5000,-0.6000,0
2024.12.03 11:23:40,BUY,0.5000,0.2000,0
2024.12.03 12:48:54,BUY,0.5000,1.1000,0
2024.12.03 12:58:37,BUY,0.6000,0.1000,0
2024.12.03 13:19:38,SELL,0.5000,0.3000,1
2024.12.03 14:19:08,BUY,0.5000,0.1000,1
2024.12.03 14:56:08,BUY,0.6000,0.1000,1
2024.12.03 16:07:25,SELL,0.5000,-0.1000,0
2024.12.03 16:29:23,SELL,0.4000,0.2000,1
2024.12.03 17:00:01,BUY,4.6000,-0.6000,0
2024.12.03 17:05:44,BUY,0.7000,-0.6000,0
2024.12.03 17:27:17,BUY,0.5000,-0.1000,0
2024.12.03 17:32:19,SELL,0.4000,-0.1000,1
2024.12.03 17:47:40,SELL,0.5000,-0.3000,1
2024.12.03 17:53:00,SELL,0.4000,0.1000,0
2024.12.03 18:04:27,BUY,0.5000,-0.1000,1
2024.12.03 18:09:29,BUY,0.5000,0.1000,1
2024.12.03 18:18:25,SELL,0.4000,-0.2000,1
2024.12.03 18:41:43,SELL,0.4000,-0.1000,2
2024.12.03 18:54:07,SELL,0.6000,-0.2000,0
2024.12.03 19:03:19,SELL,0.4000,0.2000,1
2024.12.03 19:43:09,BUY,0.4000,0.1000,0
2024.12.03 19:51:18,SELL,0.4000,-0.2000,0
2024.12.03 19:57:05,SELL,0.4000,0.1000,1
2024.12.03 20:03:49,SELL,0.5000,0.7000,1
2024.12.03 21:12:53,BUY,0.5000,0.0000,3
2024.12.03 22:09:40,SELL,0.4000,0.0000,0
2024.12.03 23:59:45,BUY,7.9000,-0.2000,0
2024.12.04 03:17:06,SELL,0.5000,0.2000,1
2024.12.04 03:38:55,SELL,0.5000,-0.1000,3
2024.12.04 06:07:54,SELL,0.5000,-0.1000,1
2024.12.04 08:49:44,SELL,0.4000,0.1000,2
2024.12.04 09:12:25,SELL,0.7000,0.2000,1
2024.12.04 09:24:15,BUY,0.5000,-0.5000,1
2024.12.04 10:14:25,BUY,0.4000,-0.3000,0
2024.12.04 10:23:54,BUY,0.4000,-0.1000,1
2024.12.04 10:33:01,BUY,0.5000,0.1000,0
2024.12.04 10:46:18,BUY,0.5000,-0.3000,1
2024.12.04 11:04:02,BUY,0.5000,0.0000,1
2024.12.04 11:43:32,SELL,0.5000,0.0000,1
2024.12.04 12:14:46,SELL,0.4000,-0.3000,2
2024.12.04 12:19:46,BUY,0.8000,-0.3000,0
2024.12.04 13:03:40,SELL,0.4000,0.0000,1
2024.12.04 13:47:49,BUY,0.4000,0.0000,3
2024.12.04 14:03:01,BUY,0.4000,0.1000,1
2024.12.04 14:54:54,BUY,0.5000,0.0000,1
2024.12.04 15:06:59,SELL,0.5000,0.1000,1
2024.12.04 15:15:04,SELL,0.4000,-0.2000,1
2024.12.04 15:21:06,BUY,0.5000,0.2000,1
2024.12.04 15:28:06,SELL,0.5000,0.1000,1
2024.12.04 15:36:11,SELL,0.4000,0.1000,1
2024.12.04 15:41:11,BUY,1.3000,-1.1000,0
2024.12.04 15:53:28,SELL,0.4000,-0.3000,1
2024.12.04 16:03:03,BUY,0.5000,0.3000,0
2024.12.04 16:09:13,BUY,0.5000,-0.1000,1
2024.12.04 16:14:23,SELL,0.4000,-0.1000,0
2024.12.04 16:22:25,SELL,0.5000,0.0000,1
2024.12.04 16:44:07,SELL,0.4000,0.3000,2
2024.12.04 16:52:20,SELL,0.4000,0.1000,1
2024.12.04 16:58:04,SELL,0.5000,-0.5000,1
2024.12.04 17:03:04,SELL,0.4000,-0.2000,0
2024.12.04 17:10:55,SELL,0.5000,0.0000,0
2024.12.04 17:16:38,SELL,0.3000,-0.6000,0
2024.12.04 17:24:41,SELL,0.4000,0.0000,0
2024.12.04 17:29:41,SELL,0.4000,0.1000,1
2024.12.04 17:34:41,BUY,0.4000,0.3000,1
2024.12.04 17:46:57,SELL,0.5000,0.1000,1
2024.12.04 17:52:31,SELL,0.5000,-0.1000,0
2024.12.04 17:59:01,BUY,0.5000,0.3000,0
2024.12.04 18:14:18,BUY,0.6000,0.0000,1
2024.12.04 18:20:48,SELL,0.4000,0.2000,1
2024.12.04 18:44:15,BUY,0.4000,0.1000,0
2024.12.04 19:39:55,BUY,0.7000,-0.5000,0
2024.12.04 20:43:22,BUY,0.4000,0.0000,1
2024.12.04 20:52:34,BUY,0.5000,-0.5000,1
2024.12.04 20:59:59,BUY,0.3000,1.3000,0
2024.12.04 21:05:25,SELL,0.5000,0.7000,0
2024.12.04 21:18:52,BUY,0.5000,0.1000,1
2024.12.04 21:24:27,BUY,0.5000,-0.2000,1
2024.12.04 21:30:24,SELL,0.4000,-0.2000,1
2024.12.04 21:36:45,BUY,0.5000,0.3000,1
2024.12.04 22:18:56,BUY,0.7000,-0.5000,0
2024.12.05 02:32:37,SELL,0.5000,0.3000,4
2024.12.05 09:07:43,SELL,0.5000,-0.4000,1
2024.12.05 09:54:55,SELL,0.4000,0.1000,0
2024.12.05 10:02:10,SELL,0.7000,0.1000,0
2024.12.05 10:23:40,SELL,0.5000,0.0000,1
2024.12.05 10:33:21,BUY,0.4000,0.1000,1
2024.12.05 10:54:04,BUY,0.4000,-0.1000,0
2024.12.05 11:12:19,BUY,0.5000,0.8000,1
2024.12.05 11:33:48,SELL,0.4000,0.1000,1
2024.12.05 11:48:18,BUY,0.5000,-0.1000,0
2024.12.05 12:37:07,BUY,0.4000,0.2000,1
2024.12.05 13:33:11,SELL,0.5000,-0.1000,1
2024.12.05 14:13:33,BUY,0.4000,0.0000,0
2024.12.05 14:34:22,SELL,0.4000,0.0000,2
2024.12.05 14:53:21,BUY,0.4000,0.1000,1
2024.12.05 14:58:24,SELL,0.5000,0.0000,0
2024.12.05 15:03:42,SELL,0.4000,-0.8000,0
2024.12.05 15:13:26,SELL,0.4000,0.0000,3
2024.12.05 15:30:03,SELL,0.9000,-1.4000,0
2024.12.05 15:38:01,SELL,0.5000,0.1000,1
2024.12.05 15:44:27,BUY,0.5000,-0.1000,1
2024.12.05 15:49:28,SELL,0.7000,-0.2000,0
2024.12.05 15:59:16,SELL,0.4000,-0.1000,1
2024.12.05 16:06:06,SELL,0.5000,-0.1000,0
2024.12.05 16:12:10,BUY,0.4000,0.2000,0
2024.12.05 16:19:20,BUY,0.6000,-0.1000,0
2024.12.05 16:26:01,SELL,0.4000,0.1000,1
2024.12.05 16:34:06,SELL,0.5000,0.3000,1
2024.12.05 16:40:53,SELL,0.6000,-0.3000,0
2024.12.05 16:49:33,BUY,0.5000,0.2000,1
2024.12.05 17:09:06,BUY,0.5000,0.0000,1
2024.12.05 17:14:06,BUY,0.6000,0.0000,0
2024.12.05 17:22:55,BUY,0.5000,0.1000,1
2024.12.05 17:44:33,BUY,0.5000,0.0000,0
2024.12.05 17:49:33,SELL,0.4000,0.1000,0
2024.12.05 17:54:43,SELL,0.5000,-0.2000,1
2024.12.05 18:09:31,SELL,0.5000,0.1000,2
2024.12.05 18:14:31,BUY,0.4000,0.1000,0
2024.12.05 19:13:28,BUY,0.5000,-0.4000,1
2024.12.05 19:53:37,SELL,0.5000,0.0000,0
2024.12.05 20:24:49,BUY,0.5000,0.1000,3
2024.12.05 21:00:25,SELL,0.6000,-0.3000,1
2024.12.05 21:36:57,SELL,0.5000,-0.2000,1
2024.12.05 23:59:58,BUY,8.5000,-0.7000,0
2024.12.06 07:09:33,BUY,0.5000,-0.2000,1
2024.12.06 09:02:05,BUY,0.6000,0.2000,1
2024.12.06 09:48:58,SELL,0.4000,0.1000,0
2024.12.06 09:58:35,SELL,0.5000,-0.1000,1
2024.12.06 10:08:58,SELL,0.5000,-0.1000,1
2024.12.06 10:14:22,BUY,0.5000,-0.1000,1
2024.12.06 11:24:13,SELL,0.4000,0.1000,0
2024.12.06 11:29:14,BUY,0.4000,-0.1000,2
2024.12.06 12:33:36,SELL,0.5000,0.1000,1
2024.12.06 13:48:31,SELL,0.5000,-0.1000,1
2024.12.06 15:27:49,SELL,0.5000,0.5000,1
2024.12.06 15:32:49,SELL,0.5000,0.4000,1
2024.12.06 15:38:44,SELL,0.4000,0.2000,1
2024.12.06 15:43:45,BUY,0.4000,-0.7000,1
2024.12.06 15:48:45,BUY,0.4000,0.0000,0
2024.12.06 15:53:45,SELL,0.7000,-0.5000,0
2024.12.06 15:58:45,BUY,0.4000,0.3000,0
2024.12.06 16:03:45,BUY,0.5000,-0.3000,1
2024.12.06 16:08:45,BUY,0.5000,0.8000,0
2024.12.06 16:15:23,BUY,0.5000,-0.1000,0
2024.12.06 16:20:28,BUY,0.5000,0.3000,1
2024.12.06 16:27:17,SELL,0.5000,0.0000,1
2024.12.06 16:32:17,SELL,0.4000,-0.1000,0
2024.12.06 16:37:17,BUY,0.5000,-0.2000,1
2024.12.06 16:42:19,BUY,0.4000,0.1000,0
2024.12.06 16:51:17,SELL,0.5000,0.3000,0
2024.12.06 17:00:17,BUY,0.4000,0.4000,0
2024.12.06 17:06:10,BUY,0.4000,0.1000,1
2024.12.06 17:12:26,BUY,0.6000,0.2000,0
2024.12.06 17:17:26,BUY,0.6000,0.1000,0
2024.12.06 17:24:19,SELL,0.4000,-0.2000,0
2024.12.06 17:29:19,SELL,0.7000,0.1000,1
2024.12.06 17:34:19,BUY,0.5000,0.0000,0
2024.12.06 17:39:20,BUY,0.5000,-0.2000,0
2024.12.06 17:46:44,SELL,0.3000,-0.2000,1
2024.12.06 17:55:39,SELL,0.4000,-0.1000,1
2024.12.06 18:02:07,BUY,0.4000,0.1000,1
2024.12.06 18:13:04,SELL,0.4000,0.1000,0
2024.12.06 18:21:16,SELL,0.4000,-0.1000,5
2024.12.06 18:47:43,BUY,0.5000,-0.4000,3
2024.12.06 19:03:36,BUY,0.5000,-0.4000,1
2024.12.06 19:09:48,SELL,0.4000,0.0000,0
2024.12.06 19:19:25,BUY,0.5000,-0.9000,1
2024.12.06 19:33:20,SELL,0.4000,0.1000,4
2024.12.06 19:42:03,BUY,0.5000,-0.2000,1
2024.12.06 20:07:55,SELL,0.4000,0.2000,1
2024.12.06 20:33:25,BUY,0.5000,-0.1000,2
2024.12.09 00:00:53,BUY,5.5000,2.0000,0
2024.12.09 00:08:53,SELL,2.4000,0.0000,7
2024.12.09 01:01:12,SELL,0.5000,0.4000,1
2024.12.09 02:03:27,BUY,0.5000,0.0000,2
2024.12.09 05:28:06,BUY,0.5000,-0.1000,3
2024.12.09 09:09:52,BUY,0.6000,-0.4000,1
2024.12.09 09:14:53,SELL,0.5000,-0.1000,2
2024.12.09 09:25:54,SELL,0.4000,0.2000,0
2024.12.09 09:42:20,BUY,0.5000,0.0000,1
2024.12.09 09:48:13,SELL,0.4000,0.1000,3
2024.12.09 09:55:17,SELL,0.4000,0.3000,1
2024.12.09 10:07:59,BUY,0.4000,0.4000,1
2024.12.09 10:24:53,SELL,0.5000,0.2000,0
2024.12.09 10:33:18,BUY,0.5000,-0.1000,2
2024.12.09 10:41:22,SELL,0.4000,0.0000,1
2024.12.09 10:54:39,SELL,0.6000,0.0000,1
2024.12.09 11:04:57,SELL,0.5000,0.1000,1
2024.12.09 11:41:51,BUY,0.4000,0.0000,2
2024.12.09 12:08:56,SELL,0.5000,0.1000,2
2024.12.09 12:18:03,SELL,0.4000,0.0000,1
2024.12.09 13:56:00,BUY,0.5000,0.0000,2
2024.12.09 14:18:47,BUY,0.6000,0.1000,1
2024.12.09 14:56:49,SELL,0.6000,-0.2000,1
2024.12.09 15:01:52,BUY,0.4000,-0.2000,1
2024.12.09 15:22:33,BUY,0.5000,-0.1000,1
2024.12.09 15:27:33,SELL,0.4000,0.1000,2
2024.12.09 15:34:39,SELL,0.4000,0.1000,1
2024.12.09 16:02:38,SELL,0.5000,0.1000,1
2024.12.09 16:07:38,BUY,0.5000,0.1000,1
2024.12.09 16:33:11,BUY,0.5000,-0.1000,1
2024.12.09 16:52:00,SELL,0.4000,0.0000,1
2024.12.09 17:34:40,SELL,0.5000,0.7000,1
2024.12.09 17:41:14,SELL,0.5000,0.1000,1
2024.12.09 17:48:03,BUY,0.5000,0.0000,1
2024.12.09 17:56:40,SELL,0.4000,0.3000,1
2024.12.09 18:54:20,BUY,0.5000,-0.2000,0
2024.12.09 21:53:33,BUY,0.5000,0.0000,2
2024.12.10 04:04:47,SELL,0.5000,0.0000,3
2024.12.10 09:56:39,BUY,0.4000,0.1000,0
2024.12.10 10:13:21,BUY,0.5000,-0.1000,3
2024.12.10 10:49:02,BUY,0.4000,0.0000,1
2024.12.10 11:03:45,BUY,0.5000,0.0000,2
2024.12.10 11:19:47,SELL,0.4000,0.0000,1
2024.12.10 11:24:47,BUY,0.5000,-0.3000,0
2024.12.10 11:29:50,BUY,0.4000,0.1000,0
2024.12.10 11:39:14,SELL,0.4000,0.1000,1
2024.12.10 11:44:14,BUY,0.4000,0.2000,0
2024.12.10 11:49:32,BUY,0.5000,-0.1000,1
2024.12.10 11:54:32,SELL,0.4000,0.2000,0
2024.12.10 12:44:13,BUY,0.5000,0.4000,2
2024.12.10 14:37:48,SELL,0.4000,0.0000,1
2024.12.10 15:17:47,BUY,0.6000,0.1000,1
2024.12.10 15:34:45,SELL,0.5000,0.0000,0
2024.12.10 15:53:09,SELL,0.4000,0.1000,1
2024.12.10 16:04:11,SELL,0.6000,-0.2000,1
2024.12.10 16:36:38,BUY,0.6000,-0.1000,2
2024.12.10 17:00:25,SELL,0.4000,0.1000,1
2024.12.10 17:46:44,SELL,0.5000,0.3000,1
2024.12.10 17:51:44,BUY,0.5000,-0.1000,0
2024.12.10 18:12:12,SELL,0.6000,0.2000,1
2024.12.10 18:21:57,SELL,0.4000,-0.1000,1
2024.12.10 18:39:39,BUY,0.5000,-0.1000,0
2024.12.10 18:44:39,SELL,0.5000,0.2000,0
2024.12.10 20:14:48,SELL,0.4000,0.1000,1
2024.12.11 09:09:00,BUY,0.5000,0.0000,1
2024.12.11 09:23:34,BUY,0.5000,-0.2000,1
2024.12.11 09:35:35,BUY,0.7000,0.0000,0
2024.12.11 09:43:02,BUY,0.7000,-0.8000,1
2024.12.11 09:48:35,SELL,0.5000,0.0000,0
2024.12.11 10:02:05,SELL,0.5000,0.1000,0
2024.12.11 10:24:38,SELL,0.7000,-0.3000,0
2024.12.11 10:32:10,SELL,0.4000,0.0000,3
2024.12.11 11:11:43,SELL,0.5000,-0.1000,0
2024.12.11 11:23:35,BUY,0.5000,-0.1000,1
2024.12.11 12:07:17,BUY,0.9000,0.5000,0
2024.12.11 12:14:15,SELL,0.4000,0.4000,0
2024.12.11 13:18:19,SELL,0.4000,-0.1000,1
2024.12.11 14:15:55,SELL,0.5000,-0.2000,0
2024.12.11 14:26:34,BUY,0.6000,0.9000,1
2024.12.11 14:49:23,BUY,0.6000,-0.1000,0
2024.12.11 14:57:41,SELL,0.4000,-0.1000,4
2024.12.11 15:27:54,SELL,0.4000,0.0000,1
2024.12.11 15:32:54,BUY,0.9000,-0.3000,0
2024.12.11 15:37:54,SELL,0.5000,-0.4000,0
2024.12.11 15:42:54,SELL,0.5000,0.0000,1
2024.12.11 15:49:19,BUY,0.4000,0.0000,1
2024.12.11 15:54:19,BUY,0.4000,0.4000,1
2024.12.11 16:12:55,BUY,0.8000,-0.3000,0
2024.12.11 16:19:25,BUY,0.7000,-0.3000,1
2024.12.11 16:27:38,BUY,0.4000,0.0000,1
2024.12.11 16:32:38,BUY,0.4000,-0.1000,2
2024.12.11 16:37:38,BUY,0.4000,0.4000,0
2024.12.11 16:48:55,BUY,0.6000,-0.1000,0
2024.12.11 17:01:47,BUY,0.4000,0.1000,0
2024.12.11 17:12:25,SELL,0.5000,-0.2000,1
2024.12.11 17:24:30,BUY,0.4000,0.1000,1
2024.12.11 17:33:06,BUY,0.4000,0.1000,0
2024.12.11 17:38:11,SELL,0.4000,-0.1000,1
2024.12.11 17:48:51,BUY,0.5000,0.1000,1
2024.12.11 17:55:25,SELL,0.4000,-0.2000,0
2024.12.11 18:18:10,BUY,0.5000,-0.1000,2
2024.12.11 18:23:47,BUY,0.4000,0.1000,1
2024.12.11 18:36:21,SELL,0.4000,0.2000,0
2024.12.11 18:43:04,SELL,0.5000,0.0000,1
2024.12.11 19:18:11,BUY,0.5000,-0.1000,0
2024.12.11 20:02:01,SELL,0.5000,-0.4000,0
2024.12.11 20:41:24,BUY,0.6000,-0.2000,0
2024.12.11 20:48:38,BUY,0.5000,0.4000,1
2024.12.12 00:11:22,BUY,4.9000,-1.0000,1
2024.12.12 09:08:45,SELL,0.4000,-0.3000,0
2024.12.12 09:17:19,SELL,0.5000,-0.6000,1
2024.12.12 09:58:16,BUY,0.5000,-0.1000,3
2024.12.12 10:04:22,BUY,0.4000,0.0000,0
2024.12.12 10:29:59,BUY,0.5000,0.0000,0
2024.12.12 10:41:31,BUY,0.6000,0.0000,1
2024.12.12 10:52:48,SELL,0.5000,-0.1000,1
2024.12.12 11:39:46,SELL,0.5000,0.1000,1
2024.12.12 14:16:57,BUY,0.4000,0.2000,1
2024.12.12 14:55:46,BUY,0.8000,-0.1000,1
2024.12.12 15:14:11,BUY,0.7000,-0.1000,1
2024.12.12 15:20:32,BUY,0.5000,-0.8000,0
2024.12.12 15:30:04,SELL,0.8000,-1.3000,0
2024.12.12 15:37:44,SELL,0.4000,0.0000,1
2024.12.12 15:43:15,SELL,0.5000,0.4000,1
2024.12.12 15:53:29,BUY,0.4000,-0.4000,1
2024.12.12 15:58:29,BUY,0.4000,0.0000,1
2024.12.12 16:03:29,SELL,0.4000,-1.0000,0
2024.12.12 16:11:08,BUY,0.5000,0.2000,1
2024.12.12 16:18:46,SELL,0.4000,0.5000,0
2024.12.12 16:24:08,SELL,0.6000,0.1000,1
2024.12.12 16:29:08,BUY,0.4000,0.8000,0
2024.12.12 16:35:49,SELL,0.5000,0.1000,0
2024.12.12 16:40:59,SELL,0.4000,0.1000,0
2024.12.12 16:45:59,SELL,0.4000,-0.2000,0
2024.12.12 16:52:25,SELL,0.5000,0.1000,0
2024.12.12 17:02:39,BUY,0.5000,-0.4000,1
2024.12.12 17:09:07,BUY,0.4000,-0.2000,1
2024.12.12 17:16:09,BUY,0.5000,0.1000,0
2024.12.12 17:21:58,BUY,0.4000,-0.2000,1
2024.12.12 17:29:42,BUY,0.4000,-0.1000,0
2024.12.12 17:34:42,BUY,0.5000,0.3000,0
2024.12.12 17:39:42,BUY,0.5000,0.6000,0
2024.12.12 17:46:26,SELL,0.4000,0.1000,1
2024.12.12 17:55:47,SELL,0.4000,0.3000,0
2024.12.12 18:02:39,SELL,0.5000,-0.5000,1
2024.12.12 18:07:39,SELL,0.5000,0.1000,1
2024.12.12 18:16:14,SELL,0.5000,-0.4000,1
2024.12.12 18:23:44,BUY,0.5000,0.2000,1
2024.12.12 18:29:10,SELL,0.6000,-0.2000,1
2024.12.12 18:38:31,SELL,0.4000,0.2000,0
2024.12.12 19:18:59,BUY,0.4000,0.0000,1
2024.12.12 19:23:59,BUY,0.5000,-0.1000,0
2024.12.12 19:39:55,BUY,0.5000,0.1000,0
2024.12.12 19:47:02,SELL,0.5000,0.0000,1
2024.12.12 20:04:26,BUY,0.5000,0.1000,2
2024.12.12 20:34:39,BUY,0.4000,0.3000,0
2024.12.12 21:28:51,BUY,0.5000,0.0000,1
2024.12.12 23:08:46,SELL,0.5000,0.1000,3
2024.12.13 02:53:28,SELL,0.4000,0.1000,1
2024.12.13 03:26:34,BUY,0.6000,-0.1000,0
2024.12.13 09:00:47,BUY,0.4000,0.1000,0
2024.12.13 09:06:03,BUY,0.5000,0.2000,0
2024.12.13 10:04:09,SELL,0.5000,-0.1000,2
2024.12.13 10:12:30,SELL,0.4000,0.6000,1
2024.12.13 10:23:31,BUY,0.4000,-0.3000,1
2024.12.13 11:56:24,SELL,0.7000,-0.6000,1
2024.12.13 12:12:53,SELL,0.5000,0.1000,1
2024.12.13 12:38:50,BUY,0.4000,-0.3000,0
2024.12.13 12:54:45,BUY,0.5000,0.1000,1
2024.12.13 13:01:58,SELL,0.5000,-0.5000,0
2024.12.13 14:33:43,SELL,0.5000,-0.1000,1
2024.12.13 14:40:15,SELL,0.5000,0.3000,1
2024.12.13 14:48:42,BUY,0.4000,0.1000,1
2024.12.13 15:11:40,SELL,0.4000,0.3000,0
2024.12.13 15:21:33,BUY,0.5000,-0.5000,0
2024.12.13 15:34:58,BUY,0.4000,0.2000,1
2024.12.13 15:44:12,SELL,0.4000,0.1000,1
2024.12.13 15:59:39,BUY,0.4000,-1.1000,1
2024.12.13 16:04:39,BUY,0.4000,0.1000,1
2024.12.13 16:34:48,BUY,0.5000,-0.5000,1
2024.12.13 17:00:49,BUY,0.5000,-0.1000,1
2024.12.13 17:17:32,SELL,0.6000,0.0000,1
2024.12.13 17:23:45,BUY,0.6000,-0.1000,1
2024.12.13 17:49:22,BUY,0.5000,0.2000,2
2024.12.13 17:55:15,SELL,0.4000,0.0000,1
2024.12.13 18:12:04,SELL,0.4000,0.1000,0
2024.12.13 18:57:29,BUY,0.5000,0.0000,1
2024.12.13 19:42:35,SELL,0.4000,0.1000,1
2024.12.13 20:09:30,BUY,0.5000,0.0000,4
2024.12.16 00:00:54,BUY,11.5000,0.4000,6
2024.12.16 00:33:49,SELL,4.6000,0.2000,2
2024.12.16 00:40:55,SELL,3.6000,0.2000,3
2024.12.16 01:00:10,SELL,4.6000,-0.2000,1
2024.12.16 02:37:37,SELL,0.6000,-0.4000,0
2024.12.16 03:11:40,SELL,0.4000,0.1000,1
2024.12.16 09:18:33,SELL,0.5000,0.0000,1
2024.12.16 09:53:32,BUY,0.4000,0.1000,1
2024.12.16 10:04:25,SELL,0.4000,0.1000,0
2024.12.16 10:13:32,BUY,0.6000,-0.1000,1
2024.12.16 10:22:59,SELL,0.5000,-0.1000,1
2024.12.16 10:30:00,SELL,3.8000,-3.1000,0
2024.12.16 10:43:22,BUY,0.5000,0.0000,1
2024.12.16 11:00:11,SELL,0.5000,1.4000,0
2024.12.16 11:09:35,SELL,0.6000,-0.1000,1
2024.12.16 11:37:47,BUY,0.5000,0.1000,1
2024.12.16 11:54:46,BUY,0.4000,0.2000,3
2024.12.16 12:13:06,BUY,0.6000,0.0000,2
2024.12.16 14:59:06,BUY,0.5000,-0.2000,0
2024.12.16 15:04:07,SELL,0.4000,0.0000,4
2024.12.16 15:24:35,SELL,0.5000,-0.1000,1
2024.12.16 15:53:45,SELL,0.4000,0.0000,2
2024.12.16 15:59:31,SELL,0.4000,-0.1000,0
2024.12.16 16:14:45,BUY,0.4000,-0.2000,2
2024.12.16 16:22:26,BUY,0.5000,-0.1000,1
2024.12.16 16:45:00,BUY,1.0000,-1.2000,0
2024.12.16 17:07:42,SELL,0.5000,0.1000,1
2024.12.16 17:17:46,BUY,0.5000,-0.2000,1
2024.12.16 17:22:46,SELL,0.4000,0.0000,2
2024.12.16 17:27:59,SELL,0.4000,0.1000,0
2024.12.16 17:42:44,SELL,0.5000,-0.3000,0
2024.12.16 17:51:23,BUY,0.4000,0.1000,1
2024.12.16 18:04:02,SELL,0.4000,0.2000,1
2024.12.16 18:26:14,BUY,0.4000,-0.1000,0
2024.12.16 18:31:22,SELL,0.5000,0.2000,0
2024.12.16 18:38:20,BUY,0.5000,0.0000,2
2024.12.16 18:44:58,SELL,0.5000,0.0000,1
2024.12.16 18:52:53,SELL,0.5000,-0.3000,1
2024.12.16 19:17:44,SELL,0.5000,0.0000,0
2024.12.16 19:23:06,BUY,0.4000,0.4000,0
2024.12.16 20:57:25,SELL,0.5000,0.1000,2
2024.12.16 23:59:31,BUY,8.8000,-0.2000,0
2024.12.17 02:53:45,SELL,0.4000,0.1000,1
2024.12.17 11:01:20,BUY,0.4000,0.2000,1
2024.12.17 12:08:32,BUY,0.4000,0.4000,0
2024.12.17 13:09:06,BUY,0.6000,-0.2000,0
2024.12.17 15:30:02,SELL,0.4000,-0.3000,1
2024.12.17 15:36:37,BUY,0.5000,-0.3000,1
2024.12.17 15:49:52,SELL,0.4000,-0.2000,0
2024.12.17 16:51:35,BUY,0.4000,-0.1000,1
2024.12.17 16:59:32,SELL,0.4000,-0.1000,1
2024.12.17 17:08:29,SELL,0.4000,0.4000,1
2024.12.17 17:22:35,BUY,0.5000,-0.1000,2
2024.12.17 18:23:41,BUY,0.4000,0.3000,1
2024.12.17 19:07:10,SELL,0.5000,-0.1000,1
2024.12.17 19:12:10,BUY,0.5000,-0.1000,2
2024.12.17 19:29:09,SELL,0.5000,-0.4000,1
2024.12.17 19:52:22,BUY,0.6000,-0.6000,1
2024.12.17 20:49:54,BUY,0.4000,-0.2000,1
2024.12.17 20:54:55,BUY,0.5000,0.2000,1
2024.12.18 09:54:00,BUY,0.6000,-0.2000,0
2024.12.18 12:09:13,BUY,0.4000,-0.2000,1
2024.12.18 12:39:00,SELL,0.5000,0.0000,1
2024.12.18 12:44:00,SELL,0.5000,-0.1000,1
2024.12.18 13:09:41,SELL,0.4000,-0.1000,0
2024.12.18 14:34:54,SELL,0.4000,0.2000,1
2024.12.18 14:56:43,BUY,0.4000,-0.1000,0
2024.12.18 15:19:08,BUY,0.5000,-0.2000,1
2024.12.18 15:39:01,SELL,0.4000,-0.1000,1
2024.12.18 16:47:49,SELL,0.4000,0.1000,1
2024.12.18 16:52:49,SELL,0.4000,-0.5000,3
2024.12.18 16:57:49,BUY,0.5000,-0.2000,1
2024.12.18 17:27:14,BUY,0.4000,0.3000,2
2024.12.18 17:46:08,BUY,0.5000,-0.1000,1
2024.12.18 18:19:37,SELL,0.4000,0.0000,0
2024.12.18 18:26:54,BUY,0.5000,-0.1000,1
2024.12.18 18:38:44,BUY,0.5000,-0.5000,0
2024.12.18 20:34:17,SELL,0.4000,-0.1000,0
2024.12.18 21:00:01,BUY,0.7000,1.3000,0
2024.12.18 21:05:30,BUY,0.7000,-1.3000,0
2024.12.18 21:12:10,SELL,0.5000,0.3000,1
2024.12.18 21:18:08,SELL,0.5000,-0.1000,1
2024.12.18 21:24:06,BUY,0.4000,0.2000,1
2024.12.18 21:29:35,BUY,0.4000,0.1000,1
2024.12.18 21:34:35,SELL,0.4000,-0.5000,1
2024.12.18 21:39:35,BUY,0.5000,-0.1000,1
2024.12.18 21:44:35,BUY,0.5000,0.0000,1
2024.12.18 21:49:35,BUY,0.5000,0.2000,1
2024.12.18 21:54:35,SELL,0.5000,-0.4000,0
2024.12.18 21:59:35,BUY,0.5000,-0.1000,1
2024.12.18 22:04:56,BUY,0.5000,0.1000,1
2024.12.18 22:10:11,SELL,0.4000,0.1000,0
2024.12.18 22:15:41,BUY,0.4000,0.0000,1
2024.12.18 22:20:41,SELL,0.4000,0.1000,0
2024.12.18 22:26:51,BUY,0.5000,-0.3000,0
2024.12.18 22:42:43,SELL,0.5000,-0.1000,1
2024.12.18 22:47:50,SELL,0.4000,-0.1000,1
2024.12.18 22:53:52,BUY,0.5000,0.4000,0
2024.12.18 23:00:31,SELL,0.5000,0.1000,1
2024.12.18 23:06:04,SELL,0.4000,-0.1000,1
2024.12.18 23:19:48,BUY,0.5000,-0.2000,2
2024.12.18 23:39:08,BUY,0.5000,0.5000,2
2024.12.18 23:47:07,BUY,0.5000,0.2000,0
2024.12.18 23:53:45,BUY,0.4000,0.2000,1
2024.12.19 00:01:08,BUY,12.9000,-1.7000,0
2024.12.19 01:02:13,SELL,0.7000,-0.2000,2
2024.12.19 01:47:48,BUY,0.5000,0.1000,0
2024.12.19 02:03:27,SELL,0.4000,0.1000,2
2024.12.19 03:18:46,SELL,0.4000,0.1000,1
2024.12.19 04:53:14,SELL,0.5000,0.2000,1
2024.12.19 04:58:14,SELL,0.5000,-0.1000,1
2024.12.19 05:03:14,BUY,0.4000,0.1000,2
2024.12.19 05:08:25,BUY,0.4000,0.2000,1
2024.12.19 09:02:10,SELL,0.5000,-0.2000,0
2024.12.19 09:10:46,SELL,0.4000,-0.3000,1
2024.12.19 09:17:07,BUY,0.4000,0.0000,0
2024.12.19 09:33:20,BUY,0.5000,0.5000,1
2024.12.19 10:06:14,SELL,0.4000,-0.3000,1
2024.12.19 10:17:19,BUY,0.4000,0.2000,3
2024.12.19 10:23:40,SELL,0.5000,-0.1000,0
2024.12.19 10:42:29,SELL,0.4000,0.1000,1
2024.12.19 10:48:43,BUY,0.4000,-0.3000,1
2024.12.19 10:53:43,SELL,0.5000,-0.1000,1
2024.12.19 11:01:10,SELL,0.4000,0.7000,1
2024.12.19 11:37:39,BUY,0.4000,-0.1000,0
2024.12.19 11:42:48,SELL,0.4000,-0.3000,2
2024.12.19 12:02:24,BUY,0.4000,-0.1000,1
2024.12.19 12:16:31,SELL,0.4000,0.1000,1
2024.12.19 13:19:47,SELL,0.4000,0.1000,2
2024.12.19 14:07:45,SELL,0.4000,0.1000,1
2024.12.19 14:14:02,BUY,0.4000,0.1000,0
2024.12.19 14:24:01,BUY,0.5000,1.0000,0
2024.12.19 14:34:35,SELL,0.4000,-0.1000,3
2024.12.19 14:44:51,BUY,0.4000,0.2000,1
2024.12.19 14:52:33,SELL,0.4000,0.3000,0
2024.12.19 14:57:51,BUY,0.4000,-0.4000,1
2024.12.19 15:04:55,BUY,0.4000,0.1000,1
2024.12.19 15:09:55,SELL,0.5000,-0.1000,3
2024.12.19 15:14:55,SELL,0.5000,0.1000,2
2024.12.19 15:19:56,SELL,0.4000,0.3000,1
2024.12.19 15:30:05,BUY,4.6000,-0.9000,1
2024.12.19 15:36:45,SELL,0.5000,0.1000,0
2024.12.19 15:54:09,BUY,0.4000,-0.1000,1
2024.12.19 16:02:42,SELL,0.4000,-0.2000,0
2024.12.19 16:12:37,BUY,0.5000,-0.6000,2
2024.12.19 16:19:02,BUY,0.4000,-0.7000,1
2024.12.19 16:36:50,SELL,0.4000,0.2000,1
2024.12.19 16:43:02,BUY,0.4000,0.1000,0
2024.12.19 17:04:54,BUY,0.4000,0.1000,1
2024.12.19 17:09:55,SELL,0.4000,-0.1000,0
2024.12.19 17:14:57,BUY,0.4000,0.2000,1
2024.12.19 17:20:56,BUY,0.4000,0.3000,1
2024.12.19 17:34:36,BUY,0.4000,-0.2000,1
2024.12.19 17:47:18,BUY,0.4000,0.2000,0
2024.12.19 17:55:31,BUY,0.4000,-0.1000,1
2024.12.19 18:12:08,BUY,0.4000,0.1000,0
2024.12.19 18:17:08,SELL,0.4000,0.1000,0
2024.12.19 18:23:53,SELL,0.4000,0.1000,1
2024.12.19 18:35:42,BUY,0.4000,0.0000,1
2024.12.19 18:47:45,BUY,0.5000,-0.8000,1
2024.12.19 18:57:28,BUY,0.4000,0.1000,1
2024.12.19 19:04:16,SELL,0.4000,0.1000,1
2024.12.19 19:09:26,SELL,0.4000,-0.3000,0
2024.12.19 19:18:51,SELL,0.5000,-0.1000,1
2024.12.19 19:24:43,SELL,0.4000,-0.3000,3
2024.12.19 19:31:50,BUY,0.5000,-0.2000,0
2024.12.19 19:57:48,BUY,0.5000,0.2000,1
2024.12.19 20:04:42,BUY,0.4000,0.4000,0
2024.12.19 20:11:53,SELL,0.6000,0.0000,1
2024.12.20 08:09:11,BUY,0.4000,0.3000,1
2024.12.20 08:14:11,BUY,0.4000,0.4000,1
2024.12.20 08:27:45,SELL,0.4000,0.1000,4
2024.12.20 08:37:38,SELL,0.4000,-0.1000,1
2024.12.20 09:26:30,SELL,0.4000,0.3000,1
2024.12.20 09:34:02,BUY,0.5000,0.1000,0
2024.12.20 09:39:16,SELL,0.4000,0.5000,0
2024.12.20 09:46:16,SELL,0.4000,0.0000,0
2024.12.20 10:10:41,SELL,0.6000,-0.1000,1
2024.12.20 10:22:14,SELL,0.4000,0.1000,1
2024.12.20 10:57:48,BUY,0.5000,0.0000,1
2024.12.20 11:04:03,BUY,0.5000,-0.3000,1
2024.12.20 11:24:57,BUY,0.5000,-0.3000,1
2024.12.20 11:54:25,SELL,0.5000,0.0000,1
2024.12.20 13:09:53,BUY,0.6000,-0.4000,1
2024.12.20 13:18:49,BUY,0.4000,0.1000,1
2024.12.20 14:37:20,BUY,0.5000,-0.1000,0
2024.12.20 14:57:44,BUY,0.5000,0.0000,1
2024.12.20 15:30:07,SELL,0.7000,1.7000,0
2024.12.20 15:35:50,SELL,0.5000,0.2000,1
2024.12.20 15:44:00,SELL,0.5000,0.5000,1
2024.12.20 15:49:16,BUY,0.4000,0.3000,1
2024.12.20 16:04:26,BUY,0.4000,0.1000,0
2024.12.20 16:12:38,BUY,0.4000,0.0000,2
2024.12.20 16:33:37,SELL,0.4000,0.1000,0
2024.12.20 16:57:02,SELL,0.4000,0.1000,1
2024.12.20 17:02:02,SELL,0.5000,-0.2000,0
2024.12.20 17:13:36,BUY,0.4000,0.0000,1
2024.12.20 17:24:58,BUY,0.5000,0.3000,1
2024.12.20 17:32:31,SELL,0.4000,-0.4000,1
2024.12.20 17:42:24,SELL,0.5000,-0.1000,0
2024.12.20 17:49:55,BUY,0.5000,0.1000,1
2024.12.20 17:54:55,BUY,0.4000,0.1000,3
2024.12.20 17:59:55,SELL,0.4000,0.3000,0
2024.12.20 18:08:11,SELL,0.5000,-0.1000,1
2024.12.20 18:17:38,SELL,0.5000,0.0000,1
2024.12.20 18:22:38,SELL,0.5000,0.2000,1
2024.12.20 18:33:52,SELL,0.4000,0.4000,1
2024.12.20 18:38:53,SELL,0.5000,0.0000,1
2024.12.20 18:48:47,SELL,0.5000,0.1000,1
2024.12.20 19:08:09,SELL,0.5000,0.3000,1
2024.12.20 19:13:16,SELL,0.4000,0.1000,0
2024.12.20 19:18:17,SELL,0.4000,-0.2000,0
2024.12.20 19:33:14,BUY,0.5000,0.1000,0
2024.12.20 19:47:04,BUY,0.5000,-0.3000,0
2024.12.20 20:14:31,SELL,0.5000,-0.1000,0
2024.12.20 20:37:09,SELL,0.4000,0.1000,1
2024.12.20 20:43:43,SELL,0.4000,-0.3000,1
2024.12.23 00:23:36,SELL,3.8000,0.0000,1
2024.12.23 00:32:28,SELL,2.5000,-0.2000,0
2024.12.23 00:38:35,BUY,4.6000,0.1000,1
2024.12.23 01:00:20,SELL,2.6000,0.0000,1
2024.12.23 03:49:47,SELL,0.4000,-0.1000,3
2024.12.23 09:42:35,BUY,0.4000,0.0000,2
2024.12.23 09:49:03,BUY,0.4000,-0.1000,1
2024.12.23 09:54:03,BUY,0.3000,0.4000,0
2024.12.23 10:24:25,BUY,0.5000,0.0000,1
2024.12.23 10:59:24,SELL,0.4000,0.0000,1
2024.12.23 12:56:26,BUY,0.5000,0.1000,1
2024.12.23 13:33:28,BUY,0.5000,-0.2000,1
2024.12.23 14:04:44,BUY,0.4000,0.1000,5
2024.12.23 14:19:46,BUY,0.4000,-0.1000,1
2024.12.23 14:24:47,SELL,0.5000,0.9000,1
2024.12.23 14:56:29,BUY,0.6000,-0.2000,0
2024.12.23 15:29:19,SELL,0.5000,-0.2000,1
2024.12.23 15:49:11,SELL,0.4000,0.1000,0
2024.12.23 16:58:29,BUY,0.4000,-0.1000,0
2024.12.23 17:03:42,BUY,0.4000,0.1000,1
2024.12.23 17:12:57,SELL,0.4000,0.2000,0
2024.12.23 18:03:28,SELL,0.4000,0.2000,0
2024.12.23 18:08:28,BUY,0.5000,-0.5000,0
2024.12.23 18:13:28,SELL,0.5000,0.0000,1
2024.12.23 18:33:37,SELL,0.5000,-0.1000,1
2024.12.23 18:43:47,SELL,0.4000,-0.1000,2
2024.12.23 18:56:41,SELL,0.4000,0.1000,3
2024.12.23 19:26:46,BUY,0.4000,0.1000,1
2024.12.23 19:48:23,BUY,0.5000,0.0000,2
2024.12.23 20:07:43,SELL,0.5000,-0.1000,0
2024.12.23 20:43:41,BUY,0.4000,0.0000,1
2024.12.23 21:33:57,SELL,0.4000,0.0000,4
2024.12.24 00:01:28,SELL,3.9000,0.0000,7
2024.12.24 04:34:30,BUY,0.4000,-0.1000,2
2024.12.24 05:47:59,BUY,0.4000,-0.4000,1
2024.12.24 10:54:31,BUY,0.4000,0.1000,1
2024.12.24 14:55:15,BUY,0.5000,0.1000,0
2024.12.24 15:12:36,SELL,0.4000,-0.1000,1
2024.12.24 15:44:14,BUY,0.5000,-0.2000,4
2024.12.24 15:49:14,SELL,0.4000,0.1000,1
2024.12.24 16:04:38,BUY,0.4000,0.2000,1
2024.12.24 17:54:44,BUY,0.4000,-0.1000,9
2024.12.24 18:47:53,BUY,0.5000,-0.2000,1
2024.12.24 21:15:41,SELL,4.1000,-0.1000,2
2024.12.24 22:24:18,BUY,8.2000,0.6000,0
2024.12.24 22:49:16,SELL,4.6000,-0.7000,21
2024.12.24 23:14:19,SELL,0.9000,4.4000,3
2024.12.24 23:21:59,SELL,3.3000,0.0000,0
2024.12.24 23:27:43,BUY,14.4000,0.0000,2
2024.12.24 23:32:43,BUY,1.5000,3.9000,31
2024.12.24 23:37:48,SELL,1.5000,6.2000,32
2024.12.24 23:45:09,BUY,12.2000,0.4000,1
2024.12.24 23:50:21,BUY,12.6000,-1.1000,0
2024.12.24 23:56:37,BUY,12.7000,-0.9000,0
2024.12.26 00:00:38,SELL,8.3000,3.8000,22
2024.12.26 00:34:52,BUY,5.2000,0.0000,2
2024.12.26 09:19:13,BUY,0.5000,-0.2000,1
2024.12.26 15:34:20,SELL,0.4000,0.1000,1
2024.12.26 16:57:00,SELL,0.4000,-0.1000,1
2024.12.26 17:54:31,BUY,0.5000,0.0000,2
2024.12.26 19:23:50,BUY,0.5000,-0.2000,0
2024.12.26 20:02:13,SELL,0.4000,-0.4000,1
2024.12.26 23:59:58,BUY,12.2000,0.1000,0
2024.12.27 09:53:58,SELL,0.4000,0.2000,1
2024.12.27 09:58:59,SELL,0.4000,0.2000,1
2024.12.27 10:06:52,SELL,0.4000,0.2000,1
2024.12.27 10:29:33,BUY,0.5000,-0.1000,1
2024.12.27 13:16:49,SELL,0.4000,0.1000,2
2024.12.27 13:56:30,SELL,0.4000,-0.1000,1
2024.12.27 14:03:19,SELL,0.4000,0.1000,1
2024.12.27 14:28:30,BUY,0.5000,-0.1000,1
2024.12.27 15:01:57,SELL,0.5000,-0.3000,1
2024.12.27 16:48:01,SELL,0.4000,0.0000,1
2024.12.27 16:56:58,BUY,0.4000,-0.2000,1
2024.12.27 17:01:58,BUY,0.4000,0.1000,0
2024.12.27 17:44:52,SELL,0.5000,-0.6000,1
2024.12.27 17:51:32,BUY,0.4000,-0.1000,1
2024.12.27 17:57:37,BUY,0.4000,-0.3000,1
2024.12.27 18:54:35,BUY,0.5000,-0.3000,1
2024.12.30 00:04:17,SELL,7.5000,-1.6000,0
2024.12.30 01:08:31,SELL,0.6000,1.3000,0
2024.12.30 10:14:15,BUY,0.5000,-0.4000,0
2024.12.30 10:54:53,BUY,0.4000,0.2000,0
2024.12.30 11:52:02,SELL,0.4000,-0.5000,1
2024.12.30 13:20:52,SELL,0.5000,-0.3000,0
2024.12.30 14:07:04,SELL,0.4000,-0.2000,0
2024.12.30 14:14:04,SELL,0.5000,-0.1000,1
2024.12.30 14:19:57,BUY,0.4000,0.1000,0
2024.12.30 14:41:36,SELL,0.4000,0.0000,1
2024.12.30 15:09:48,BUY,0.4000,0.2000,0
2024.12.30 15:23:31,SELL,0.5000,-0.1000,1
2024.12.30 15:47:48,BUY,0.4000,0.2000,0
2024.12.30 15:53:10,BUY,0.5000,-0.6000,1
2024.12.30 15:58:10,BUY,0.4000,-0.2000,0
2024.12.30 16:04:58,SELL,0.5000,-0.2000,1
2024.12.30 16:11:31,SELL,0.4000,0.3000,5
2024.12.30 16:20:25,SELL,0.4000,-0.5000,1
2024.12.30 16:30:14,BUY,0.4000,-0.1000,1
2024.12.30 16:37:52,BUY,0.5000,0.0000,1
2024.12.30 16:47:23,SELL,0.5000,-0.4000,1
2024.12.30 16:53:12,SELL,0.4000,0.1000,1
2024.12.30 17:01:47,BUY,0.4000,0.0000,1
2024.12.30 17:07:28,BUY,0.5000,0.0000,1
2024.12.30 17:13:24,BUY,0.5000,0.3000,0
2024.12.30 17:23:37,SELL,0.4000,0.1000,1
2024.12.30 17:43:45,BUY,0.4000,0.1000,2
2024.12.30 17:49:07,BUY,0.4000,-0.2000,0
2024.12.30 17:58:10,SELL,0.4000,-0.1000,0
2024.12.30 18:16:02,SELL,0.4000,0.0000,0
2024.12.30 18:22:53,BUY,0.6000,-0.5000,1
2024.12.30 18:31:23,SELL,0.4000,0.0000,2
2024.12.30 18:48:06,BUY,0.5000,-0.4000,1
2024.12.30 18:54:28,SELL,0.4000,0.2000,1
2024.12.31 00:01:00,BUY,10.0000,5.4000,1
2024.12.31 01:00:24,BUY,4.6000,0.4000,1
2024.12.31 10:28:31,BUY,0.4000,-0.1000,1
2024.12.31 10:56:28,SELL,0.5000,-0.1000,0
2024.12.31 11:34:40,SELL,0.4000,0.1000,1
2024.12.31 12:03:04,BUY,0.5000,0.2000,1
2024.12.31 12:51:26,SELL,0.4000,-0.5000,1
2024.12.31 14:29:40,BUY,0.5000,0.1000,1
2024.12.31 14:56:42,BUY,0.5000,-0.1000,1
2024.12.31 15:07:24,BUY,0.4000,0.1000,1
2024.12.31 15:31:10,SELL,0.4000,0.2000,1
2024.12.31 16:04:17,BUY,0.5000,-0.4000,1
2024.12.31 16:13:25,SELL,0.4000,-0.1000,0
2024.12.31 16:32:46,BUY,0.4000,0.1000,1
2024.12.31 16:43:45,BUY,0.4000,0.2000,1
2024.12.31 17:01:07,BUY,0.4000,-0.6000,1
2024.12.31 17:12:33,SELL,0.5000,-0.2000,0
2024.12.31 17:28:42,BUY,0.4000,0.0000,1
2024.12.31 17:34:20,BUY,0.4000,0.2000,0
2024.12.31 17:43:01,BUY,0.5000,-0.2000,0
2024.12.31 17:54:21,BUY,0.5000,0.3000,1
2024.12.31 18:00:25,SELL,0.4000,-0.1000,1
2024.12.31 18:07:16,BUY,0.4000,0.2000,1
2024.12.31 18:34:19,SELL,0.5000,0.2000,1
2024.12.31 18:39:22,BUY,0.4000,0.1000,1
2024.12.31 19:42:17,SELL,0.4000,0.1000,0
2024.12.31 19:53:26,SELL,0.5000,0.4000,0
2024.12.31 21:14:51,SELL,0.5000,0.0000,0
2024.12.31 22:08:20,SELL,0.4000,0.1000,1
2024.12.31 23:59:32,BUY,8.4000,0.2000,2
2025.01.02 01:00:01,BUY,7.1000,0.2000,1
2025.01.02 03:00:14,BUY,0.5000,-0.6000,0
2025.01.02 09:58:56,BUY,0.6000,0.0000,0
2025.01.02 10:03:58,SELL,0.4000,-0.6000,1
2025.01.02 10:09:14,BUY,0.4000,-0.1000,1
2025.01.02 10:34:19,SELL,0.4000,0.1000,3
2025.01.02 10:59:23,SELL,0.4000,0.3000,0
2025.01.02 11:18:15,SELL,0.4000,-0.4000,1
2025.01.02 11:23:17,BUY,0.5000,-0.1000,1
2025.01.02 12:31:50,BUY,0.4000,-0.4000,1
2025.01.02 12:48:47,BUY,0.4000,-1.4000,1
2025.01.02 12:53:47,SELL,0.5000,-0.3000,1
2025.01.02 12:58:47,BUY,0.4000,1.0000,1
2025.01.02 13:04:05,SELL,0.4000,-0.3000,0
2025.01.02 13:23:35,BUY,0.5000,0.1000,1
2025.01.02 13:28:36,BUY,0.5000,0.4000,0
2025.01.02 13:47:56,SELL,0.4000,0.1000,2
2025.01.02 13:53:00,BUY,0.4000,0.1000,1
2025.01.02 13:58:00,SELL,0.5000,0.0000,1
2025.01.02 14:43:15,BUY,0.4000,0.2000,4
2025.01.02 14:54:11,SELL,0.4000,0.1000,10
2025.01.02 14:59:11,BUY,0.4000,-0.1000,1
2025.01.02 15:06:09,SELL,0.4000,0.1000,1
2025.01.02 15:26:12,BUY,0.4000,0.0000,2
2025.01.02 15:34:19,SELL,0.5000,0.1000,1
2025.01.02 15:46:54,BUY,0.5000,0.0000,1
2025.01.02 15:52:29,BUY,0.4000,-0.4000,0
2025.01.02 16:23:05,SELL,0.5000,-0.1000,1
2025.01.02 16:31:21,SELL,0.4000,0.0000,1
2025.01.02 16:49:28,BUY,0.5000,0.0000,1
2025.01.02 17:27:11,BUY,0.4000,-2.3000,0
2025.01.02 17:36:51,SELL,0.5000,-0.1000,1
2025.01.02 17:47:28,BUY,0.6000,-0.2000,0
2025.01.02 17:52:28,SELL,0.4000,-0.1000,1
2025.01.02 17:59:02,BUY,0.5000,-0.3000,1
2025.01.02 18:04:02,BUY,0.4000,0.7000,0
2025.01.02 18:09:03,SELL,0.5000,-0.3000,0
2025.01.02 18:14:03,SELL,0.5000,1.1000,0
2025.01.02 18:19:09,SELL,0.4000,0.1000,1
2025.01.02 18:24:09,BUY,0.4000,-0.1000,1
2025.01.02 18:31:27,BUY,0.4000,0.9000,1
2025.01.02 18:42:32,BUY,0.5000,-0.3000,0
2025.01.02 18:51:47,SELL,0.4000,0.1000,2
2025.01.02 18:56:53,SELL,0.4000,-0.2000,0
2025.01.02 19:02:20,BUY,0.4000,-0.4000,0
2025.01.02 19:29:14,BUY,0.4000,-0.1000,1
2025.01.02 19:39:11,SELL,0.4000,0.1000,1
2025.01.02 19:52:40,SELL,0.5000,-0.2000,1
2025.01.02 21:13:50,BUY,0.5000,-0.3000,0
2025.01.02 23:59:58,BUY,10.7000,0.4000,0
2025.01.03 09:09:48,BUY,0.4000,0.2000,0
2025.01.03 09:17:18,BUY,0.5000,-0.5000,1
2025.01.03 10:00:39,SELL,0.4000,-0.6000,1
2025.01.03 10:27:26,BUY,0.5000,-0.1000,0
2025.01.03 11:10:22,SELL,0.4000,0.2000,1
2025.01.03 11:37:37,BUY,0.4000,0.3000,2
2025.01.03 13:09:52,SELL,0.4000,0.2000,1
2025.01.03 13:24:28,SELL,0.4000,0.1000,3
2025.01.03 13:31:47,BUY,0.5000,-0.1000,4
2025.01.03 15:52:46,BUY,0.5000,0.1000,2
2025.01.03 17:00:00,BUY,4.6000,0.7000,0
2025.01.03 17:05:07,SELL,0.4000,0.8000,1
2025.01.03 17:14:16,BUY,0.4000,0.1000,0
2025.01.03 17:21:27,BUY,0.4000,0.1000,0
2025.01.03 17:28:24,BUY,0.4000,0.1000,2
2025.01.03 17:34:38,SELL,0.4000,-0.1000,1
2025.01.03 18:38:29,BUY,0.5000,0.0000,1
2025.01.03 18:43:40,BUY,0.5000,-0.1000,0
2025.01.03 18:59:47,SELL,0.5000,0.1000,0
2025.01.03 19:04:54,SELL,0.4000,-0.1000,0
2025.01.03 19:09:54,SELL,0.4000,0.1000,0
2025.01.03 19:37:47,BUY,0.5000,0.1000,1
2025.01.03 20:03:16,BUY,0.5000,0.1000,3
2025.01.06 00:00:55,BUY,11.2000,-5.1000,0
2025.01.06 00:07:57,SELL,0.8000,0.0000,3
2025.01.06 00:56:05,BUY,4.6000,0.8000,0
2025.01.06 09:32:55,SELL,0.4000,0.0000,0
2025.01.06 10:03:11,SELL,0.5000,0.0000,0
2025.01.06 10:14:43,SELL,0.4000,0.1000,0
2025.01.06 10:23:35,BUY,0.4000,0.0000,1
2025.01.06 10:29:50,SELL,0.4000,-0.1000,1
2025.01.06 10:51:52,SELL,0.6000,-0.4000,1
2025.01.06 10:56:55,SELL,0.4000,-0.1000,1
2025.01.06 11:01:55,BUY,0.5000,0.0000,1
2025.01.06 11:07:00,SELL,0.5000,0.0000,0
2025.01.06 11:14:15,BUY,0.5000,0.1000,0
2025.01.06 11:19:15,SELL,0.5000,-0.3000,1
2025.01.06 11:27:40,BUY,0.4000,0.2000,2
2025.01.06 12:06:54,BUY,0.5000,0.0000,1
2025.01.06 13:02:42,BUY,0.4000,-0.1000,0
2025.01.06 13:08:53,SELL,0.5000,-0.3000,0
2025.01.06 13:13:53,SELL,0.4000,0.2000,1
2025.01.06 13:18:53,SELL,0.4000,0.0000,0
2025.01.06 13:23:53,SELL,0.5000,0.3000,0
2025.01.06 13:29:40,SELL,0.4000,-0.4000,1
2025.01.06 13:34:40,SELL,0.4000,0.6000,0
2025.01.06 13:43:40,BUY,0.5000,-0.1000,1
2025.01.06 13:48:40,BUY,0.5000,0.5000,1
2025.01.06 13:53:40,SELL,0.4000,0.2000,2
2025.01.06 14:01:16,SELL,0.4000,0.1000,1
2025.01.06 14:07:17,BUY,0.4000,-0.5000,2
2025.01.06 14:12:19,BUY,0.4000,0.1000,1
2025.01.06 14:17:19,SELL,0.4000,-0.6000,0
2025.01.06 14:23:40,BUY,0.4000,0.0000,1
2025.01.06 14:30:26,BUY,0.5000,-0.1000,1
2025.01.06 14:35:39,SELL,0.4000,0.4000,1
2025.01.06 14:51:38,BUY,0.5000,0.0000,1
2025.01.06 14:57:36,SELL,0.4000,0.2000,0
2025.01.06 15:02:36,SELL,0.5000,0.0000,0
2025.01.06 15:08:49,SELL,0.5000,-0.1000,1
2025.01.06 15:13:49,BUY,0.5000,-0.1000,3
2025.01.06 15:27:36,SELL,0.5000,0.2000,0
2025.01.06 15:32:36,BUY,0.5000,-0.2000,1
2025.01.06 15:37:40,BUY,0.4000,0.0000,0
2025.01.06 15:42:41,BUY,0.5000,0.1000,1
2025.01.06 15:49:09,SELL,0.4000,-0.2000,1
2025.01.06 16:05:53,SELL,0.4000,0.1000,0
2025.01.06 16:15:30,BUY,0.5000,0.5000,0
2025.01.06 16:21:08,SELL,0.4000,-0.4000,1
2025.01.06 16:26:10,SELL,0.4000,0.3000,0
2025.01.06 16:31:15,BUY,0.4000,-0.6000,2
2025.01.06 16:38:19,SELL,0.4000,0.4000,0
2025.01.06 16:43:19,BUY,0.4000,0.2000,1
2025.01.06 16:48:19,SELL,0.4000,0.1000,0
2025.01.06 16:53:19,SELL,0.4000,0.0000,1
2025.01.06 16:59:07,BUY,0.5000,-0.1000,2
2025.01.06 17:04:07,BUY,0.5000,-0.7000,0
2025.01.06 17:12:38,BUY,0.4000,0.2000,1
2025.01.06 17:17:38,BUY,0.5000,-0.1000,1
2025.01.06 17:37:09,BUY,0.4000,0.1000,0
2025.01.06 17:45:48,SELL,0.5000,0.3000,0
2025.01.06 17:50:48,SELL,0.5000,0.4000,0
2025.01.06 17:57:33,SELL,0.5000,0.0000,1
2025.01.06 18:12:04,BUY,0.5000,0.2000,0
2025.01.06 18:29:23,SELL,0.4000,0.1000,0
2025.01.06 19:02:52,BUY,0.5000,0.0000,1
2025.01.06 20:02:15,BUY,0.4000,0.2000,0
2025.01.06 20:14:32,SELL,0.6000,0.2000,0
2025.01.06 20:58:40,BUY,0.4000,0.1000,2
2025.01.07 00:00:31,BUY,12.7000,-1.7000,0
2025.01.07 00:09:47,SELL,11.4000,-0.5000,0
2025.01.07 09:09:47,SELL,0.4000,0.1000,2
2025.01.07 09:39:51,SELL,0.4000,-0.1000,1
2025.01.07 09:44:52,SELL,0.4000,-0.1000,2
2025.01.07 09:49:52,BUY,0.4000,0.2000,0
2025.01.07 10:14:16,BUY,0.5000,-0.1000,2
2025.01.07 10:24:04,SELL,0.4000,0.1000,3
2025.01.07 10:29:04,BUY,0.4000,-0.2000,0
2025.01.07 10:44:13,SELL,0.5000,-0.3000,0
2025.01.07 11:54:22,SELL,0.4000,0.1000,1
2025.01.07 12:02:37,BUY,0.5000,0.1000,2
2025.01.07 12:09:33,SELL,0.4000,0.2000,0
2025.01.07 12:17:45,SELL,0.6000,-0.2000,0
2025.01.07 12:24:36,BUY,0.4000,0.1000,2
2025.01.07 12:57:25,BUY,0.4000,-0.1000,0
2025.01.07 13:03:01,BUY,0.5000,-0.3000,1
2025.01.07 14:08:30,BUY,0.5000,-0.1000,0
2025.01.07 14:23:56,BUY,0.4000,0.1000,1
2025.01.07 14:42:26,BUY,0.5000,-0.6000,1
2025.01.07 14:52:19,BUY,0.5000,0.0000,0
2025.01.07 15:19:56,SELL,0.4000,0.0000,1
2025.01.07 15:36:45,SELL,0.4000,0.0000,1
2025.01.07 15:47:53,BUY,0.5000,-0.3000,1
2025.01.07 15:54:19,SELL,0.4000,0.0000,0
2025.01.07 16:02:44,BUY,0.4000,-0.4000,1
2025.01.07 17:00:00,BUY,4.6000,3.6000,0
2025.01.07 17:08:49,BUY,0.5000,0.1000,1
2025.01.07 17:13:49,SELL,0.5000,-0.1000,0
2025.01.07 17:19:14,SELL,0.4000,-0.1000,1
2025.01.07 17:25:24,SELL,0.4000,0.1000,1
2025.01.07 17:33:21,BUY,0.4000,-0.1000,1
2025.01.07 17:38:56,BUY,0.4000,0.1000,1
2025.01.07 17:44:28,BUY,0.6000,0.0000,1
2025.01.07 17:50:51,SELL,0.5000,0.0000,0
2025.01.07 18:18:20,SELL,0.4000,0.0000,1
2025.01.07 18:24:14,BUY,0.5000,0.0000,1
2025.01.07 18:31:29,SELL,0.5000,0.5000,1
2025.01.07 18:39:28,SELL,0.4000,-0.4000,0
2025.01.07 18:49:37,BUY,0.4000,-0.6000,0
2025.01.07 18:54:37,BUY,0.4000,0.2000,0
2025.01.07 19:08:34,BUY,0.5000,0.5000,0
2025.01.07 19:15:52,SELL,0.5000,0.0000,1
2025.01.07 19:21:20,BUY,0.5000,-0.1000,1
2025.01.07 19:44:46,BUY,0.5000,-0.2000,0
2025.01.07 20:09:38,BUY,0.4000,-0.5000,1
2025.01.07 20:17:32,SELL,0.4000,-0.1000,0
2025.01.07 20:24:38,BUY,0.4000,0.3000,4
2025.01.07 20:42:03,BUY,0.4000,0.1000,2
2025.01.08 08:56:25,BUY,0.4000,0.1000,0
2025.01.08 09:01:25,BUY,0.5000,-0.1000,1
2025.01.08 09:43:20,BUY,0.4000,0.0000,1
2025.01.08 09:58:21,BUY,0.4000,0.0000,1
2025.01.08 10:08:24,BUY,0.5000,0.2000,1
2025.01.08 10:13:26,SELL,0.4000,0.3000,1
2025.01.08 10:18:26,SELL,0.4000,0.0000,1
2025.01.08 10:23:37,BUY,0.4000,-0.2000,0
2025.01.08 10:28:37,BUY,0.5000,-0.3000,1
2025.01.08 10:37:04,SELL,0.4000,0.6000,1
2025.01.08 10:42:56,SELL,0.4000,-0.3000,2
2025.01.08 10:48:35,BUY,0.5000,0.0000,1
2025.01.08 10:58:21,BUY,0.4000,0.0000,1
2025.01.08 11:24:49,BUY,0.4000,0.0000,1
2025.01.08 11:49:50,BUY,0.4000,0.3000,5
2025.01.08 13:14:36,BUY,0.5000,-0.2000,1
2025.01.08 13:26:54,BUY,0.4000,0.0000,0
2025.01.08 13:31:54,BUY,0.4000,0.2000,0
2025.01.08 13:39:17,BUY,0.5000,0.1000,0
2025.01.08 13:44:18,SELL,0.4000,0.2000,1
2025.01.08 13:49:18,SELL,0.5000,0.0000,0
2025.01.08 14:04:21,BUY,0.5000,0.2000,0
2025.01.08 14:25:39,SELL,0.5000,-0.5000,0
2025.01.08 14:33:01,BUY,0.4000,0.6000,1
2025.01.08 14:39:33,SELL,0.5000,0.0000,1
2025.01.08 14:49:03,BUY,0.6000,-0.6000,1
2025.01.08 15:00:06,SELL,0.5000,-0.5000,1
2025.01.08 15:06:19,BUY,0.5000,-0.3000,1
2025.01.08 15:15:02,SELL,0.6000,-1.9000,0
2025.01.08 15:22:38,SELL,0.4000,0.1000,1
2025.01.08 15:29:53,BUY,4.6000,-0.3000,1
2025.01.08 15:36:10,SELL,0.4000,0.0000,1
2025.01.08 15:58:12,SELL,0.4000,0.2000,1
2025.01.08 16:17:05,BUY,0.4000,-0.1000,1
2025.01.08 16:48:45,SELL,0.4000,0.3000,1
2025.01.08 16:53:45,BUY,0.5000,-0.2000,1
2025.01.08 17:01:37,SELL,0.5000,0.1000,1
2025.01.08 17:06:46,SELL,0.4000,-0.2000,1
2025.01.08 18:03:18,BUY,0.4000,0.4000,1
2025.01.08 18:20:58,SELL,0.4000,-0.1000,1
2025.01.08 18:28:23,BUY,0.5000,0.0000,1
2025.01.08 18:41:22,SELL,0.4000,-1.9000,0
2025.01.08 18:53:40,SELL,0.4000,0.4000,1
2025.01.08 19:19:11,BUY,0.5000,-0.1000,1
2025.01.08 19:44:58,SELL,0.5000,-0.1000,0
2025.01.08 20:02:45,SELL,0.5000,0.2000,0
2025.01.08 21:17:41,SELL,0.4000,0.0000,0
2025.01.08 21:33:05,BUY,0.4000,0.1000,0
2025.01.09 02:33:33,BUY,0.4000,0.1000,1
2025.01.09 02:57:59,SELL,0.4000,0.0000,1
2025.01.09 08:56:16,BUY,0.4000,0.0000,1
2025.01.09 09:34:44,BUY,0.4000,0.2000,1
2025.01.09 09:43:24,BUY,0.5000,0.1000,1
2025.01.09 09:58:48,BUY,0.5000,-0.1000,1
2025.01.09 10:04:10,BUY,0.4000,-0.1000,0
2025.01.09 10:09:13,SELL,0.5000,0.5000,1
2025.01.09 11:17:35,SELL,0.4000,0.2000,1
2025.01.09 11:26:52,SELL,0.5000,0.7000,1
2025.01.09 11:49:43,BUY,0.5000,-0.1000,1
2025.01.09 12:03:40,BUY,0.5000,0.1000,1
2025.01.09 12:24:50,SELL,0.5000,-0.1000,2
2025.01.09 12:42:01,BUY,0.4000,-0.1000,0
2025.01.09 15:31:43,SELL,0.4000,-1.3000,0
2025.01.09 16:53:06,SELL,0.4000,0.1000,1
2025.01.09 17:43:37,BUY,0.4000,0.2000,1
2025.01.09 18:04:03,BUY,0.4000,-0.3000,1
2025.01.10 00:01:00,BUY,8.5000,0.0000,10
2025.01.10 07:59:14,BUY,0.5000,0.6000,0
2025.01.10 10:24:22,SELL,0.4000,-0.4000,0
2025.01.10 10:30:10,SELL,0.5000,-0.5000,1
2025.01.10 10:49:56,BUY,0.5000,-0.1000,2
2025.01.10 15:19:27,SELL,0.5000,-0.1000,1
2025.01.10 15:24:36,BUY,0.4000,-0.1000,1
2025.01.10 15:30:01,BUY,3.2000,-5.4000,1
2025.01.10 15:35:42,SELL,0.5000,0.1000,0
2025.01.10 15:41:17,SELL,0.4000,-0.2000,1
2025.01.10 15:47:00,BUY,0.6000,-0.7000,1
2025.01.10 15:52:46,SELL,0.4000,0.1000,1
2025.01.10 15:57:46,BUY,0.4000,-0.1000,0
2025.01.10 16:03:14,SELL,0.5000,-1.7000,0
2025.01.10 16:08:14,BUY,0.4000,0.0000,0
2025.01.10 16:13:14,SELL,0.4000,0.1000,0
2025.01.10 16:18:14,SELL,0.4000,0.0000,1
2025.01.10 16:23:23,BUY,0.4000,0.1000,2
2025.01.10 16:30:31,BUY,0.5000,0.0000,0
2025.01.10 16:35:31,SELL,0.4000,-0.1000,0
2025.01.10 16:42:21,SELL,0.4000,-0.1000,0
2025.01.10 16:47:21,BUY,0.4000,-0.3000,1
2025.01.10 16:52:39,BUY,0.4000,0.1000,1
2025.01.10 17:00:00,BUY,1.0000,2.3000,0
2025.01.10 17:05:32,SELL,0.4000,0.0000,0
2025.01.10 17:11:07,SELL,0.4000,0.5000,0
2025.01.10 17:16:09,SELL,0.4000,0.2000,0
2025.01.10 17:21:09,SELL,0.4000,-0.5000,1
2025.01.10 17:27:20,BUY,0.4000,0.5000,1
2025.01.10 17:32:36,BUY,0.4000,-0.1000,1
2025.01.10 17:39:42,SELL,0.5000,0.0000,1
2025.01.10 17:44:42,BUY,0.4000,0.1000,0
2025.01.10 17:51:21,BUY,0.4000,-0.1000,1
2025.01.10 18:03:33,BUY,0.4000,-0.1000,2
2025.01.10 18:11:26,BUY,0.5000,0.0000,1
2025.01.10 18:19:32,BUY,0.4000,-0.5000,1
2025.01.10 18:48:53,SELL,0.4000,0.1000,1
2025.01.10 19:06:25,SELL,0.4000,0.2000,1
2025.01.10 19:19:29,BUY,0.4000,0.2000,1
2025.01.10 19:30:47,SELL,0.4000,-0.2000,1
2025.01.10 21:02:01,BUY,0.4000,0.1000,2
2025.01.10 23:58:48,BUY,11.5000,-1.3000,1
2025.01.13 00:00:50,BUY,14.0000,0.4000,20
2025.01.13 00:08:37,SELL,7.2000,-0.5000,3
2025.01.13 05:32:28,BUY,0.5000,-0.2000,1
2025.01.13 05:56:56,BUY,0.4000,0.1000,0
2025.01.13 06:33:52,BUY,0.4000,0.1000,0
2025.01.13 09:16:58,BUY,0.5000,0.0000,2
2025.01.13 09:27:01,BUY,0.5000,-0.2000,2
2025.01.13 09:33:58,SELL,0.4000,-0.1000,1
2025.01.13 09:48:09,SELL,0.5000,0.1000,1
2025.01.13 09:57:43,BUY,0.5000,0.2000,1
2025.01.13 10:02:56,SELL,0.5000,-0.5000,1
2025.01.13 10:11:23,SELL,0.4000,0.1000,0
2025.01.13 10:49:04,BUY,0.4000,0.7000,0
2025.01.13 10:54:05,SELL,0.4000,0.2000,1
2025.01.13 11:21:35,BUY,0.5000,-0.1000,1
2025.01.13 11:27:14,BUY,0.5000,-0.8000,1
2025.01.13 11:32:16,SELL,0.4000,0.1000,0
2025.01.13 11:37:20,SELL,0.5000,-0.3000,1
2025.01.13 11:46:56,SELL,0.4000,0.1000,3
2025.01.13 11:52:38,BUY,0.5000,-0.1000,1
2025.01.13 12:13:03,SELL,0.5000,0.0000,1
2025.01.13 12:28:56,BUY,0.5000,-0.1000,1
2025.01.13 12:51:34,SELL,0.4000,-0.1000,0
2025.01.13 13:01:29,BUY,0.4000,0.1000,1
2025.01.13 13:17:46,BUY,0.4000,0.7000,1
2025.01.13 13:33:02,SELL,0.4000,0.0000,0
2025.01.13 14:28:06,BUY,0.4000,0.1000,1
2025.01.13 14:47:43,SELL,0.3000,0.1000,0
2025.01.13 14:55:45,SELL,0.6000,-0.3000,0
2025.01.13 15:27:21,SELL,0.5000,0.4000,0
2025.01.13 15:32:54,SELL,0.4000,0.1000,2
2025.01.13 15:44:06,BUY,0.4000,-0.1000,1
2025.01.13 15:54:42,BUY,0.5000,-0.1000,1
2025.01.13 16:21:55,SELL,0.4000,0.2000,1
2025.01.13 16:37:41,BUY,0.5000,0.1000,1
2025.01.13 16:56:57,SELL,0.4000,0.0000,1
2025.01.13 17:13:21,BUY,0.4000,0.1000,0
2025.01.13 17:34:36,BUY,0.4000,0.1000,0
2025.01.13 17:39:37,SELL,0.4000,-0.1000,2
2025.01.13 17:45:32,SELL,0.4000,-0.6000,0
2025.01.13 17:53:45,BUY,0.5000,-0.2000,0
2025.01.13 18:29:08,SELL,0.5000,-0.1000,1
2025.01.13 18:59:16,BUY,0.4000,-0.2000,1
2025.01.13 23:43:18,SELL,0.5000,0.2000,0
2025.01.13 23:49:02,SELL,1.1000,-0.5000,1
2025.01.13 23:57:52,SELL,1.2000,-0.1000,0
2025.01.14 00:03:52,SELL,4.5000,0.0000,1
2025.01.14 00:11:26,SELL,2.6000,4.6000,1
2025.01.14 00:17:02,SELL,6.5000,0.7000,15
2025.01.14 00:49:18,SELL,2.1000,-1.2000,0
2025.01.14 00:54:19,SELL,2.4000,0.1000,1
2025.01.14 00:59:27,BUY,4.6000,0.4000,1
2025.01.14 01:04:27,BUY,0.4000,-0.3000,2
2025.01.14 01:12:54,SELL,0.4000,0.1000,1
2025.01.14 01:27:01,SELL,0.4000,-0.1000,3
2025.01.14 01:32:51,SELL,0.4000,0.1000,1
2025.01.14 01:38:06,BUY,0.4000,0.1000,1
2025.01.14 01:43:48,BUY,0.6000,-0.5000,0
2025.01.14 01:51:36,BUY,0.5000,-0.1000,0
2025.01.14 02:01:17,BUY,0.5000,-0.1000,0
2025.01.14 02:14:24,BUY,0.4000,0.1000,0
2025.01.14 04:07:36,BUY,0.5000,-0.4000,2
2025.01.14 05:09:46,SELL,0.4000,-0.5000,1
2025.01.14 07:09:09,BUY,0.4000,0.7000,1
2025.01.14 08:57:08,SELL,0.4000,0.0000,2
2025.01.14 09:03:20,SELL,0.4000,0.1000,0
2025.01.14 09:12:08,BUY,0.4000,-0.3000,0
2025.01.14 09:18:26,SELL,0.4000,0.1000,3
2025.01.14 09:41:15,BUY,0.4000,0.1000,2
2025.01.14 10:02:55,SELL,0.4000,-0.1000,1
2025.01.14 10:07:57,SELL,0.4000,0.1000,3
2025.01.14 10:16:16,SELL,0.4000,-0.7000,1
2025.01.14 10:21:49,SELL,0.4000,-0.1000,1
2025.01.14 10:28:30,BUY,0.4000,0.0000,1
2025.01.14 10:36:24,BUY,0.4000,0.1000,0
2025.01.14 10:44:47,SELL,0.5000,-0.1000,1
2025.01.14 10:54:49,BUY,0.4000,-0.1000,1
2025.01.14 11:01:42,BUY,0.4000,-0.2000,0
2025.01.14 11:14:57,SELL,0.4000,0.1000,1
2025.01.14 11:52:12,BUY,0.5000,-0.3000,0
2025.01.14 13:54:30,BUY,0.6000,-0.1000,0
2025.01.14 14:07:57,BUY,0.4000,0.3000,0
2025.01.14 14:12:58,BUY,0.4000,0.0000,1
2025.01.14 14:22:09,SELL,0.4000,0.1000,0
2025.01.14 15:12:21,SELL,0.5000,-0.4000,1
2025.01.14 15:20:20,BUY,0.6000,0.3000,1
2025.01.14 15:29:30,BUY,0.5000,-0.2000,0
2025.01.14 15:34:30,SELL,0.4000,0.0000,1
2025.01.14 15:43:51,BUY,0.4000,0.4000,1
2025.01.14 15:48:51,SELL,0.4000,-0.2000,0
2025.01.14 15:54:37,BUY,0.4000,0.2000,0
2025.01.14 16:03:43,BUY,0.5000,0.0000,0
2025.01.14 16:17:55,SELL,0.4000,0.3000,1
2025.01.14 16:28:53,SELL,0.5000,0.1000,1
2025.01.14 16:34:01,SELL,0.6000,0.3000,1
2025.01.14 16:43:44,BUY,0.6000,-0.3000,1
2025.01.14 16:48:44,BUY,0.5000,0.0000,1
2025.01.14 16:54:15,SELL,0.5000,0.2000,0
2025.01.14 17:02:23,SELL,0.4000,0.0000,1
2025.01.14 17:07:48,BUY,0.6000,-0.1000,1
2025.01.14 17:12:48,SELL,0.4000,0.1000,1
2025.01.14 17:21:47,BUY,0.4000,-0.2000,1
2025.01.14 17:28:08,BUY,0.4000,0.2000,1
2025.01.14 17:34:02,SELL,0.5000,-0.5000,1
2025.01.14 17:39:34,SELL,0.4000,0.5000,0
2025.01.14 17:44:35,SELL,0.5000,-0.1000,0
2025.01.14 17:53:38,SELL,0.4000,0.1000,0
2025.01.14 18:08:07,SELL,0.6000,-0.8000,1
2025.01.14 18:28:48,BUY,0.4000,0.6000,1
2025.01.14 19:09:27,BUY,0.6000,-0.1000,0
2025.01.14 19:18:49,SELL,0.4000,0.1000,0
2025.01.14 22:23:09,SELL,0.4000,0.2000,0
2025.01.15 00:01:00,BUY,9.9000,0.0000,8
2025.01.15 02:03:18,BUY,0.5000,0.0000,3
2025.01.15 07:57:47,BUY,0.4000,-0.3000,3
2025.01.15 09:01:24,BUY,0.4000,0.3000,0
2025.01.15 09:36:40,SELL,0.4000,0.2000,1
2025.01.15 09:46:34,SELL,0.4000,0.1000,2
2025.01.15 10:03:20,SELL,0.4000,-0.4000,1
2025.01.15 10:16:33,BUY,0.4000,0.1000,1
2025.01.15 11:09:16,SELL,0.4000,0.1000,2
2025.01.15 12:17:47,BUY,0.5000,0.2000,2
2025.01.15 12:29:59,BUY,0.4000,0.1000,1
2025.01.15 13:19:07,BUY,0.4000,0.2000,1
2025.01.15 14:48:37,BUY,0.5000,-0.1000,1
2025.01.15 14:54:32,SELL,0.5000,-0.4000,0
2025.01.15 15:18:49,SELL,0.4000,-0.1000,2
2025.01.15 15:30:02,SELL,4.6000,-2.3000,0
2025.01.15 15:35:49,BUY,0.4000,0.1000,0
2025.01.15 15:42:56,BUY,0.4000,0.3000,1
2025.01.15 15:48:16,SELL,0.5000,0.0000,0
2025.01.15 15:54:41,SELL,0.4000,0.2000,0
2025.01.15 15:59:41,SELL,0.5000,0.0000,1
2025.01.15 16:04:49,BUY,0.4000,0.4000,0
2025.01.15 16:09:49,BUY,0.4000,-0.1000,1
2025.01.15 16:22:15,SELL,0.4000,-0.3000,1
2025.01.15 16:27:21,SELL,0.5000,0.1000,0
2025.01.15 16:34:07,BUY,0.5000,-0.1000,0
2025.01.15 16:49:18,SELL,0.4000,0.1000,2
2025.01.15 16:54:18,BUY,0.4000,0.1000,1
2025.01.15 17:00:35,BUY,0.4000,-0.1000,2
2025.01.15 17:06:13,BUY,0.5000,0.3000,1
2025.01.15 17:11:53,SELL,0.5000,0.0000,1
2025.01.15 17:20:39,BUY,0.4000,-0.1000,0
2025.01.15 17:29:28,SELL,0.5000,-0.1000,1
2025.01.15 17:37:33,BUY,0.6000,-0.3000,1
2025.01.15 17:44:04,BUY,0.8000,-0.8000,0
2025.01.15 17:49:04,BUY,0.4000,0.4000,1
2025.01.15 18:01:06,BUY,0.5000,0.1000,0
2025.01.15 18:06:56,BUY,0.4000,0.1000,1
2025.01.15 18:11:57,BUY,0.4000,-0.1000,0
2025.01.15 18:18:55,BUY,0.5000,0.1000,0
2025.01.15 18:31:18,BUY,0.6000,-0.3000,1
2025.01.15 18:47:53,SELL,0.5000,0.0000,1
2025.01.15 18:54:11,BUY,0.4000,0.2000,0
2025.01.15 19:33:04,SELL,0.4000,0.1000,1
2025.01.15 20:19:47,SELL,0.5000,-0.6000,1
2025.01.16 00:01:29,BUY,15.2000,0.0000,52
2025.01.16 02:48:47,BUY,0.5000,0.0000,1
2025.01.16 02:53:55,SELL,0.4000,0.1000,1
2025.01.16 06:39:44,BUY,0.4000,0.1000,2
2025.01.16 10:23:31,SELL,0.4000,0.0000,4
2025.01.16 10:28:39,BUY,0.4000,0.3000,1
2025.01.16 10:37:35,SELL,0.4000,0.1000,0
2025.01.16 11:04:32,BUY,0.5000,-0.1000,6
2025.01.16 11:36:11,BUY,0.4000,0.3000,1
2025.01.16 11:42:11,BUY,0.5000,-0.4000,0
2025.01.16 12:24:05,SELL,0.4000,0.1000,2
2025.01.16 14:24:08,BUY,0.4000,0.1000,3
2025.01.16 14:31:27,BUY,0.8000,0.0000,0
2025.01.16 14:47:14,SELL,0.4000,0.0000,1
2025.01.16 15:07:06,BUY,0.4000,0.4000,1
2025.01.16 15:17:03,BUY,0.4000,0.3000,1
2025.01.16 15:29:47,BUY,3.9000,-0.1000,1
2025.01.16 15:34:47,SELL,0.5000,0.0000,0
2025.01.16 15:42:14,SELL,0.4000,0.4000,1
2025.01.16 15:51:00,SELL,0.4000,0.4000,1
2025.01.16 16:02:25,BUY,0.5000,0.0000,1
2025.01.16 16:31:42,BUY,0.4000,0.2000,0
2025.01.16 16:43:05,SELL,0.4000,-0.1000,0
2025.01.16 16:48:25,SELL,0.5000,-0.1000,1
2025.01.16 17:01:46,BUY,0.4000,0.3000,1
2025.01.16 17:06:46,SELL,0.5000,-0.6000,0
2025.01.16 17:12:15,BUY,0.4000,0.1000,1
2025.01.16 17:17:30,SELL,0.4000,0.0000,1
2025.01.16 17:24:30,SELL,0.4000,0.3000,0
2025.01.16 17:29:30,BUY,0.4000,0.3000,1
2025.01.16 17:34:30,SELL,0.4000,-0.5000,1
2025.01.16 17:53:06,BUY,0.4000,-0.2000,3
2025.01.16 18:03:22,SELL,0.4000,-0.2000,0
2025.01.16 18:13:55,BUY,0.4000,0.1000,1
2025.01.16 18:21:14,BUY,0.4000,0.4000,1
2025.01.16 18:27:28,SELL,0.4000,-0.3000,1
2025.01.16 18:32:41,SELL,0.4000,0.1000,0
2025.01.16 18:38:45,BUY,0.4000,-0.4000,1
2025.01.16 19:13:19,SELL,0.4000,0.1000,0
2025.01.16 19:18:32,SELL,0.5000,-0.5000,0
2025.01.16 19:42:03,BUY,0.6000,-0.5000,0
2025.01.16 19:52:51,BUY,0.6000,0.0000,1
2025.01.16 23:59:33,BUY,4.9000,0.2000,0
2025.01.17 00:10:36,BUY,11.2000,0.5000,0
2025.01.17 09:13:31,BUY,0.4000,-0.2000,1
2025.01.17 09:48:17,SELL,0.4000,-0.1000,6
2025.01.17 10:04:02,SELL,0.5000,0.0000,1
2025.01.17 10:13:34,SELL,0.4000,0.1000,1
2025.01.17 11:03:33,SELL,0.4000,0.1000,1
2025.01.17 11:54:17,SELL,0.4000,0.0000,1
2025.01.17 14:03:06,BUY,0.5000,0.1000,1
2025.01.17 14:43:19,BUY,0.4000,0.6000,1
2025.01.17 14:58:17,BUY,0.5000,-0.1000,0
2025.01.17 15:03:19,SELL,0.4000,0.1000,8
2025.01.17 15:33:30,SELL,0.5000,0.4000,1
2025.01.17 15:53:07,BUY,0.4000,0.1000,1
2025.01.17 16:03:05,BUY,0.5000,0.1000,0
2025.01.17 16:13:31,BUY,0.7000,0.0000,1
2025.01.17 16:21:47,BUY,0.4000,0.3000,1
2025.01.17 16:28:31,SELL,0.6000,0.9000,0
2025.01.17 16:34:58,SELL,0.4000,-0.2000,1
2025.01.17 16:39:58,BUY,0.4000,0.4000,0
2025.01.17 16:47:51,SELL,0.4000,0.1000,1
2025.01.17 16:52:51,SELL,0.4000,0.1000,1
2025.01.17 16:58:55,SELL,0.6000,0.1000,0
2025.01.17 17:03:55,SELL,0.4000,0.0000,0
2025.01.17 17:08:55,SELL,0.4000,0.4000,1
2025.01.17 17:16:52,BUY,0.5000,-0.3000,1
2025.01.17 17:22:52,BUY,0.4000,0.2000,1
2025.01.17 17:28:04,SELL,0.4000,0.1000,1
2025.01.17 17:33:20,BUY,0.6000,-0.6000,0
2025.01.17 17:42:38,BUY,0.5000,0.1000,0
2025.01.17 17:48:22,BUY,0.4000,-0.2000,1
2025.01.17 17:54:02,BUY,0.5000,0.0000,0
2025.01.17 18:05:17,BUY,0.7000,0.4000,0
2025.01.17 18:33:38,SELL,0.6000,-0.3000,0
2025.01.17 18:39:35,BUY,0.4000,-0.1000,1
2025.01.17 18:44:35,SELL,0.4000,0.1000,9
2025.01.17 18:54:25,BUY,0.7000,0.0000,1
2025.01.17 18:59:25,BUY,0.4000,0.1000,1
2025.01.17 19:20:55,BUY,0.6000,-0.5000,1
2025.01.20 00:02:22,SELL,14.6000,-0.5000,21
2025.01.20 00:26:55,BUY,4.6000,0.1000,1
2025.01.20 02:12:37,SELL,0.6000,-0.2000,0
2025.01.20 03:58:10,SELL,0.5000,0.1000,1
2025.01.20 05:31:49,SELL,0.4000,0.2000,1
2025.01.20 08:53:31,SELL,0.5000,-0.1000,2
2025.01.20 09:44:33,SELL,0.4000,0.2000,1
2025.01.20 10:27:52,BUY,0.5000,-0.1000,1
2025.01.20 11:04:13,SELL,0.5000,-0.1000,0
2025.01.20 11:17:34,BUY,0.4000,0.0000,0
2025.01.20 12:02:11,SELL,0.4000,-0.2000,1
2025.01.20 12:34:48,SELL,0.4000,-0.3000,0
2025.01.20 13:04:28,SELL,0.4000,0.0000,2
2025.01.20 13:23:06,BUY,0.4000,-0.1000,4
2025.01.20 14:34:14,SELL,0.5000,-0.2000,1
2025.01.20 15:30:02,BUY,0.7000,5.6000,0
2025.01.20 15:35:20,BUY,0.4000,0.0000,0
2025.01.20 15:41:03,SELL,0.6000,1.0000,0
2025.01.20 15:46:55,SELL,0.4000,-1.2000,0
2025.01.20 15:52:21,BUY,0.4000,-0.1000,1
2025.01.20 15:57:39,SELL,0.4000,-0.2000,1
2025.01.20 16:02:43,SELL,0.4000,0.2000,1
2025.01.20 16:07:43,BUY,0.4000,0.0000,1
2025.01.20 16:14:06,SELL,0.5000,0.2000,0
2025.01.20 16:23:37,SELL,0.5000,-0.1000,0
2025.01.20 16:31:35,BUY,0.4000,0.1000,0
2025.01.20 16:36:35,BUY,0.5000,0.5000,0
2025.01.20 16:41:35,SELL,0.8000,-1.2000,0
2025.01.20 16:47:41,BUY,0.5000,0.0000,0
2025.01.20 16:53:58,BUY,0.6000,-0.2000,1
2025.01.20 17:00:34,BUY,0.4000,0.2000,1
2025.01.20 17:05:40,SELL,0.4000,0.1000,1
2025.01.20 17:13:04,SELL,0.5000,-0.1000,2
2025.01.20 17:18:05,BUY,0.6000,-0.1000,1
2025.01.20 17:25:43,BUY,0.5000,-0.5000,1
2025.01.20 17:33:01,SELL,0.4000,-0.4000,1
2025.01.20 17:38:01,BUY,0.4000,0.3000,0
2025.01.20 17:43:16,BUY,0.5000,0.1000,1
2025.01.20 17:52:27,SELL,0.4000,0.1000,1
2025.01.20 18:03:25,SELL,0.5000,-0.2000,1
2025.01.20 18:12:00,BUY,0.4000,-0.5000,1
2025.01.20 18:23:24,SELL,0.4000,-0.1000,1
2025.01.20 18:36:48,BUY,0.5000,0.0000,1
2025.01.20 19:03:19,BUY,0.7000,-0.7000,0
2025.01.20 19:09:51,BUY,0.6000,0.1000,1
2025.01.20 19:14:51,BUY,0.4000,-0.2000,1
2025.01.20 19:24:56,BUY,2.5000,0.2000,0
2025.01.20 19:30:32,SELL,0.8000,-0.1000,1
2025.01.20 19:35:32,BUY,0.6000,-0.4000,1
2025.01.20 19:41:15,BUY,1.1000,0.2000,1
2025.01.20 19:57:30,BUY,0.4000,0.1000,1
2025.01.20 20:56:23,SELL,0.4000,0.1000,4
2025.01.20 21:40:58,SELL,1.0000,-0.1000,0
2025.01.20 21:46:05,SELL,0.5000,-0.2000,1
2025.01.20 21:53:16,SELL,0.4000,0.1000,1
2025.01.20 22:04:56,SELL,0.4000,-0.1000,1
2025.01.20 22:13:03,SELL,0.6000,0.7000,1
2025.01.20 22:18:03,BUY,0.4000,0.2000,3
2025.01.20 22:36:40,SELL,0.4000,-0.6000,0
2025.01.20 22:42:43,BUY,0.4000,0.3000,2
2025.01.21 00:01:29,BUY,27.0000,-1.4000,42
2025.01.21 00:07:58,SELL,6.4000,0.4000,0
2025.01.21 01:02:27,SELL,0.6000,0.7000,1
2025.01.21 01:07:49,SELL,1.0000,-0.3000,1
2025.01.21 01:28:26,BUY,0.5000,-0.5000,1
2025.01.21 01:39:05,BUY,0.6000,0.0000,2
2025.01.21 01:44:05,SELL,0.4000,0.1000,1
2025.01.21 02:03:54,SELL,0.4000,0.1000,2
2025.01.21 02:10:44,SELL,0.4000,-0.3000,0
2025.01.21 02:31:59,BUY,0.5000,0.1000,0
2025.01.21 02:39:41,BUY,0.4000,-0.4000,1
2025.01.21 02:49:47,BUY,0.4000,-0.1000,1
2025.01.21 02:54:47,BUY,0.4000,0.1000,0
2025.01.21 02:59:47,BUY,0.5000,-0.1000,0
2025.01.21 03:05:44,SELL,0.4000,-0.2000,1
2025.01.21 03:10:46,SELL,0.4000,0.1000,0
2025.01.21 03:15:46,SELL,0.4000,-0.1000,1
2025.01.21 03:23:11,SELL,0.4000,-0.1000,1
2025.01.21 03:28:11,SELL,0.4000,0.3000,1
2025.01.21 03:33:11,BUY,0.6000,0.0000,0
2025.01.21 03:38:24,BUY,0.5000,-0.3000,1
2025.01.21 03:48:39,SELL,0.4000,0.6000,0
2025.01.21 03:57:07,SELL,0.4000,0.3000,1
2025.01.21 04:02:07,SELL,0.4000,0.1000,0
2025.01.21 04:58:03,SELL,0.4000,0.0000,1
2025.01.21 05:11:07,SELL,0.5000,0.1000,1
2025.01.21 06:13:21,SELL,0.5000,-0.2000,0
2025.01.21 08:38:27,BUY,0.5000,0.2000,1
2025.01.21 09:09:07,SELL,0.4000,-0.1000,1
2025.01.21 09:33:21,SELL,0.5000,-0.1000,0
2025.01.21 09:58:20,BUY,0.4000,0.1000,0
2025.01.21 10:03:20,BUY,0.4000,0.1000,0
2025.01.21 10:12:44,SELL,0.4000,0.1000,1
2025.01.21 10:37:05,BUY,0.4000,-0.1000,0
2025.01.21 10:47:41,SELL,0.4000,-0.1000,1
2025.01.21 11:22:10,SELL,0.4000,-0.3000,1
2025.01.21 11:33:56,BUY,0.5000,0.0000,1
2025.01.21 11:40:09,BUY,0.4000,-0.1000,0
2025.01.21 12:00:13,BUY,0.4000,-0.2000,1
2025.01.21 12:07:55,BUY,0.4000,0.1000,1
2025.01.21 12:12:55,BUY,0.4000,0.1000,1
2025.01.21 12:24:52,SELL,0.4000,-0.2000,1
2025.01.21 12:44:11,BUY,0.7000,-0.2000,1
2025.01.21 13:03:05,BUY,0.5000,0.0000,2
2025.01.21 13:32:32,BUY,0.6000,-0.8000,0
2025.01.21 13:49:17,SELL,0.4000,-0.2000,0
2025.01.21 13:57:12,BUY,0.4000,0.1000,3
2025.01.21 14:03:20,BUY,0.4000,-0.5000,1
2025.01.21 14:18:15,SELL,0.4000,0.2000,1
2025.01.21 14:28:08,SELL,0.5000,0.1000,2
2025.01.21 14:46:05,BUY,0.4000,-0.2000,0
2025.01.21 14:57:57,SELL,0.4000,-0.5000,0
2025.01.21 15:32:58,SELL,0.5000,0.0000,2
2025.01.21 16:11:59,SELL,0.4000,0.0000,1
2025.01.21 16:23:33,SELL,0.4000,0.9000,1
2025.01.21 16:33:03,BUY,0.4000,0.1000,1
2025.01.21 16:49:00,BUY,0.6000,0.2000,1
2025.01.21 17:01:30,SELL,0.4000,0.1000,0
2025.01.21 17:06:31,BUY,0.4000,0.1000,1
2025.01.21 17:14:13,SELL,0.4000,-0.6000,0
2025.01.21 17:22:27,SELL,0.5000,-0.1000,1
2025.01.21 17:32:53,SELL,0.4000,0.1000,1
2025.01.21 17:39:47,SELL,0.5000,0.3000,1
2025.01.21 17:48:17,SELL,0.4000,0.5000,0
2025.01.21 17:53:17,BUY,0.4000,0.2000,1
2025.01.21 18:12:00,BUY,0.4000,-0.3000,0
2025.01.21 18:24:11,BUY,0.4000,0.1000,0
2025.01.21 18:29:11,SELL,0.4000,0.1000,2
2025.01.21 18:37:47,BUY,0.5000,0.1000,1
2025.01.21 18:42:47,SELL,0.5000,-0.4000,1
2025.01.21 18:57:10,SELL,0.4000,0.1000,0
2025.01.21 23:09:18,SELL,0.5000,0.0000,1
2025.01.22 00:54:10,BUY,4.6000,2.0000,2
2025.01.22 01:04:37,BUY,0.6000,-2.6000,0
2025.01.22 01:09:59,BUY,1.0000,-0.7000,1
2025.01.22 01:17:20,SELL,0.4000,0.0000,1
2025.01.22 01:22:27,SELL,0.4000,0.2000,3
2025.01.22 01:47:04,SELL,0.5000,0.1000,6
2025.01.22 01:52:05,BUY,0.5000,0.0000,4
2025.01.22 02:03:06,SELL,0.5000,0.1000,2
2025.01.22 02:20:24,SELL,0.5000,-0.1000,0
2025.01.22 03:00:56,BUY,0.4000,-0.1000,1
2025.01.22 04:14:14,SELL,0.4000,0.2000,3
2025.01.22 08:13:07,BUY,0.5000,-0.5000,1
2025.01.22 08:19:26,BUY,0.4000,0.1000,3
2025.01.22 08:42:54,BUY,0.4000,0.1000,3
2025.01.22 09:08:09,SELL,0.4000,0.1000,1
2025.01.22 09:47:50,BUY,0.5000,-0.2000,0
2025.01.22 09:57:56,BUY,0.4000,-0.1000,1
2025.01.22 10:16:12,SELL,0.4000,-0.1000,0
2025.01.22 10:38:45,SELL,0.4000,0.2000,0
2025.01.22 11:27:54,SELL,0.4000,0.0000,1
2025.01.22 11:44:43,SELL,0.7000,-0.7000,1
2025.01.22 11:53:48,SELL,0.5000,0.3000,1
2025.01.22 11:58:48,SELL,0.4000,-0.1000,1
2025.01.22 12:08:01,SELL,0.4000,0.3000,0
2025.01.22 12:23:35,SELL,0.5000,0.5000,0
2025.01.22 13:09:00,SELL,0.5000,-0.6000,1
2025.01.22 14:26:05,BUY,0.4000,-0.9000,0
2025.01.22 15:37:18,BUY,0.4000,0.1000,1
2025.01.22 15:42:19,BUY,0.5000,-1.3000,1
2025.01.22 16:03:52,BUY,0.4000,-0.2000,1
2025.01.22 16:12:50,BUY,0.5000,0.0000,1
2025.01.22 16:24:41,SELL,0.4000,0.1000,0
2025.01.22 16:29:50,BUY,0.5000,-0.1000,1
2025.01.22 16:45:35,SELL,0.6000,0.6000,1
2025.01.22 17:00:56,BUY,0.4000,0.1000,0
2025.01.22 17:09:20,BUY,0.4000,0.2000,0
2025.01.22 17:34:48,SELL,0.4000,-0.1000,1
2025.01.22 17:44:51,BUY,0.6000,0.0000,0
2025.01.22 18:38:47,SELL,0.5000,0.0000,1
2025.01.22 19:33:13,SELL,0.4000,-0.8000,1
2025.01.23 00:03:35,SELL,4.3000,1.8000,0
2025.01.23 09:10:49,BUY,0.5000,-1.2000,0
2025.01.23 10:02:42,BUY,0.4000,0.0000,3
2025.01.23 11:02:38,SELL,0.5000,-0.1000,1
2025.01.23 13:48:51,BUY,0.5000,-0.1000,1
2025.01.23 14:52:36,SELL,0.4000,0.1000,1
2025.01.23 15:03:15,SELL,0.4000,0.0000,0
2025.01.23 15:13:49,BUY,0.5000,0.0000,1
2025.01.23 15:30:18,SELL,0.4000,0.5000,1
2025.01.23 17:03:38,BUY,0.5000,-0.8000,1
2025.01.23 17:17:57,BUY,0.4000,0.1000,1
2025.01.23 17:22:57,BUY,0.4000,-0.1000,2
2025.01.23 17:39:05,SELL,0.4000,-0.1000,1
2025.01.23 17:58:17,SELL,0.4000,0.1000,1
2025.01.23 18:11:38,BUY,0.6000,-1.9000,0
2025.01.23 18:16:38,SELL,0.5000,-0.1000,0
2025.01.23 18:21:38,SELL,0.4000,0.2000,0
2025.01.23 18:26:41,BUY,0.5000,-0.1000,0
2025.01.23 18:32:03,SELL,0.5000,0.0000,1
2025.01.23 18:38:26,BUY,0.4000,0.2000,0
2025.01.23 18:43:34,SELL,0.4000,-0.2000,0
2025.01.23 18:51:18,BUY,0.5000,-0.1000,1
2025.01.23 19:02:57,BUY,0.5000,-0.3000,0
2025.01.23 19:34:29,SELL,0.4000,0.2000,1
2025.01.23 22:31:55,BUY,0.6000,0.4000,0
2025.01.23 23:59:33,BUY,11.8000,-1.0000,0
2025.01.24 04:13:18,SELL,0.4000,-0.6000,1
2025.01.24 04:18:19,SELL,0.5000,-0.3000,0
2025.01.24 04:24:03,BUY,0.4000,-0.1000,1
2025.01.24 04:42:16,SELL,0.5000,-0.3000,3
2025.01.24 05:08:04,BUY,0.4000,0.1000,1
2025.01.24 05:36:28,SELL,0.4000,-0.1000,2
2025.01.24 06:43:40,BUY,0.4000,-0.1000,3
2025.01.24 08:38:07,SELL,1.2000,-1.4000,0
2025.01.24 08:56:08,BUY,0.5000,-0.2000,0
2025.01.24 09:17:29,SELL,0.4000,0.2000,2
2025.01.24 09:46:48,SELL,0.4000,-0.4000,0
2025.01.24 10:08:30,SELL,0.3000,-0.3000,1
2025.01.24 10:13:30,SELL,1.1000,-1.6000,0
2025.01.24 10:27:32,SELL,0.5000,0.5000,0
2025.01.24 10:32:32,SELL,0.4000,-1.3000,2
2025.01.24 10:46:20,BUY,0.5000,0.4000,1
2025.01.24 11:01:43,SELL,0.5000,-0.4000,0
2025.01.24 11:11:30,BUY,0.5000,0.3000,0
2025.01.24 11:16:39,SELL,0.4000,-0.5000,1
2025.01.24 11:21:39,SELL,0.5000,0.2000,1
2025.01.24 11:26:55,BUY,0.5000,0.3000,0
2025.01.24 11:38:10,BUY,0.3000,-0.2000,0
2025.01.24 11:50:50,SELL,0.4000,0.3000,0
2025.01.24 12:19:24,BUY,0.5000,-1.2000,1
2025.01.24 13:33:12,BUY,0.4000,0.0000,1
2025.01.24 13:46:25,SELL,0.7000,0.1000,1
2025.01.24 13:57:45,BUY,0.5000,-0.1000,1
2025.01.24 14:46:43,BUY,0.4000,-0.2000,2
2025.01.24 15:04:25,SELL,0.4000,0.0000,1
2025.01.24 15:09:26,BUY,0.5000,-0.3000,2
2025.01.24 15:19:34,BUY,0.5000,-0.1000,2
2025.01.24 16:09:35,SELL,0.4000,0.1000,1
2025.01.24 16:31:32,SELL,0.5000,-0.1000,1
2025.01.24 16:37:15,BUY,0.4000,-0.3000,2
2025.01.24 16:45:00,SELL,4.6000,2.0000,0
2025.01.24 16:54:14,SELL,0.4000,0.1000,0
2025.01.24 16:59:54,SELL,0.5000,0.3000,1
2025.01.24 17:04:54,SELL,0.4000,0.1000,0
2025.01.24 17:09:54,SELL,0.6000,-0.2000,0
2025.01.24 17:14:54,BUY,0.5000,0.2000,1
2025.01.24 17:22:51,SELL,0.5000,0.3000,1
2025.01.24 17:27:51,BUY,0.4000,-0.1000,1
2025.01.24 17:46:28,BUY,0.6000,0.0000,1
2025.01.24 17:51:38,SELL,0.4000,-0.2000,1
2025.01.24 18:17:23,BUY,0.5000,0.0000,1
2025.01.24 18:53:32,BUY,0.5000,-0.1000,1
2025.01.24 19:29:08,BUY,0.5000,0.0000,2
2025.01.24 23:57:31,BUY,4.0000,0.0000,0
2025.01.27 00:01:08,BUY,11.3000,0.6000,1
2025.01.27 01:01:11,BUY,3.3000,0.2000,0
2025.01.27 03:38:37,BUY,0.5000,-0.1000,5
2025.01.27 05:13:29,SELL,0.5000,-0.2000,1
2025.01.27 05:54:10,SELL,0.5000,0.4000,0
2025.01.27 09:09:45,BUY,0.5000,-0.1000,1
2025.01.27 09:23:44,SELL,0.5000,0.3000,1
2025.01.27 09:29:00,SELL,0.4000,0.2000,1
2025.01.27 09:57:52,BUY,0.4000,-0.1000,1
2025.01.27 10:02:56,SELL,0.4000,-0.2000,1
2025.01.27 10:13:38,SELL,0.5000,0.0000,1
2025.01.27 10:22:48,BUY,0.4000,0.1000,1
2025.01.27 11:04:30,BUY,0.4000,0.2000,1
2025.01.27 11:11:05,SELL,0.4000,0.2000,1
2025.01.27 11:18:42,BUY,0.5000,-0.2000,1
2025.01.27 11:24:25,BUY,0.4000,0.1000,1
2025.01.27 11:34:25,BUY,0.4000,-0.1000,1
2025.01.27 11:39:52,SELL,0.5000,-0.2000,0
2025.01.27 11:53:05,SELL,0.5000,-0.2000,1
2025.01.27 12:02:41,SELL,0.5000,0.1000,0
2025.01.27 12:10:31,BUY,0.5000,-0.3000,1
2025.01.27 12:44:25,SELL,0.4000,-0.1000,1
2025.01.27 13:13:45,SELL,0.4000,-0.3000,0
2025.01.27 13:19:19,BUY,0.4000,0.0000,1
2025.01.27 13:52:20,SELL,0.5000,-0.3000,1
2025.01.27 14:03:04,SELL,0.4000,0.3000,0
2025.01.27 14:29:05,SELL,0.5000,0.3000,1
2025.01.27 14:54:11,SELL,0.5000,-0.6000,0
2025.01.27 15:08:02,SELL,0.6000,-1.1000,0
2025.01.27 15:13:02,BUY,0.5000,-0.1000,0
2025.01.27 15:19:55,BUY,0.4000,0.1000,1
2025.01.27 15:24:55,BUY,0.5000,-0.2000,0
2025.01.27 15:52:21,SELL,0.4000,0.1000,1
2025.01.27 16:07:56,SELL,0.4000,0.4000,0
2025.01.27 16:14:55,BUY,0.5000,0.1000,1
2025.01.27 16:46:05,SELL,0.4000,0.1000,1
2025.01.27 17:02:21,BUY,0.4000,0.1000,0
2025.01.27 18:03:36,SELL,0.4000,0.1000,1
2025.01.27 18:32:27,BUY,0.4000,0.0000,1
2025.01.27 18:38:28,BUY,0.6000,-0.4000,0
2025.01.27 18:52:38,SELL,0.5000,0.2000,0
2025.01.27 18:59:29,BUY,0.5000,-0.1000,1
2025.01.27 19:24:57,SELL,0.4000,-0.1000,0
2025.01.27 19:29:57,BUY,0.5000,-1.0000,0
2025.01.27 19:47:05,SELL,0.4000,0.1000,2
2025.01.28 00:58:30,BUY,3.9000,0.0000,4
2025.01.28 01:03:34,BUY,0.4000,-0.7000,1
2025.01.28 01:10:53,BUY,0.4000,1.0000,1
2025.01.28 01:17:04,BUY,0.4000,-0.5000,1
2025.01.28 01:22:35,BUY,0.7000,0.7000,0
2025.01.28 01:27:39,BUY,0.4000,-0.4000,1
2025.01.28 01:32:39,BUY,0.4000,-0.5000,1
2025.01.28 01:37:39,SELL,0.4000,0.1000,3
2025.01.28 01:42:54,SELL,0.4000,-0.1000,1
2025.01.28 01:47:54,BUY,0.4000,0.2000,0
2025.01.28 01:52:55,SELL,0.5000,0.4000,1
2025.01.28 01:59:30,BUY,0.5000,-0.1000,1
2025.01.28 02:04:30,SELL,0.5000,0.1000,0
2025.01.28 02:13:27,BUY,0.5000,0.1000,1
2025.01.28 02:19:03,SELL,0.4000,-0.2000,2
2025.01.28 02:24:03,BUY,0.4000,-0.1000,0
2025.01.28 02:29:18,SELL,0.4000,0.7000,2
2025.01.28 03:03:08,SELL,0.4000,0.1000,1
2025.01.28 03:34:40,BUY,0.4000,0.2000,3
2025.01.28 03:42:30,BUY,0.4000,0.2000,0
2025.01.28 03:58:20,BUY,0.7000,1.1000,0
2025.01.28 04:03:20,BUY,0.4000,0.1000,0
2025.01.28 04:08:51,SELL,0.4000,-0.9000,0
2025.01.28 04:14:24,BUY,0.6000,-0.1000,0
2025.01.28 04:19:29,SELL,0.5000,0.0000,0
2025.01.28 05:29:11,SELL,0.4000,0.1000,10
2025.01.28 09:31:12,BUY,0.5000,0.1000,4
2025.01.28 09:38:40,BUY,0.4000,0.6000,1
2025.01.28 10:46:48,BUY,0.5000,-0.1000,0
2025.01.28 10:55:10,BUY,0.6000,1.1000,1
2025.01.28 11:08:03,SELL,0.4000,0.1000,1
2025.01.28 11:26:41,SELL,0.5000,-0.1000,1
2025.01.28 11:49:14,BUY,0.4000,0.1000,0
2025.01.28 12:53:34,BUY,0.5000,0.0000,0
2025.01.28 13:08:50,SELL,0.5000,0.1000,1
2025.01.28 14:04:06,BUY,0.4000,-0.1000,0
2025.01.28 14:13:14,SELL,0.4000,0.1000,1
2025.01.28 15:24:57,SELL,0.4000,0.1000,0
2025.01.28 15:33:35,SELL,0.4000,0.1000,1
2025.01.28 15:49:13,BUY,0.6000,-0.2000,1
2025.01.28 16:32:34,SELL,0.4000,0.1000,0
2025.01.28 16:38:10,SELL,0.4000,0.5000,0
2025.01.28 17:43:37,BUY,0.4000,0.1000,1
2025.01.28 17:53:16,BUY,0.5000,-0.5000,1
2025.01.28 18:03:37,SELL,0.4000,0.4000,1
2025.01.28 18:42:17,BUY,0.4000,0.1000,2
2025.01.28 20:37:56,BUY,0.4000,-0.1000,0
2025.01.29 00:00:33,BUY,11.3000,-1.1000,0
2025.01.29 09:24:06,BUY,0.4000,-0.5000,0
2025.01.29 09:29:23,BUY,0.5000,-2.0000,0
2025.01.29 10:06:13,SELL,0.4000,0.0000,2
2025.01.29 10:19:24,SELL,0.4000,0.0000,0
2025.01.29 11:03:17,BUY,0.5000,-0.6000,1
2025.01.29 11:42:15,BUY,0.5000,-0.4000,0
2025.01.29 11:49:35,BUY,0.4000,0.3000,0
2025.01.29 12:08:08,BUY,0.5000,-0.1000,1
2025.01.29 13:39:46,BUY,0.4000,0.1000,0
2025.01.29 14:18:36,BUY,0.4000,0.1000,0
2025.01.29 14:32:08,SELL,0.4000,0.1000,1
2025.01.29 15:07:41,BUY,0.4000,1.2000,1
2025.01.29 15:13:05,BUY,0.4000,-0.3000,1
2025.01.29 15:18:05,BUY,0.5000,-0.3000,1
2025.01.29 15:38:27,SELL,0.4000,0.1000,1
2025.01.29 16:08:19,SELL,0.5000,0.2000,0
2025.01.29 16:59:29,SELL,0.5000,0.0000,0
2025.01.29 17:14:42,SELL,0.4000,0.3000,1
2025.01.29 17:43:06,SELL,0.4000,-0.2000,0
2025.01.29 17:48:29,BUY,0.5000,0.1000,1
2025.01.29 18:06:56,BUY,0.5000,-0.8000,1
2025.01.29 18:13:04,SELL,0.5000,-0.4000,0
2025.01.29 19:01:07,SELL,0.5000,0.1000,1
2025.01.29 20:01:13,BUY,0.6000,0.1000,0
2025.01.29 21:00:06,BUY,1.6000,0.0000,1
2025.01.29 21:05:36,BUY,0.5000,-0.1000,0
2025.01.29 21:11:13,BUY,0.4000,-0.5000,1
2025.01.29 21:17:55,BUY,0.4000,-0.1000,1
2025.01.29 21:23:34,SELL,0.4000,0.0000,1
2025.01.29 21:28:37,BUY,0.4000,0.1000,0
2025.01.29 21:33:37,SELL,0.5000,-0.5000,0
2025.01.29 21:38:37,SELL,0.5000,-0.6000,0
2025.01.29 21:44:05,SELL,0.4000,0.1000,1
2025.01.29 21:49:05,BUY,0.4000,-0.2000,1
2025.01.29 21:54:05,SELL,0.4000,0.2000,1
2025.01.29 21:59:20,BUY,0.4000,-0.1000,0
2025.01.29 22:06:07,SELL,0.4000,0.0000,0
2025.01.29 22:11:07,SELL,0.4000,-0.2000,1
2025.01.29 22:16:59,BUY,0.4000,0.4000,1
2025.01.29 22:22:09,SELL,0.4000,0.3000,0
2025.01.29 22:28:20,BUY,0.5000,0.0000,2
2025.01.30 09:43:17,SELL,0.5000,0.1000,1
2025.01.30 10:00:01,SELL,0.6000,0.8000,1
2025.01.30 11:02:03,BUY,0.4000,0.1000,1
2025.01.30 11:21:22,BUY,0.5000,0.0000,0
2025.01.30 11:37:00,BUY,0.5000,-0.5000,0
2025.01.30 12:50:58,BUY,0.4000,-0.8000,0
2025.01.30 13:01:28,BUY,0.5000,0.0000,1
2025.01.30 13:58:31,BUY,0.4000,-0.1000,1
2025.01.30 15:20:43,SELL,0.4000,-0.1000,1
2025.01.30 15:27:42,SELL,0.5000,-0.2000,0
2025.01.30 15:32:42,BUY,0.4000,0.2000,1
2025.01.30 15:42:36,SELL,0.5000,-0.1000,1
2025.01.30 15:48:06,SELL,0.4000,0.0000,0
2025.01.30 15:53:06,SELL,1.0000,-1.0000,0
2025.01.30 15:58:06,SELL,0.4000,-0.6000,0
2025.01.30 16:03:07,BUY,0.7000,-0.1000,1
2025.01.30 16:08:07,BUY,0.4000,0.8000,0
2025.01.30 16:17:37,BUY,0.5000,-0.1000,0
2025.01.30 16:22:50,SELL,0.4000,0.3000,0
2025.01.30 16:29:30,BUY,0.4000,0.2000,1
2025.01.30 16:34:30,BUY,0.4000,-0.1000,0
2025.01.30 16:39:30,SELL,0.5000,0.0000,1
2025.01.30 16:46:54,BUY,0.4000,-0.1000,1
2025.01.30 17:01:19,SELL,0.4000,0.1000,0
2025.01.30 17:06:53,SELL,0.4000,0.6000,2
2025.01.30 17:14:25,BUY,0.5000,0.0000,0
2025.01.30 17:19:26,SELL,0.4000,0.2000,1
2025.01.30 17:38:54,BUY,0.4000,0.1000,1
2025.01.30 17:43:54,SELL,0.4000,-0.5000,1
2025.01.30 18:49:48,BUY,0.6000,0.4000,1
2025.01.30 19:08:48,BUY,0.4000,0.0000,1
2025.01.30 19:13:48,BUY,0.5000,0.2000,1
2025.01.30 19:19:08,SELL,0.3000,-0.3000,0
2025.01.30 22:36:47,BUY,4.1000,-3.9000,0
2025.01.30 22:43:41,BUY,0.4000,-0.6000,1
2025.01.30 22:48:41,SELL,0.4000,0.1000,0
2025.01.30 22:57:27,SELL,0.5000,0.5000,1
2025.01.30 23:03:24,SELL,0.4000,0.1000,3
2025.01.30 23:08:24,BUY,0.5000,0.1000,0
2025.01.30 23:13:40,SELL,0.5000,-0.7000,4
2025.01.30 23:59:58,BUY,5.0000,-0.7000,1
2025.01.31 03:27:23,BUY,1.8000,0.2000,0
2025.01.31 09:22:39,SELL,0.5000,0.0000,1
2025.01.31 09:46:39,BUY,0.4000,0.0000,1
2025.01.31 09:53:29,BUY,0.5000,0.1000,1
2025.01.31 10:06:52,BUY,0.4000,0.1000,1
2025.01.31 10:18:18,BUY,0.5000,0.0000,1
2025.01.31 10:52:00,BUY,0.4000,-0.5000,0
2025.01.31 11:00:00,BUY,4.6000,-1.7000,0
2025.01.31 11:06:26,SELL,0.5000,-0.7000,0
2025.01.31 11:14:16,BUY,0.4000,0.2000,1
2025.01.31 11:21:17,BUY,0.5000,0.4000,1
2025.01.31 11:39:45,SELL,0.5000,-0.3000,1
2025.01.31 12:03:18,BUY,0.6000,-0.1000,1
2025.01.31 12:11:54,BUY,0.4000,0.1000,1
2025.01.31 12:37:49,BUY,0.7000,0.5000,1
2025.01.31 13:24:05,BUY,0.4000,0.2000,1
2025.01.31 15:08:49,SELL,0.4000,0.0000,4
2025.01.31 15:21:18,BUY,0.5000,-0.1000,2
2025.01.31 15:30:23,BUY,0.8000,-0.2000,1
2025.01.31 15:41:12,BUY,0.5000,0.2000,1
2025.01.31 16:09:24,BUY,0.4000,0.1000,1
2025.01.31 16:14:24,BUY,0.4000,0.1000,1
2025.01.31 16:33:16,BUY,0.5000,0.1000,0
2025.01.31 16:58:13,BUY,0.4000,0.1000,1
2025.01.31 17:03:17,BUY,0.4000,0.2000,1
2025.01.31 17:14:39,SELL,0.4000,-0.1000,0
2025.01.31 17:27:23,SELL,0.4000,0.1000,1
2025.01.31 17:36:29,BUY,0.4000,1.3000,0
2025.01.31 17:46:31,SELL,0.5000,0.0000,1
2025.01.31 17:55:25,SELL,0.5000,0.0000,0
2025.01.31 18:03:20,BUY,0.6000,1.1000,1
2025.01.31 18:33:01,SELL,0.6000,-0.4000,1
2025.01.31 18:38:46,SELL,0.5000,-0.1000,0
2025.01.31 18:46:37,BUY,0.4000,0.1000,2
2025.01.31 19:08:39,BUY,0.5000,0.7000,0
2025.01.31 19:13:39,SELL,0.4000,-1.1000,0
2025.01.31 19:18:39,BUY,0.5000,-0.1000,1
2025.01.31 19:27:19,SELL,0.4000,0.3000,2
2025.01.31 19:32:46,BUY,0.4000,0.1000,1
2025.01.31 19:42:18,SELL,0.5000,0.1000,0
2025.01.31 19:47:18,BUY,0.4000,-1.3000,1
2025.01.31 19:52:29,SELL,0.4000,0.2000,1
2025.01.31 20:19:36,BUY,0.3000,-2.0000,0
2025.01.31 20:25:07,BUY,0.5000,0.8000,0
2025.01.31 20:30:55,BUY,0.4000,0.1000,1
2025.01.31 20:35:55,SELL,0.4000,-0.1000,1
2025.01.31 20:40:56,SELL,0.4000,0.3000,1
2025.01.31 20:48:06,SELL,0.4000,-0.1000,1
2025.01.31 20:53:07,BUY,0.4000,-0.1000,0
2025.01.31 20:58:07,BUY,0.4000,-0.1000,3
2025.01.31 21:13:52,SELL,0.4000,-0.1000,1
2025.01.31 21:38:17,BUY,0.4000,0.3000,0
2025.01.31 21:48:17,SELL,0.6000,0.1000,1
2025.01.31 21:54:51,SELL,0.4000,0.3000,1
2025.01.31 22:04:39,BUY,0.5000,0.0000,0
2025.01.31 22:16:09,BUY,0.4000,-0.2000,1
2025.01.31 22:51:18,BUY,0.5000,1.0000,1
2025.01.31 22:56:18,SELL,0.5000,-0.4000,0
2025.01.31 23:06:11,SELL,0.4000,0.1000,1
2025.01.31 23:11:11,BUY,0.5000,0.0000,1
2025.01.31 23:16:12,SELL,0.4000,0.2000,2
2025.01.31 23:28:01,SELL,0.4000,-0.1000,1
2025.01.31 23:33:30,BUY,1.1000,-0.3000,1
2025.01.31 23:59:59,SELL,2.0000,113.1000,172865
2025.02.03 00:01:04,BUY,20.0000,2.1000,0
2025.02.03 00:06:26,SELL,5.5000,0.3000,1
2025.02.03 00:11:26,SELL,6.4000,0.2000,1
2025.02.03 00:44:59,SELL,3.7000,0.0000,2
2025.02.03 00:52:53,BUY,4.6000,-0.1000,0
2025.02.03 01:00:03,SELL,4.6000,2.2000,1
2025.02.03 01:05:03,SELL,1.0000,0.4000,0
2025.02.03 01:11:01,BUY,0.4000,0.2000,1
2025.02.03 01:18:02,BUY,0.6000,0.0000,0
2025.02.03 01:23:02,BUY,0.4000,0.0000,0
2025.02.03 01:28:23,BUY,0.4000,0.1000,0
2025.02.03 01:33:23,SELL,0.4000,0.1000,1
2025.02.03 01:38:23,BUY,0.4000,0.1000,0
2025.02.03 01:43:26,SELL,0.4000,0.6000,2
2025.02.03 01:53:25,SELL,0.4000,0.5000,1
2025.02.03 02:02:25,SELL,0.4000,-0.1000,0
2025.02.03 02:09:07,SELL,0.4000,-0.1000,0
2025.02.03 02:14:09,BUY,0.4000,0.1000,0
2025.02.03 02:19:10,BUY,0.4000,-0.1000,0
2025.02.03 02:24:10,BUY,0.6000,0.8000,0
2025.02.03 02:29:10,SELL,0.5000,0.2000,0
2025.02.03 02:38:29,BUY,0.6000,-0.3000,0
2025.02.03 02:43:33,SELL,0.5000,-0.3000,1
2025.02.03 02:52:11,BUY,0.4000,0.2000,2
2025.02.03 02:57:11,SELL,0.4000,0.1000,1
2025.02.03 03:03:10,BUY,0.4000,0.6000,0
2025.02.03 03:08:50,SELL,0.8000,-1.5000,0
2025.02.03 03:18:19,SELL,0.7000,0.9000,0
2025.02.03 03:26:19,SELL,0.7000,0.3000,1
2025.02.03 03:34:12,BUY,0.5000,0.2000,0
2025.02.03 03:49:53,BUY,0.4000,-0.1000,1
2025.02.03 04:02:39,BUY,0.5000,-0.2000,1
2025.02.03 04:08:58,BUY,0.6000,0.1000,0
2025.02.03 04:31:28,BUY,0.4000,0.2000,1
2025.02.03 04:52:10,BUY,0.5000,0.2000,0
2025.02.03 05:53:00,SELL,0.4000,0.1000,1
2025.02.03 06:00:30,SELL,0.5000,-0.4000,0
2025.02.03 06:06:01,BUY,0.5000,0.5000,0
2025.02.03 08:03:19,SELL,0.4000,-0.4000,1
2025.02.03 08:51:27,BUY,0.4000,0.2000,0
2025.02.03 09:01:13,SELL,0.5000,0.0000,1
2025.02.03 09:10:33,BUY,0.5000,-0.1000,0
2025.02.03 09:17:36,BUY,0.6000,0.0000,1
2025.02.03 09:27:30,BUY,0.5000,0.3000,1
2025.02.03 09:41:20,BUY,0.5000,0.3000,0
2025.02.03 09:46:20,SELL,0.4000,0.2000,0
2025.02.03 09:51:37,BUY,0.4000,0.1000,1
2025.02.03 09:56:37,BUY,0.5000,0.3000,1
2025.02.03 10:01:37,BUY,0.4000,0.0000,2
2025.02.03 10:11:54,SELL,0.4000,0.1000,0
2025.02.03 10:19:44,SELL,0.4000,0.0000,1
2025.02.03 10:24:44,SELL,0.5000,0.0000,0
2025.02.03 10:29:44,SELL,0.4000,0.0000,1
2025.02.03 10:34:44,SELL,0.5000,-0.2000,1
2025.02.03 10:39:44,BUY,0.4000,-0.1000,0
2025.02.03 10:52:34,BUY,0.4000,-0.2000,1
2025.02.03 10:57:42,SELL,0.4000,0.0000,1
2025.02.03 11:03:29,SELL,0.6000,0.2000,0
2025.02.03 11:22:52,BUY,0.4000,0.1000,0
2025.02.03 11:27:56,SELL,0.5000,-0.1000,1
2025.02.03 11:41:10,BUY,0.6000,0.1000,1
2025.02.03 11:46:10,BUY,0.5000,0.0000,0
2025.02.03 12:08:12,SELL,0.4000,0.2000,1
2025.02.03 12:22:44,BUY,0.5000,0.0000,1
2025.02.03 13:09:07,SELL,0.5000,-0.2000,0
2025.02.03 13:29:12,BUY,0.4000,0.2000,1
2025.02.03 14:22:30,SELL,0.4000,0.2000,1
2025.02.03 14:27:30,SELL,0.5000,0.4000,1
2025.02.03 14:34:01,SELL,0.5000,0.3000,1
2025.02.03 14:43:21,BUY,0.5000,0.2000,1
2025.02.03 14:53:09,BUY,0.6000,-0.2000,0
2025.02.03 14:58:21,BUY,0.4000,0.6000,0
2025.02.03 15:03:21,SELL,0.6000,0.0000,1
2025.02.03 15:10:14,BUY,0.4000,0.0000,0
2025.02.03 15:42:34,BUY,0.4000,0.4000,0
2025.02.03 16:02:06,BUY,0.4000,-0.1000,2
2025.02.03 16:13:11,SELL,0.5000,0.0000,2
2025.02.03 16:20:58,BUY,0.6000,-0.4000,0
2025.02.03 16:32:22,BUY,0.4000,0.0000,0
2025.02.03 16:37:45,BUY,0.4000,-0.1000,1
2025.02.03 16:49:05,BUY,0.4000,0.3000,1
2025.02.03 17:05:17,SELL,0.5000,1.3000,0
2025.02.03 17:11:23,SELL,0.5000,-0.1000,1
2025.02.03 17:17:54,SELL,0.4000,0.6000,0
2025.02.03 17:22:54,SELL,0.5000,-0.2000,0
2025.02.03 17:27:54,BUY,0.4000,0.2000,0
2025.02.03 17:33:17,SELL,0.4000,-0.9000,1
2025.02.03 17:38:33,BUY,0.7000,0.5000,0
2025.02.03 17:43:33,SELL,0.5000,0.1000,0
2025.02.03 17:48:33,BUY,0.5000,-0.2000,0
2025.02.03 17:53:33,SELL,0.4000,-0.1000,1
2025.02.03 18:02:54,SELL,0.4000,0.2000,1
2025.02.03 18:07:54,BUY,0.4000,0.4000,0
2025.02.03 18:12:54,SELL,0.5000,-0.1000,1
2025.02.03 18:20:29,BUY,0.5000,-0.5000,1
2025.02.03 18:26:23,BUY,0.4000,0.1000,1
2025.02.03 18:49:23,BUY,0.7000,-1.2000,0
2025.02.03 18:56:23,BUY,0.4000,0.2000,0
2025.02.03 19:01:23,SELL,0.7000,-0.1000,1
2025.02.03 19:12:52,SELL,0.5000,0.2000,0
2025.02.03 19:55:06,BUY,2.1000,-1.0000,1
2025.02.03 20:01:02,BUY,0.4000,0.5000,1
2025.02.03 20:09:21,BUY,0.4000,-0.6000,0
2025.02.03 20:14:21,SELL,0.4000,0.7000,1
2025.02.03 21:04:44,SELL,0.6000,-0.4000,1
2025.02.03 21:13:56,SELL,0.5000,-0.2000,2
2025.02.03 21:59:00,BUY,0.4000,-0.1000,0
2025.02.03 23:19:48,SELL,0.6000,-1.2000,0
2025.02.03 23:36:06,SELL,0.5000,-1.8000,0
2025.02.03 23:41:37,SELL,0.7000,-1.0000,0
2025.02.03 23:46:37,SELL,0.5000,0.2000,1
2025.02.03 23:52:15,BUY,0.6000,-0.1000,3
2025.02.03 23:57:42,SELL,1.3000,0.4000,1
2025.02.04 00:02:56,BUY,12.5000,-0.5000,0
2025.02.04 00:09:10,BUY,15.2000,0.0000,1
2025.02.04 00:22:32,SELL,4.6000,-0.2000,1
2025.02.04 01:09:13,SELL,3.2000,0.3000,0
2025.02.04 03:12:52,BUY,0.4000,0.4000,1
2025.02.04 03:29:19,SELL,0.5000,-0.4000,3
2025.02.04 03:44:01,SELL,0.4000,-0.2000,2
2025.02.04 07:01:59,BUY,0.5000,0.5000,0
2025.02.04 07:06:59,BUY,0.5000,0.1000,0
2025.02.04 07:11:59,BUY,0.5000,0.1000,0
2025.02.04 07:23:59,BUY,0.5000,-0.1000,1
2025.02.04 07:28:59,SELL,0.6000,0.0000,1
2025.02.04 08:52:16,SELL,0.5000,-0.1000,1
2025.02.04 08:58:34,SELL,0.4000,0.2000,1
2025.02.04 09:04:52,BUY,0.4000,-0.1000,4
2025.02.04 09:13:02,SELL,0.5000,0.1000,0
2025.02.04 09:53:30,BUY,0.4000,0.1000,2
2025.02.04 10:02:59,SELL,0.5000,-0.2000,1
2025.02.04 10:08:34,SELL,0.4000,-0.7000,0
2025.02.04 10:22:01,SELL,0.4000,-0.5000,0
2025.02.04 10:29:36,SELL,0.4000,0.3000,2
2025.02.04 10:37:30,BUY,0.5000,0.0000,1
2025.02.04 10:54:19,SELL,0.5000,0.1000,1
2025.02.04 10:59:30,SELL,0.4000,-0.1000,0
2025.02.04 11:41:24,BUY,0.5000,0.0000,1
2025.02.04 12:29:45,BUY,0.4000,0.1000,2
2025.02.04 12:34:46,BUY,0.4000,0.1000,2
2025.02.04 13:03:55,BUY,0.6000,0.1000,1
2025.02.04 15:03:30,SELL,0.5000,-0.9000,0
2025.02.04 15:24:48,BUY,0.5000,-0.2000,1
2025.02.04 15:44:44,SELL,0.6000,0.2000,0
2025.02.04 16:00:43,SELL,0.6000,0.3000,1
2025.02.04 16:08:01,SELL,0.4000,-0.5000,2
2025.02.04 16:17:20,SELL,0.4000,0.1000,0
2025.02.04 16:22:23,BUY,0.5000,0.0000,2
2025.02.04 16:49:32,SELL,0.4000,-0.1000,1
2025.02.04 16:54:32,SELL,0.6000,-0.1000,1
2025.02.04 17:00:01,SELL,1.7000,-1.3000,0
2025.02.04 17:06:36,BUY,0.5000,-0.8000,0
2025.02.04 17:12:48,SELL,0.6000,-0.1000,1
2025.02.04 17:17:50,SELL,0.6000,-1.2000,0
2025.02.04 17:28:59,BUY,0.5000,0.1000,1
2025.02.04 17:34:48,SELL,0.5000,-0.3000,0
2025.02.04 17:39:48,SELL,0.4000,0.2000,0
2025.02.04 17:54:36,SELL,0.4000,-0.3000,0
2025.02.04 17:59:36,BUY,0.4000,0.1000,1
2025.02.04 18:13:53,BUY,0.5000,-0.2000,3
2025.02.04 18:18:54,SELL,0.4000,0.3000,1
2025.02.04 18:37:37,SELL,0.6000,-0.1000,1
2025.02.04 18:47:16,SELL,0.4000,0.1000,2
2025.02.04 18:54:38,BUY,0.5000,-0.1000,0
2025.02.04 19:31:48,BUY,0.5000,-0.2000,1
2025.02.04 20:42:59,SELL,0.4000,0.2000,0
2025.02.04 21:59:29,BUY,0.5000,1.1000,0
2025.02.05 00:02:23,BUY,8.4000,2.2000,37
2025.02.05 03:21:32,SELL,0.4000,0.4000,3
2025.02.05 03:33:00,BUY,0.4000,0.2000,1
2025.02.05 04:13:17,SELL,0.5000,-0.1000,0
2025.02.05 08:18:48,SELL,0.5000,0.1000,1
2025.02.05 08:24:25,SELL,0.4000,0.2000,1
2025.02.05 09:19:40,SELL,0.4000,0.2000,0
2025.02.05 09:26:19,SELL,0.6000,-1.1000,0
2025.02.05 09:34:04,BUY,0.5000,0.1000,0
2025.02.05 09:39:04,SELL,0.4000,0.3000,1
2025.02.05 09:52:43,BUY,0.5000,0.1000,1
2025.02.05 10:16:23,BUY,0.5000,-0.1000,1
2025.02.05 10:37:16,BUY,0.5000,0.5000,1
2025.02.05 10:44:55,SELL,0.6000,-0.1000,0
2025.02.05 11:03:13,SELL,0.5000,0.0000,1
2025.02.05 11:16:43,SELL,0.4000,-1.1000,0
2025.02.05 11:32:49,BUY,0.5000,-0.1000,1
2025.02.05 12:16:23,SELL,0.4000,0.1000,1
2025.02.05 12:29:15,SELL,0.4000,0.0000,1
2025.02.05 12:34:19,SELL,0.5000,0.0000,2
2025.02.05 12:42:18,BUY,0.5000,0.0000,0
2025.02.05 12:49:59,SELL,0.5000,-0.1000,0
2025.02.05 12:54:59,BUY,0.5000,0.1000,1
2025.02.05 15:15:01,BUY,3.9000,-0.4000,0
2025.02.05 15:20:22,SELL,0.5000,0.1000,1
2025.02.05 15:34:38,BUY,0.5000,0.2000,1
2025.02.05 15:39:43,SELL,0.4000,0.5000,0
2025.02.05 15:58:20,SELL,0.5000,0.0000,1
2025.02.05 16:06:19,SELL,0.4000,0.1000,0
2025.02.05 17:00:00,SELL,1.1000,-1.6000,0
2025.02.05 17:06:03,BUY,0.4000,0.2000,0
2025.02.05 17:13:19,BUY,0.4000,0.1000,1
2025.02.05 17:18:19,SELL,0.4000,0.0000,2
2025.02.05 17:55:27,BUY,0.5000,0.1000,1
2025.02.05 18:12:57,BUY,0.5000,0.3000,0
2025.02.05 18:24:17,SELL,0.4000,-0.3000,1
2025.02.05 18:42:45,BUY,0.5000,0.1000,1
2025.02.05 18:47:46,BUY,0.4000,-0.5000,1
2025.02.05 19:18:02,BUY,0.4000,-0.1000,1
2025.02.06 09:33:25,BUY,0.5000,-0.1000,1
2025.02.06 10:09:14,BUY,0.3000,-0.1000,0
2025.02.06 10:28:57,BUY,0.5000,-0.1000,0
2025.02.06 10:44:26,BUY,0.5000,0.2000,1
2025.02.06 10:59:32,SELL,0.4000,0.0000,1
2025.02.06 11:19:21,BUY,0.4000,0.2000,3
2025.02.06 11:56:42,BUY,0.5000,0.0000,1
2025.02.06 12:44:05,BUY,0.6000,-0.3000,1
2025.02.06 13:19:54,SELL,0.4000,-0.1000,1
2025.02.06 14:00:23,BUY,0.5000,-0.1000,1
2025.02.06 14:10:46,BUY,0.5000,0.2000,1
2025.02.06 14:36:48,BUY,0.4000,0.1000,0
2025.02.06 14:41:49,SELL,0.5000,-0.8000,1
2025.02.06 15:03:50,BUY,0.6000,0.3000,1
2025.02.06 15:30:01,SELL,0.7000,0.0000,0
2025.02.06 16:07:43,SELL,0.4000,0.0000,2
2025.02.06 16:48:06,BUY,0.5000,0.4000,1
2025.02.06 17:02:01,SELL,0.4000,-0.2000,1
2025.02.06 17:29:59,BUY,0.4000,0.0000,1
2025.02.06 17:42:36,SELL,0.4000,-0.2000,3
2025.02.06 19:04:16,SELL,0.4000,-0.1000,1
2025.02.06 19:33:49,BUY,0.5000,0.0000,0
2025.02.06 20:09:54,BUY,0.6000,-1.1000,0
2025.02.06 20:15:32,SELL,0.4000,0.1000,2
2025.02.06 20:39:16,SELL,0.4000,0.0000,1
2025.02.06 20:44:17,SELL,0.4000,0.1000,1
2025.02.06 20:54:04,BUY,0.4000,-0.1000,1
2025.02.07 02:02:57,SELL,0.5000,-0.1000,1
2025.02.07 14:04:32,BUY,0.5000,0.1000,0
2025.02.07 15:30:01,SELL,2.4000,-1.9000,0
2025.02.07 15:36:02,BUY,0.4000,-0.2000,1
2025.02.07 15:41:02,BUY,0.5000,-0.2000,0
2025.02.07 15:46:32,BUY,0.6000,-0.3000,1
2025.02.07 15:57:50,SELL,0.5000,0.5000,1
2025.02.07 16:03:12,SELL,0.5000,-0.4000,0
2025.02.07 16:08:30,SELL,0.5000,0.3000,1
2025.02.07 16:13:55,SELL,0.5000,0.0000,0
2025.02.07 16:21:45,SELL,0.6000,-0.3000,1
2025.02.07 16:28:22,SELL,0.5000,0.2000,1
2025.02.07 17:00:01,BUY,1.0000,0.9000,0
2025.02.07 17:10:48,BUY,0.5000,0.1000,1
2025.02.07 17:24:43,BUY,0.4000,-0.9000,0
2025.02.07 17:33:55,SELL,0.4000,0.0000,0
2025.02.07 17:43:57,SELL,0.5000,-0.3000,1
2025.02.07 17:48:57,SELL,0.6000,0.1000,0
2025.02.07 17:53:57,BUY,0.4000,0.4000,0
2025.02.07 17:59:02,SELL,0.6000,-0.2000,1
2025.02.07 18:04:02,BUY,0.5000,-0.6000,1
2025.02.07 18:09:02,SELL,0.4000,0.8000,0
2025.02.07 18:14:02,BUY,0.6000,-0.3000,1
2025.02.07 18:19:38,SELL,0.5000,0.1000,0
2025.02.07 18:26:26,BUY,0.4000,-0.1000,1
2025.02.07 18:35:47,BUY,0.5000,0.6000,0
2025.02.07 18:42:15,BUY,0.4000,0.2000,0
2025.02.07 18:48:06,SELL,0.6000,0.1000,1
2025.02.07 18:58:19,BUY,2.1000,-1.8000,0
2025.02.07 19:03:29,BUY,0.4000,0.0000,1
2025.02.07 19:08:29,SELL,0.5000,0.1000,0
2025.02.07 19:13:52,BUY,0.5000,0.1000,0
2025.02.07 19:18:52,BUY,0.5000,-0.4000,0
2025.02.07 19:23:52,SELL,0.4000,-0.5000,1
2025.02.07 19:28:52,BUY,0.4000,0.1000,0
2025.02.07 19:34:50,SELL,0.6000,0.1000,1
2025.02.07 19:41:51,BUY,0.6000,0.0000,1
2025.02.07 19:46:56,BUY,0.5000,0.2000,1
2025.02.07 20:09:51,SELL,0.6000,-0.1000,0
2025.02.07 20:43:25,BUY,0.4000,-0.2000,2
2025.02.07 21:16:35,SELL,0.4000,-0.1000,0
2025.02.07 21:42:33,SELL,0.4000,0.4000,1
2025.02.07 22:28:05,BUY,0.5000,0.0000,1
2025.02.07 22:44:50,BUY,0.4000,0.2000,6
2025.02.10 00:00:48,BUY,20.0000,-1.5000,1
2025.02.10 00:06:06,SELL,5.5000,-0.2000,2
2025.02.10 00:11:09,SELL,5.5000,0.0000,0
2025.02.10 00:21:06,BUY,4.6000,-0.3000,1
2025.02.10 00:46:18,BUY,4.6000,0.1000,0
2025.02.10 00:59:29,BUY,4.1000,-0.7000,0
2025.02.10 01:04:29,SELL,0.4000,0.6000,2
2025.02.10 02:02:36,SELL,0.4000,0.0000,0
2025.02.10 02:19:10,SELL,0.4000,-0.1000,5
2025.02.10 09:19:07,BUY,0.5000,0.4000,1
2025.02.10 09:28:27,BUY,0.4000,0.2000,1
2025.02.10 10:22:21,SELL,0.4000,0.3000,0
2025.02.10 10:28:38,SELL,0.4000,0.1000,1
2025.02.10 11:03:58,SELL,0.4000,-0.3000,0
2025.02.10 12:38:00,SELL,0.5000,0.2000,0
2025.02.10 14:08:06,BUY,0.4000,-0.6000,0
2025.02.10 15:54:40,SELL,0.4000,-0.4000,0
2025.02.10 16:07:10,BUY,0.4000,0.0000,1
2025.02.10 16:18:55,BUY,0.4000,0.3000,0
2025.02.10 16:24:23,BUY,0.5000,0.0000,1
2025.02.10 17:03:09,SELL,0.5000,0.0000,1
2025.02.10 17:19:59,BUY,0.4000,0.4000,1
2025.02.10 18:34:55,BUY,0.4000,-0.2000,1
2025.02.10 18:48:41,BUY,0.4000,0.1000,6
2025.02.10 18:59:05,SELL,0.4000,0.1000,1
2025.02.11 10:40:59,SELL,0.4000,0.1000,1
2025.02.11 11:53:20,SELL,0.5000,0.2000,0
2025.02.11 16:49:10,SELL,0.4000,0.1000,1
2025.02.11 17:08:41,SELL,0.5000,0.0000,1
2025.02.11 17:18:51,SELL,0.4000,0.1000,1
2025.02.11 17:36:54,SELL,0.4000,-0.1000,1
2025.02.11 17:41:55,BUY,0.5000,0.1000,1
2025.02.11 18:08:26,SELL,0.4000,0.1000,1
2025.02.11 21:39:39,SELL,0.5000,0.2000,0
2025.02.11 21:48:11,BUY,0.4000,0.1000,1
2025.02.11 22:33:09,SELL,0.5000,0.1000,0
2025.02.12 01:13:43,SELL,0.7000,-0.1000,2
2025.02.12 03:48:49,SELL,0.6000,-0.2000,1
2025.02.12 09:51:31,SELL,0.4000,-0.1000,0
2025.02.12 09:57:10,SELL,0.4000,0.2000,1
2025.02.12 10:57:31,BUY,0.5000,-0.6000,1
2025.02.12 13:19:56,SELL,0.5000,-0.4000,1
2025.02.12 15:17:47,BUY,0.5000,0.0000,1
2025.02.12 15:30:02,BUY,4.6000,-6.2000,0
2025.02.12 15:36:06,BUY,0.4000,-0.5000,1
2025.02.12 15:43:37,SELL,0.4000,0.0000,1
2025.02.12 15:56:01,SELL,0.4000,-0.3000,1
2025.02.12 16:01:40,BUY,0.5000,0.0000,0
2025.02.12 16:07:04,SELL,0.4000,-0.4000,1
2025.02.12 16:16:11,SELL,0.4000,0.5000,0
2025.02.12 16:26:29,SELL,0.4000,-0.4000,1
2025.02.12 16:31:34,BUY,0.4000,0.0000,1
2025.02.12 16:43:00,BUY,0.4000,0.1000,3
2025.02.12 16:56:13,SELL,0.4000,0.0000,1
2025.02.12 17:01:26,BUY,0.4000,-0.1000,1
2025.02.12 17:08:19,SELL,0.4000,-0.1000,1
2025.02.12 17:14:58,BUY,0.4000,-0.1000,2
2025.02.12 17:22:25,SELL,0.5000,-0.2000,1
2025.02.12 17:27:25,SELL,0.4000,0.1000,1
2025.02.12 17:34:45,SELL,0.4000,-0.2000,0
2025.02.12 17:39:45,SELL,0.5000,0.0000,0
2025.02.12 17:46:08,BUY,0.5000,0.4000,1
2025.02.12 17:51:08,BUY,0.4000,0.0000,0
2025.02.12 18:04:46,BUY,0.5000,-0.1000,1
2025.02.12 18:09:46,BUY,0.4000,0.3000,1
2025.02.12 18:17:04,BUY,0.4000,0.1000,1
2025.02.12 18:29:29,SELL,0.5000,0.0000,1
2025.02.12 18:53:58,SELL,0.5000,-0.1000,1
2025.02.12 18:58:58,SELL,0.6000,-0.1000,1
2025.02.12 19:03:59,SELL,0.6000,0.0000,1
2025.02.12 19:13:12,SELL,0.5000,1.0000,0
2025.02.12 19:21:27,SELL,0.5000,-0.2000,0
2025.02.12 19:32:37,BUY,0.5000,-0.1000,0
2025.02.12 19:47:34,SELL,0.4000,0.2000,0
2025.02.12 19:52:34,SELL,0.6000,0.0000,0
2025.02.12 20:03:21,BUY,0.4000,0.0000,1
2025.02.12 20:08:41,BUY,0.4000,0.2000,1
2025.02.12 20:27:41,BUY,0.4000,-0.1000,1
2025.02.12 20:32:41,BUY,0.5000,-0.4000,0
2025.02.12 20:39:56,BUY,0.5000,0.5000,1
2025.02.12 20:57:29,BUY,0.5000,-0.1000,3
2025.02.12 23:00:34,BUY,4.6000,-3.8000,0
2025.02.13 02:27:22,SELL,0.4000,-0.8000,1
2025.02.13 06:03:48,SELL,0.4000,0.1000,1
2025.02.13 06:39:22,SELL,0.4000,-0.3000,0
2025.02.13 07:33:18,BUY,0.5000,-0.1000,1
2025.02.13 09:04:16,SELL,0.5000,0.1000,1
2025.02.13 09:51:52,BUY,0.5000,-0.3000,4
2025.02.13 10:09:34,BUY,0.5000,0.1000,1
2025.02.13 11:44:44,SELL,0.5000,-0.1000,0
2025.02.13 13:03:40,SELL,0.6000,0.2000,0
2025.02.13 13:46:35,BUY,0.7000,-2.3000,0
2025.02.13 13:51:35,BUY,0.5000,0.3000,0
2025.02.13 14:01:33,BUY,0.4000,0.3000,1
2025.02.13 14:09:54,BUY,0.5000,0.7000,1
2025.02.13 14:20:36,SELL,0.5000,-0.2000,1
2025.02.13 14:54:44,BUY,0.4000,0.1000,1
2025.02.13 14:59:47,BUY,0.4000,-0.1000,1
2025.02.13 15:29:51,BUY,4.6000,0.3000,1
2025.02.13 15:34:51,SELL,0.4000,0.1000,0
2025.02.13 15:39:51,SELL,0.5000,0.6000,0
2025.02.13 15:44:52,BUY,0.4000,-0.1000,1
2025.02.13 15:49:52,BUY,0.4000,0.6000,0
2025.02.13 15:54:52,BUY,0.5000,-0.2000,1
2025.02.13 16:04:54,BUY,0.5000,0.3000,0
2025.02.13 16:19:01,SELL,0.4000,0.3000,0
2025.02.13 16:27:17,BUY,0.4000,0.2000,1
2025.02.13 16:43:31,SELL,0.4000,0.2000,2
2025.02.13 16:48:31,SELL,0.5000,0.0000,0
2025.02.13 17:02:44,SELL,1.1000,0.3000,0
2025.02.13 17:10:22,SELL,0.4000,-0.4000,1
2025.02.13 17:15:23,SELL,0.4000,-0.5000,0
2025.02.13 17:21:52,BUY,0.6000,-0.7000,1
2025.02.13 17:33:26,SELL,0.5000,0.1000,1
2025.02.13 17:44:44,BUY,0.5000,-0.1000,1
2025.02.13 17:49:44,SELL,0.4000,0.3000,1
2025.02.13 17:55:29,SELL,0.5000,-0.1000,1
2025.02.13 18:04:05,SELL,0.4000,-0.2000,1
2025.02.13 18:11:02,BUY,0.4000,0.5000,1
2025.02.13 18:31:43,BUY,0.4000,-0.1000,1
2025.02.13 18:37:23,BUY,0.5000,-0.1000,1
2025.02.13 19:43:57,BUY,0.4000,0.2000,1
2025.02.13 20:19:08,BUY,0.4000,-1.4000,0
2025.02.13 20:40:42,BUY,0.9000,-2.4000,0
2025.02.13 20:45:59,BUY,0.6000,1.5000,1
2025.02.13 20:51:00,BUY,0.4000,-0.2000,1
2025.02.13 20:57:27,SELL,0.6000,-0.3000,0
2025.02.13 21:02:36,SELL,0.5000,0.1000,2
2025.02.13 21:07:36,SELL,0.4000,-0.1000,0
2025.02.13 21:16:02,SELL,0.4000,-0.3000,0
2025.02.13 21:28:50,SELL,0.4000,0.1000,1
2025.02.13 21:42:19,BUY,0.4000,-0.3000,1
2025.02.13 21:52:19,SELL,0.4000,0.1000,3
2025.02.13 22:12:58,SELL,0.4000,0.0000,2
2025.02.13 22:17:59,SELL,0.4000,0.0000,0
2025.02.13 22:54:40,SELL,0.5000,-0.1000,1
2025.02.14 01:39:28,BUY,0.6000,-0.1000,1
2025.02.14 02:19:48,SELL,0.4000,0.0000,0
2025.02.14 09:08:53,SELL,0.4000,0.1000,1
2025.02.14 10:14:55,SELL,0.4000,0.2000,1
2025.02.14 10:24:45,SELL,0.5000,0.3000,1
2025.02.14 10:34:51,SELL,0.5000,-0.1000,1
2025.02.14 10:57:28,BUY,0.5000,-0.1000,0
2025.02.14 11:39:15,BUY,0.4000,0.1000,0
2025.02.14 12:29:59,BUY,0.5000,0.1000,2
2025.02.14 12:39:14,BUY,0.5000,0.2000,1
2025.02.14 13:14:39,SELL,0.4000,0.0000,0
2025.02.14 14:32:38,SELL,0.5000,0.0000,2
2025.02.14 14:44:13,BUY,0.4000,-0.3000,0
2025.02.14 15:18:23,SELL,0.4000,0.2000,1
2025.02.14 15:29:50,BUY,3.6000,-0.1000,0
2025.02.14 15:34:50,SELL,0.4000,0.3000,0
2025.02.14 15:41:31,SELL,0.4000,-0.1000,1
2025.02.14 15:46:31,SELL,0.5000,-0.8000,1
2025.02.14 15:57:14,BUY,0.4000,-0.1000,1
2025.02.14 16:02:15,SELL,0.4000,0.1000,0
2025.02.14 16:16:21,BUY,0.6000,0.4000,1
2025.02.14 16:36:56,SELL,0.6000,-0.7000,0
2025.02.14 16:43:03,SELL,0.5000,0.0000,1
2025.02.14 16:51:58,BUY,0.4000,0.1000,1
2025.02.14 17:02:18,BUY,0.5000,0.1000,2
2025.02.14 17:12:51,BUY,0.4000,0.1000,1
2025.02.14 17:28:12,BUY,0.4000,0.1000,2
2025.02.14 17:33:13,SELL,0.5000,0.0000,0
2025.02.14 17:38:40,SELL,0.4000,0.2000,2
2025.02.14 18:13:43,BUY,0.4000,-0.1000,1
2025.02.14 23:54:30,BUY,0.5000,0.2000,1
2025.02.17 00:01:00,BUY,5.3000,-1.1000,17
2025.02.17 02:13:54,BUY,0.5000,-0.1000,1
2025.02.17 09:24:51,BUY,0.5000,-0.1000,1
2025.02.17 09:56:03,BUY,0.5000,0.3000,0
2025.02.17 10:03:06,BUY,0.4000,0.1000,1
2025.02.17 10:24:32,BUY,0.5000,0.1000,0
2025.02.17 11:14:07,SELL,0.5000,0.1000,1
2025.02.17 12:46:45,SELL,0.4000,-0.2000,1
2025.02.17 14:43:11,BUY,0.5000,0.0000,0
2025.02.17 15:27:49,BUY,0.4000,0.2000,0
2025.02.17 17:58:16,SELL,0.4000,-0.1000,2
2025.02.18 00:00:31,BUY,12.8000,-0.2000,15
2025.02.18 05:34:29,SELL,0.5000,0.2000,1
2025.02.18 10:11:18,BUY,0.4000,0.1000,1
2025.02.18 10:19:25,SELL,0.5000,0.1000,3
2025.02.18 10:24:58,SELL,0.5000,0.1000,1
2025.02.18 11:53:07,SELL,0.4000,-0.2000,2
2025.02.18 14:19:43,BUY,0.6000,-0.1000,1
2025.02.18 14:34:39,SELL,0.4000,0.2000,1
2025.02.18 15:09:59,BUY,0.5000,-0.1000,1
2025.02.18 15:39:13,BUY,0.5000,-0.1000,0
2025.02.18 15:56:50,BUY,0.5000,0.4000,1
2025.02.18 16:27:09,SELL,0.4000,0.1000,2
2025.02.18 17:03:40,SELL,0.4000,0.1000,1
2025.02.18 17:57:59,SELL,0.4000,-0.1000,1
2025.02.18 19:04:06,BUY,0.4000,0.0000,0
2025.02.18 19:47:36,BUY,0.4000,-0.1000,0
2025.02.18 19:57:49,SELL,0.5000,-0.2000,0
2025.02.18 20:09:20,BUY,0.5000,0.0000,1
2025.02.18 20:53:49,SELL,0.5000,0.1000,1
2025.02.19 10:33:28,SELL,0.4000,0.1000,1
2025.02.19 10:43:03,BUY,0.4000,-0.2000,3
2025.02.19 11:01:42,BUY,0.5000,-0.3000,0
2025.02.19 11:58:30,BUY,0.4000,0.0000,1
2025.02.19 12:39:49,BUY,0.4000,0.1000,0
2025.02.19 13:01:46,SELL,0.4000,1.0000,0
2025.02.19 13:07:15,SELL,0.4000,0.0000,0
2025.02.19 16:26:41,BUY,0.0000,0.5000,1
2025.02.19 16:39:52,SELL,0.1000,-0.1000,0
2025.02.19 17:31:14,SELL,0.0000,0.4000,0
2025.02.19 17:38:44,BUY,0.1000,-0.5000,0
2025.02.19 17:48:45,BUY,0.1000,-0.2000,0
2025.02.19 18:03:41,BUY,0.1000,0.5000,0
2025.02.19 18:17:18,BUY,0.1000,-0.4000,1
2025.02.19 18:33:30,SELL,0.1000,0.4000,0
2025.02.19 19:09:46,SELL,0.3000,0.0000,1
2025.02.19 21:08:08,SELL,0.3000,-0.1000,0
2025.02.19 21:33:53,BUY,0.3000,0.3000,1
2025.02.20 00:00:35,BUY,12.6000,0.2000,5
2025.02.20 00:07:52,SELL,5.9000,0.0000,0
2025.02.20 00:14:05,SELL,1.9000,3.8000,2
2025.02.20 04:09:58,SELL,0.3000,0.2000,2
2025.02.20 04:38:03,SELL,0.2000,-0.5000,0
2025.02.20 04:53:46,SELL,0.3000,0.1000,1
2025.02.20 09:07:23,SELL,0.3000,0.4000,0
2025.02.20 10:07:41,SELL,0.2000,0.4000,0
2025.02.20 10:37:55,BUY,0.2000,0.0000,0
2025.02.20 12:09:54,SELL,0.1000,0.4000,0
2025.02.20 12:17:32,BUY,0.1000,0.4000,0
2025.02.20 14:26:11,BUY,0.1000,-0.2000,2
2025.02.20 15:43:35,BUY,0.1000,0.0000,0
2025.02.20 16:01:40,BUY,0.1000,0.4000,0
2025.02.20 16:09:48,SELL,0.1000,-0.1000,1
2025.02.20 16:27:27,SELL,0.0000,0.3000,1
2025.02.20 16:47:07,BUY,0.1000,-0.1000,1
2025.02.20 16:58:55,BUY,0.1000,-0.2000,1
2025.02.20 17:06:22,SELL,0.1000,-0.1000,1
2025.02.20 17:24:59,SELL,0.0000,0.0000,0
2025.02.20 17:29:59,SELL,0.1000,-0.1000,0
2025.02.20 17:39:28,SELL,0.0000,0.2000,0
2025.02.20 17:51:43,SELL,0.1000,-0.5000,0
2025.02.20 18:33:09,SELL,0.1000,0.3000,1
2025.02.20 18:44:11,SELL,0.1000,0.0000,0
2025.02.20 19:08:33,SELL,0.3000,0.4000,2
2025.02.20 19:14:40,SELL,0.3000,0.1000,1
2025.02.20 19:44:56,SELL,0.2000,-0.5000,0
2025.02.20 20:09:37,SELL,0.2000,0.5000,0
2025.02.20 20:14:37,SELL,0.3000,0.3000,2
2025.02.20 20:33:44,SELL,0.2000,-0.1000,0
2025.02.21 00:00:33,BUY,12.3000,0.0000,7
2025.02.21 01:04:37,SELL,0.3000,0.5000,0
2025.02.21 09:04:27,SELL,0.3000,0.0000,1
2025.02.21 10:15:00,BUY,0.1000,0.8000,0
2025.02.21 10:29:48,BUY,0.2000,0.1000,0
2025.02.21 10:34:48,SELL,0.2000,-0.5000,0
2025.02.21 10:53:22,BUY,0.2000,0.4000,0
2025.02.21 11:13:23,BUY,0.2000,0.4000,0
2025.02.21 11:49:19,BUY,0.2000,0.0000,1
2025.02.21 12:07:49,BUY,0.2000,0.2000,1
2025.02.21 14:14:03,BUY,0.1000,0.1000,0
2025.02.21 16:02:14,SELL,0.1000,0.2000,1
2025.02.21 16:36:54,BUY,0.1000,0.4000,0
2025.02.21 16:45:00,SELL,0.1000,1.8000,0
2025.02.21 16:53:47,SELL,0.1000,-0.1000,0
2025.02.21 16:58:47,BUY,0.1000,0.4000,0
2025.02.21 17:04:45,BUY,0.0000,0.2000,0
2025.02.21 17:12:03,BUY,0.0000,-0.1000,0
2025.02.21 17:17:04,BUY,0.0000,-0.2000,1
2025.02.21 17:23:01,BUY,0.0000,-0.3000,0
2025.02.21 17:46:53,SELL,0.0000,0.5000,0
2025.02.21 18:34:16,SELL,0.0000,0.5000,1
2025.02.21 18:47:57,BUY,0.1000,0.2000,5
2025.02.21 18:59:09,SELL,0.1000,-0.1000,1
2025.02.21 19:43:42,SELL,0.3000,-0.2000,1
2025.02.21 20:12:40,BUY,0.2000,0.5000,1
2025.02.21 20:34:14,BUY,0.3000,0.3000,1
2025.02.21 20:39:14,SELL,0.3000,0.2000,1
2025.02.21 23:58:22,BUY,17.2000,-2.3000,1
2025.02.24 00:01:10,SELL,16.7000,1.3000,8
2025.02.24 00:17:06,BUY,3.0000,0.4000,7
2025.02.24 00:39:47,SELL,3.0000,0.4000,1
2025.02.24 00:47:29,SELL,3.0000,-0.8000,0
2025.02.24 01:03:42,SELL,0.3000,-0.1000,4
2025.02.24 01:13:00,SELL,0.2000,-0.1000,0
2025.02.24 02:17:15,SELL,0.3000,-0.5000,0
2025.02.24 02:23:28,SELL,0.3000,-0.4000,0
2025.02.24 02:47:41,SELL,0.3000,-0.4000,0
2025.02.24 03:01:15,SELL,0.3000,0.1000,1
2025.02.24 03:43:39,SELL,0.3000,0.4000,0
2025.02.24 04:58:38,BUY,0.3000,0.4000,1
2025.02.24 08:04:34,BUY,0.3000,0.4000,1
2025.02.24 08:54:24,SELL,0.3000,0.1000,2
2025.02.24 09:04:50,SELL,0.3000,0.2000,1
2025.02.24 09:35:50,BUY,0.2000,0.4000,0
2025.02.24 10:06:06,BUY,0.2000,0.3000,0
2025.02.24 10:18:54,BUY,0.1000,-0.6000,0
2025.02.24 10:33:43,SELL,0.1000,0.1000,1
2025.02.24 10:38:43,BUY,0.1000,0.5000,0
2025.02.24 10:48:53,SELL,0.2000,0.3000,1
2025.02.24 10:59:07,BUY,0.1000,0.4000,2
2025.02.24 11:23:14,BUY,0.2000,-0.1000,0
2025.02.24 11:47:54,BUY,0.1000,0.0000,2
2025.02.24 13:32:42,BUY,0.2000,0.4000,1
2025.02.24 14:24:44,BUY,0.1000,0.4000,1
2025.02.24 14:57:05,SELL,0.1000,0.4000,2
2025.02.24 15:43:46,BUY,0.1000,0.1000,1
2025.02.24 16:14:38,BUY,0.1000,-0.2000,0
2025.02.24 16:34:26,BUY,0.1000,0.1000,0
2025.02.24 16:48:28,BUY,0.1000,-0.2000,1
2025.02.24 17:09:27,SELL,0.1000,0.1000,0
2025.02.24 17:52:42,BUY,0.1000,0.2000,1
2025.02.24 17:57:44,SELL,0.1000,-0.1000,1
2025.02.24 18:19:41,SELL,0.1000,0.3000,1
2025.02.24 18:57:07,SELL,0.0000,-0.4000,0
2025.02.24 19:07:09,BUY,0.2000,-0.6000,0
2025.02.24 19:39:19,SELL,0.3000,-0.4000,0
2025.02.24 19:44:19,BUY,0.3000,-0.3000,0
2025.02.24 19:57:25,BUY,0.3000,-0.4000,0
2025.02.24 21:32:45,SELL,0.2000,0.0000,1
2025.02.24 22:19:37,BUY,0.2000,-0.4000,0
2025.02.25 00:00:38,BUY,11.3000,0.3000,2
2025.02.25 09:03:32,BUY,0.3000,0.1000,0
2025.02.25 09:28:53,SELL,0.3000,-0.1000,1
2025.02.25 09:58:50,BUY,0.1000,0.1000,0
2025.02.25 10:08:03,SELL,0.2000,0.1000,0
2025.02.25 10:13:09,SELL,0.2000,-0.4000,0
2025.02.25 10:21:46,BUY,0.2000,0.4000,1
2025.02.25 10:33:23,BUY,0.2000,0.5000,0
2025.02.25 10:53:01,SELL,0.2000,0.4000,0
2025.02.25 11:18:41,SELL,0.2000,0.1000,0
2025.02.25 13:34:50,SELL,0.2000,-0.4000,0
2025.02.25 13:39:53,SELL,0.2000,0.4000,3
2025.02.25 14:04:31,SELL,0.1000,-0.3000,1
2025.02.25 15:31:48,SELL,0.1000,-0.2000,1
2025.02.25 15:53:42,BUY,0.1000,0.4000,0
2025.02.25 16:03:45,BUY,0.0000,-0.3000,0
2025.02.25 16:23:31,SELL,0.1000,-0.4000,0
2025.02.25 16:36:35,BUY,0.1000,-0.6000,0
2025.02.25 17:09:28,SELL,0.1000,-0.1000,1
2025.02.25 17:14:28,SELL,0.1000,-0.5000,0
2025.02.25 17:23:21,SELL,0.1000,0.1000,1
2025.02.25 17:34:28,BUY,0.0000,0.2000,0
2025.02.25 17:48:25,BUY,0.1000,0.3000,1
2025.02.25 17:54:47,BUY,0.1000,-0.4000,0
2025.02.25 18:08:57,BUY,0.1000,0.1000,0
2025.02.25 19:03:08,BUY,0.3000,0.4000,0
2025.02.25 19:08:08,BUY,0.3000,-0.1000,1
2025.02.25 20:04:49,SELL,0.3000,-0.1000,1
2025.02.25 20:38:34,SELL,0.3000,0.3000,5
2025.02.26 03:04:07,BUY,0.3000,0.1000,1
2025.02.26 03:09:37,SELL,0.2000,0.2000,0
2025.02.26 03:32:11,BUY,0.3000,0.1000,1
2025.02.26 09:36:26,BUY,0.2000,0.5000,0
2025.02.26 10:04:10,SELL,0.2000,-0.6000,0
2025.02.26 10:09:35,SELL,0.2000,0.4000,1
2025.02.26 10:46:21,BUY,0.2000,0.4000,0
2025.02.26 11:28:57,BUY,0.2000,0.2000,1
2025.02.26 12:39:26,SELL,0.1000,-0.4000,0
2025.02.26 14:08:52,SELL,0.1000,-0.2000,1
2025.02.26 14:13:52,BUY,0.1000,-0.1000,1
2025.02.26 14:46:16,BUY,0.1000,0.1000,0
2025.02.26 14:53:58,BUY,0.1000,0.3000,0
2025.02.26 15:03:11,SELL,0.1000,0.3000,0
2025.02.26 15:23:47,SELL,0.1000,0.4000,0
2025.02.26 17:02:12,BUY,0.1000,-0.5000,0
2025.02.26 17:25:48,SELL,0.1000,0.3000,0
2025.02.26 17:46:46,SELL,0.1000,-0.4000,0
2025.02.26 18:08:31,SELL,0.1000,-0.3000,0
2025.02.26 18:18:25,BUY,0.1000,0.1000,1
2025.02.26 18:23:25,SELL,0.0000,0.1000,0
2025.02.26 18:39:47,SELL,0.1000,0.2000,2
2025.02.26 19:14:29,BUY,0.3000,0.1000,1
2025.02.26 19:29:00,SELL,0.3000,-0.3000,1
2025.02.26 19:34:00,BUY,0.2000,-0.1000,0
2025.02.26 19:39:04,BUY,0.3000,-0.1000,1
2025.02.26 19:44:04,SELL,0.3000,0.3000,1
2025.02.26 19:49:36,BUY,0.3000,0.4000,0
2025.02.26 19:54:36,BUY,0.2000,0.0000,0
2025.02.26 20:04:58,SELL,0.3000,0.1000,0
2025.02.26 20:13:30,BUY,0.3000,-0.6000,0
2025.02.26 20:48:37,BUY,0.3000,0.3000,1
2025.02.26 20:57:15,BUY,0.3000,0.1000,1
2025.02.26 21:04:41,BUY,0.3000,0.3000,1
2025.02.27 00:00:35,BUY,12.6000,0.0000,1
2025.02.27 10:29:49,BUY,0.2000,0.2000,0
2025.02.27 13:04:43,SELL,0.1000,-0.4000,0
2025.02.27 13:18:05,BUY,0.2000,-0.6000,0
2025.02.27 15:30:00,SELL,1.7000,0.1000,0
2025.02.27 15:36:24,BUY,0.1000,-0.4000,0
2025.02.27 15:41:46,BUY,0.1000,-0.4000,0
2025.02.27 15:46:48,BUY,0.1000,-0.4000,0
2025.02.27 15:52:06,BUY,0.1000,0.1000,1
2025.02.27 15:57:29,BUY,0.1000,-0.2000,1
2025.02.27 16:02:29,SELL,0.0000,-0.4000,0
2025.02.27 16:07:29,BUY,0.0000,-0.3000,0
2025.02.27 16:17:50,SELL,0.1000,-0.2000,0
2025.02.27 16:27:37,BUY,0.1000,-0.4000,0
2025.02.27 16:33:52,BUY,0.1000,0.4000,1
2025.02.27 16:38:58,BUY,0.1000,0.5000,0
2025.02.27 16:46:09,SELL,0.1000,0.2000,0
2025.02.27 16:53:44,BUY,0.1000,-0.1000,0
2025.02.27 17:00:23,SELL,0.0000,-0.3000,0
2025.02.27 17:07:36,BUY,0.1000,0.1000,1
2025.02.27 17:21:46,SELL,0.1000,0.3000,0
2025.02.27 17:28:00,BUY,0.0000,0.9000,0
2025.02.27 18:03:02,BUY,0.1000,-0.3000,0
2025.02.27 18:38:24,SELL,0.1000,-0.4000,0
2025.02.27 19:09:47,BUY,0.2000,0.1000,1
2025.02.27 21:34:12,BUY,0.3000,0.5000,0
2025.02.28 03:31:15,BUY,0.3000,0.4000,0
2025.02.28 03:37:43,BUY,0.3000,0.1000,1
2025.02.28 03:54:48,BUY,0.2000,0.4000,0
2025.02.28 04:03:37,SELL,0.3000,-0.1000,1
2025.02.28 04:13:59,BUY,0.3000,0.2000,2
2025.02.28 09:45:00,BUY,0.1000,0.4000,0
2025.02.28 09:56:23,SELL,0.2000,0.1000,0
2025.02.28 10:03:38,SELL,0.2000,0.4000,1
2025.02.28 10:43:42,BUY,0.2000,0.4000,0
2025.02.28 11:00:41,SELL,0.2000,0.1000,1
2025.02.28 15:04:14,SELL,0.1000,0.4000,0
2025.02.28 15:34:13,BUY,0.1000,0.4000,0
2025.02.28 15:42:40,BUY,0.1000,0.1000,1
2025.02.28 15:48:17,SELL,0.1000,0.2000,0
2025.02.28 15:53:46,BUY,0.1000,-0.1000,1
2025.02.28 16:13:54,SELL,0.1000,0.3000,3
2025.02.28 16:40:56,BUY,0.1000,-0.4000,0
2025.02.28 17:04:26,SELL,0.1000,-0.4000,0
2025.02.28 17:29:57,SELL,0.1000,0.4000,1
2025.02.28 17:44:57,BUY,0.1000,0.1000,0
2025.02.28 17:49:57,BUY,0.1000,-0.1000,0
2025.02.28 17:57:23,BUY,0.1000,0.5000,1
2025.02.28 18:09:47,SELL,0.1000,0.2000,0
2025.02.28 18:18:41,BUY,0.1000,0.4000,1
2025.02.28 18:29:19,BUY,0.1000,0.1000,0
2025.02.28 18:34:21,SELL,0.1000,-0.1000,1
2025.02.28 18:57:41,BUY,0.1000,-0.3000,0
2025.02.28 19:16:10,BUY,0.3000,0.1000,0
2025.02.28 19:23:13,BUY,0.3000,0.4000,0
2025.02.28 19:32:01,BUY,0.3000,0.1000,0
2025.02.28 19:44:02,BUY,0.3000,0.1000,1
2025.02.28 20:16:20,BUY,0.3000,-0.5000,0
2025.02.28 20:21:22,BUY,0.2000,0.6000,0
2025.02.28 20:26:47,SELL,0.3000,-0.3000,0
2025.02.28 20:34:57,SELL,0.3000,-0.6000,0
2025.02.28 20:53:52,BUY,0.3000,0.3000,1
2025.02.28 20:58:52,BUY,0.3000,-0.1000,3
2025.02.28 21:49:29,SELL,0.3000,-0.1000,0
2025.02.28 21:58:14,BUY,0.3000,-0.1000,2
2025.02.28 23:14:50,SELL,1.8000,0.1000,1
2025.03.03 00:01:05,SELL,4.3000,1.4000,0
2025.03.03 00:19:50,BUY,19.3000,-8.3000,3
2025.03.03 00:40:48,BUY,14.2000,-6.2000,6
2025.03.03 01:07:09,SELL,0.3000,0.2000,0
2025.03.03 01:22:10,SELL,0.3000,-0.4000,1
2025.03.03 01:28:58,BUY,0.3000,-0.1000,5
2025.03.03 01:34:01,SELL,0.3000,0.2000,0
2025.03.03 02:03:03,BUY,0.3000,0.4000,0
2025.03.03 02:08:38,SELL,0.3000,0.4000,1
2025.03.03 02:18:03,SELL,0.2000,-0.4000,0
2025.03.03 02:27:22,SELL,0.3000,0.4000,0
2025.03.03 03:04:09,SELL,0.3000,0.4000,0
2025.03.03 03:09:09,SELL,0.2000,0.1000,0
2025.03.03 09:08:55,BUY,0.3000,-0.2000,1
2025.03.03 10:22:44,BUY,0.1000,0.4000,0
2025.03.03 10:59:48,SELL,0.1000,0.4000,0
2025.03.03 11:04:48,SELL,0.2000,-0.4000,0
2025.03.03 11:54:14,SELL,0.2000,0.4000,2
2025.03.03 11:59:15,SELL,0.2000,-0.4000,0
2025.03.03 12:04:16,SELL,0.1000,0.1000,0
2025.03.03 12:16:03,SELL,0.2000,-0.6000,0
2025.03.03 12:42:58,BUY,0.2000,0.1000,0
2025.03.03 12:47:58,SELL,0.2000,-0.1000,2
2025.03.03 13:44:28,SELL,0.2000,-0.1000,1
2025.03.03 13:54:05,BUY,0.2000,0.4000,0
2025.03.03 14:01:25,SELL,0.0000,-0.3000,0
2025.03.03 14:10:19,BUY,0.0000,-0.4000,1
2025.03.03 14:23:39,BUY,0.1000,-0.2000,0
2025.03.03 14:28:55,SELL,0.1000,-0.1000,1
2025.03.03 15:09:43,BUY,0.1000,0.1000,0
2025.03.03 15:17:44,BUY,0.1000,0.4000,0
2025.03.03 15:33:47,SELL,0.1000,0.3000,0
2025.03.03 15:57:01,BUY,0.1000,0.3000,2
2025.03.03 16:13:40,BUY,0.1000,-0.1000,1
2025.03.03 16:21:56,SELL,0.1000,0.4000,0
2025.03.03 16:29:44,SELL,0.1000,0.4000,1
2025.03.03 16:57:35,BUY,0.1000,-0.2000,0
2025.03.03 17:02:35,SELL,0.1000,-0.4000,0
2025.03.03 17:12:18,SELL,0.1000,0.1000,1
2025.03.03 17:22:08,SELL,0.1000,-0.1000,1
2025.03.03 17:29:48,SELL,0.1000,-0.4000,0
2025.03.03 17:34:51,BUY,0.1000,0.1000,1
2025.03.03 17:42:44,SELL,0.1000,0.1000,0
2025.03.03 18:07:02,SELL,0.0000,-0.1000,1
2025.03.03 18:24:03,SELL,0.1000,0.2000,0
2025.03.03 19:00:09,BUY,0.3000,0.4000,0
2025.03.03 20:48:01,SELL,0.3000,-0.5000,0
2025.03.03 21:51:29,BUY,0.3000,-0.5000,0
2025.03.03 21:56:36,BUY,0.3000,0.3000,0
2025.03.03 22:05:25,SELL,0.3000,0.1000,1
2025.03.03 22:12:20,BUY,0.3000,0.1000,1
2025.03.03 22:36:53,BUY,0.3000,-0.5000,0
2025.03.03 22:44:24,BUY,0.3000,0.1000,2
2025.03.03 22:49:46,SELL,0.3000,0.3000,1
2025.03.04 01:41:50,BUY,0.2000,-0.3000,1
2025.03.04 02:58:05,SELL,0.2000,0.2000,0
2025.03.04 03:04:07,BUY,0.3000,0.1000,0
2025.03.04 04:54:36,BUY,0.3000,-0.1000,0
2025.03.04 06:03:37,BUY,0.3000,0.1000,0
2025.03.04 07:01:22,BUY,0.3000,-0.6000,0
2025.03.04 08:19:02,SELL,0.3000,0.1000,1
2025.03.04 09:13:16,SELL,0.3000,-0.2000,0
2025.03.04 09:22:13,BUY,0.3000,0.2000,1
2025.03.04 09:33:20,SELL,0.2000,0.4000,0
2025.03.04 09:44:13,SELL,0.1000,0.4000,0
2025.03.04 09:57:21,BUY,0.2000,-0.1000,0
2025.03.04 10:02:21,BUY,0.2000,0.0000,0
2025.03.04 10:07:31,SELL,0.1000,-0.3000,0
2025.03.04 10:12:31,SELL,0.2000,-0.1000,1
2025.03.04 10:19:58,SELL,0.1000,0.1000,0
2025.03.04 10:24:58,SELL,0.1000,-0.1000,0
2025.03.04 10:29:58,SELL,0.2000,-0.4000,0
2025.03.04 11:14:05,BUY,0.2000,-0.2000,1
2025.03.04 11:29:18,SELL,0.2000,-0.3000,0
2025.03.04 11:34:37,SELL,0.1000,0.5000,0
2025.03.04 11:48:16,SELL,0.2000,-0.1000,0
2025.03.04 11:53:16,BUY,0.2000,-0.1000,3
2025.03.04 12:04:25,BUY,0.2000,0.1000,0
2025.03.04 12:22:07,BUY,0.2000,-0.5000,1
2025.03.04 12:39:47,SELL,0.1000,0.1000,1
2025.03.04 12:47:43,SELL,0.1000,0.1000,0
2025.03.04 13:19:50,BUY,0.2000,0.4000,1
2025.03.04 13:24:50,SELL,0.1000,0.0000,0
2025.03.04 13:51:01,SELL,0.1000,-0.3000,0
2025.03.04 13:59:02,SELL,0.1000,0.4000,0
2025.03.04 14:04:07,BUY,0.1000,-0.1000,0
2025.03.04 14:09:07,SELL,0.1000,0.3000,0
2025.03.04 14:51:53,SELL,0.1000,0.3000,2
2025.03.04 15:07:16,SELL,0.1000,-0.3000,0
2025.03.04 15:19:46,BUY,0.1000,-0.3000,1
2025.03.04 15:24:46,BUY,0.1000,0.0000,1
2025.03.04 15:57:47,SELL,0.1000,0.4000,2
2025.03.04 16:04:34,SELL,0.1000,0.4000,0
2025.03.04 16:11:15,BUY,0.1000,-0.1000,0
2025.03.04 16:17:07,BUY,0.1000,0.1000,1
2025.03.04 16:26:49,SELL,0.1000,-0.5000,0
2025.03.04 16:40:36,SELL,0.1000,-0.1000,0
2025.03.04 17:00:45,BUY,0.1000,-0.4000,0
2025.03.04 17:16:52,BUY,0.1000,0.3000,1
2025.03.04 17:21:52,BUY,0.1000,0.4000,0
2025.03.04 17:29:08,SELL,0.1000,0.5000,0
2025.03.04 17:37:33,BUY,0.1000,0.3000,1
2025.03.04 17:42:33,SELL,0.1000,0.3000,1
2025.03.04 18:07:10,BUY,0.1000,0.2000,2
2025.03.04 18:12:10,SELL,0.1000,0.3000,1
2025.03.04 18:20:32,SELL,0.1000,0.3000,1
2025.03.04 18:29:18,BUY,0.1000,0.4000,1
2025.03.04 18:39:01,SELL,0.1000,0.1000,1
2025.03.04 18:44:01,SELL,0.1000,-0.4000,1
2025.03.04 19:03:24,SELL,0.3000,0.1000,0
2025.03.04 19:08:24,BUY,0.3000,0.4000,0
2025.03.04 19:40:58,BUY,0.3000,-0.3000,0
2025.03.04 20:05:49,SELL,0.2000,-0.4000,0
2025.03.04 20:11:03,SELL,0.2000,-0.4000,0
2025.03.04 20:28:40,SELL,0.2000,-0.6000,0
2025.03.04 20:38:51,SELL,0.3000,-0.2000,1
2025.03.04 20:46:58,BUY,0.3000,-0.2000,2
2025.03.04 20:52:26,SELL,0.3000,0.2000,0
2025.03.04 21:02:01,SELL,0.3000,-0.4000,0
2025.03.04 21:10:40,BUY,0.3000,0.1000,1
2025.03.04 21:19:27,SELL,0.3000,0.4000,1
2025.03.04 21:24:27,SELL,0.3000,0.2000,3
2025.03.04 22:00:59,SELL,0.3000,-0.1000,0
2025.03.04 22:12:47,SELL,0.2000,0.5000,0
2025.03.04 22:19:10,SELL,0.3000,0.1000,1
2025.03.04 22:25:39,BUY,0.3000,-0.1000,0
2025.03.04 22:31:21,BUY,0.3000,-0.2000,1
2025.03.04 22:46:23,SELL,0.3000,-0.2000,0
2025.03.04 23:11:48,SELL,1.8000,-0.6000,0
2025.03.04 23:18:50,SELL,1.8000,-0.4000,0
2025.03.04 23:23:50,SELL,1.7000,-0.1000,0
2025.03.05 00:00:41,BUY,11.3000,0.0000,2
2025.03.05 01:00:27,SELL,0.3000,-0.1000,0
2025.03.05 01:23:44,BUY,0.3000,-0.4000,0
2025.03.05 02:02:01,BUY,0.3000,0.4000,1
2025.03.05 02:29:49,SELL,0.3000,0.1000,0
2025.03.05 02:44:21,SELL,0.3000,0.0000,2
2025.03.05 02:54:12,SELL,0.3000,0.4000,0
2025.03.05 02:59:14,BUY,0.3000,0.3000,7
2025.03.05 03:18:50,SELL,0.3000,0.1000,1
2025.03.05 03:28:38,BUY,0.3000,0.4000,0
2025.03.05 04:07:41,BUY,0.3000,0.1000,1
2025.03.05 04:19:52,SELL,0.2000,-0.6000,0
2025.03.05 05:47:35,SELL,0.3000,-0.4000,0
2025.03.05 06:38:21,SELL,0.3000,-0.2000,0
2025.03.05 07:54:49,SELL,0.2000,0.2000,0
2025.03.05 08:23:06,BUY,0.3000,0.5000,0
2025.03.05 08:57:40,SELL,0.2000,-0.3000,0
2025.03.05 09:02:40,SELL,0.3000,-0.4000,2
2025.03.05 09:07:46,BUY,0.3000,-0.1000,0
2025.03.05 09:21:49,SELL,0.3000,0.4000,0
2025.03.05 09:26:49,SELL,0.3000,0.1000,0
2025.03.05 09:33:00,SELL,0.2000,0.6000,0
2025.03.05 09:38:28,SELL,0.1000,0.5000,0
2025.03.05 09:45:29,BUY,0.2000,-0.1000,0
2025.03.05 09:52:26,SELL,0.2000,-0.1000,0
2025.03.05 09:57:26,SELL,0.2000,0.6000,1
2025.03.05 10:02:26,BUY,0.2000,0.2000,1
2025.03.05 10:07:26,SELL,0.1000,-0.5000,0
2025.03.05 10:12:26,SELL,0.2000,0.0000,1
2025.03.05 10:19:44,SELL,0.1000,-0.6000,1
2025.03.05 10:30:55,BUY,0.2000,0.4000,0
2025.03.05 10:39:57,SELL,0.1000,-0.3000,0
2025.03.05 10:44:57,SELL,0.2000,0.4000,0
2025.03.05 10:54:55,SELL,0.1000,-0.4000,0
2025.03.05 11:01:02,SELL,0.1000,-1.0000,0
2025.03.05 11:06:02,BUY,0.1000,-0.4000,0
2025.03.05 11:19:28,SELL,0.2000,-0.4000,0
2025.03.05 11:27:05,SELL,0.2000,0.5000,0
2025.03.05 11:32:05,SELL,0.1000,-0.3000,0
2025.03.05 11:37:05,BUY,0.2000,-0.2000,0
2025.03.05 11:52:37,SELL,0.2000,0.1000,0
2025.03.05 11:59:04,BUY,0.2000,0.0000,4
2025.03.05 12:11:10,BUY,0.2000,0.4000,0
2025.03.05 12:22:16,BUY,0.2000,0.5000,1
2025.03.05 12:27:16,BUY,0.2000,-0.1000,1
2025.03.05 12:32:56,SELL,0.2000,-0.3000,0
2025.03.05 13:04:36,BUY,0.2000,-0.1000,1
2025.03.05 13:09:36,BUY,0.2000,0.4000,0
2025.03.05 13:22:35,BUY,0.2000,0.0000,0
2025.03.05 13:39:38,SELL,0.1000,-0.1000,0
2025.03.05 13:57:55,BUY,0.1000,-0.4000,0
2025.03.05 14:02:55,SELL,0.0000,-0.4000,0
2025.03.05 14:07:57,SELL,0.0000,0.0000,0
2025.03.05 14:24:00,SELL,0.1000,-0.2000,0
2025.03.05 14:39:08,SELL,0.1000,0.2000,2
2025.03.05 14:47:28,BUY,0.1000,-0.1000,0
2025.03.05 14:58:45,BUY,0.1000,-0.1000,1
2025.03.05 15:03:51,BUY,0.0000,-0.4000,0
2025.03.05 15:15:01,SELL,0.0000,-0.5000,0
2025.03.05 15:22:07,SELL,0.1000,-0.2000,0
2025.03.05 15:27:44,SELL,0.1000,-0.3000,0
2025.03.05 15:32:44,SELL,0.1000,0.4000,1
2025.03.05 15:38:31,BUY,0.0000,0.0000,0
2025.03.05 15:43:32,BUY,0.1000,0.1000,0
2025.03.05 15:48:32,SELL,0.1000,-0.4000,0
2025.03.05 15:53:32,BUY,0.1000,-0.4000,0
2025.03.05 16:04:58,SELL,0.1000,-0.5000,0
2025.03.05 16:09:58,SELL,0.0000,-0.2000,0
2025.03.05 16:15:39,BUY,0.1000,0.3000,0
2025.03.05 16:24:59,SELL,0.2000,-0.1000,1
2025.03.05 16:29:59,SELL,0.1000,0.4000,0
2025.03.05 16:34:59,SELL,0.1000,-0.4000,0
2025.03.05 16:40:11,SELL,0.1000,-0.3000,0
2025.03.05 16:47:09,SELL,0.1000,-0.1000,1
2025.03.05 16:52:09,SELL,0.1000,0.4000,0
2025.03.05 17:00:00,BUY,1.6000,-3.1000,0
2025.03.05 17:05:09,SELL,0.0000,-0.2000,1
2025.03.05 17:10:50,BUY,0.1000,-0.2000,1
2025.03.05 17:16:00,SELL,0.1000,-0.4000,0
2025.03.05 17:21:38,BUY,0.1000,-0.2000,0
2025.03.05 17:27:46,SELL,0.1000,0.1000,0
2025.03.05 17:33:46,BUY,0.1000,0.4000,0
2025.03.05 17:38:46,SELL,0.1000,-0.3000,1
2025.03.05 17:48:07,SELL,0.1000,-0.5000,1
2025.03.05 17:53:08,SELL,0.1000,-0.1000,0
2025.03.05 17:58:25,SELL,0.0000,-0.3000,0
2025.03.05 18:04:20,SELL,0.1000,-0.1000,1
2025.03.05 18:09:26,SELL,0.0000,0.5000,0
2025.03.05 18:14:26,BUY,0.1000,0.1000,1
2025.03.05 18:19:26,BUY,0.1000,-0.2000,2
2025.03.05 18:28:11,BUY,0.0000,0.6000,0
2025.03.05 18:33:11,BUY,0.1000,-0.4000,0
2025.03.05 18:38:12,SELL,0.1000,-0.1000,3
2025.03.05 18:57:49,SELL,0.1000,-0.5000,0
2025.03.05 19:03:10,SELL,0.3000,0.1000,1
2025.03.05 19:09:33,SELL,0.3000,-0.4000,0
2025.03.05 19:14:33,SELL,0.3000,-0.4000,0
2025.03.05 19:19:33,BUY,0.3000,0.2000,0
2025.03.05 19:24:33,SELL,0.2000,0.4000,0
2025.03.05 20:07:22,BUY,0.3000,0.0000,1
2025.03.05 20:13:44,SELL,0.2000,0.1000,0
2025.03.05 20:18:44,SELL,0.3000,-0.4000,1
2025.03.05 20:26:19,BUY,0.3000,-0.1000,0
2025.03.05 20:33:55,SELL,0.2000,0.3000,1
2025.03.05 20:52:23,SELL,0.2000,-0.6000,0
2025.03.05 21:32:41,SELL,0.3000,0.4000,1
2025.03.06 02:09:35,BUY,0.3000,0.1000,10
2025.03.06 02:16:27,SELL,0.2000,0.6000,0
2025.03.06 02:24:44,BUY,0.3000,-0.4000,2
2025.03.06 02:57:28,BUY,0.3000,0.4000,1
2025.03.06 03:09:17,BUY,0.3000,0.4000,2
2025.03.06 03:14:18,SELL,0.3000,-0.2000,2
2025.03.06 03:39:12,SELL,0.3000,0.1000,1
2025.03.06 03:44:12,SELL,0.3000,-0.4000,0
2025.03.06 03:51:30,SELL,0.3000,-0.1000,1
2025.03.06 03:57:20,BUY,0.3000,-0.1000,0
2025.03.06 04:17:29,BUY,0.3000,-0.1000,0
2025.03.06 04:22:29,BUY,0.3000,0.1000,0
2025.03.06 04:38:03,BUY,0.3000,-0.1000,2
2025.03.06 05:04:19,BUY,0.3000,-0.1000,3
2025.03.06 07:56:37,SELL,0.3000,0.2000,0
2025.03.06 08:04:06,SELL,0.3000,-0.1000,0
2025.03.06 08:25:58,BUY,0.2000,0.2000,1
2025.03.06 08:46:37,BUY,0.3000,0.0000,1
2025.03.06 08:54:04,BUY,0.3000,-0.4000,0
2025.03.06 09:06:47,SELL,0.3000,0.4000,1
2025.03.06 09:13:12,BUY,0.3000,-0.1000,0
2025.03.06 09:18:37,BUY,0.3000,0.1000,4
2025.03.06 09:23:37,BUY,0.3000,0.1000,0
2025.03.06 09:29:34,SELL,0.3000,0.3000,0
2025.03.06 09:40:24,BUY,0.2000,-0.3000,0
2025.03.06 09:47:07,SELL,0.1000,0.5000,0
2025.03.06 09:53:35,BUY,0.1000,-0.2000,0
2025.03.06 09:58:35,BUY,0.2000,0.1000,1
2025.03.06 10:05:28,SELL,0.1000,-0.2000,0
2025.03.06 10:14:48,BUY,0.2000,0.4000,0
2025.03.06 10:19:49,BUY,0.1000,0.1000,2
2025.03.06 10:26:37,SELL,0.1000,-0.1000,0
2025.03.06 10:32:56,SELL,0.2000,-0.4000,1
2025.03.06 10:43:26,SELL,0.1000,-0.4000,0
2025.03.06 10:48:28,SELL,0.2000,0.0000,0
2025.03.06 10:57:17,BUY,0.2000,0.4000,0
2025.03.06 11:02:17,BUY,0.2000,0.1000,0
2025.03.06 11:15:37,BUY,0.2000,-0.1000,0
2025.03.06 11:23:24,SELL,0.1000,-0.3000,0
2025.03.06 11:30:12,BUY,0.2000,-0.4000,0
2025.03.06 11:38:19,BUY,0.2000,0.4000,0
2025.03.06 11:43:35,SELL,0.1000,0.4000,0
2025.03.06 11:48:35,SELL,0.2000,-0.1000,1
2025.03.06 11:53:35,SELL,0.1000,-0.4000,0
2025.03.06 12:07:27,SELL,0.2000,0.4000,0
2025.03.06 12:12:30,BUY,0.2000,-0.4000,0
2025.03.06 12:18:51,BUY,0.2000,0.4000,0
2025.03.06 12:37:41,SELL,0.2000,-0.4000,0
2025.03.06 12:44:05,BUY,0.2000,-0.1000,1
2025.03.06 12:49:11,BUY,0.1000,0.2000,1
2025.03.06 13:10:38,BUY,0.1000,0.4000,0
2025.03.06 13:17:00,BUY,0.2000,0.4000,0
2025.03.06 13:33:51,SELL,0.1000,0.1000,2
2025.03.06 13:39:59,SELL,0.2000,0.1000,1
2025.03.06 13:49:26,BUY,0.1000,-0.2000,0
2025.03.06 14:08:41,SELL,0.0000,-0.3000,0
2025.03.06 14:14:39,SELL,0.0000,0.2000,0
2025.03.06 14:19:41,BUY,0.0000,0.4000,0
2025.03.06 14:32:54,BUY,0.1000,-0.1000,2
2025.03.06 14:38:08,SELL,0.0000,-0.5000,0
2025.03.06 14:47:22,SELL,0.1000,0.3000,0
2025.03.06 14:55:54,SELL,0.1000,-0.1000,0
2025.03.06 15:03:48,BUY,0.1000,0.3000,1
2025.03.06 15:15:12,SELL,0.1000,-0.6000,0
2025.03.06 15:20:32,BUY,0.1000,0.2000,0
2025.03.06 15:30:18,BUY,0.0000,0.4000,0
2025.03.06 15:35:35,SELL,0.1000,-0.1000,1
2025.03.06 15:43:00,SELL,0.0000,-0.7000,0
2025.03.06 15:48:33,SELL,0.1000,-0.5000,0
2025.03.06 15:57:00,BUY,0.0000,-0.3000,0
2025.03.06 16:03:46,SELL,0.0000,0.4000,0
2025.03.06 16:08:46,BUY,0.0000,0.5000,0
2025.03.06 16:13:46,SELL,0.1000,0.1000,0
2025.03.06 16:22:41,SELL,0.0000,-0.8000,0
2025.03.06 16:32:38,BUY,0.1000,-0.4000,0
2025.03.06 16:37:40,BUY,0.1000,0.3000,1
2025.03.06 16:44:41,SELL,0.0000,-0.3000,0
2025.03.06 16:50:55,SELL,0.1000,-0.1000,0
2025.03.06 16:56:59,SELL,0.1000,-0.4000,0
2025.03.06 17:01:59,SELL,0.1000,0.4000,0
2025.03.06 17:06:59,BUY,0.0000,-0.4000,1
2025.03.06 17:16:02,BUY,0.0000,-0.3000,0
2025.03.06 17:29:00,SELL,0.1000,-0.6000,0
2025.03.06 17:34:11,BUY,0.2000,-0.4000,0
2025.03.06 17:39:29,SELL,0.1000,0.1000,0
2025.03.06 17:44:29,BUY,0.1000,-0.2000,1
2025.03.06 17:51:09,BUY,0.1000,-0.4000,0
2025.03.06 18:02:51,SELL,0.1000,0.3000,0
2025.03.06 18:18:59,SELL,0.1000,0.2000,0
2025.03.06 18:25:47,BUY,0.1000,0.2000,0
2025.03.06 18:30:54,BUY,0.0000,-0.4000,0
2025.03.06 18:38:51,BUY,0.1000,0.4000,1
2025.03.06 19:07:50,BUY,0.3000,0.4000,1
2025.03.06 19:13:40,BUY,0.3000,0.2000,1
2025.03.06 19:28:49,SELL,0.2000,-0.5000,0
2025.03.06 19:33:53,BUY,0.3000,0.2000,1
2025.03.06 19:39:54,BUY,0.3000,0.1000,1
2025.03.06 20:09:11,BUY,0.3000,0.2000,0
2025.03.06 20:28:40,BUY,0.2000,-0.4000,1
2025.03.06 20:39:24,BUY,0.3000,0.3000,1
2025.03.06 20:44:24,BUY,0.3000,0.2000,0
2025.03.06 20:49:24,SELL,0.3000,-0.2000,2
2025.03.06 20:58:38,SELL,0.2000,-0.4000,0
2025.03.06 21:28:50,BUY,0.2000,0.4000,0
2025.03.06 21:38:19,SELL,0.3000,0.1000,2
2025.03.06 21:43:19,SELL,0.3000,0.4000,0
2025.03.06 21:52:20,SELL,0.2000,0.2000,0
2025.03.06 21:59:55,BUY,0.3000,-0.2000,2
2025.03.06 22:37:45,BUY,0.2000,-0.3000,0
2025.03.06 23:24:13,BUY,1.8000,0.4000,0
2025.03.06 23:59:35,BUY,12.9000,-0.5000,0
2025.03.07 00:04:59,SELL,2.0000,5.1000,1
2025.03.07 00:15:57,SELL,2.1000,-0.1000,2
2025.03.07 00:24:07,BUY,6.9000,-1.5000,0
2025.03.07 02:04:44,SELL,0.2000,0.2000,0
2025.03.07 03:08:10,SELL,0.3000,0.4000,2
2025.03.07 03:17:33,BUY,0.3000,-0.4000,0
2025.03.07 04:06:25,BUY,0.3000,-0.2000,0
2025.03.07 05:38:36,SELL,0.3000,0.4000,0
2025.03.07 05:43:38,BUY,0.3000,-0.1000,19
2025.03.07 08:13:58,SELL,0.3000,0.4000,1
2025.03.07 08:19:18,SELL,0.3000,-0.6000,1
2025.03.07 09:06:09,SELL,0.3000,-0.3000,0
2025.03.07 09:44:57,SELL,0.2000,-0.1000,1
2025.03.07 09:54:54,BUY,0.2000,-0.1000,2
2025.03.07 10:08:57,SELL,0.2000,0.3000,1
2025.03.07 10:14:19,SELL,0.2000,0.1000,1
2025.03.07 10:23:56,SELL,0.1000,0.4000,1
2025.03.07 10:30:35,SELL,0.2000,0.0000,1
2025.03.07 10:36:40,BUY,0.2000,0.4000,1
2025.03.07 10:53:12,BUY,0.1000,0.7000,0
2025.03.07 10:58:44,SELL,0.1000,-0.3000,0
2025.03.07 11:07:32,BUY,0.2000,0.5000,0
2025.03.07 11:13:15,SELL,0.2000,0.4000,1
2025.03.07 11:18:21,BUY,0.1000,-0.3000,0
2025.03.07 11:42:46,BUY,0.2000,0.4000,1
2025.03.07 12:07:18,SELL,0.1000,-0.3000,0
2025.03.07 12:35:38,SELL,0.1000,0.5000,1
2025.03.07 12:53:44,BUY,0.2000,0.2000,2
2025.03.07 13:04:52,BUY,0.2000,0.4000,0
2025.03.07 13:09:52,BUY,0.2000,-0.2000,0
2025.03.07 13:52:42,SELL,0.2000,0.4000,0
2025.03.07 14:11:16,BUY,0.1000,-0.2000,0
2025.03.07 14:22:02,SELL,0.1000,-0.4000,1
2025.03.07 14:37:10,SELL,0.1000,0.1000,1
2025.03.07 14:49:58,SELL,0.1000,0.1000,1
2025.03.07 14:54:58,BUY,0.1000,-0.1000,2
2025.03.07 14:59:58,SELL,0.0000,0.4000,0
2025.03.07 15:08:21,SELL,0.1000,-0.4000,0
2025.03.07 15:19:02,SELL,0.1000,-0.5000,0
2025.03.07 15:26:02,SELL,0.1000,0.1000,1
2025.03.07 15:31:02,SELL,0.0000,0.0000,0
2025.03.07 15:36:57,BUY,0.1000,-0.6000,0
2025.03.07 15:42:40,SELL,0.0000,-0.4000,0
2025.03.07 15:49:05,BUY,0.1000,-0.1000,1
2025.03.07 15:54:50,BUY,0.1000,-0.4000,0
2025.03.07 15:59:50,BUY,0.1000,0.5000,0
2025.03.07 16:04:50,SELL,0.1000,0.2000,0
2025.03.07 16:09:50,SELL,0.0000,-0.1000,0
2025.03.07 16:14:50,BUY,0.1000,0.4000,0
2025.03.07 16:20:33,SELL,0.1000,0.4000,1
2025.03.07 16:27:07,BUY,0.1000,0.3000,1
2025.03.07 16:33:40,SELL,0.1000,-0.4000,0
2025.03.07 16:38:40,SELL,0.1000,0.1000,1
2025.03.07 16:45:17,BUY,0.1000,0.0000,1
2025.03.07 16:50:52,SELL,0.1000,-0.4000,0
2025.03.07 16:57:42,BUY,0.0000,-0.7000,0
2025.03.07 17:04:24,BUY,0.1000,0.4000,0
2025.03.07 17:09:26,BUY,0.1000,0.4000,0
2025.03.07 17:16:42,SELL,0.1000,0.4000,0
2025.03.07 17:24:44,BUY,0.1000,-0.3000,0
2025.03.07 17:34:02,BUY,0.1000,-0.1000,1
2025.03.07 17:40:24,BUY,0.1000,0.2000,1
2025.03.07 17:48:33,SELL,0.1000,0.5000,1
2025.03.07 17:53:33,BUY,0.1000,0.1000,0
2025.03.07 18:03:50,BUY,0.1000,-0.4000,0
2025.03.07 18:08:50,BUY,0.1000,-0.1000,0
2025.03.07 18:13:50,SELL,0.1000,0.4000,0
2025.03.07 18:21:12,SELL,0.1000,0.0000,1
2025.03.07 18:29:18,BUY,0.1000,0.4000,0
2025.03.07 18:36:10,SELL,0.1000,0.2000,0
2025.03.07 18:44:26,SELL,0.1000,-0.3000,1
2025.03.07 19:02:22,SELL,0.3000,-0.3000,1
2025.03.07 19:17:36,BUY,0.3000,0.4000,0
2025.03.07 19:23:23,SELL,0.3000,-0.1000,1
2025.03.07 19:30:02,BUY,0.4000,0.4000,0
2025.03.07 19:38:20,BUY,0.3000,0.1000,2
2025.03.07 19:43:20,BUY,0.2000,0.1000,0
2025.03.07 19:53:44,SELL,0.3000,0.1000,0
2025.03.07 19:59:10,SELL,0.3000,0.4000,0
2025.03.07 20:04:10,BUY,0.3000,-0.1000,3
2025.03.07 20:15:47,BUY,0.2000,0.6000,0
2025.03.07 20:24:32,SELL,0.3000,0.4000,1
2025.03.07 20:44:00,SELL,0.3000,-0.1000,1
2025.03.07 20:54:12,SELL,0.3000,0.4000,0
2025.03.07 21:03:03,BUY,0.3000,0.4000,0
2025.03.07 21:34:05,SELL,0.3000,0.3000,0
2025.03.07 23:28:29,BUY,1.7000,-0.3000,0
2025.03.10 00:00:33,SELL,3.0000,0.0000,0
2025.03.10 00:07:42,SELL,1.8000,0.7000,0
2025.03.10 00:18:30,BUY,1.8000,0.1000,0
2025.03.10 00:42:27,BUY,1.8000,0.1000,0
2025.03.10 01:02:04,SELL,0.3000,0.2000,1
2025.03.10 01:12:22,SELL,0.2000,0.1000,2
2025.03.10 02:28:22,BUY,0.2000,-0.3000,0
2025.03.10 02:41:44,SELL,0.3000,0.1000,1
2025.03.10 02:46:50,SELL,0.2000,0.2000,2
2025.03.10 03:02:08,SELL,0.3000,0.4000,0
2025.03.10 03:27:42,BUY,0.3000,0.1000,0
2025.03.10 04:44:14,BUY,0.3000,-0.1000,1
2025.03.10 04:49:46,BUY,0.3000,0.4000,0
2025.03.10 05:57:10,BUY,0.3000,-0.1000,1
2025.03.10 09:09:30,BUY,0.3000,0.4000,0
2025.03.10 09:24:19,BUY,0.3000,0.2000,0
2025.03.10 09:47:29,BUY,0.2000,0.1000,2
2025.03.10 09:55:05,BUY,0.2000,0.4000,0
2025.03.10 10:06:35,BUY,0.2000,-0.4000,1
2025.03.10 10:11:35,BUY,0.2000,0.1000,1
2025.03.10 10:19:31,SELL,0.2000,0.4000,0
2025.03.10 10:26:31,SELL,0.1000,0.0000,0
2025.03.10 10:39:26,BUY,0.1000,0.5000,1
2025.03.10 10:52:53,BUY,0.2000,0.4000,1
2025.03.10 11:02:48,SELL,0.2000,0.4000,0
2025.03.10 11:13:48,SELL,0.2000,-0.1000,1
2025.03.10 11:18:48,SELL,0.1000,0.1000,1
2025.03.10 11:23:48,SELL,0.1000,-0.1000,0
2025.03.10 11:31:22,SELL,0.2000,-0.4000,0
2025.03.10 11:38:56,SELL,0.1000,-0.3000,0
2025.03.10 11:46:13,SELL,0.1000,0.0000,0
2025.03.10 12:00:48,SELL,0.2000,0.5000,0
2025.03.10 12:07:53,SELL,0.2000,0.1000,1
2025.03.10 12:18:12,BUY,0.1000,0.4000,0
2025.03.10 12:24:07,SELL,0.1000,0.5000,1
2025.03.10 12:29:07,SELL,0.1000,0.5000,0
2025.03.10 12:44:21,BUY,0.1000,0.4000,0
2025.03.10 13:04:02,BUY,0.2000,0.4000,0
2025.03.10 13:09:02,SELL,0.1000,-0.4000,0
2025.03.10 13:14:02,BUY,0.2000,0.0000,1
2025.03.10 13:19:02,SELL,0.2000,-0.1000,0
2025.03.10 13:26:58,BUY,0.2000,-0.4000,1
2025.03.10 13:42:47,SELL,0.2000,-0.6000,0
2025.03.10 13:48:38,SELL,0.1000,-0.3000,0
2025.03.10 13:59:54,BUY,0.2000,-0.1000,1
2025.03.10 14:06:54,SELL,0.1000,-0.1000,2
2025.03.10 14:12:44,BUY,0.1000,0.2000,0
2025.03.10 14:23:12,SELL,0.1000,0.2000,3
2025.03.10 14:29:51,SELL,0.0000,0.1000,1
2025.03.10 14:37:25,BUY,0.1000,-0.1000,1
2025.03.10 14:43:22,SELL,0.1000,0.5000,1
2025.03.10 14:48:22,BUY,0.1000,0.4000,0
2025.03.10 15:04:24,BUY,0.0000,0.4000,0
2025.03.10 15:09:44,SELL,0.0000,-0.3000,0
2025.03.10 15:47:33,BUY,0.1000,-0.5000,0
2025.03.10 16:06:47,SELL,0.1000,-0.1000,1
2025.03.10 16:11:47,SELL,0.1000,-0.1000,0
2025.03.10 16:41:42,SELL,0.1000,-0.1000,1
2025.03.10 17:03:20,BUY,0.1000,0.1000,0
2025.03.10 17:17:36,BUY,0.1000,-0.4000,0
2025.03.10 17:27:18,SELL,0.1000,0.5000,0
2025.03.10 17:32:38,BUY,0.1000,-0.4000,1
2025.03.10 17:51:54,SELL,0.1000,0.4000,0
2025.03.10 17:58:55,SELL,0.0000,-0.1000,0
2025.03.10 18:21:12,SELL,0.1000,0.3000,1
2025.03.10 18:32:48,SELL,0.1000,0.1000,1
2025.03.10 18:37:52,BUY,0.0000,0.6000,0
2025.03.10 18:46:38,BUY,0.1000,0.4000,0
2025.03.10 19:02:44,BUY,0.3000,0.4000,0
2025.03.10 19:12:57,SELL,0.3000,0.4000,0
2025.03.10 19:27:07,BUY,0.3000,0.4000,0
2025.03.10 19:34:40,SELL,0.2000,0.1000,1
2025.03.10 19:48:57,SELL,0.2000,-0.5000,0
2025.03.10 19:53:57,BUY,0.2000,-0.4000,0
2025.03.10 20:03:23,BUY,0.3000,0.2000,2
2025.03.10 20:11:25,SELL,0.2000,-0.1000,1
2025.03.10 21:01:59,BUY,0.3000,0.4000,1
2025.03.10 21:38:27,BUY,0.2000,-0.1000,0
2025.03.10 21:43:27,SELL,0.3000,-0.2000,3
2025.03.10 22:58:41,SELL,1.0000,-0.1000,0
2025.03.10 23:04:01,BUY,9.9000,0.5000,0
2025.03.11 01:03:41,SELL,0.2000,-0.4000,0
2025.03.11 02:08:21,SELL,0.3000,-0.5000,0
2025.03.11 02:51:54,SELL,0.3000,0.4000,0
2025.03.11 02:57:39,SELL,0.3000,-0.5000,1
2025.03.11 03:04:23,BUY,0.3000,0.2000,0
2025.03.11 03:43:46,SELL,0.3000,-0.1000,1
2025.03.11 05:18:09,BUY,0.2000,0.4000,0
2025.03.11 05:28:02,BUY,0.2000,0.4000,0
2025.03.11 08:20:27,SELL,0.2000,-0.5000,0
2025.03.11 08:25:27,SELL,0.3000,0.1000,0
2025.03.11 08:31:10,SELL,0.2000,-0.3000,0
2025.03.11 08:37:20,BUY,0.3000,0.2000,1
2025.03.11 08:53:18,BUY,0.3000,0.4000,0
2025.03.11 09:06:33,SELL,0.3000,-0.2000,0
2025.03.11 09:14:14,SELL,0.3000,-0.4000,0
2025.03.11 09:22:02,SELL,0.3000,-0.1000,1
2025.03.11 09:38:39,SELL,0.1000,0.4000,0
2025.03.11 09:43:39,SELL,0.1000,0.2000,1
2025.03.11 09:56:04,SELL,0.1000,0.1000,0
2025.03.11 10:13:23,SELL,0.1000,-0.2000,0
2025.03.11 10:18:23,SELL,0.2000,0.4000,0
2025.03.11 10:30:55,BUY,0.1000,-0.1000,0
2025.03.11 10:46:52,SELL,0.1000,0.3000,4
2025.03.11 10:53:48,SELL,0.2000,0.4000,0
2025.03.11 11:07:26,BUY,0.1000,-0.3000,1
2025.03.11 11:17:41,BUY,0.1000,0.5000,2
2025.03.11 11:36:37,BUY,0.1000,-0.5000,1
2025.03.11 11:45:51,SELL,0.2000,-0.1000,1
2025.03.11 11:59:04,BUY,0.2000,-0.1000,0
2025.03.11 12:04:05,BUY,0.2000,0.3000,0
2025.03.11 12:11:29,BUY,0.1000,-0.4000,0
2025.03.11 12:22:36,BUY,0.2000,-0.5000,0
2025.03.11 12:33:36,BUY,0.2000,0.4000,1
2025.03.11 12:38:37,SELL,0.2000,-0.1000,0
2025.03.11 12:44:45,BUY,0.1000,0.4000,0
2025.03.11 12:49:46,SELL,0.2000,0.1000,0
2025.03.11 12:57:53,BUY,0.2000,-0.5000,0
2025.03.11 13:04:21,BUY,0.2000,-0.4000,0
2025.03.11 13:09:21,SELL,0.1000,0.1000,0
2025.03.11 13:24:28,SELL,0.1000,0.1000,2
2025.03.11 13:54:53,SELL,0.2000,-0.4000,0
2025.03.11 14:09:50,BUY,0.1000,0.0000,0
2025.03.11 14:14:50,SELL,0.1000,-0.2000,0
2025.03.11 14:32:53,SELL,0.1000,0.4000,0
2025.03.11 15:14:00,SELL,0.1000,0.2000,1
2025.03.11 15:23:09,SELL,0.1000,-0.4000,0
2025.03.11 15:41:59,SELL,0.0000,0.2000,1
2025.03.11 15:51:39,BUY,0.1000,-0.2000,0
2025.03.11 16:00:11,BUY,0.1000,0.4000,0
2025.03.11 16:05:51,SELL,0.1000,-0.4000,1
2025.03.11 16:12:12,BUY,0.0000,-0.4000,1
2025.03.11 16:18:12,SELL,0.1000,-0.1000,0
2025.03.11 16:23:13,BUY,0.0000,-0.3000,0
2025.03.11 16:28:21,BUY,0.1000,0.1000,1
2025.03.11 16:33:21,SELL,0.1000,0.4000,0
2025.03.11 16:42:12,SELL,0.0000,0.0000,0
2025.03.11 16:47:42,SELL,0.1000,0.1000,0
2025.03.11 16:55:49,BUY,0.1000,0.2000,1
2025.03.11 17:12:12,BUY,0.1000,-0.1000,1
2025.03.11 17:53:26,SELL,0.0000,-0.5000,0
2025.03.11 18:02:30,BUY,0.1000,-0.4000,0
2025.03.11 18:19:37,SELL,0.1000,0.2000,1
2025.03.11 18:24:42,BUY,0.1000,0.1000,1
2025.03.11 19:59:36,SELL,0.2000,-0.5000,1
2025.03.11 20:06:58,BUY,0.3000,-0.1000,0
2025.03.11 20:11:58,SELL,0.2000,-0.1000,0
2025.03.11 20:42:25,SELL,0.2000,0.4000,0
2025.03.11 20:48:00,BUY,0.3000,-0.1000,1
2025.03.11 20:53:00,BUY,0.3000,0.4000,1
2025.03.11 21:34:39,SELL,0.3000,0.0000,0
2025.03.11 21:58:59,BUY,0.3000,0.2000,1
2025.03.11 23:22:28,BUY,7.8000,-1.0000,0
2025.03.12 08:49:37,BUY,0.3000,0.2000,0
2025.03.12 09:14:07,SELL,0.3000,-0.3000,0
2025.03.12 09:42:34,SELL,0.2000,-0.1000,1
2025.03.12 09:49:00,BUY,0.2000,-0.1000,0
2025.03.12 09:57:43,SELL,0.2000,-0.1000,0
2025.03.12 10:03:53,SELL,0.2000,-0.4000,0
2025.03.12 10:16:26,SELL,0.1000,0.4000,1
2025.03.12 10:37:09,SELL,0.2000,0.5000,0
2025.03.12 10:49:17,BUY,0.2000,0.4000,1
2025.03.12 10:54:19,SELL,0.1000,-0.3000,0
2025.03.12 10:59:53,SELL,0.1000,0.5000,0
2025.03.12 11:08:26,SELL,0.1000,-0.7000,0
2025.03.12 11:13:31,BUY,0.1000,0.1000,0
2025.03.12 11:47:50,BUY,0.1000,-0.3000,0
2025.03.12 12:18:09,BUY,0.2000,0.4000,1
2025.03.12 12:37:52,BUY,0.2000,-0.2000,1
2025.03.12 13:02:28,SELL,0.2000,-0.1000,0
2025.03.12 14:09:36,BUY,0.1000,-0.2000,1
2025.03.12 14:23:59,BUY,0.1000,0.0000,0
2025.03.12 14:30:01,SELL,0.1000,8.7000,0
2025.03.12 14:36:42,BUY,0.1000,0.4000,0
2025.03.12 14:42:00,SELL,0.1000,0.5000,0
2025.03.12 14:47:00,SELL,0.1000,0.4000,0
2025.03.12 14:53:00,BUY,0.1000,0.1000,1
2025.03.12 14:58:49,BUY,0.0000,-0.4000,0
2025.03.12 15:03:49,SELL,0.0000,-0.3000,0
2025.03.12 15:12:34,SELL,0.1000,0.4000,0
2025.03.12 15:17:36,BUY,0.0000,0.1000,0
2025.03.12 15:27:55,BUY,0.1000,-0.3000,0
2025.03.12 15:33:20,BUY,0.0000,0.0000,1
2025.03.12 15:39:02,BUY,0.0000,-0.4000,0
2025.03.12 15:48:33,SELL,0.1000,-0.2000,0
2025.03.12 15:54:51,BUY,0.1000,-0.4000,0
2025.03.12 16:01:19,SELL,0.1000,-0.2000,1
2025.03.12 16:07:27,SELL,0.1000,-0.3000,0
2025.03.12 16:18:51,SELL,0.1000,0.4000,0
2025.03.12 16:26:27,SELL,0.1000,0.1000,1
2025.03.12 16:38:38,BUY,0.1000,-0.2000,0
2025.03.12 16:43:38,SELL,0.1000,0.2000,2
2025.03.12 16:58:09,SELL,0.1000,0.4000,0
2025.03.12 17:04:28,SELL,0.1000,0.4000,0
2025.03.12 17:23:23,SELL,0.1000,0.5000,0
2025.03.12 17:42:22,BUY,0.1000,0.1000,3
2025.03.12 17:58:00,SELL,0.1000,-0.5000,0
2025.03.12 18:03:19,BUY,0.1000,-0.1000,2
2025.03.12 18:09:00,SELL,0.1000,0.0000,0
2025.03.12 18:17:40,BUY,0.1000,0.0000,1
2025.03.12 19:39:20,BUY,0.3000,0.2000,1
2025.03.12 20:38:40,BUY,0.3000,-0.1000,0
2025.03.12 21:28:28,SELL,0.3000,0.4000,0
2025.03.12 21:49:30,SELL,0.3000,0.3000,3
2025.03.12 22:13:45,BUY,1.7000,0.1000,2
2025.03.13 07:18:28,BUY,0.3000,-0.4000,0
2025.03.13 08:38:02,BUY,0.2000,-0.5000,0
2025.03.13 08:59:41,BUY,0.3000,0.4000,1
2025.03.13 09:22:26,BUY,0.3000,0.1000,1
2025.03.13 09:33:23,BUY,0.2000,-0.4000,1
2025.03.13 09:39:08,BUY,0.2000,-0.9000,0
2025.03.13 09:52:55,BUY,0.2000,-0.2000,0
2025.03.13 10:02:26,SELL,0.1000,-0.4000,0
2025.03.13 10:08:23,SELL,0.2000,0.4000,0
2025.03.13 10:17:59,BUY,0.1000,-0.5000,0
2025.03.13 10:22:59,SELL,0.1000,0.1000,0
2025.03.13 11:17:33,SELL,0.1000,0.4000,0
2025.03.13 11:42:23,BUY,0.2000,0.4000,0
2025.03.13 11:54:48,SELL,0.2000,0.1000,0
2025.03.13 12:57:21,BUY,0.1000,-0.5000,0
2025.03.13 13:18:57,SELL,0.1000,-0.7000,0
2025.03.13 13:24:01,SELL,0.1000,0.5000,0
2025.03.13 13:56:41,SELL,0.1000,0.2000,1
2025.03.13 14:03:06,BUY,0.1000,0.1000,1
2025.03.13 14:08:47,BUY,0.1000,0.0000,0
2025.03.13 14:13:48,SELL,0.1000,-0.3000,0
2025.03.13 14:28:11,SELL,0.1000,-0.1000,0
2025.03.13 14:33:11,BUY,0.0000,0.0000,0
2025.03.13 14:38:11,BUY,0.0000,0.5000,0
2025.03.13 14:43:11,BUY,0.1000,0.3000,0
2025.03.13 14:48:11,BUY,0.0000,0.4000,0
2025.03.13 14:53:17,SELL,0.0000,-0.7000,0
2025.03.13 14:58:23,BUY,0.1000,0.3000,1
2025.03.13 15:12:19,BUY,0.1000,-0.4000,0
2025.03.13 15:19:24,SELL,0.1000,-0.1000,0
2025.03.13 15:27:26,SELL,0.1000,-0.1000,0
2025.03.13 15:33:05,SELL,0.1000,0.4000,1
2025.03.13 15:38:05,SELL,0.1000,-0.4000,0
2025.03.13 15:48:59,SELL,0.1000,0.1000,0
2025.03.13 16:01:23,SELL,0.0000,-0.3000,0
2025.03.13 16:15:43,SELL,0.0000,0.0000,0
2025.03.13 16:23:11,BUY,0.1000,0.2000,2
2025.03.13 16:28:11,SELL,0.1000,0.4000,0
2025.03.13 16:41:53,BUY,0.1000,-0.4000,1
2025.03.13 17:42:16,BUY,0.1000,0.4000,0
2025.03.13 17:47:18,SELL,0.1000,-0.1000,1
2025.03.13 17:52:18,BUY,0.1000,-0.4000,0
2025.03.13 17:59:17,BUY,0.0000,0.4000,0
2025.03.13 18:17:01,SELL,0.1000,0.1000,0
2025.03.13 18:37:39,SELL,0.1000,0.1000,0
2025.03.13 18:47:52,BUY,0.1000,0.2000,1
2025.03.13 18:52:54,SELL,0.1000,0.1000,0
2025.03.13 19:18:43,BUY,0.3000,0.1000,1
2025.03.13 19:28:05,SELL,0.3000,0.4000,0
2025.03.13 19:33:05,SELL,0.3000,-0.1000,1
2025.03.13 21:38:54,BUY,0.3000,0.3000,1
2025.03.13 22:59:58,BUY,8.7000,-0.6000,0
2025.03.14 02:28:20,BUY,0.2000,-0.1000,0
2025.03.14 02:58:30,BUY,0.3000,0.1000,1
2025.03.14 08:27:13,BUY,0.3000,-0.1000,0
2025.03.14 09:02:29,BUY,0.3000,0.4000,0
2025.03.14 09:19:20,BUY,0.3000,0.3000,0
2025.03.14 09:30:07,BUY,0.1000,0.4000,1
2025.03.14 09:44:16,BUY,0.1000,0.2000,0
2025.03.14 09:49:20,SELL,0.1000,0.4000,1
2025.03.14 10:09:51,SELL,0.2000,0.4000,0
2025.03.14 10:23:58,SELL,0.2000,-0.1000,0
2025.03.14 10:42:46,BUY,0.2000,0.0000,0
2025.03.14 10:57:45,SELL,0.2000,0.3000,0
2025.03.14 11:34:26,SELL,0.1000,0.5000,0
2025.03.14 11:39:44,SELL,0.2000,0.2000,0
2025.03.14 12:03:43,SELL,0.2000,0.4000,0
2025.03.14 12:09:09,SELL,0.2000,-0.2000,0
2025.03.14 12:22:59,SELL,0.2000,-0.3000,0
2025.03.14 12:39:44,SELL,0.1000,0.7000,0
2025.03.14 12:44:44,SELL,0.1000,-0.4000,0
2025.03.14 12:49:44,SELL,0.1000,-0.1000,1
2025.03.14 12:54:44,SELL,0.1000,0.1000,0
2025.03.14 12:59:44,BUY,0.2000,0.1000,1
2025.03.14 13:08:13,BUY,0.1000,-0.2000,1
2025.03.14 13:13:13,BUY,0.2000,-0.4000,0
2025.03.14 13:20:24,SELL,0.2000,-0.2000,0
2025.03.14 13:25:52,SELL,0.2000,-0.1000,1
2025.03.14 13:30:52,SELL,0.2000,0.3000,0
2025.03.14 13:37:12,BUY,0.1000,0.4000,0
2025.03.14 13:44:58,BUY,0.2000,0.3000,1
2025.03.14 13:49:58,SELL,0.2000,-0.1000,0
2025.03.14 13:54:59,BUY,0.2000,0.4000,0
2025.03.14 14:01:35,SELL,0.0000,0.1000,0
2025.03.14 14:23:38,SELL,0.1000,-0.1000,4
2025.03.14 14:38:56,BUY,0.1000,-0.4000,0
2025.03.14 14:49:54,BUY,0.1000,-0.2000,0
2025.03.14 14:54:54,SELL,0.0000,-0.2000,1
2025.03.14 14:59:54,BUY,0.1000,0.5000,0
2025.03.14 15:13:07,SELL,0.1000,-0.3000,0
2025.03.14 15:44:58,BUY,0.1000,0.1000,1
2025.03.14 15:49:59,BUY,0.1000,0.1000,0
2025.03.14 15:57:33,BUY,0.1000,0.2000,2
2025.03.14 16:04:25,SELL,0.1000,-0.4000,0
2025.03.14 16:09:37,SELL,0.1000,-0.1000,1
2025.03.14 16:32:38,BUY,0.1000,0.1000,1
2025.03.14 16:39:23,SELL,0.1000,-0.2000,0
2025.03.14 16:44:24,SELL,0.1000,-0.4000,0
2025.03.14 17:09:12,SELL,0.1000,0.5000,0
2025.03.14 17:14:13,BUY,0.1000,-0.1000,1
2025.03.14 17:19:13,SELL,0.1000,-0.4000,3
2025.03.14 17:27:00,BUY,0.1000,-0.1000,0
2025.03.14 17:35:31,SELL,0.1000,-0.1000,0
2025.03.14 17:47:49,BUY,0.1000,0.1000,0
2025.03.14 18:06:24,SELL,0.1000,-0.2000,0
2025.03.14 18:18:24,BUY,0.1000,0.1000,1
2025.03.14 18:41:41,SELL,0.1000,0.4000,0
2025.03.14 19:39:06,SELL,0.3000,0.3000,2
2025.03.14 19:44:15,BUY,0.3000,0.3000,1
2025.03.14 20:08:23,BUY,0.3000,-0.2000,1
2025.03.14 20:28:25,BUY,0.3000,0.4000,1
2025.03.14 20:59:00,SELL,0.3000,-0.1000,0
2025.03.14 22:57:54,BUY,6.5000,0.0000,6
2025.03.17 00:32:00,BUY,1.7000,0.4000,0
2025.03.17 03:44:32,SELL,0.3000,0.3000,1
2025.03.17 06:03:45,SELL,0.2000,-0.1000,1
2025.03.17 06:09:15,BUY,0.3000,0.4000,0
2025.03.17 08:52:57,BUY,0.2000,0.0000,3
2025.03.17 09:33:24,BUY,0.2000,0.3000,0
2025.03.17 10:02:55,BUY,0.2000,0.0000,1
2025.03.17 10:11:03,SELL,0.1000,0.5000,0
2025.03.17 10:41:55,SELL,0.2000,-0.4000,0
2025.03.17 11:13:54,BUY,0.2000,-0.1000,3
2025.03.17 11:39:02,SELL,0.2000,-0.3000,0
2025.03.17 11:57:47,SELL,0.2000,0.3000,1
2025.03.17 12:27:51,SELL,0.2000,0.2000,0
2025.03.17 14:19:04,BUY,0.1000,-0.2000,0
2025.03.17 14:30:01,SELL,0.1000,0.6000,0
2025.03.17 14:36:36,BUY,0.0000,-0.3000,0
2025.03.17 14:42:14,BUY,0.1000,0.4000,0
2025.03.17 14:49:43,SELL,0.1000,-0.1000,2
2025.03.17 15:32:15,SELL,0.1000,0.3000,1
2025.03.17 15:37:15,BUY,0.1000,-0.3000,0
2025.03.17 15:44:57,SELL,0.1000,0.5000,0
2025.03.17 16:04:29,SELL,0.1000,0.1000,0
2025.03.17 16:22:15,BUY,0.1000,0.2000,1
2025.03.17 16:27:25,SELL,0.1000,-0.1000,0
2025.03.17 17:24:37,SELL,0.1000,-0.4000,0
2025.03.17 17:53:44,BUY,0.1000,0.2000,2
2025.03.17 18:24:46,SELL,0.1000,-0.1000,1
2025.03.17 19:22:54,BUY,0.3000,0.1000,6
2025.03.17 20:19:41,SELL,0.3000,0.2000,5
2025.03.18 08:51:49,SELL,0.3000,0.4000,0
2025.03.18 09:09:28,SELL,0.2000,-0.4000,0
2025.03.18 09:34:29,SELL,0.2000,-0.1000,1
2025.03.18 09:54:30,BUY,0.2000,0.4000,1
2025.03.18 09:59:30,SELL,0.2000,0.4000,0
2025.03.18 10:11:20,SELL,0.2000,0.4000,0
2025.03.18 10:16:20,SELL,0.2000,0.0000,0
2025.03.18 12:13:48,BUY,0.1000,-0.4000,0
2025.03.18 12:28:35,BUY,0.2000,0.1000,0
2025.03.18 12:33:47,BUY,0.2000,0.4000,1
2025.03.18 13:53:42,BUY,0.2000,-0.4000,0
2025.03.18 14:03:26,SELL,0.1000,0.4000,0
2025.03.18 14:31:57,BUY,0.0000,-0.6000,0
2025.03.18 14:36:57,BUY,0.1000,-0.1000,0
2025.03.18 14:41:58,SELL,0.0000,0.4000,0
2025.03.18 15:04:07,SELL,0.1000,0.2000,1
2025.03.18 15:41:03,BUY,0.1000,0.5000,0
2025.03.18 15:47:36,SELL,0.1000,-0.4000,0
2025.03.18 16:00:52,BUY,0.1000,0.4000,0
2025.03.18 16:27:58,SELL,0.1000,-0.1000,1
2025.03.18 16:33:17,BUY,0.1000,0.1000,1
2025.03.18 17:00:07,SELL,0.1000,-0.2000,0
2025.03.18 17:06:10,BUY,0.0000,-0.4000,0
2025.03.18 17:11:49,BUY,0.0000,0.1000,1
2025.03.18 17:25:56,SELL,0.1000,0.0000,0
2025.03.18 17:38:07,SELL,0.1000,0.0000,1
2025.03.18 17:44:52,SELL,0.1000,0.4000,0
2025.03.18 17:49:55,BUY,0.1000,-0.1000,3
2025.03.18 17:54:55,SELL,0.1000,-0.1000,1
2025.03.18 17:59:55,BUY,0.1000,-0.2000,1
2025.03.18 18:36:06,SELL,0.1000,0.4000,1
2025.03.18 19:02:50,SELL,0.3000,0.4000,0
2025.03.18 19:19:00,SELL,0.3000,-0.6000,0
2025.03.18 19:24:14,SELL,0.3000,0.3000,1
2025.03.18 19:34:27,BUY,0.3000,0.4000,0
2025.03.19 08:58:36,BUY,0.3000,0.1000,1
2025.03.19 09:09:07,BUY,0.2000,0.4000,0
2025.03.19 09:18:26,BUY,0.3000,-0.1000,1
2025.03.19 09:26:41,SELL,0.3000,0.1000,0
2025.03.19 09:34:11,BUY,0.2000,-0.5000,0
2025.03.19 09:39:11,BUY,0.2000,-0.2000,0
2025.03.19 09:44:11,BUY,0.1000,-0.2000,1
2025.03.19 09:49:58,SELL,0.1000,-0.6000,0
2025.03.19 10:00:26,SELL,0.2000,0.4000,0
2025.03.19 10:23:31,SELL,0.1000,0.0000,1
2025.03.19 10:43:47,BUY,0.2000,0.4000,0
2025.03.19 10:48:50,BUY,0.1000,0.1000,1
2025.03.19 11:03:51,BUY,0.2000,-0.1000,1
2025.03.19 11:14:48,BUY,0.2000,0.3000,0
2025.03.19 11:24:20,SELL,0.2000,0.1000,1
2025.03.19 11:32:14,SELL,0.1000,0.4000,1
2025.03.19 11:52:30,SELL,0.1000,0.4000,2
2025.03.19 12:22:25,SELL,0.1000,0.0000,1
2025.03.19 12:32:50,BUY,0.2000,-0.5000,0
2025.03.19 12:38:10,BUY,0.2000,0.4000,1
2025.03.19 12:48:41,SELL,0.1000,-0.1000,1
2025.03.19 13:44:41,SELL,0.2000,0.4000,0
2025.03.19 13:56:16,SELL,0.1000,0.4000,0
2025.03.19 14:04:29,SELL,0.0000,-0.3000,0
2025.03.19 14:41:04,SELL,0.0000,0.4000,0
2025.03.19 14:56:17,BUY,0.1000,-0.3000,0
2025.03.19 15:09:45,BUY,0.1000,-0.3000,1
2025.03.19 15:21:55,BUY,0.1000,0.2000,1
2025.03.19 15:39:33,BUY,0.1000,0.3000,0
2025.03.19 16:04:50,SELL,0.1000,-0.5000,0
2025.03.19 16:48:38,BUY,0.0000,0.1000,1
2025.03.19 16:53:38,BUY,0.1000,0.1000,1
2025.03.19 17:39:18,SELL,0.1000,0.1000,1
2025.03.19 18:34:55,BUY,0.1000,0.2000,1
2025.03.19 19:36:59,BUY,0.3000,-0.4000,0
2025.03.19 19:56:25,SELL,0.3000,0.3000,0
2025.03.19 20:01:25,SELL,0.2000,0.4000,0
2025.03.19 20:06:33,BUY,0.3000,-0.1000,0
2025.03.19 20:22:12,BUY,0.3000,-0.4000,0
2025.03.19 20:34:18,SELL,0.3000,-0.1000,0
2025.03.19 20:39:24,BUY,0.3000,-0.4000,0
2025.03.19 20:44:24,SELL,0.2000,-0.2000,0
2025.03.19 20:49:32,BUY,0.3000,-0.1000,0
2025.03.19 20:56:53,SELL,0.3000,0.1000,1
2025.03.19 21:08:47,SELL,0.3000,-0.4000,1
2025.03.19 21:13:49,BUY,0.2000,0.1000,1
2025.03.19 21:18:49,BUY,0.2000,0.4000,0
2025.03.19 21:23:49,BUY,0.3000,-0.3000,1
2025.03.19 21:33:50,SELL,0.3000,0.4000,1
2025.03.19 21:38:50,SELL,0.3000,0.4000,1
2025.03.19 22:14:46,SELL,1.8000,-0.4000,2
2025.03.20 00:09:57,SELL,0.4000,0.0000,3
2025.03.20 03:04:28,BUY,0.3000,0.2000,0
2025.03.20 04:13:03,SELL,0.3000,0.1000,1
2025.03.20 07:03:09,BUY,0.3000,-0.3000,1
2025.03.20 08:44:40,SELL,0.3000,-0.5000,1
2025.03.20 09:19:36,BUY,0.3000,0.4000,0
2025.03.20 09:28:38,BUY,0.3000,0.3000,1
2025.03.20 09:38:16,BUY,0.2000,-0.6000,0
2025.03.20 10:01:25,SELL,0.2000,0.5000,0
2025.03.20 10:14:06,BUY,0.2000,-0.1000,1
2025.03.20 10:27:22,BUY,0.2000,-0.1000,0
2025.03.20 10:32:22,SELL,0.2000,0.4000,0
2025.03.20 10:40:56,BUY,0.2000,0.4000,1
2025.03.20 11:06:01,SELL,0.2000,0.4000,1
2025.03.20 11:12:41,BUY,0.1000,0.6000,0
2025.03.20 11:18:37,BUY,0.1000,-0.3000,0
2025.03.20 11:24:16,BUY,0.1000,-0.3000,0
2025.03.20 11:29:37,BUY,0.2000,-0.2000,0
2025.03.20 11:34:37,SELL,0.1000,0.2000,2
2025.03.20 11:39:37,SELL,0.2000,0.4000,0
2025.03.20 12:13:04,BUY,0.2000,0.1000,1
2025.03.20 12:18:11,BUY,0.1000,0.4000,0
2025.03.20 12:33:30,BUY,0.2000,0.4000,0
2025.03.20 12:38:37,SELL,0.2000,0.0000,0
2025.03.20 12:54:42,BUY,0.2000,0.2000,1
2025.03.20 13:23:07,BUY,0.2000,0.1000,1
2025.03.20 13:44:36,BUY,0.1000,0.1000,0
2025.03.20 13:49:39,SELL,0.1000,0.0000,0
2025.03.20 14:04:36,SELL,0.1000,-0.2000,0
2025.03.20 14:23:15,BUY,0.1000,0.3000,1
2025.03.20 14:28:34,BUY,0.1000,0.1000,0
2025.03.20 14:34:35,BUY,0.1000,0.4000,1
2025.03.20 14:39:43,SELL,0.1000,-0.1000,1
2025.03.20 14:55:57,BUY,0.1000,-0.1000,1
2025.03.20 15:20:21,BUY,0.0000,-0.3000,0
2025.03.20 15:28:26,BUY,0.0000,-0.3000,0
2025.03.20 15:33:33,BUY,0.1000,-0.3000,1
2025.03.20 15:38:34,SELL,0.1000,-0.1000,2
2025.03.20 15:58:07,SELL,0.1000,0.4000,0
2025.03.20 16:03:07,SELL,0.1000,-0.1000,0
2025.03.20 16:12:24,BUY,0.1000,0.1000,0
2025.03.20 17:14:35,SELL,0.0000,-0.4000,0
2025.03.20 17:24:19,SELL,0.0000,-0.3000,0
2025.03.20 17:32:04,BUY,0.1000,0.3000,1
2025.03.20 17:51:21,SELL,0.0000,0.1000,1
2025.03.20 18:13:05,SELL,0.0000,0.0000,0
2025.03.20 19:09:28,BUY,0.3000,-0.4000,0
2025.03.20 22:59:58,BUY,12.8000,-0.1000,0
2025.03.20 23:07:00,SELL,2.9000,-0.1000,0
2025.03.21 03:49:39,BUY,0.3000,0.1000,2
2025.03.21 04:21:29,BUY,0.3000,0.4000,0
2025.03.21 08:57:23,SELL,0.3000,-0.1000,0
2025.03.21 09:03:17,BUY,0.3000,0.3000,1
2025.03.21 09:12:52,SELL,0.3000,0.1000,2
2025.03.21 09:42:32,BUY,0.2000,-0.7000,0
2025.03.21 09:57:39,BUY,0.1000,0.4000,0
2025.03.21 10:02:56,SELL,0.2000,-0.4000,1
2025.03.21 10:09:04,BUY,0.2000,0.4000,0
2025.03.21 10:48:40,SELL,0.2000,0.3000,1
2025.03.21 11:32:29,BUY,0.2000,-0.1000,1
2025.03.21 12:02:14,SELL,0.2000,0.4000,0
2025.03.21 12:08:44,SELL,0.2000,-0.3000,0
2025.03.21 12:47:29,SELL,0.1000,0.6000,1
2025.03.21 13:44:46,SELL,0.2000,0.3000,0
2025.03.21 14:01:02,SELL,0.0000,0.4000,0
2025.03.21 14:06:35,SELL,0.1000,0.4000,1
2025.03.21 14:28:35,BUY,0.1000,0.3000,0
2025.03.21 14:37:05,BUY,0.1000,-0.1000,1
2025.03.21 14:42:05,SELL,0.0000,0.4000,0
2025.03.21 14:53:09,BUY,0.1000,0.2000,1
2025.03.21 15:01:56,BUY,1.1000,0.3000,0
2025.03.21 15:11:18,SELL,1.2000,-0.1000,1
2025.03.21 15:23:17,BUY,1.3000,-0.1000,0
2025.03.21 15:49:00,BUY,0.1000,-0.5000,0
2025.03.21 15:57:49,SELL,0.1000,0.5000,0
2025.03.21 16:12:47,SELL,0.1000,0.1000,0
2025.03.21 16:28:43,BUY,0.1000,-0.2000,1
2025.03.21 16:34:01,BUY,0.1000,0.3000,1
2025.03.21 16:43:45,SELL,0.0000,-0.3000,0
2025.03.21 17:03:29,SELL,0.1000,0.4000,2
2025.03.21 17:48:33,BUY,0.1000,0.1000,0
2025.03.21 17:53:33,BUY,0.0000,-0.4000,0
2025.03.21 17:58:33,SELL,0.1000,-0.3000,1
2025.03.21 18:04:20,SELL,0.0000,0.0000,1
2025.03.21 18:16:12,SELL,0.1000,0.1000,1
2025.03.21 18:33:01,SELL,0.0000,0.2000,1
2025.03.21 19:09:06,BUY,0.2000,-0.3000,0
2025.03.21 19:14:07,SELL,0.3000,0.3000,0
2025.03.21 19:43:41,SELL,0.2000,-0.3000,0
2025.03.21 20:08:08,BUY,0.3000,-0.1000,1
2025.03.21 20:28:24,SELL,0.3000,0.4000,1
2025.03.24 00:00:00,SELL,3.0000,-0.9000,0
2025.03.24 00:07:06,SELL,1.3000,-0.1000,0
2025.03.24 00:13:17,BUY,1.6000,0.1000,1
2025.03.24 07:57:04,SELL,0.3000,-0.4000,0
2025.03.24 08:43:05,SELL,0.3000,0.2000,0
2025.03.24 09:34:31,BUY,0.2000,-0.2000,1
2025.03.24 09:39:48,BUY,0.1000,-0.5000,0
2025.03.24 10:01:03,SELL,0.2000,0.0000,1
2025.03.24 10:15:00,SELL,0.1000,1.9000,0
2025.03.24 10:22:36,SELL,0.2000,-0.4000,0
2025.03.24 10:30:00,BUY,1.9000,-1.0000,0
2025.03.24 10:41:55,SELL,0.1000,-0.6000,0
2025.03.24 10:54:56,BUY,0.2000,0.4000,0
2025.03.24 11:04:48,BUY,0.2000,-0.2000,0
2025.03.24 11:17:31,BUY,0.2000,-0.4000,0
2025.03.24 11:24:53,SELL,0.1000,0.0000,0
2025.03.24 11:53:52,SELL,0.2000,0.4000,0
2025.03.24 11:59:47,BUY,0.1000,0.5000,0
2025.03.24 12:19:24,SELL,1.1000,0.3000,0
2025.03.24 12:29:08,SELL,1.2000,0.1000,0
2025.03.24 12:48:10,BUY,1.2000,-0.1000,1
2025.03.24 13:34:53,BUY,1.2000,0.7000,5
2025.03.24 13:58:58,BUY,1.3000,0.1000,1
2025.03.24 14:17:40,BUY,1.3000,-0.5000,0
2025.03.24 14:54:33,BUY,1.3000,0.0000,0
2025.03.24 14:59:36,SELL,0.9000,-0.2000,0
2025.03.24 15:45:21,BUY,1.2000,0.2000,0
2025.03.24 15:50:49,BUY,1.3000,0.1000,0
2025.03.24 15:59:48,BUY,1.1000,0.1000,0
2025.03.24 16:08:38,SELL,1.2000,0.1000,1
2025.03.24 16:18:30,SELL,1.2000,0.1000,1
2025.03.24 16:24:55,SELL,1.2000,-0.1000,1
2025.03.24 16:29:58,BUY,1.2000,0.1000,1
2025.03.24 16:34:58,BUY,1.2000,0.1000,1
2025.03.24 16:46:46,BUY,1.3000,0.0000,0
2025.03.24 16:57:27,BUY,1.2000,0.1000,0
2025.03.24 17:02:32,BUY,0.8000,-0.1000,0
2025.03.24 17:18:42,SELL,1.2000,-0.1000,1
2025.03.24 17:39:29,SELL,1.2000,-0.1000,1
2025.03.24 17:46:07,BUY,1.2000,0.0000,0
2025.03.24 17:56:00,BUY,1.2000,0.1000,1
2025.03.24 18:03:58,SELL,1.2000,0.2000,2
2025.03.24 18:09:00,SELL,1.2000,0.1000,2
2025.03.24 18:26:13,BUY,0.8000,-0.1000,0
2025.03.24 18:41:23,BUY,1.3000,0.4000,1
2025.03.24 19:12:50,BUY,1.3000,0.0000,0
2025.03.24 19:36:18,BUY,1.1000,-0.1000,0
2025.03.24 19:47:47,BUY,1.2000,0.1000,1
2025.03.24 20:39:50,SELL,0.8000,-0.2000,0
2025.03.24 20:44:51,SELL,1.3000,0.0000,1
2025.03.25 09:09:03,SELL,1.3000,0.0000,0
2025.03.25 09:23:22,BUY,1.2000,0.1000,0
2025.03.25 09:32:06,BUY,1.2000,-0.1000,2
2025.03.25 09:57:56,BUY,1.2000,0.1000,0
2025.03.25 10:08:34,BUY,1.3000,0.0000,0
2025.03.25 10:23:19,SELL,1.2000,0.1000,0
2025.03.25 10:29:34,BUY,1.3000,0.1000,0
2025.03.25 10:34:36,SELL,1.2000,0.0000,1
2025.03.25 11:02:41,SELL,1.3000,0.0000,0
2025.03.25 11:08:36,BUY,1.2000,-0.1000,1
2025.03.25 11:14:49,SELL,1.2000,-0.1000,0
2025.03.25 12:13:06,SELL,1.3000,-0.1000,1
2025.03.25 12:52:40,SELL,1.2000,-0.1000,0
2025.03.25 13:16:49,SELL,1.2000,-0.1000,4
2025.03.25 14:09:04,SELL,1.2000,0.3000,1
2025.03.25 14:44:21,SELL,1.2000,0.1000,1
2025.03.25 14:49:33,SELL,1.2000,0.1000,0
2025.03.25 14:58:18,BUY,1.2000,0.0000,3
2025.03.25 15:53:41,BUY,1.2000,0.1000,1
2025.03.25 16:00:40,SELL,1.3000,-0.1000,0
2025.03.25 16:07:08,BUY,1.3000,-0.1000,0
2025.03.25 16:32:53,SELL,1.1000,0.4000,1
2025.03.25 16:49:19,SELL,1.2000,-0.3000,0
2025.03.25 16:54:19,BUY,1.2000,0.0000,0
2025.03.25 17:48:18,BUY,1.2000,0.1000,1
2025.03.25 18:09:20,SELL,1.2000,0.1000,1
2025.03.25 19:02:48,SELL,1.2000,0.2000,1
2025.03.25 20:59:39,BUY,1.2000,0.1000,1
2025.03.25 21:34:41,SELL,1.2000,-0.1000,1
2025.03.26 09:18:05,BUY,1.2000,0.1000,2
2025.03.26 09:32:31,BUY,1.2000,0.2000,0
2025.03.26 09:57:18,SELL,1.3000,0.0000,0
2025.03.26 10:12:35,BUY,1.1000,-0.2000,1
2025.03.26 10:22:42,SELL,1.2000,-0.2000,1
2025.03.26 10:47:28,SELL,1.3000,-0.3000,0
2025.03.26 12:33:36,BUY,1.3000,-0.1000,1
2025.03.26 14:44:21,SELL,1.2000,0.3000,1
2025.03.26 15:18:21,BUY,1.4000,-0.1000,0
2025.03.26 15:37:37,SELL,1.1000,0.1000,0
2025.03.26 15:44:48,BUY,1.2000,0.1000,2
2025.03.26 16:06:04,SELL,1.3000,0.1000,0
2025.03.26 16:13:01,SELL,1.2000,-0.1000,1
2025.03.26 16:18:01,SELL,0.8000,-0.3000,0
2025.03.26 16:38:21,SELL,1.2000,0.1000,0
2025.03.26 17:56:18,BUY,1.3000,0.0000,0
2025.03.26 18:05:56,SELL,1.2000,-0.2000,0
2025.03.26 18:18:39,SELL,1.2000,0.0000,0
2025.03.26 18:28:56,SELL,1.2000,0.1000,0
2025.03.26 19:16:03,BUY,1.3000,0.1000,1
2025.03.26 19:21:10,BUY,1.2000,-0.4000,0
2025.03.26 19:26:13,BUY,1.3000,-0.1000,0
2025.03.26 19:41:27,SELL,1.2000,0.2000,1
2025.03.26 19:53:04,BUY,1.3000,0.0000,1
2025.03.26 23:00:00,BUY,12.0000,1.1000,0
2025.03.26 23:18:56,BUY,5.6000,-0.1000,1
2025.03.26 23:24:11,BUY,4.0000,0.0000,0
2025.03.26 23:36:34,SELL,2.8000,0.0000,1
2025.03.27 00:01:38,SELL,0.9000,0.2000,1
2025.03.27 02:07:08,SELL,1.2000,0.1000,1
2025.03.27 07:52:22,BUY,1.3000,-0.1000,1
2025.03.27 09:02:19,BUY,1.2000,0.0000,2
2025.03.27 09:31:35,BUY,1.3000,0.0000,0
2025.03.27 09:36:53,SELL,1.2000,0.1000,0
2025.03.27 10:11:40,SELL,1.3000,0.0000,0
2025.03.27 10:29:05,BUY,1.2000,-0.1000,0
2025.03.27 10:34:06,SELL,1.3000,-0.1000,0
2025.03.27 10:39:06,SELL,1.2000,-0.1000,1
2025.03.27 10:44:06,SELL,1.2000,0.1000,0
2025.03.27 10:50:41,BUY,1.2000,-0.1000,1
2025.03.27 11:08:40,BUY,1.2000,0.1000,1
2025.03.27 12:13:44,BUY,1.3000,-0.1000,1
2025.03.27 12:24:22,SELL,1.2000,0.1000,2
2025.03.27 13:04:07,SELL,0.8000,-0.1000,0
2025.03.27 13:09:07,SELL,1.2000,-0.1000,0
2025.03.27 13:14:11,BUY,1.3000,0.0000,0
2025.03.27 13:19:11,BUY,1.2000,0.1000,1
2025.03.27 13:29:08,BUY,1.2000,-0.1000,0
2025.03.27 13:44:47,BUY,1.3000,-0.1000,0
2025.03.27 14:30:11,SELL,1.2000,-0.4000,0
2025.03.27 14:39:44,SELL,1.2000,0.1000,0
2025.03.27 14:53:41,BUY,1.2000,0.1000,1
2025.03.27 15:06:54,SELL,1.2000,-0.3000,0
2025.03.27 15:21:32,BUY,1.3000,0.0000,0
2025.03.27 15:36:43,SELL,1.2000,0.0000,1
2025.03.27 15:42:14,SELL,1.2000,0.1000,1
2025.03.27 15:49:02,BUY,1.2000,-0.1000,0
2025.03.27 15:54:03,BUY,1.3000,0.1000,0
2025.03.27 16:02:35,SELL,1.2000,-0.6000,0
2025.03.27 16:49:20,SELL,0.8000,0.0000,0
2025.03.27 17:07:53,SELL,1.2000,-0.1000,1
2025.03.27 17:31:39,SELL,1.3000,-0.1000,1
2025.03.27 17:39:59,SELL,1.2000,-0.4000,0
2025.03.27 17:52:20,BUY,1.2000,0.1000,1
2025.03.27 17:57:20,BUY,1.2000,0.2000,0
2025.03.27 18:06:35,BUY,1.2000,0.1000,0
2025.03.27 18:17:31,SELL,1.2000,0.2000,0
2025.03.27 19:22:08,BUY,1.2000,-0.1000,0
2025.03.27 23:03:03,BUY,6.2000,0.2000,1
2025.03.28 09:56:20,BUY,1.2000,-0.1000,0
2025.03.28 10:02:48,SELL,1.2000,0.2000,1
2025.03.28 10:14:14,BUY,1.2000,-0.1000,1
2025.03.28 10:20:23,BUY,1.1000,0.2000,0
2025.03.28 11:21:13,BUY,1.1000,0.2000,1
2025.03.28 14:04:47,BUY,1.2000,-0.1000,12
2025.03.28 14:31:28,SELL,1.2000,-0.1000,0
2025.03.28 14:53:00,SELL,0.8000,0.6000,0
2025.03.28 15:08:05,SELL,1.2000,0.4000,1
2025.03.28 15:13:05,BUY,1.2000,-0.3000,0
2025.03.28 15:19:07,SELL,0.8000,-0.7000,1
2025.03.28 15:24:29,SELL,1.2000,0.1000,0
2025.03.28 15:51:17,SELL,1.2000,0.1000,0
2025.03.28 15:58:42,BUY,1.2000,-0.1000,1
2025.03.28 16:03:42,SELL,1.2000,-0.2000,0
2025.03.28 16:12:35,BUY,1.2000,0.1000,0
2025.03.28 16:17:48,SELL,1.2000,-0.2000,0
2025.03.28 16:37:04,BUY,1.2000,0.2000,0
2025.03.28 16:47:03,SELL,1.3000,0.0000,0
2025.03.28 16:54:09,BUY,1.2000,-0.3000,0
2025.03.28 17:02:51,SELL,1.2000,-0.4000,1
2025.03.28 17:23:56,SELL,1.1000,0.1000,0
2025.03.28 17:43:50,BUY,1.2000,0.2000,0
2025.03.28 17:49:31,BUY,1.2000,-0.2000,1
2025.03.28 17:54:31,BUY,1.2000,0.0000,0
2025.03.28 18:04:39,SELL,1.2000,-0.1000,1
2025.03.28 18:11:07,BUY,1.2000,0.2000,1
2025.03.28 18:18:23,SELL,1.3000,0.1000,1
2025.03.28 18:23:24,SELL,1.3000,0.0000,0
2025.03.28 18:39:50,BUY,1.2000,-0.2000,1
2025.03.28 18:49:14,BUY,1.2000,-0.1000,2
2025.03.28 19:16:28,BUY,1.3000,0.1000,1
2025.03.28 19:32:42,SELL,1.2000,0.1000,0
2025.03.28 20:07:26,BUY,1.2000,0.1000,4
2025.03.28 20:33:36,SELL,1.2000,0.1000,0
2025.03.31 00:01:00,BUY,8.6000,0.0000,22
2025.03.31 00:29:47,BUY,8.0000,-0.1000,3
2025.03.31 00:37:03,BUY,5.1000,-0.3000,1
2025.03.31 01:04:39,BUY,1.2000,-0.4000,0
2025.03.31 01:12:12,SELL,0.8000,0.0000,0
2025.03.31 01:23:56,SELL,1.3000,0.0000,1
2025.03.31 02:12:42,BUY,1.2000,-0.1000,0
2025.03.31 02:29:54,BUY,1.0000,0.4000,0
2025.03.31 02:34:54,SELL,1.2000,-0.1000,0
2025.03.31 02:44:02,SELL,1.3000,-0.1000,0
2025.03.31 04:49:00,BUY,1.3000,-0.3000,1
2025.03.31 05:28:15,SELL,1.3000,0.0000,0
2025.03.31 08:13:21,SELL,1.2000,0.1000,0
2025.03.31 08:56:15,BUY,1.3000,0.0000,1
2025.03.31 09:01:54,BUY,1.1000,-0.1000,0
2025.03.31 09:06:54,SELL,1.3000,0.0000,1
2025.03.31 09:36:34,SELL,1.1000,-0.3000,0
2025.03.31 09:46:11,SELL,1.2000,-0.1000,1
2025.03.31 09:54:38,BUY,1.2000,0.1000,1
2025.03.31 10:05:51,SELL,1.2000,0.1000,0
2025.03.31 10:11:27,BUY,1.3000,0.0000,1
2025.03.31 10:24:23,BUY,1.2000,0.2000,0
2025.03.31 10:39:30,BUY,1.3000,0.1000,0
2025.03.31 10:47:50,SELL,1.2000,0.1000,0
2025.03.31 11:08:40,BUY,1.2000,-0.2000,0
2025.03.31 11:16:51,BUY,1.2000,0.1000,1
2025.03.31 11:39:10,SELL,1.2000,0.0000,1
2025.03.31 13:08:26,BUY,1.2000,-0.1000,0
2025.03.31 13:13:49,BUY,1.2000,0.1000,1
2025.03.31 13:29:49,SELL,1.2000,0.1000,1
2025.03.31 14:04:55,SELL,1.2000,0.1000,1
2025.03.31 14:18:10,BUY,1.2000,-0.1000,1
2025.03.31 15:09:50,BUY,1.2000,0.1000,1
2025.03.31 15:24:46,BUY,1.2000,-0.1000,1
2025.03.31 16:04:59,SELL,1.2000,0.0000,1
2025.03.31 16:09:59,SELL,1.2000,0.1000,1
2025.03.31 16:18:57,SELL,1.2000,-0.1000,0
2025.03.31 16:24:32,BUY,1.0000,-0.1000,1
2025.03.31 16:37:20,BUY,1.2000,-0.2000,0
2025.03.31 16:52:51,BUY,1.2000,0.2000,0
2025.03.31 17:02:08,BUY,1.2000,0.1000,1
2025.03.31 17:13:24,SELL,0.9000,0.9000,1
2025.03.31 17:24:04,BUY,1.2000,0.1000,0
2025.03.31 17:43:01,BUY,1.3000,0.2000,1
2025.03.31 17:50:12,SELL,1.3000,0.2000,1
2025.03.31 17:55:20,SELL,1.2000,0.1000,0
2025.03.31 18:05:42,SELL,1.2000,0.1000,1
2025.03.31 18:11:29,SELL,0.8000,-1.1000,0
2025.03.31 18:16:30,BUY,1.2000,0.2000,0
2025.03.31 18:23:04,SELL,1.1000,-0.3000,0
2025.03.31 18:35:24,BUY,1.5000,0.0000,0
2025.03.31 18:56:58,BUY,1.3000,0.0000,0
2025.03.31 19:21:29,BUY,1.2000,0.1000,1
2025.03.31 19:26:51,BUY,1.2000,-0.2000,1
2025.03.31 19:38:15,SELL,1.2000,0.2000,1
2025.03.31 19:49:14,SELL,1.2000,-0.3000,0
2025.03.31 20:11:39,SELL,1.2000,0.1000,1
2025.03.31 22:58:36,BUY,1.2000,0.1000,1
2025.04.01 04:32:46,BUY,1.3000,0.0000,0
2025.04.01 08:02:26,BUY,1.2000,0.1000,3
2025.04.01 08:57:35,BUY,1.2000,-0.2000,1
2025.04.01 09:24:49,BUY,1.3000,0.4000,0
2025.04.01 09:33:31,SELL,0.9000,-0.2000,1
2025.04.01 09:53:56,SELL,1.3000,-0.3000,0
2025.04.01 10:00:26,BUY,1.2000,0.1000,1
2025.04.01 10:12:50,SELL,1.3000,0.0000,1
2025.04.01 10:18:38,BUY,1.3000,-0.1000,0
2025.04.01 10:28:02,BUY,1.3000,-0.1000,0
2025.04.01 11:23:19,SELL,1.2000,0.1000,1
2025.04.01 12:03:43,SELL,1.2000,0.3000,0
2025.04.01 12:17:10,BUY,1.3000,-0.1000,1
2025.04.01 13:01:49,BUY,1.2000,-0.1000,1
2025.04.01 13:07:50,BUY,1.3000,0.0000,0
2025.04.01 13:14:29,SELL,1.2000,-0.1000,0
2025.04.01 13:24:32,SELL,1.2000,0.1000,0
2025.04.01 13:56:12,BUY,1.3000,0.0000,0
2025.04.01 14:42:36,BUY,1.2000,0.2000,1
2025.04.01 14:48:38,SELL,1.2000,-0.3000,1
2025.04.01 14:54:25,BUY,1.2000,-0.3000,1
2025.04.01 15:02:28,SELL,1.2000,0.1000,1
2025.04.01 15:22:44,SELL,1.2000,-0.1000,0
2025.04.01 15:41:17,BUY,1.2000,-0.1000,1
2025.04.01 16:07:54,BUY,1.2000,0.1000,0
2025.04.01 16:12:54,SELL,1.2000,0.0000,1
2025.04.01 16:24:16,SELL,1.2000,0.0000,4
2025.04.01 16:51:49,BUY,1.3000,0.1000,0
2025.04.01 17:00:17,SELL,1.2000,0.0000,0
2025.04.01 17:09:20,SELL,1.2000,0.1000,1
2025.04.01 17:14:20,SELL,1.3000,-0.1000,0
2025.04.01 17:22:45,BUY,1.2000,0.1000,4
2025.04.01 17:29:08,BUY,1.3000,-0.1000,0
2025.04.01 17:34:09,SELL,1.2000,-0.4000,1
2025.04.01 17:39:10,SELL,1.2000,0.2000,0
2025.04.01 18:07:52,BUY,1.3000,0.0000,0
2025.04.01 18:13:29,SELL,1.2000,-0.2000,1
2025.04.01 18:34:03,BUY,1.2000,0.1000,4
2025.04.01 18:39:03,SELL,1.2000,0.1000,2
2025.04.01 18:44:28,BUY,1.2000,0.2000,0
2025.04.01 19:12:05,BUY,1.2000,0.0000,1
2025.04.01 23:47:29,SELL,1.2000,-0.1000,0
2025.04.01 23:59:36,BUY,4.2000,-0.6000,0
2025.04.02 00:04:45,BUY,8.7000,0.2000,1
2025.04.02 01:18:37,SELL,1.2000,-0.1000,0
2025.04.02 01:33:45,BUY,1.8000,0.0000,4
2025.04.02 08:04:04,BUY,1.3000,-0.1000,0
2025.04.02 10:12:19,BUY,1.3000,0.0000,0
2025.04.02 10:53:42,SELL,1.2000,0.1000,0
2025.04.02 11:33:55,SELL,1.2000,-0.1000,0
2025.04.02 12:33:08,SELL,1.2000,0.1000,0
2025.04.02 13:02:26,BUY,1.3000,-0.1000,1
2025.04.02 13:08:44,BUY,1.2000,0.2000,0
2025.04.02 13:27:49,BUY,1.2000,-0.2000,1
2025.04.02 13:34:04,BUY,1.2000,-0.2000,0
2025.04.02 13:44:20,SELL,1.2000,0.1000,1
2025.04.02 15:15:50,BUY,1.3000,0.0000,0
2025.04.02 15:26:55,SELL,1.2000,0.1000,3
2025.04.02 15:48:06,BUY,1.2000,0.1000,0
2025.04.02 15:53:37,SELL,1.3000,-0.1000,0
2025.04.02 15:58:37,SELL,1.2000,0.1000,0
2025.04.02 16:25:37,SELL,1.2000,0.0000,0
2025.04.02 16:57:49,SELL,1.2000,-0.1000,1
2025.04.02 17:03:27,BUY,1.2000,-0.1000,0
2025.04.02 17:39:09,SELL,1.2000,-0.1000,0
2025.04.02 17:44:09,SELL,1.2000,-0.1000,2
2025.04.02 17:49:10,SELL,1.1000,0.0000,1
2025.04.02 17:54:11,SELL,1.1000,-0.2000,1
2025.04.02 18:01:06,BUY,1.3000,0.1000,0
2025.04.02 18:07:52,SELL,1.2000,0.1000,1
2025.04.02 18:48:23,SELL,1.2000,0.1000,1
2025.04.02 18:54:59,SELL,1.2000,0.0000,1
2025.04.02 19:17:51,BUY,1.2000,0.1000,1
2025.04.02 20:04:21,SELL,1.2000,0.1000,0
2025.04.02 20:09:30,BUY,1.2000,-0.1000,1
2025.04.02 20:59:51,BUY,1.3000,0.0000,0
2025.04.02 23:09:02,BUY,1.3000,-0.1000,1
2025.04.02 23:14:02,SELL,1.6000,0.1000,0
2025.04.02 23:19:05,BUY,1.0000,-0.5000,0
2025.04.02 23:25:11,BUY,2.1000,-1.1000,1
2025.04.02 23:30:22,BUY,1.4000,-0.3000,0
2025.04.02 23:35:52,SELL,1.0000,0.0000,0
2025.04.02 23:40:56,SELL,1.4000,0.3000,0
2025.04.02 23:45:56,SELL,2.3000,0.0000,1
2025.04.02 23:51:20,BUY,1.3000,-0.1000,0
2025.04.02 23:56:22,SELL,0.8000,0.0000,0
2025.04.03 00:01:29,SELL,2.6000,9.9000,0
2025.04.03 00:06:30,SELL,9.3000,-0.2000,1
2025.04.03 00:12:16,BUY,15.4000,-2.7000,1
2025.04.03 00:17:52,BUY,3.7000,0.1000,1
2025.04.03 00:22:52,BUY,5.4000,-0.6000,0
2025.04.03 00:28:40,BUY,4.0000,0.0000,0
2025.04.03 00:43:22,SELL,5.6000,0.0000,1
2025.04.03 01:00:34,SELL,3.8000,0.1000,0
2025.04.03 01:08:41,BUY,1.5000,-0.8000,0
2025.04.03 01:13:41,BUY,1.2000,0.3000,0
2025.04.03 01:21:50,BUY,0.9000,0.2000,0
2025.04.03 01:26:50,SELL,1.2000,0.0000,0
2025.04.03 01:33:31,BUY,1.3000,0.0000,0
2025.04.03 01:38:49,SELL,1.2000,-0.1000,1
2025.04.03 01:43:49,SELL,1.2000,0.2000,1
2025.04.03 01:48:49,SELL,1.2000,0.0000,1
2025.04.03 02:02:02,SELL,1.2000,0.2000,1
2025.04.03 02:07:03,SELL,1.4000,-0.1000,0
2025.04.03 02:13:04,SELL,1.2000,0.0000,0
2025.04.03 02:19:36,SELL,0.8000,0.5000,0
2025.04.03 02:24:36,SELL,1.3000,-0.7000,2
2025.04.03 02:29:37,SELL,1.3000,0.0000,0
2025.04.03 02:36:05,SELL,1.2000,0.1000,1
2025.04.03 02:42:00,SELL,1.4000,-0.3000,0
2025.04.03 02:48:22,BUY,1.2000,-0.8000,0
2025.04.03 02:53:22,SELL,1.2000,-0.2000,0
2025.04.03 03:01:39,BUY,1.2000,-0.2000,0
2025.04.03 03:06:56,BUY,1.2000,0.1000,1
2025.04.03 03:19:19,BUY,1.2000,0.2000,0
2025.04.03 03:33:31,SELL,0.8000,-0.4000,0
2025.04.03 03:38:44,SELL,1.2000,0.1000,1
2025.04.03 03:43:44,SELL,1.3000,-0.1000,1
2025.04.03 03:48:44,SELL,1.2000,0.1000,0
2025.04.03 03:53:44,BUY,1.3000,-0.1000,0
2025.04.03 03:58:44,BUY,1.2000,0.1000,0
2025.04.03 04:05:29,SELL,1.2000,0.3000,0
2025.04.03 04:13:07,SELL,1.2000,0.1000,1
2025.04.03 04:21:29,SELL,1.2000,-0.4000,0
2025.04.03 04:28:19,SELL,1.3000,0.1000,0
2025.04.03 04:33:19,SELL,1.2000,0.0000,0
2025.04.03 04:46:32,SELL,1.2000,-0.3000,0
2025.04.03 04:51:32,BUY,1.3000,0.1000,1
2025.04.03 05:07:29,BUY,1.3000,0.4000,0
2025.04.03 05:21:26,SELL,1.1000,-0.1000,0
2025.04.03 05:31:22,BUY,1.2000,0.2000,0
2025.04.03 06:17:18,SELL,1.2000,0.2000,6
2025.04.03 06:58:24,BUY,1.2000,0.0000,1
2025.04.03 07:09:32,BUY,1.2000,-0.1000,0
2025.04.03 08:23:10,SELL,1.2000,-0.5000,0
2025.04.03 08:28:10,SELL,1.3000,-0.2000,0
2025.04.03 08:34:42,SELL,1.2000,0.1000,1
2025.04.03 08:44:51,SELL,0.8000,-0.2000,1
2025.04.03 08:59:15,BUY,1.2000,0.0000,0
2025.04.03 09:04:15,SELL,1.2000,-0.1000,0
2025.04.03 09:22:28,BUY,1.2000,0.1000,0
2025.04.03 09:27:28,SELL,1.3000,-0.1000,0
2025.04.03 09:32:30,BUY,1.2000,0.5000,0
2025.04.03 09:37:30,SELL,1.2000,-0.4000,0
2025.04.03 09:42:30,SELL,1.2000,-0.2000,0
2025.04.03 09:48:59,SELL,1.3000,-0.1000,0
2025.04.03 09:54:00,BUY,1.2000,0.3000,0
2025.04.03 09:59:00,SELL,1.2000,-0.4000,0
2025.04.03 10:04:21,BUY,1.2000,0.1000,0
2025.04.03 10:11:06,BUY,1.3000,-0.1000,0
2025.04.03 10:16:06,SELL,1.1000,-0.4000,0
2025.04.03 10:21:27,BUY,1.2000,0.1000,0
2025.04.03 10:26:28,BUY,1.3000,0.2000,1
2025.04.03 10:36:02,SELL,1.2000,0.1000,0
2025.04.03 10:41:05,SELL,1.2000,0.4000,0
2025.04.03 10:48:11,BUY,1.2000,-0.2000,0
2025.04.03 10:55:53,BUY,1.2000,0.6000,0
2025.04.03 11:01:03,SELL,1.2000,-0.5000,0
2025.04.03 11:09:31,BUY,1.2000,-0.2000,0
2025.04.03 11:14:31,SELL,1.3000,-0.3000,1
2025.04.03 11:19:31,SELL,1.2000,-0.1000,1
2025.04.03 11:24:57,SELL,1.2000,0.1000,0
2025.04.03 11:29:57,BUY,1.3000,-0.5000,3
2025.04.03 11:36:33,SELL,0.8000,0.5000,0
2025.04.03 11:41:33,SELL,1.3000,0.1000,0
2025.04.03 11:46:44,SELL,1.2000,0.1000,0
2025.04.03 11:53:16,BUY,1.2000,0.1000,0
2025.04.03 11:58:16,BUY,1.2000,0.0000,1
2025.04.03 12:07:16,SELL,1.2000,-0.1000,1
2025.04.03 12:12:16,SELL,1.3000,-0.1000,0
2025.04.03 12:18:21,SELL,0.8000,-0.2000,0
2025.04.03 12:23:21,BUY,1.2000,0.1000,0
2025.04.03 12:28:48,SELL,1.3000,0.0000,0
2025.04.03 12:49:32,SELL,1.0000,0.0000,0
2025.04.03 12:56:11,BUY,1.2000,0.1000,0
2025.04.03 13:02:56,SELL,1.0000,0.1000,0
2025.04.03 13:07:56,SELL,1.2000,-0.2000,1
2025.04.03 13:12:56,SELL,1.2000,0.8000,0
2025.04.03 13:18:00,BUY,0.8000,0.2000,0
2025.04.03 13:23:00,BUY,1.1000,-0.2000,0
2025.04.03 13:28:00,BUY,1.3000,-0.1000,0
2025.04.03 13:33:55,BUY,1.3000,-0.1000,0
2025.04.03 13:39:56,SELL,1.0000,0.8000,0
2025.04.03 13:44:56,BUY,1.1000,0.1000,0
2025.04.03 13:49:57,SELL,1.2000,0.3000,0
2025.04.03 13:54:57,BUY,1.3000,-0.1000,0
2025.04.03 13:59:57,BUY,1.2000,-0.1000,0
2025.04.03 14:05:37,BUY,0.8000,0.0000,0
2025.04.03 14:11:50,BUY,1.2000,-0.4000,1
2025.04.03 14:16:50,BUY,1.2000,-0.1000,0
2025.04.03 14:21:50,SELL,1.2000,0.2000,0
2025.04.03 14:26:54,SELL,1.2000,0.1000,1
2025.04.03 14:31:54,SELL,0.8000,1.2000,0
2025.04.03 14:40:15,BUY,1.3000,0.0000,0
2025.04.03 14:45:54,SELL,1.2000,-0.2000,0
2025.04.03 14:51:54,BUY,1.2000,0.2000,1
2025.04.03 14:56:54,BUY,1.2000,0.1000,0
2025.04.03 15:01:56,SELL,1.2000,-0.2000,0
2025.04.03 15:06:56,SELL,1.0000,0.2000,0
2025.04.03 15:11:58,BUY,0.8000,-0.4000,0
2025.04.03 15:17:08,BUY,1.2000,-0.1000,1
2025.04.03 15:22:53,SELL,1.2000,-0.2000,0
2025.04.03 15:33:02,SELL,1.2000,-1.4000,0
2025.04.03 15:38:15,BUY,1.3000,0.0000,1
2025.04.03 15:43:15,SELL,1.3000,0.0000,0
2025.04.03 15:48:15,SELL,1.2000,0.0000,0
2025.04.03 15:53:15,BUY,1.3000,0.1000,0
2025.04.03 15:58:15,BUY,1.1000,0.6000,1
2025.04.03 16:04:31,SELL,1.2000,-0.1000,1
2025.04.03 16:09:31,SELL,1.2000,0.0000,0
2025.04.03 16:15:13,SELL,1.0000,0.3000,0
2025.04.03 16:21:09,SELL,1.2000,0.1000,0
2025.04.03 16:26:29,BUY,1.2000,-0.4000,0
2025.04.03 16:31:29,BUY,1.3000,-0.4000,0
2025.04.03 16:41:56,SELL,1.1000,0.0000,0
2025.04.03 16:46:56,SELL,1.2000,-0.3000,0
2025.04.03 16:53:21,BUY,1.2000,0.4000,1
2025.04.03 16:58:58,BUY,1.3000,-0.1000,1
2025.04.03 17:04:00,SELL,0.9000,-0.6000,0
2025.04.03 17:09:00,SELL,1.2000,0.3000,0
2025.04.03 17:14:00,SELL,1.2000,-0.1000,0
2025.04.03 17:19:00,BUY,1.2000,0.3000,0
2025.04.03 17:26:56,BUY,1.3000,0.0000,0
2025.04.03 17:31:57,SELL,1.3000,-0.1000,1
2025.04.03 17:36:57,SELL,1.2000,0.1000,0
2025.04.03 17:42:30,SELL,0.1000,0.1000,0
2025.04.03 17:49:08,BUY,0.1000,-0.1000,0
2025.04.03 17:54:08,SELL,0.1000,0.5000,0
2025.04.03 18:02:50,BUY,1.3000,-0.1000,0
2025.04.03 18:11:03,BUY,1.3000,0.0000,2
2025.04.03 18:16:18,BUY,0.8000,-0.6000,0
2025.04.03 18:21:27,BUY,1.3000,0.0000,1
2025.04.03 18:26:27,BUY,1.2000,0.0000,1
2025.04.03 18:31:27,SELL,1.3000,0.2000,1
2025.04.03 18:36:27,SELL,1.3000,0.3000,0
2025.04.03 18:41:27,SELL,1.3000,-0.1000,0
2025.04.03 18:50:50,SELL,1.2000,-0.2000,0
2025.04.03 19:08:15,BUY,1.2000,-0.3000,1
2025.04.03 19:20:59,BUY,1.3000,0.1000,1
2025.04.03 19:38:18,BUY,1.2000,0.2000,1
2025.04.03 19:46:53,BUY,1.3000,0.1000,0
2025.04.03 20:04:56,BUY,1.3000,-0.1000,0
2025.04.03 20:12:24,BUY,1.1000,0.1000,0
2025.04.03 20:17:37,SELL,1.2000,0.0000,0
2025.04.03 20:24:47,BUY,0.8000,0.1000,0
2025.04.03 20:31:05,SELL,1.2000,0.1000,0
2025.04.03 20:52:01,SELL,1.1000,0.1000,1
2025.04.03 21:02:00,BUY,1.2000,-0.1000,0
2025.04.03 21:08:47,SELL,1.2000,0.1000,0
2025.04.03 21:17:11,SELL,1.2000,-0.8000,2
2025.04.03 21:22:49,SELL,0.8000,-0.1000,1
2025.04.03 22:27:36,BUY,1.2000,0.2000,0
2025.04.03 22:54:29,SELL,1.2000,0.1000,1
2025.04.03 22:59:30,SELL,1.2000,-0.1000,0
2025.04.03 23:32:22,SELL,1.2000,0.2000,2
2025.04.03 23:44:14,SELL,1.2000,0.1000,2
2025.04.03 23:49:14,SELL,1.2000,0.2000,1
2025.04.04 00:00:56,BUY,12.5000,-0.9000,4
2025.04.04 01:13:26,SELL,1.2000,0.1000,1
2025.04.04 01:31:47,SELL,1.3000,0.0000,0
2025.04.04 01:44:41,BUY,1.3000,0.0000,1
2025.04.04 01:52:26,BUY,1.1000,-0.4000,0
2025.04.04 01:58:47,SELL,1.2000,-0.3000,1
2025.04.04 02:03:47,BUY,1.3000,0.1000,0
2025.04.04 02:08:47,BUY,1.3000,-0.3000,0
2025.04.04 02:17:04,BUY,1.2000,0.1000,1
2025.04.04 02:33:33,SELL,1.2000,0.3000,1
2025.04.04 02:54:00,SELL,1.2000,-0.1000,1
2025.04.04 03:03:05,BUY,1.2000,-0.1000,0
2025.04.04 03:18:32,BUY,1.3000,-0.1000,0
2025.04.04 03:33:48,SELL,1.2000,0.1000,0
2025.04.04 03:41:12,SELL,1.2000,0.1000,0
2025.04.04 04:18:52,SELL,1.2000,0.2000,1
2025.04.04 04:27:37,BUY,1.2000,0.1000,0
2025.04.04 04:38:15,SELL,1.3000,-0.1000,0
2025.04.04 04:47:42,SELL,1.2000,0.1000,0
2025.04.04 04:52:42,SELL,1.2000,0.1000,0
2025.04.04 04:57:55,BUY,1.2000,0.1000,0
2025.04.04 05:07:12,SELL,1.2000,-0.1000,0
2025.04.04 05:14:06,SELL,0.9000,-0.6000,0
2025.04.04 05:22:44,BUY,1.3000,0.2000,0
2025.04.04 05:32:27,SELL,1.0000,0.2000,1
2025.04.04 05:43:09,SELL,1.2000,-0.1000,0
2025.04.04 06:01:45,BUY,1.3000,-0.1000,0
2025.04.04 06:14:12,SELL,1.2000,0.1000,0
2025.04.04 06:34:31,SELL,1.1000,-0.5000,1
2025.04.04 06:39:31,SELL,1.3000,0.0000,0
2025.04.04 06:44:45,SELL,1.3000,0.2000,0
2025.04.04 06:51:53,SELL,1.2000,-0.1000,1
2025.04.04 06:57:16,BUY,1.2000,-0.1000,1
2025.04.04 07:07:19,SELL,1.2000,-0.2000,0
2025.04.04 07:12:33,BUY,1.2000,0.0000,1
2025.04.04 07:31:50,BUY,1.2000,-0.1000,0
2025.04.04 08:04:38,SELL,1.2000,0.1000,0
2025.04.04 08:18:44,SELL,1.3000,0.1000,1
2025.04.04 08:30:29,BUY,1.2000,-0.1000,1
2025.04.04 08:39:45,BUY,1.2000,-0.2000,0
2025.04.04 08:53:31,SELL,1.2000,0.4000,0
2025.04.04 08:59:27,SELL,1.2000,0.0000,0
2025.04.04 09:04:27,BUY,1.2000,0.0000,0
2025.04.04 09:09:30,BUY,1.2000,0.1000,2
2025.04.04 09:14:39,SELL,1.2000,0.1000,1
2025.04.04 09:19:42,BUY,1.2000,-0.2000,0
2025.04.04 09:24:43,BUY,1.2000,0.2000,0
2025.04.04 09:51:51,BUY,1.3000,-0.1000,0
2025.04.04 09:57:37,BUY,1.3000,-0.5000,1
2025.04.04 10:03:50,SELL,1.2000,-0.2000,0
2025.04.04 10:08:51,SELL,1.2000,0.0000,0
2025.04.04 10:17:01,BUY,1.2000,0.1000,1
2025.04.04 10:29:21,BUY,0.8000,-0.3000,0
2025.04.04 10:35:59,BUY,1.2000,0.2000,1
2025.04.04 10:43:49,BUY,1.2000,0.3000,0
2025.04.04 10:48:49,BUY,1.3000,-0.1000,1
2025.04.04 10:54:00,BUY,1.2000,0.0000,0
2025.04.04 10:59:00,BUY,1.2000,0.0000,1
2025.04.04 11:04:00,BUY,1.2000,0.2000,0
2025.04.04 11:09:00,SELL,1.2000,0.1000,0
2025.04.04 11:18:01,BUY,1.3000,0.1000,0
2025.04.04 11:24:14,BUY,1.3000,0.0000,0
2025.04.04 11:29:17,SELL,1.0000,-0.4000,0
2025.04.04 11:34:38,BUY,1.2000,0.2000,0
2025.04.04 11:39:47,BUY,1.3000,-0.1000,0
2025.04.04 11:44:47,SELL,1.2000,0.1000,0
2025.04.04 12:02:34,BUY,1.2000,-0.4000,0
2025.04.04 12:11:14,BUY,1.2000,0.0000,0
2025.04.04 12:18:43,SELL,1.1000,-0.3000,0
2025.04.04 12:28:08,BUY,1.2000,-0.1000,0
2025.04.04 12:36:36,SELL,1.3000,0.0000,0
2025.04.04 12:43:51,BUY,1.2000,0.0000,0
2025.04.04 12:48:51,SELL,1.2000,0.0000,0
2025.04.04 13:01:40,BUY,1.2000,-0.2000,0
2025.04.04 13:06:40,BUY,1.2000,-0.3000,0
2025.04.04 13:18:03,SELL,1.2000,0.1000,0
2025.04.04 13:23:03,SELL,1.2000,-0.7000,1
2025.04.04 13:28:06,SELL,0.8000,-0.1000,0
2025.04.04 13:35:59,BUY,1.3000,-0.1000,0
2025.04.04 13:47:00,SELL,1.2000,-0.4000,0
2025.04.04 13:52:33,BUY,1.2000,-0.1000,0
2025.04.04 13:57:35,SELL,0.8000,-0.7000,0
2025.04.04 14:02:35,SELL,1.2000,-0.1000,0
2025.04.04 14:07:36,SELL,1.2000,0.2000,1
2025.04.04 14:12:51,BUY,1.2000,0.0000,1
2025.04.04 14:17:51,SELL,1.2000,0.1000,0
2025.04.04 14:23:19,SELL,1.2000,-0.1000,1
2025.04.04 14:28:19,BUY,1.2000,-0.1000,0
2025.04.04 14:33:48,SELL,1.2000,0.1000,0
2025.04.04 14:38:48,SELL,1.2000,0.0000,0
2025.04.04 14:43:48,SELL,1.2000,-0.1000,0
2025.04.04 14:48:49,BUY,1.2000,-0.3000,0
2025.04.04 14:55:10,BUY,1.2000,-0.2000,0
2025.04.04 15:00:56,BUY,1.2000,-0.5000,0
2025.04.04 15:06:50,SELL,1.2000,-0.2000,0
2025.04.04 15:11:50,BUY,1.2000,-0.2000,0
2025.04.04 15:16:50,SELL,1.2000,-0.1000,0
2025.04.04 15:22:06,SELL,1.2000,0.1000,1
2025.04.04 15:27:51,SELL,1.2000,0.2000,0
2025.04.04 15:32:51,BUY,1.2000,-0.2000,1
2025.04.04 15:37:51,BUY,1.2000,0.3000,0
2025.04.04 15:42:51,BUY,1.2000,0.3000,0
2025.04.04 15:47:51,SELL,1.3000,-0.5000,0
2025.04.04 15:52:51,BUY,1.3000,0.1000,0
2025.04.04 15:57:55,BUY,1.3000,0.0000,0
2025.04.04 16:02:55,SELL,1.2000,0.4000,0
2025.04.04 16:08:31,BUY,1.2000,-0.3000,0
2025.04.04 16:16:55,BUY,1.2000,0.3000,0
2025.04.04 16:21:55,BUY,1.3000,-0.1000,0
2025.04.04 16:26:55,BUY,1.3000,-0.5000,1
2025.04.04 16:31:55,SELL,1.0000,0.3000,0
2025.04.04 16:37:00,SELL,1.2000,0.3000,1
2025.04.04 16:42:24,SELL,1.2000,0.0000,1
2025.04.04 16:49:23,BUY,1.2000,0.3000,0
2025.04.04 16:54:23,BUY,1.2000,0.0000,0
2025.04.04 17:01:24,BUY,1.2000,0.0000,1
2025.04.04 17:06:24,SELL,1.2000,-0.1000,0
2025.04.04 17:11:25,SELL,1.3000,0.4000,0
2025.04.04 17:16:25,SELL,1.2000,0.1000,0
2025.04.04 17:21:57,BUY,1.2000,-0.3000,1
2025.04.04 17:27:37,SELL,1.2000,0.2000,1
2025.04.04 17:32:37,BUY,1.3000,-0.2000,0
2025.04.04 17:37:37,BUY,1.2000,0.0000,0
2025.04.04 17:42:37,SELL,1.2000,0.1000,0
2025.04.04 17:51:02,BUY,1.2000,0.1000,1
2025.04.04 17:57:21,BUY,1.2000,0.5000,0
2025.04.04 18:02:21,SELL,1.2000,-0.2000,0
2025.04.04 18:07:36,BUY,1.2000,0.5000,0
2025.04.04 18:12:50,SELL,0.8000,-0.5000,0
2025.04.04 18:18:20,BUY,0.8000,-0.6000,0
2025.04.04 18:23:23,BUY,1.2000,0.4000,2
2025.04.04 18:28:35,BUY,1.3000,-0.1000,0
2025.04.04 18:33:35,SELL,0.8000,1.0000,0
2025.04.04 18:41:29,SELL,0.8000,-0.1000,0
2025.04.04 18:48:39,SELL,1.2000,0.1000,1
2025.04.04 18:58:21,SELL,1.2000,0.1000,1
2025.04.04 19:05:45,BUY,1.2000,0.3000,1
2025.04.04 19:12:19,BUY,1.2000,0.1000,0
2025.04.04 19:17:19,SELL,1.2000,-0.1000,0
2025.04.04 19:22:19,BUY,1.3000,-0.1000,0
2025.04.04 19:29:38,SELL,1.2000,0.1000,1
2025.04.04 19:39:12,BUY,1.2000,-0.3000,1
2025.04.04 19:44:12,BUY,1.3000,0.1000,1
2025.04.04 19:49:12,BUY,1.2000,-0.5000,0
2025.04.04 19:54:13,SELL,1.2000,0.0000,1
2025.04.04 20:00:27,SELL,1.2000,-0.1000,1
2025.04.04 20:07:00,BUY,1.1000,0.2000,0
2025.04.04 20:12:00,BUY,1.2000,0.1000,0
2025.04.04 20:17:00,SELL,1.2000,-0.1000,0
2025.04.04 20:23:58,BUY,1.2000,-0.1000,0
2025.04.04 20:35:38,SELL,1.0000,-1.4000,0
2025.04.04 20:41:52,SELL,1.2000,-0.1000,0
2025.04.04 20:47:07,SELL,0.9000,-0.2000,0
2025.04.04 20:56:40,SELL,1.1000,0.1000,0
2025.04.04 21:02:49,BUY,1.2000,-0.1000,1
2025.04.04 21:08:22,SELL,1.2000,0.1000,1
2025.04.04 21:18:33,SELL,1.2000,-0.2000,0
2025.04.04 21:27:07,SELL,1.2000,0.1000,0
2025.04.04 21:33:02,SELL,0.8000,0.0000,0
2025.04.04 21:38:14,BUY,1.2000,0.1000,2
2025.04.04 21:43:40,SELL,1.2000,-0.1000,0
2025.04.04 21:48:47,BUY,1.2000,0.3000,1
2025.04.04 21:53:49,BUY,1.2000,-0.2000,1
2025.04.04 21:58:49,BUY,1.3000,-0.1000,0
2025.04.04 22:03:49,BUY,1.2000,-0.1000,1
2025.04.04 22:11:41,SELL,1.2000,0.1000,0
2025.04.04 22:19:28,SELL,1.2000,0.1000,0
2025.04.04 22:33:02,SELL,1.2000,-0.2000,0
2025.04.04 22:42:09,SELL,0.9000,-0.5000,0
2025.04.04 22:53:59,BUY,1.2000,0.1000,1
2025.04.04 22:58:59,BUY,1.2000,-0.1000,0
2025.04.04 23:04:40,SELL,1.2000,0.0000,0
2025.04.04 23:23:31,BUY,1.2000,-0.1000,1
2025.04.04 23:31:26,SELL,1.2000,1.6000,1
2025.04.04 23:45:39,SELL,1.0000,0.7000,0
2025.04.04 23:52:34,SELL,1.0000,-0.6000,0
2025.04.07 00:00:01,BUY,2.0000,11.7000,42
2025.04.07 00:07:51,BUY,9.0000,0.0000,2
2025.04.07 00:13:33,BUY,6.8000,0.3000,1
2025.04.07 00:26:40,SELL,2.7000,3.4000,1
2025.04.07 00:35:17,SELL,1.4000,0.1000,0
2025.04.07 00:42:08,SELL,2.3000,-0.3000,2
2025.04.07 00:47:08,SELL,11.0000,0.4000,1
2025.04.07 00:54:06,BUY,7.1000,-0.1000,1
2025.04.07 01:00:00,SELL,1.3000,-0.1000,0
2025.04.07 01:05:49,SELL,2.9000,-0.1000,0
2025.04.07 01:13:05,SELL,1.2000,0.0000,0
2025.04.07 01:18:05,SELL,1.8000,0.3000,0
2025.04.07 01:23:05,SELL,1.1000,-0.4000,0
2025.04.07 01:30:21,SELL,1.4000,-0.4000,1
2025.04.07 01:36:08,SELL,0.8000,-1.3000,1
2025.04.07 02:01:04,SELL,1.2000,0.0000,1
2025.04.07 02:07:54,SELL,1.2000,-0.1000,1
2025.04.07 02:12:54,SELL,1.5000,0.0000,0
2025.04.07 02:18:55,BUY,1.5000,-0.2000,0
2025.04.07 02:23:55,SELL,1.5000,0.0000,0
2025.04.07 02:28:55,BUY,1.6000,-0.1000,0
2025.04.07 02:36:50,SELL,1.2000,-0.2000,0
2025.04.07 02:41:50,SELL,1.4000,-0.1000,0
2025.04.07 02:48:16,BUY,1.3000,0.0000,0
2025.04.07 02:57:30,BUY,1.2000,-0.5000,1
2025.04.07 03:02:30,BUY,1.4000,0.0000,0
2025.04.07 03:07:31,BUY,1.1000,0.0000,0
2025.04.07 03:12:31,BUY,1.4000,-0.1000,0
2025.04.07 03:19:21,SELL,1.1000,0.2000,0
2025.04.07 03:24:21,SELL,1.3000,0.2000,0
2025.04.07 03:33:01,SELL,1.3000,0.0000,0
2025.04.07 03:38:05,SELL,1.1000,0.1000,2
2025.04.07 03:43:08,BUY,1.1000,-0.1000,0
2025.04.07 03:48:56,SELL,1.0000,0.0000,0
2025.04.07 03:53:56,SELL,1.2000,-0.2000,0
2025.04.07 04:03:57,BUY,1.3000,-0.1000,1
2025.04.07 04:15:36,BUY,1.2000,-0.1000,0
2025.04.07 04:26:26,SELL,1.2000,-0.1000,0
2025.04.07 04:31:53,BUY,1.3000,0.0000,0
2025.04.07 04:37:16,BUY,1.3000,-0.2000,0
2025.04.07 04:42:16,SELL,1.2000,0.2000,0
2025.04.07 04:47:16,SELL,1.2000,0.1000,1
2025.04.07 04:55:17,BUY,1.1000,0.0000,0
2025.04.07 05:00:39,BUY,1.2000,-0.2000,0
2025.04.07 05:11:47,BUY,1.2000,0.1000,0
2025.04.07 05:23:32,BUY,1.2000,0.0000,1
2025.04.07 05:28:32,BUY,0.9000,0.1000,1
2025.04.07 05:33:33,BUY,1.3000,-0.1000,0
2025.04.07 05:38:33,SELL,1.3000,-1.1000,1
2025.04.07 05:43:33,BUY,1.2000,-0.1000,1
2025.04.07 05:49:32,SELL,1.2000,0.0000,0
2025.04.07 05:59:16,SELL,1.2000,-0.2000,0
2025.04.07 06:30:45,SELL,1.2000,0.1000,1
2025.04.07 06:47:45,SELL,1.2000,-0.1000,0
2025.04.07 07:12:19,SELL,1.3000,-0.7000,0
2025.04.07 07:17:31,SELL,1.2000,-0.5000,1
2025.04.07 07:23:08,SELL,1.2000,0.1000,0
2025.04.07 07:37:18,SELL,1.1000,0.0000,1
2025.04.07 08:05:43,SELL,1.2000,0.5000,0
2025.04.07 08:18:43,SELL,1.1000,0.4000,1
2025.04.07 08:26:52,SELL,1.2000,0.0000,1
2025.04.07 08:43:29,BUY,1.2000,0.0000,0
2025.04.07 08:48:29,SELL,1.2000,-0.1000,0
2025.04.07 08:53:29,SELL,1.2000,0.0000,2
2025.04.07 08:58:30,SELL,1.3000,-0.5000,0
2025.04.07 09:04:56,BUY,1.3000,0.4000,0
2025.04.07 09:09:56,BUY,1.3000,0.0000,0
2025.04.07 09:17:14,SELL,0.9000,-0.2000,1
2025.04.07 09:22:17,SELL,1.2000,0.2000,0
2025.04.07 09:27:17,BUY,1.2000,0.1000,0
2025.04.07 09:37:20,SELL,1.2000,-0.1000,1
2025.04.07 09:44:21,BUY,1.2000,0.0000,1
2025.04.07 09:49:21,SELL,1.3000,0.1000,0
2025.04.07 09:54:21,BUY,1.3000,0.5000,0
2025.04.07 09:59:47,SELL,1.2000,-0.1000,0
2025.04.07 10:04:47,SELL,1.4000,-0.4000,0
2025.04.07 10:09:47,SELL,1.3000,0.0000,1
2025.04.07 10:14:47,SELL,1.3000,-0.1000,0
2025.04.07 10:19:47,BUY,1.1000,0.3000,0
2025.04.07 10:28:59,BUY,1.2000,0.1000,0
2025.04.07 10:33:59,BUY,1.2000,-0.4000,0
2025.04.07 10:38:59,SELL,1.2000,0.2000,0
2025.04.07 10:45:23,BUY,1.2000,0.3000,1
2025.04.07 10:52:08,BUY,1.2000,-0.2000,0
2025.04.07 10:57:43,BUY,1.3000,-0.2000,1
2025.04.07 11:02:43,SELL,1.3000,-0.2000,0
2025.04.07 11:07:43,SELL,1.3000,0.0000,2
2025.04.07 11:13:28,BUY,1.3000,0.1000,0
2025.04.07 11:18:38,BUY,1.2000,0.1000,1
2025.04.07 11:23:38,BUY,1.3000,0.0000,0
2025.04.07 11:29:15,BUY,1.2000,0.2000,0
2025.04.07 11:35:12,BUY,0.9000,0.0000,0
2025.04.07 11:42:08,SELL,1.3000,-0.5000,0
2025.04.07 11:47:08,SELL,1.2000,0.1000,1
2025.04.07 11:54:30,SELL,1.2000,-0.1000,0
2025.04.07 11:59:30,BUY,1.2000,-0.1000,1
2025.04.07 12:07:07,BUY,1.2000,-0.4000,2
2025.04.07 12:12:07,BUY,1.2000,0.1000,2
2025.04.07 12:21:49,BUY,1.2000,0.1000,0
2025.04.07 12:27:27,BUY,1.7000,0.1000,1
2025.04.07 12:33:54,SELL,1.2000,0.1000,0
2025.04.07 12:38:54,SELL,1.2000,0.0000,0
2025.04.07 12:43:54,BUY,1.2000,-0.1000,0
2025.04.07 12:52:04,SELL,1.3000,-0.1000,1
2025.04.07 12:57:04,BUY,1.2000,0.1000,0
2025.04.07 13:02:50,SELL,0.8000,-0.2000,0
2025.04.07 13:14:01,BUY,1.2000,-0.1000,1
2025.04.07 13:19:01,SELL,1.2000,0.1000,0
2025.04.07 13:34:43,SELL,0.8000,-0.2000,0
2025.04.07 13:39:43,BUY,1.1000,0.0000,0
2025.04.07 13:44:44,BUY,1.4000,0.0000,0
2025.04.07 13:53:56,BUY,1.3000,0.0000,0
2025.04.07 13:58:56,BUY,1.2000,0.1000,0
2025.04.07 14:11:12,BUY,1.2000,0.0000,1
2025.04.07 14:21:54,BUY,0.8000,-2.0000,0
2025.04.07 14:31:06,SELL,1.2000,0.5000,0
2025.04.07 14:39:04,BUY,1.3000,-0.1000,1
2025.04.07 14:48:46,SELL,1.2000,0.1000,1
2025.04.07 14:53:46,SELL,1.2000,-0.1000,0
2025.04.07 14:59:49,SELL,1.2000,0.1000,1
2025.04.07 15:06:24,BUY,1.2000,-0.2000,0
2025.04.07 15:11:24,BUY,1.2000,-0.1000,0
2025.04.07 15:25:53,BUY,1.3000,-0.1000,0
2025.04.07 15:31:09,SELL,1.2000,0.1000,1
2025.04.07 15:36:35,SELL,0.8000,-0.2000,0
2025.04.07 15:41:41,SELL,1.3000,0.0000,0
2025.04.07 15:46:41,SELL,1.2000,0.0000,0
2025.04.07 15:52:09,SELL,0.8000,0.3000,0
2025.04.07 15:58:31,BUY,1.2000,0.1000,1
2025.04.07 16:15:23,SELL,1.0000,-0.4000,0
2025.04.07 16:21:33,BUY,1.3000,0.3000,0
2025.04.07 16:26:40,SELL,1.2000,0.1000,1
2025.04.07 16:33:06,BUY,0.8000,0.6000,0
2025.04.07 16:38:55,SELL,1.2000,0.1000,0
2025.04.07 16:44:02,BUY,1.2000,0.4000,0
2025.04.07 16:49:02,BUY,1.3000,0.1000,0
2025.04.07 16:54:02,SELL,1.2000,0.0000,0
2025.04.07 16:59:02,BUY,1.2000,0.2000,0
2025.04.07 17:04:30,SELL,1.3000,0.1000,1
2025.04.07 17:09:32,BUY,1.2000,0.1000,0
2025.04.07 17:14:32,SELL,1.2000,-0.5000,0
2025.04.07 17:19:32,BUY,1.2000,0.1000,0
2025.04.07 17:25:04,BUY,1.2000,0.2000,0
2025.04.07 17:30:42,BUY,1.3000,-0.1000,1
2025.04.07 17:36:18,SELL,1.2000,0.1000,0
2025.04.07 17:47:07,SELL,0.8000,-0.1000,0
2025.04.07 17:52:07,SELL,1.2000,-0.1000,0
2025.04.07 17:57:10,BUY,1.2000,0.1000,1
2025.04.07 18:02:26,BUY,1.2000,-0.1000,1
2025.04.07 18:09:49,BUY,1.2000,0.1000,1
2025.04.07 18:14:49,SELL,1.2000,-0.1000,0
2025.04.07 18:20:42,SELL,0.8000,-0.7000,1
2025.04.07 18:25:42,SELL,1.2000,0.2000,0
2025.04.07 18:30:42,BUY,1.2000,-0.5000,0
2025.04.07 18:41:24,SELL,1.2000,-0.3000,0
2025.04.07 18:48:23,BUY,1.2000,0.1000,0
2025.04.07 18:55:22,SELL,1.3000,-0.4000,0
2025.04.07 19:05:22,BUY,1.5000,-0.3000,0
2025.04.07 19:17:02,SELL,0.8000,-0.1000,0
2025.04.07 19:22:02,SELL,1.1000,-0.2000,0
2025.04.07 19:28:20,SELL,1.3000,0.0000,0
2025.04.07 19:33:43,BUY,1.2000,0.1000,0
2025.04.07 19:42:21,BUY,1.3000,0.0000,0
2025.04.07 19:47:22,SELL,1.2000,0.1000,0
2025.04.07 19:53:00,SELL,1.2000,0.1000,1
2025.04.07 19:58:00,SELL,1.2000,-0.1000,0
2025.04.07 20:16:33,SELL,1.1000,-0.1000,1
2025.04.07 20:23:27,SELL,1.2000,0.1000,0
2025.04.07 20:36:14,SELL,1.2000,0.1000,1
2025.04.07 20:42:36,BUY,1.3000,-0.1000,1
2025.04.07 20:47:37,SELL,1.2000,0.1000,0
2025.04.07 20:55:38,SELL,1.2000,-0.2000,0
2025.04.07 21:03:10,SELL,1.2000,0.1000,1
2025.04.07 21:08:29,SELL,0.8000,-0.3000,0
2025.04.07 21:13:29,BUY,1.2000,0.1000,2
2025.04.07 21:19:55,BUY,1.2000,0.1000,1
2025.04.07 21:31:01,SELL,1.3000,0.0000,0
2025.04.07 21:39:13,SELL,1.2000,-0.1000,0
2025.04.07 21:44:13,BUY,1.3000,-0.3000,1
2025.04.07 21:49:23,BUY,1.3000,0.3000,0
2025.04.07 21:57:58,BUY,1.2000,0.1000,0
2025.04.07 22:06:05,SELL,1.3000,0.1000,0
2025.04.07 22:13:16,SELL,1.2000,0.0000,0
2025.04.07 22:19:41,SELL,1.4000,0.1000,0
2025.04.07 22:24:41,SELL,1.1000,0.5000,0
2025.04.07 22:29:41,BUY,0.8000,1.0000,0
2025.04.07 22:37:36,SELL,1.3000,0.0000,0
2025.04.07 22:42:36,BUY,1.2000,0.0000,1
2025.04.07 22:49:59,BUY,1.4000,-0.1000,0
2025.04.07 22:54:59,BUY,1.4000,0.0000,0
2025.04.07 22:59:59,BUY,1.3000,0.3000,0
2025.04.07 23:14:57,BUY,1.3000,0.0000,0
2025.04.08 00:00:40,BUY,10.9000,0.5000,11
2025.04.08 01:01:16,SELL,3.0000,0.1000,0
2025.04.08 01:18:56,BUY,1.4000,0.1000,2
2025.04.08 01:37:35,SELL,1.6000,0.0000,0
2025.04.08 02:18:44,BUY,1.4000,-0.1000,1
2025.04.08 03:00:40,SELL,1.6000,0.0000,0
2025.04.08 03:23:28,SELL,0.9000,0.0000,1
2025.04.08 03:29:53,SELL,1.2000,0.1000,0
2025.04.08 03:38:34,SELL,1.5000,0.0000,1
2025.04.08 03:52:35,SELL,1.3000,-0.5000,1
2025.04.08 03:57:35,BUY,1.5000,0.0000,0
2025.04.08 04:02:35,SELL,1.4000,0.0000,0
2025.04.08 04:08:46,BUY,1.1000,-0.4000,0
2025.04.08 04:15:38,BUY,1.5000,-0.4000,1
2025.04.08 04:24:23,SELL,1.2000,0.3000,1
2025.04.08 04:33:20,SELL,1.4000,-0.1000,1
2025.04.08 05:02:00,SELL,1.2000,-0.1000,0
2025.04.08 05:38:24,SELL,1.2000,0.1000,0
2025.04.08 07:18:37,SELL,1.3000,0.0000,0
2025.04.08 08:08:04,BUY,1.3000,-0.1000,0
2025.04.08 08:41:51,BUY,1.5000,0.0000,0
2025.04.08 08:51:37,SELL,0.8000,0.1000,0
2025.04.08 09:00:06,BUY,0.8000,-0.7000,1
2025.04.08 09:08:25,SELL,1.6000,0.1000,0
2025.04.08 09:27:20,SELL,1.2000,0.1000,0
2025.04.08 09:33:05,SELL,1.2000,0.1000,0
2025.04.08 09:38:43,SELL,1.4000,-0.5000,1
2025.04.08 09:44:12,SELL,1.5000,0.0000,1
2025.04.08 09:54:16,BUY,1.4000,0.2000,0
2025.04.08 09:59:16,BUY,1.2000,0.0000,0
2025.04.08 10:08:49,SELL,1.3000,0.1000,1
2025.04.08 10:17:07,BUY,1.3000,0.2000,0
2025.04.08 10:22:23,BUY,1.4000,0.3000,1
2025.04.08 10:31:20,SELL,1.4000,0.2000,0
2025.04.08 10:37:04,BUY,1.5000,0.1000,0
2025.04.08 10:44:12,BUY,1.3000,-0.2000,0
2025.04.08 10:50:35,BUY,1.3000,-0.1000,1
2025.04.08 10:55:49,BUY,1.3000,0.2000,1
2025.04.08 11:01:16,SELL,1.2000,0.1000,0
2025.04.08 11:06:55,SELL,1.4000,-0.1000,0
2025.04.08 11:32:57,BUY,1.5000,0.0000,0
2025.04.08 11:44:57,SELL,1.2000,0.1000,0
2025.04.08 11:52:37,BUY,0.9000,0.2000,0
2025.04.08 12:01:31,BUY,1.4000,0.0000,0
2025.04.08 12:07:19,BUY,1.2000,0.0000,0
2025.04.08 12:12:20,BUY,1.2000,0.5000,0
2025.04.08 12:18:48,BUY,1.4000,-0.4000,1
2025.04.08 12:24:33,BUY,1.3000,-0.1000,0
2025.04.08 12:33:20,BUY,1.5000,-0.1000,1
2025.04.08 12:42:55,SELL,1.3000,-0.4000,1
2025.04.08 12:58:02,BUY,1.3000,0.0000,0
2025.04.08 13:04:08,BUY,1.3000,-0.1000,0
2025.04.08 13:09:09,SELL,1.3000,0.1000,0
2025.04.08 13:14:44,BUY,1.2000,0.1000,0
2025.04.08 13:21:38,SELL,1.2000,0.1000,1
2025.04.08 13:28:55,SELL,1.2000,0.2000,0
2025.04.08 13:39:46,SELL,1.2000,-0.1000,0
2025.04.08 13:44:50,BUY,1.2000,0.2000,0
2025.04.08 13:54:01,BUY,1.2000,0.1000,1
2025.04.08 14:01:59,SELL,1.3000,0.0000,0
2025.04.08 14:11:21,SELL,1.3000,-0.1000,0
2025.04.08 14:29:15,BUY,1.3000,0.0000,1
2025.04.08 14:34:15,BUY,1.2000,0.1000,2
2025.04.08 14:43:42,SELL,1.2000,0.1000,0
2025.04.08 14:52:13,SELL,1.3000,0.0000,1
2025.04.08 15:01:56,SELL,0.8000,0.0000,0
2025.04.08 15:08:59,SELL,1.2000,0.4000,1
2025.04.08 15:14:31,SELL,1.2000,-0.1000,1
2025.04.08 15:31:42,SELL,1.2000,-0.3000,0
2025.04.08 15:37:33,SELL,1.2000,0.2000,1
2025.04.08 15:43:51,BUY,1.3000,0.0000,1
2025.04.08 15:57:43,BUY,1.3000,-0.1000,0
2025.04.08 16:06:34,SELL,1.3000,0.1000,0
2025.04.08 16:14:05,SELL,1.3000,-0.3000,0
2025.04.08 16:19:53,SELL,1.3000,0.0000,0
2025.04.08 16:33:02,BUY,1.1000,0.0000,0
2025.04.08 16:38:02,BUY,1.3000,0.5000,0
2025.04.08 16:43:12,BUY,1.3000,0.1000,0
2025.04.08 16:48:41,SELL,1.3000,0.4000,1
2025.04.08 16:59:06,BUY,1.4000,0.1000,0
2025.04.08 17:04:06,BUY,1.3000,0.1000,0
2025.04.08 17:09:06,SELL,1.2000,0.1000,0
2025.04.08 17:15:52,BUY,1.2000,0.8000,0
2025.04.08 17:21:15,BUY,1.3000,-0.2000,0
2025.04.08 17:26:15,SELL,1.3000,0.1000,0
2025.04.08 17:31:51,SELL,1.0000,0.1000,1
2025.04.08 17:36:51,BUY,1.5000,0.0000,1
2025.04.08 17:41:51,BUY,1.4000,0.0000,0
2025.04.08 17:48:45,SELL,1.3000,0.1000,2
2025.04.08 17:53:45,SELL,1.3000,0.2000,0
2025.04.08 18:03:45,SELL,1.3000,-0.2000,0
2025.04.08 18:10:20,BUY,1.2000,0.2000,0
2025.04.08 18:21:01,SELL,1.0000,0.1000,1
2025.04.08 18:27:24,SELL,1.2000,0.1000,0
2025.04.08 18:33:35,SELL,1.2000,-0.1000,0
2025.04.08 18:38:38,BUY,1.4000,0.1000,1
2025.04.08 18:43:38,BUY,1.3000,-0.1000,0
2025.04.08 18:48:42,SELL,0.8000,-0.4000,0
2025.04.08 18:56:01,BUY,1.2000,0.0000,0
2025.04.08 19:03:43,BUY,1.3000,-0.2000,0
2025.04.08 19:08:43,SELL,1.2000,0.0000,0
2025.04.08 19:41:28,SELL,1.3000,0.0000,0
2025.04.08 19:46:28,SELL,1.3000,-0.1000,1
2025.04.08 19:58:01,SELL,1.3000,0.1000,1
2025.04.08 20:04:03,SELL,1.3000,0.0000,1
2025.04.08 20:09:04,SELL,1.2000,0.1000,0
2025.04.08 20:14:04,SELL,1.2000,0.0000,0
2025.04.08 20:25:39,SELL,1.2000,0.1000,0
2025.04.08 20:35:34,BUY,1.2000,0.0000,0
2025.04.08 20:48:27,SELL,1.2000,-0.1000,0
2025.04.08 20:53:27,BUY,1.4000,-0.2000,0
2025.04.08 21:08:33,SELL,1.3000,0.0000,0
2025.04.08 21:13:33,SELL,1.2000,0.0000,0
2025.04.08 21:22:51,SELL,1.3000,-0.1000,0
2025.04.08 21:30:07,SELL,1.6000,0.3000,1
2025.04.08 21:46:17,BUY,1.2000,0.1000,0
2025.04.08 21:59:36,SELL,1.3000,-0.1000,1
2025.04.08 22:04:36,SELL,1.2000,-0.1000,0
2025.04.08 22:09:36,SELL,1.2000,0.1000,0
2025.04.08 22:14:36,SELL,1.2000,-0.1000,0
2025.04.08 22:21:05,BUY,1.3000,-0.1000,0
2025.04.08 22:37:29,BUY,1.2000,0.2000,0
2025.04.08 22:44:36,BUY,1.2000,0.0000,1
2025.04.08 22:49:36,BUY,1.2000,0.1000,0
2025.04.08 22:58:27,SELL,1.2000,0.0000,0
2025.04.08 23:04:48,SELL,1.3000,-0.1000,6
2025.04.08 23:11:41,BUY,1.1000,0.1000,0
2025.04.08 23:24:17,BUY,1.3000,0.2000,1
2025.04.08 23:48:04,SELL,1.2000,0.4000,0
2025.04.09 00:05:59,BUY,18.0000,1.0000,1
2025.04.09 00:39:04,SELL,6.5000,1.2000,3
2025.04.09 01:01:09,SELL,1.0000,-0.5000,1
2025.04.09 01:11:38,SELL,0.8000,-0.1000,0
2025.04.09 01:29:39,BUY,1.1000,-0.1000,1
2025.04.09 01:37:55,SELL,1.2000,0.2000,0
2025.04.09 02:03:43,SELL,1.4000,-0.5000,1
2025.04.09 02:23:56,SELL,0.8000,0.1000,1
2025.04.09 02:46:54,SELL,0.9000,-0.4000,1
2025.04.09 02:58:09,BUY,1.3000,-0.1000,0
2025.04.09 03:04:07,BUY,1.3000,0.1000,0
2025.04.09 03:19:41,SELL,0.8000,-0.1000,0
2025.04.09 03:24:41,SELL,1.3000,0.6000,0
2025.04.09 03:30:44,SELL,1.3000,0.1000,0
2025.04.09 03:39:18,SELL,1.1000,0.4000,0
2025.04.09 03:49:22,SELL,0.8000,-0.7000,1
2025.04.09 03:58:30,SELL,1.3000,-0.2000,1
2025.04.09 04:03:52,SELL,1.4000,-0.4000,0
2025.04.09 04:10:38,BUY,1.3000,0.1000,1
2025.04.09 04:15:38,SELL,1.1000,0.5000,0
2025.04.09 04:22:11,SELL,1.3000,-0.3000,0
2025.04.09 04:30:41,BUY,1.2000,-0.8000,1
2025.04.09 04:35:53,BUY,1.3000,0.2000,1
2025.04.09 04:40:55,SELL,1.2000,0.0000,0
2025.04.09 04:47:11,SELL,1.3000,0.1000,0
2025.04.09 04:52:11,BUY,1.3000,0.6000,1
2025.04.09 05:01:59,SELL,0.9000,0.4000,0
2025.04.09 05:19:13,BUY,1.1000,-0.1000,0
2025.04.09 05:33:44,BUY,1.3000,0.1000,0
2025.04.09 05:58:49,SELL,1.2000,0.1000,0
2025.04.09 06:08:12,SELL,1.3000,-0.1000,1
2025.04.09 06:27:11,SELL,0.8000,0.1000,0
2025.04.09 06:37:47,BUY,1.3000,0.0000,0
2025.04.09 06:43:51,BUY,1.1000,-0.2000,0
2025.04.09 07:04:12,SELL,1.3000,0.0000,1
2025.04.09 07:09:12,SELL,1.2000,0.1000,0
2025.04.09 07:18:07,SELL,1.2000,0.0000,0
2025.04.09 07:26:27,SELL,1.3000,-0.4000,1
2025.04.09 07:35:19,BUY,1.3000,0.1000,1
2025.04.09 07:45:22,BUY,1.1000,0.1000,0
2025.04.09 07:50:52,SELL,1.0000,-0.7000,0
2025.04.09 07:57:33,SELL,1.3000,0.1000,0
2025.04.09 08:02:33,BUY,1.2000,0.1000,0
2025.04.09 08:07:41,BUY,1.2000,0.4000,0
2025.04.09 08:19:57,SELL,1.1000,0.0000,0
2025.04.09 08:27:26,BUY,1.2000,-0.1000,0
2025.04.09 08:32:30,BUY,1.2000,-0.2000,1
2025.04.09 08:37:31,BUY,1.3000,-0.1000,0
2025.04.09 08:42:31,SELL,1.3000,-0.1000,0
2025.04.09 08:48:10,SELL,1.3000,-0.1000,1
2025.04.09 08:53:26,SELL,1.0000,0.0000,0
2025.04.09 08:59:55,SELL,1.1000,0.5000,0
2025.04.09 09:06:01,SELL,1.3000,0.2000,0
2025.04.09 09:12:20,BUY,1.4000,0.1000,0
2025.04.09 09:19:28,SELL,1.2000,0.0000,1
2025.04.09 09:24:37,SELL,1.2000,0.0000,1
2025.04.09 09:29:37,BUY,1.2000,0.0000,0
2025.04.09 09:34:37,SELL,1.2000,-0.1000,0
2025.04.09 09:39:53,BUY,1.2000,-0.1000,0
2025.04.09 09:46:52,SELL,1.1000,0.0000,0
2025.04.09 09:53:07,SELL,0.8000,0.1000,0
2025.04.09 09:58:07,BUY,1.2000,0.3000,0
2025.04.09 10:04:52,BUY,1.3000,-0.7000,1
2025.04.09 10:09:52,SELL,1.2000,0.1000,0
2025.04.09 10:14:52,BUY,1.2000,-0.1000,0
2025.04.09 10:21:31,SELL,1.3000,-0.2000,1
2025.04.09 10:28:02,SELL,0.9000,0.0000,0
2025.04.09 10:33:49,BUY,1.2000,0.1000,0
2025.04.09 10:41:16,BUY,1.3000,0.0000,0
2025.04.09 10:46:22,BUY,1.0000,-0.4000,1
2025.04.09 10:51:22,BUY,1.4000,0.0000,0
2025.04.09 10:56:22,BUY,1.3000,-0.1000,0
2025.04.09 11:01:26,BUY,1.2000,0.0000,1
2025.04.09 11:06:26,SELL,1.1000,0.1000,0
2025.04.09 11:11:33,BUY,1.0000,0.3000,1
2025.04.09 11:16:39,SELL,1.2000,0.1000,0
2025.04.09 11:28:10,SELL,1.3000,-0.1000,0
2025.04.09 11:38:19,BUY,1.3000,0.2000,0
2025.04.09 11:43:57,SELL,1.0000,-0.3000,1
2025.04.09 11:49:08,SELL,1.2000,0.0000,0
2025.04.09 12:01:01,BUY,1.5000,0.1000,0
2025.04.09 12:06:31,SELL,1.2000,0.0000,1
2025.04.09 12:14:06,SELL,1.4000,-0.7000,0
2025.04.09 12:21:46,BUY,1.1000,0.2000,0
2025.04.09 12:31:17,BUY,1.2000,0.3000,0
2025.04.09 12:36:20,SELL,1.0000,-0.4000,0
2025.04.09 12:52:10,BUY,1.4000,0.0000,0
2025.04.09 12:57:10,SELL,1.2000,0.0000,0
2025.04.09 13:04:55,SELL,1.2000,0.0000,0
2025.04.09 13:10:58,SELL,1.1000,0.0000,0
2025.04.09 13:16:11,BUY,1.2000,0.1000,0
2025.04.09 13:21:46,BUY,1.2000,0.2000,0
2025.04.09 13:43:58,SELL,1.2000,0.1000,0
2025.04.09 13:48:58,SELL,1.3000,-1.1000,0
2025.04.09 13:53:58,BUY,1.3000,0.1000,0
2025.04.09 14:00:02,SELL,1.4000,-1.7000,1
2025.04.09 14:06:51,SELL,1.3000,0.1000,0
2025.04.09 14:11:51,BUY,1.2000,0.0000,0
2025.04.09 14:17:23,BUY,1.3000,-0.1000,0
2025.04.09 14:27:09,SELL,1.3000,-0.1000,0
2025.04.09 14:32:50,SELL,1.1000,0.1000,1
2025.04.09 14:39:19,BUY,0.9000,0.0000,0
2025.04.09 14:44:22,SELL,1.1000,-0.1000,0
2025.04.09 14:50:45,SELL,1.2000,0.1000,1
2025.04.09 15:00:45,SELL,1.2000,0.0000,0
2025.04.09 15:07:20,SELL,1.2000,0.1000,0
2025.04.09 15:14:55,SELL,1.2000,-0.4000,0
2025.04.09 15:21:32,SELL,0.8000,-0.1000,0
2025.04.09 15:29:47,SELL,0.8000,0.3000,0
2025.04.09 15:34:47,SELL,1.4000,-0.1000,0
2025.04.09 15:42:05,BUY,1.3000,0.2000,0
2025.04.09 15:47:05,BUY,1.2000,0.5000,1
2025.04.09 15:53:29,SELL,1.2000,0.2000,1
2025.04.09 16:00:10,BUY,1.0000,-0.3000,0
2025.04.09 16:06:37,BUY,1.2000,0.1000,0
2025.04.09 16:15:40,BUY,1.2000,-0.3000,0
2025.04.09 16:22:50,SELL,1.2000,-0.1000,0
2025.04.09 16:30:35,BUY,1.2000,-1.5000,0
2025.04.09 16:37:47,SELL,1.2000,0.1000,1
2025.04.09 16:43:45,BUY,0.9000,0.4000,0
2025.04.09 16:48:45,BUY,0.8000,0.6000,0
2025.04.09 16:53:51,BUY,1.2000,0.0000,0
2025.04.09 16:58:51,SELL,1.3000,0.0000,0
2025.04.09 17:03:51,BUY,1.3000,-0.1000,0
2025.04.09 17:09:00,SELL,1.5000,-0.1000,1
2025.04.09 17:16:53,SELL,1.1000,0.1000,1
2025.04.09 17:22:25,SELL,1.3000,-0.4000,0
2025.04.09 17:36:01,SELL,1.1000,0.0000,1
2025.04.09 17:43:56,BUY,1.3000,0.0000,0
2025.04.09 17:48:58,SELL,1.3000,0.0000,0
2025.04.09 18:08:01,SELL,1.3000,-0.1000,1
2025.04.09 18:14:06,SELL,1.2000,0.6000,0
2025.04.09 18:19:06,SELL,1.3000,0.6000,0
2025.04.09 18:24:15,BUY,1.2000,0.0000,0
2025.04.09 18:29:15,SELL,1.2000,0.1000,0
2025.04.09 18:35:58,BUY,1.3000,0.1000,0
2025.04.09 18:40:58,BUY,1.2000,0.1000,0
2025.04.09 18:47:34,SELL,1.3000,-0.7000,1
2025.04.09 18:53:03,BUY,1.3000,-0.1000,0
2025.04.09 18:58:03,BUY,1.3000,-0.2000,0
2025.04.09 19:06:57,BUY,1.3000,0.0000,1
2025.04.09 19:14:15,SELL,1.2000,-0.4000,1
2025.04.09 19:24:08,BUY,1.3000,-0.1000,0
2025.04.09 19:29:08,BUY,1.2000,0.0000,0
2025.04.09 19:34:54,SELL,1.4000,0.2000,0
2025.04.09 19:43:01,BUY,1.3000,-0.4000,1
2025.04.09 19:49:25,SELL,1.3000,0.0000,0
2025.04.09 19:54:25,BUY,1.3000,-0.1000,0
2025.04.09 19:59:25,BUY,1.2000,-0.1000,0
2025.04.09 20:04:25,BUY,1.4000,0.2000,0
2025.04.09 20:13:15,SELL,1.3000,0.0000,1
2025.04.09 20:18:15,SELL,1.2000,-0.1000,0
2025.04.09 20:23:15,BUY,1.3000,-0.9000,0
2025.04.09 20:28:15,SELL,0.9000,0.0000,0
2025.04.09 20:33:15,SELL,1.1000,0.1000,0
2025.04.09 20:38:15,SELL,1.5000,-0.2000,0
2025.04.09 20:43:15,SELL,1.6000,0.0000,0
2025.04.09 20:48:15,SELL,1.5000,-0.5000,0
2025.04.09 20:53:15,BUY,1.4000,0.0000,0
2025.04.09 20:58:25,SELL,0.9000,0.1000,1
2025.04.09 21:03:25,BUY,1.5000,0.1000,0
2025.04.09 21:08:25,BUY,1.4000,0.2000,0
2025.04.09 21:14:51,BUY,0.8000,-0.4000,0
2025.04.09 21:19:51,BUY,1.5000,0.0000,0
2025.04.09 21:24:51,SELL,1.5000,0.1000,0
2025.04.09 21:30:35,SELL,1.5000,-0.1000,0
2025.04.09 21:35:52,SELL,1.5000,-0.5000,0
2025.04.09 21:41:01,SELL,1.3000,0.4000,1
2025.04.09 21:46:01,BUY,1.5000,-0.1000,0
2025.04.09 21:52:35,BUY,1.2000,-0.2000,0
2025.04.09 21:57:35,SELL,1.5000,0.0000,0
2025.04.09 22:04:03,SELL,1.5000,-0.1000,0
2025.04.09 22:12:05,SELL,0.9000,0.2000,1
2025.04.09 22:17:06,SELL,1.4000,0.1000,1
2025.04.09 22:22:06,SELL,1.5000,0.0000,0
2025.04.09 22:27:06,BUY,1.3000,0.0000,0
2025.04.09 22:34:12,BUY,1.6000,-0.2000,0
2025.04.09 22:39:12,BUY,1.4000,0.0000,0
2025.04.09 22:44:12,SELL,1.2000,-0.4000,0
2025.04.09 22:50:39,SELL,1.4000,-0.1000,0
2025.04.09 22:55:39,BUY,1.5000,0.0000,0
2025.04.09 23:05:34,BUY,1.3000,0.1000,1
2025.04.09 23:13:01,SELL,1.4000,-0.3000,1
2025.04.09 23:23:23,BUY,1.5000,-0.3000,0
2025.04.09 23:28:23,SELL,1.6000,0.0000,2
2025.04.09 23:33:37,BUY,1.3000,0.0000,1
2025.04.09 23:39:59,BUY,0.8000,1.0000,0
2025.04.09 23:44:59,SELL,1.8000,-0.1000,0
2025.04.10 00:51:54,BUY,12.2000,-1.4000,1
2025.04.10 01:01:05,SELL,3.5000,0.0000,0
2025.04.10 01:08:29,BUY,2.5000,-0.2000,0
2025.04.10 01:13:31,BUY,1.8000,0.0000,0
2025.04.10 01:18:36,SELL,0.8000,-0.8000,1
2025.04.10 01:23:36,BUY,1.8000,0.0000,0
2025.04.10 01:29:00,SELL,1.5000,0.2000,0
2025.04.10 01:42:44,BUY,1.6000,0.1000,0
2025.04.10 01:47:44,SELL,1.6000,0.0000,0
2025.04.10 02:02:04,BUY,1.4000,-0.4000,1
2025.04.10 02:14:41,BUY,1.7000,-0.1000,0
2025.04.10 02:28:46,SELL,1.6000,0.1000,0
2025.04.10 02:53:19,BUY,1.4000,0.2000,0
2025.04.10 03:02:37,SELL,1.4000,-0.3000,0
2025.04.10 03:09:00,SELL,1.4000,-0.1000,1
2025.04.10 03:28:17,SELL,1.3000,0.2000,1
2025.04.10 03:36:03,SELL,1.3000,0.1000,0
2025.04.10 03:54:19,SELL,1.1000,-0.4000,0
2025.04.10 04:03:41,BUY,1.3000,-0.1000,0
2025.04.10 04:22:53,SELL,0.8000,-0.2000,1
2025.04.10 04:28:15,BUY,1.3000,-0.1000,1
2025.04.10 04:45:29,BUY,1.3000,-0.1000,0
2025.04.10 05:01:01,SELL,1.3000,-0.2000,1
2025.04.10 05:08:23,BUY,1.3000,-0.1000,1
2025.04.10 05:18:55,SELL,1.3000,-0.1000,0
2025.04.10 05:23:55,BUY,1.2000,0.1000,0
2025.04.10 05:56:31,SELL,0.8000,-0.4000,0
2025.04.10 06:04:16,SELL,1.2000,0.1000,0
2025.04.10 06:13:35,SELL,1.2000,0.5000,0
2025.04.10 07:09:21,SELL,1.0000,0.0000,0
2025.04.10 07:17:57,BUY,1.4000,0.0000,0
2025.04.10 08:14:11,BUY,1.2000,0.1000,0
2025.04.10 08:28:05,SELL,1.3000,0.0000,1
2025.04.10 08:44:43,BUY,1.1000,-0.4000,0
2025.04.10 08:58:11,SELL,1.2000,0.1000,0
2025.04.10 09:11:47,BUY,1.3000,0.0000,0
2025.04.10 09:16:50,SELL,1.2000,0.5000,0
2025.04.10 09:26:30,SELL,1.2000,0.1000,0
2025.04.10 09:34:13,BUY,1.3000,-0.1000,0
2025.04.10 09:39:13,BUY,1.3000,0.0000,0
2025.04.10 09:44:13,SELL,1.3000,-0.2000,2
2025.04.10 09:49:13,BUY,1.3000,0.0000,0
2025.04.10 09:54:13,BUY,1.2000,0.0000,0
2025.04.10 09:59:13,SELL,1.0000,0.4000,0
2025.04.10 10:04:13,BUY,1.3000,0.0000,0
2025.04.10 10:09:14,SELL,1.3000,-1.1000,0
2025.04.10 10:14:26,SELL,1.2000,-0.1000,0
2025.04.10 10:19:26,SELL,1.3000,0.1000,0
2025.04.10 10:24:26,BUY,1.5000,-0.1000,0
2025.04.10 10:29:26,SELL,1.2000,-0.2000,0
2025.04.10 10:34:26,SELL,1.3000,0.0000,0
2025.04.10 10:39:26,SELL,1.3000,-0.4000,0
2025.04.10 10:44:26,SELL,1.2000,0.6000,0
2025.04.10 10:50:42,SELL,0.9000,0.0000,0
2025.04.10 10:58:02,SELL,1.2000,-0.1000,0
2025.04.10 11:03:02,BUY,1.3000,0.3000,0
2025.04.10 11:22:38,SELL,1.2000,0.0000,0
2025.04.10 11:31:06,BUY,1.4000,-0.1000,1
2025.04.10 11:36:46,SELL,1.2000,0.0000,0
2025.04.10 11:41:46,BUY,1.3000,0.1000,0
2025.04.10 11:46:46,SELL,1.7000,0.1000,1
2025.04.10 11:54:00,BUY,1.4000,-0.6000,0
2025.04.10 12:05:44,SELL,1.3000,-0.1000,0
2025.04.10 12:18:44,SELL,1.3000,-0.5000,0
2025.04.10 12:23:56,BUY,1.2000,0.0000,0
2025.04.10 12:40:30,SELL,1.2000,0.2000,0
2025.04.10 12:47:13,SELL,1.2000,0.0000,1
2025.04.10 12:58:52,SELL,1.3000,-0.4000,0
2025.04.10 13:03:52,SELL,1.4000,0.1000,0
2025.04.10 13:09:06,BUY,1.2000,0.0000,0
2025.04.10 13:14:06,SELL,1.4000,0.2000,0
2025.04.10 13:22:46,SELL,1.3000,0.1000,0
2025.04.10 13:28:29,BUY,1.3000,-0.2000,0
2025.04.10 13:33:35,SELL,1.2000,-0.2000,1
2025.04.10 13:38:35,SELL,1.2000,0.1000,0
2025.04.10 13:44:30,BUY,1.3000,-0.1000,0
2025.04.10 13:49:30,BUY,1.2000,0.1000,0
2025.04.10 13:56:00,SELL,1.3000,0.0000,0
2025.04.10 14:14:14,BUY,1.3000,0.1000,0
2025.04.10 14:19:27,BUY,1.3000,0.1000,1
2025.04.10 14:28:10,SELL,0.8000,-0.3000,1
2025.04.10 14:33:10,SELL,1.2000,0.0000,1
2025.04.10 14:48:55,BUY,1.3000,0.4000,1
2025.04.10 15:04:05,SELL,1.3000,0.1000,0
2025.04.10 15:09:14,SELL,1.2000,0.1000,0
2025.04.10 15:14:14,SELL,1.2000,0.0000,0
2025.04.10 15:19:14,SELL,1.2000,-0.1000,0
2025.04.10 15:28:54,SELL,0.8000,1.3000,0
2025.04.10 15:33:54,SELL,1.4000,-0.2000,0
2025.04.10 15:38:54,SELL,1.2000,0.0000,0
2025.04.10 15:43:54,BUY,1.3000,0.1000,1
2025.04.10 15:49:12,SELL,1.2000,-0.1000,0
2025.04.10 15:55:41,BUY,1.4000,-0.1000,0
2025.04.10 16:00:45,BUY,0.8000,0.1000,1
2025.04.10 16:07:42,SELL,1.3000,0.3000,1
2025.04.10 16:12:42,BUY,1.2000,0.0000,1
2025.04.10 16:17:44,SELL,1.2000,0.0000,0
2025.04.10 16:32:14,BUY,1.3000,0.1000,0
2025.04.10 16:37:42,SELL,1.0000,-0.3000,0
2025.04.10 16:42:42,SELL,1.3000,0.1000,0
2025.04.10 16:52:12,SELL,1.2000,0.1000,0
2025.04.10 17:00:52,SELL,1.0000,-0.3000,0
2025.04.10 17:05:58,BUY,1.1000,-0.2000,0
2025.04.10 17:14:45,BUY,1.3000,-0.5000,0
2025.04.10 17:19:45,SELL,1.4000,-0.1000,0
2025.04.10 17:25:23,BUY,1.3000,-0.2000,0
2025.04.10 17:34:28,SELL,1.1000,-0.5000,1
2025.04.10 17:39:31,SELL,1.4000,0.1000,0
2025.04.10 17:44:31,BUY,1.3000,0.0000,0
2025.04.10 17:52:55,SELL,1.4000,-0.1000,1
2025.04.10 17:57:55,SELL,1.1000,-0.6000,0
2025.04.10 18:02:55,BUY,1.3000,-0.1000,1
2025.04.10 18:09:24,BUY,1.4000,-0.1000,0
2025.04.10 18:14:49,BUY,1.3000,-0.4000,0
2025.04.10 18:19:49,SELL,1.2000,0.1000,0
2025.04.10 18:24:49,SELL,1.2000,-0.2000,0
2025.04.10 18:29:54,SELL,1.3000,0.1000,2
2025.04.10 18:34:54,SELL,0.8000,-0.4000,0
2025.04.10 18:39:54,SELL,1.2000,-1.9000,0
2025.04.10 18:44:54,SELL,1.3000,0.5000,0
2025.04.10 18:49:54,SELL,1.3000,0.4000,1
2025.04.10 18:54:54,BUY,1.2000,-0.6000,0
2025.04.10 18:59:54,BUY,1.2000,0.1000,0
2025.04.10 19:05:29,BUY,0.9000,0.5000,0
2025.04.10 19:12:28,SELL,1.2000,0.4000,1
2025.04.10 19:17:36,SELL,1.2000,-0.1000,1
2025.04.10 19:22:36,SELL,1.3000,0.3000,0
2025.04.10 19:29:03,BUY,0.8000,0.0000,0
2025.04.10 19:34:03,BUY,1.4000,-0.1000,0
2025.04.10 19:39:27,SELL,1.3000,-0.1000,1
2025.04.10 19:44:36,SELL,1.3000,-0.1000,0
2025.04.10 19:49:36,SELL,1.2000,-0.3000,1
2025.04.10 19:54:51,SELL,1.2000,0.1000,1
2025.04.10 20:00:21,BUY,1.1000,-0.3000,0
2025.04.10 20:06:50,BUY,1.3000,-0.1000,0
2025.04.10 20:11:50,SELL,1.1000,0.4000,0
2025.04.10 20:20:37,BUY,1.1000,0.3000,0
2025.04.10 20:28:01,BUY,1.3000,-0.2000,1
2025.04.10 20:33:01,SELL,1.3000,0.2000,0
2025.04.10 20:38:44,SELL,1.2000,0.3000,0
2025.04.10 20:43:44,SELL,1.2000,0.0000,0
2025.04.10 20:49:11,BUY,1.3000,-0.2000,1
2025.04.10 20:55:59,BUY,1.3000,0.0000,0
2025.04.10 21:00:59,SELL,1.3000,0.5000,1
2025.04.10 21:09:52,SELL,0.8000,-0.6000,0
2025.04.10 21:17:11,SELL,1.3000,-0.2000,1
2025.04.10 21:22:46,BUY,0.9000,0.6000,1
2025.04.10 21:38:50,SELL,0.8000,0.6000,0
2025.04.10 21:48:02,BUY,1.3000,0.3000,1
2025.04.10 21:53:02,BUY,1.2000,0.2000,0
2025.04.10 22:02:11,BUY,1.2000,0.1000,0
2025.04.10 22:07:18,BUY,1.4000,0.1000,0
2025.04.10 22:12:19,SELL,1.3000,-0.1000,0
2025.04.10 22:17:19,BUY,1.1000,-0.3000,1
2025.04.10 22:22:19,BUY,1.2000,0.6000,1
2025.04.10 22:29:18,BUY,1.2000,0.1000,1
2025.04.10 22:34:18,SELL,1.4000,0.1000,1
2025.04.10 22:42:21,SELL,1.2000,0.2000,0
2025.04.10 22:48:38,BUY,1.9000,0.0000,0
2025.04.10 22:53:38,SELL,1.3000,-0.1000,2
2025.04.10 22:58:38,SELL,1.4000,-0.1000,0
2025.04.10 23:03:38,BUY,1.2000,0.1000,0
2025.04.10 23:24:58,BUY,1.3000,0.0000,0
2025.04.10 23:32:38,SELL,1.1000,-0.2000,0
2025.04.10 23:44:55,SELL,1.3000,0.2000,0
2025.04.10 23:49:55,SELL,1.3000,-0.1000,1
2025.04.10 23:54:57,SELL,1.2000,0.0000,1
2025.04.10 23:59:57,BUY,6.7000,0.3000,0
2025.04.11 00:14:20,SELL,4.5000,0.2000,3
2025.04.11 00:26:58,BUY,13.3000,0.5000,1
2025.04.11 00:36:54,SELL,5.1000,1.7000,1
2025.04.11 00:59:04,BUY,11.8000,-0.1000,1
2025.04.11 01:04:04,SELL,1.8000,0.1000,0
2025.04.11 01:09:33,SELL,1.5000,-2.1000,7
2025.04.11 01:22:43,SELL,1.3000,0.0000,0
2025.04.11 01:27:44,BUY,1.4000,0.0000,0
2025.04.11 01:32:44,SELL,1.4000,0.0000,0
2025.04.11 01:41:05,SELL,0.8000,-0.2000,0
2025.04.11 01:47:45,SELL,0.8000,-1.0000,1
2025.04.11 01:52:45,SELL,1.5000,0.1000,0
2025.04.11 01:57:46,BUY,1.4000,0.7000,1
2025.04.11 02:02:46,BUY,1.3000,-0.6000,1
2025.04.11 02:14:24,SELL,0.8000,0.1000,0
2025.04.11 02:23:06,SELL,1.5000,0.1000,0
2025.04.11 02:28:15,SELL,1.3000,-0.4000,1
2025.04.11 02:38:03,SELL,0.8000,-1.1000,0
2025.04.11 02:43:15,BUY,0.8000,-0.2000,0
2025.04.11 02:49:11,SELL,0.9000,-0.6000,0
2025.04.11 02:54:11,SELL,1.3000,0.0000,0
2025.04.11 03:00:24,SELL,1.2000,-0.1000,0
2025.04.11 03:06:45,BUY,1.0000,0.0000,0
2025.04.11 03:13:19,BUY,1.2000,-0.2000,0
2025.04.11 03:18:19,BUY,1.3000,-0.6000,0
2025.04.11 03:23:19,SELL,1.2000,0.6000,1
2025.04.11 03:28:20,BUY,1.2000,0.0000,0
2025.04.11 03:33:20,SELL,0.8000,-0.3000,0
2025.04.11 03:38:20,SELL,1.5000,-0.3000,0
2025.04.11 03:43:31,SELL,1.2000,-0.1000,0
2025.04.11 03:48:41,BUY,1.4000,0.5000,1
2025.04.11 03:55:59,BUY,1.3000,0.6000,0
2025.04.11 04:00:59,BUY,0.8000,0.1000,0
2025.04.11 04:07:44,BUY,1.3000,0.0000,0
2025.04.11 04:13:05,SELL,0.8000,0.2000,0
2025.04.11 04:18:05,BUY,1.4000,-0.6000,0
2025.04.11 04:23:05,SELL,0.8000,1.0000,0
2025.04.11 04:30:06,BUY,0.8000,-0.5000,1
2025.04.11 04:36:42,BUY,0.8000,-0.4000,1
2025.04.11 04:41:42,SELL,1.4000,-0.1000,0
2025.04.11 04:46:42,BUY,1.4000,0.0000,0
2025.04.11 04:51:44,SELL,1.3000,0.1000,0
2025.04.11 04:56:44,SELL,1.3000,0.0000,1
2025.04.11 05:01:44,SELL,1.4000,-0.1000,0
2025.04.11 05:06:49,BUY,1.2000,0.0000,0
2025.04.11 05:12:02,BUY,1.3000,-0.1000,0
2025.04.11 05:17:37,BUY,1.2000,0.2000,0
2025.04.11 05:23:11,BUY,1.2000,0.0000,0
2025.04.11 05:28:11,SELL,1.3000,-0.1000,0
2025.04.11 05:34:58,BUY,1.3000,-0.2000,0
2025.04.11 05:39:58,BUY,1.3000,-0.1000,0
2025.04.11 05:47:05,SELL,1.2000,0.0000,1
2025.04.11 05:52:05,SELL,1.2000,0.2000,0
2025.04.11 06:02:17,SELL,0.8000,0.0000,1
2025.04.11 06:11:38,SELL,1.4000,-0.1000,0
2025.04.11 06:16:38,SELL,1.3000,0.2000,1
2025.04.11 06:26:59,SELL,1.3000,0.1000,0
2025.04.11 06:32:33,SELL,0.8000,-3.0000,0
2025.04.11 06:39:20,SELL,1.3000,0.1000,0
2025.04.11 06:44:20,SELL,1.3000,0.1000,1
2025.04.11 06:49:21,SELL,1.3000,0.1000,1
2025.04.11 06:54:21,SELL,1.3000,-0.6000,2
2025.04.11 06:59:21,BUY,1.3000,0.1000,1
2025.04.11 07:04:21,BUY,1.5000,-0.2000,1
2025.04.11 07:09:22,BUY,1.3000,-0.1000,1
2025.04.11 07:18:56,BUY,1.2000,0.1000,1
2025.04.11 07:23:59,BUY,1.3000,-0.1000,0
2025.04.11 07:38:30,SELL,1.2000,-0.4000,0
2025.04.11 07:49:42,SELL,1.0000,-0.8000,0
2025.04.11 08:00:53,BUY,1.3000,-0.1000,1
2025.04.11 08:13:32,SELL,1.1000,0.1000,1
2025.04.11 08:37:01,BUY,1.3000,-0.1000,1
2025.04.11 08:42:51,BUY,1.2000,0.1000,1
2025.04.11 08:47:54,SELL,1.2000,0.0000,1
2025.04.11 08:54:43,SELL,1.2000,0.1000,1
2025.04.11 09:01:48,BUY,1.2000,0.0000,0
2025.04.11 09:07:10,BUY,1.4000,-0.1000,1
2025.04.11 09:12:10,SELL,1.3000,0.0000,0
2025.04.11 09:18:18,SELL,1.3000,-0.4000,0
2025.04.11 09:23:18,SELL,1.2000,-1.3000,0
2025.04.11 09:28:49,BUY,0.8000,0.2000,0
2025.04.11 09:33:49,SELL,1.2000,0.0000,0
2025.04.11 09:38:49,BUY,1.3000,0.1000,1
2025.04.11 09:43:49,SELL,1.2000,0.0000,0
2025.04.11 09:48:49,SELL,1.3000,0.0000,0
2025.04.11 09:53:49,SELL,1.3000,-0.1000,0
2025.04.11 09:59:47,SELL,0.9000,0.2000,0
2025.04.11 10:04:47,SELL,1.3000,0.3000,0
2025.04.11 10:09:47,SELL,1.2000,0.1000,0
2025.04.11 10:14:47,SELL,1.3000,0.0000,0
2025.04.11 10:19:47,BUY,1.3000,-0.1000,0
2025.04.11 10:24:47,SELL,1.4000,0.0000,0
2025.04.11 10:29:47,SELL,1.4000,-0.6000,1
2025.04.11 10:34:47,SELL,1.5000,-0.4000,0
2025.04.11 10:40:59,BUY,1.0000,0.7000,1
2025.04.11 10:45:59,BUY,1.2000,-0.1000,0
2025.04.11 10:51:40,SELL,1.1000,-0.3000,1
2025.04.11 10:56:40,SELL,1.3000,0.1000,0
2025.04.11 11:01:56,SELL,0.8000,-0.2000,0
2025.04.11 11:06:56,BUY,1.9000,-0.1000,0
2025.04.11 11:12:22,SELL,1.2000,0.8000,1
2025.04.11 11:17:22,SELL,0.8000,0.7000,0
2025.04.11 11:23:00,BUY,1.1000,0.2000,0
2025.04.11 11:28:00,SELL,1.2000,-0.6000,0
2025.04.11 11:33:00,SELL,1.3000,0.8000,0
2025.04.11 11:38:00,SELL,0.9000,2.1000,0
2025.04.11 11:43:00,SELL,1.3000,0.0000,0
2025.04.11 11:48:00,SELL,1.3000,-0.1000,0
2025.04.11 11:54:33,BUY,1.4000,-0.1000,0
2025.04.11 11:59:33,BUY,1.3000,-0.1000,0
2025.04.11 12:04:33,BUY,1.2000,0.1000,0
2025.04.11 12:09:33,BUY,1.1000,0.0000,0
2025.04.11 12:14:51,SELL,1.3000,0.0000,0
2025.04.11 12:19:51,SELL,1.3000,0.0000,0
2025.04.11 12:27:08,BUY,1.3000,-0.9000,0
2025.04.11 12:36:05,BUY,1.3000,0.0000,0
2025.04.11 12:41:12,BUY,0.8000,-0.3000,0
2025.04.11 12:46:39,SELL,1.3000,-0.2000,1
2025.04.11 12:51:46,BUY,0.8000,-0.7000,1
2025.04.11 12:58:01,BUY,1.2000,0.1000,0
2025.04.11 13:03:01,BUY,1.0000,-0.1000,0
2025.04.11 13:08:01,SELL,1.3000,-0.2000,0
2025.04.11 13:13:03,BUY,1.2000,0.1000,0
2025.04.11 13:18:09,SELL,0.8000,-0.5000,0
2025.04.11 13:23:09,BUY,0.8000,0.4000,0
2025.04.11 13:28:09,BUY,1.2000,0.4000,0
2025.04.11 13:34:19,BUY,1.2000,0.3000,1
2025.04.11 13:39:19,BUY,1.3000,-0.1000,1
2025.04.11 13:44:19,BUY,1.3000,-0.1000,0
2025.04.11 13:49:19,SELL,1.1000,0.1000,0
2025.04.11 13:54:19,BUY,1.3000,0.0000,0
2025.04.11 13:59:24,SELL,1.2000,-0.1000,1
2025.04.11 14:04:24,SELL,1.1000,0.1000,0
2025.04.11 14:09:24,SELL,1.3000,-0.8000,1
2025.04.11 14:14:24,BUY,1.3000,0.0000,0
2025.04.11 14:19:24,BUY,1.4000,-0.1000,0
2025.04.11 14:24:25,SELL,1.0000,1.0000,1
2025.04.11 14:29:25,BUY,1.2000,0.3000,0
2025.04.11 14:36:21,BUY,1.3000,-0.6000,0
2025.04.11 14:43:40,BUY,1.3000,0.1000,1
2025.04.11 14:49:43,SELL,1.2000,0.0000,0
2025.04.11 14:54:44,SELL,1.3000,-0.1000,0
2025.04.11 14:59:44,BUY,1.4000,0.0000,0
2025.04.11 15:04:44,SELL,1.3000,0.2000,1
2025.04.11 15:09:44,SELL,1.3000,-0.1000,1
2025.04.11 15:14:50,SELL,0.8000,-0.6000,0
2025.04.11 15:19:50,SELL,1.2000,-0.1000,0
2025.04.11 15:24:50,BUY,1.2000,0.0000,0
2025.04.11 15:29:50,SELL,4.5000,0.0000,0
2025.04.11 15:34:50,SELL,1.3000,0.1000,0
2025.04.11 15:42:35,BUY,1.1000,0.6000,0
2025.04.11 15:47:36,SELL,1.3000,0.2000,0
2025.04.11 15:52:36,SELL,1.5000,-0.3000,0
2025.04.11 16:01:10,SELL,0.8000,-0.7000,1
2025.04.11 16:06:56,SELL,1.3000,0.8000,1
2025.04.11 16:12:33,SELL,0.8000,0.4000,0
2025.04.11 16:17:33,SELL,1.3000,-0.1000,0
2025.04.11 16:22:33,BUY,1.1000,-0.1000,0
2025.04.11 16:29:39,SELL,0.8000,-0.3000,0
2025.04.11 16:35:11,BUY,1.4000,-0.6000,0
2025.04.11 16:40:11,SELL,0.9000,0.1000,0
2025.04.11 16:46:03,BUY,1.2000,1.1000,0
2025.04.11 16:51:03,SELL,0.8000,-0.1000,0
2025.04.11 16:56:33,SELL,0.8000,1.1000,1
2025.04.11 17:01:35,BUY,1.4000,0.5000,1
2025.04.11 17:07:01,SELL,1.2000,0.0000,0
2025.04.11 17:12:27,SELL,1.3000,0.1000,0
2025.04.11 17:19:47,BUY,1.3000,0.0000,1
2025.04.11 17:25:31,SELL,1.3000,0.1000,0
2025.04.11 17:31:43,BUY,1.2000,-0.3000,1
2025.04.11 17:37:13,SELL,0.8000,0.2000,0
2025.04.11 17:42:13,SELL,1.3000,0.0000,0
2025.04.11 17:48:29,BUY,1.3000,0.1000,1
2025.04.11 17:53:29,BUY,1.1000,0.0000,0
2025.04.11 17:58:29,BUY,1.3000,-0.2000,0
2025.04.11 18:04:21,BUY,1.2000,-0.1000,1
2025.04.11 18:09:35,BUY,1.2000,-0.7000,0
2025.04.11 18:14:35,SELL,1.3000,0.0000,3
2025.04.11 18:21:10,SELL,1.3000,-0.1000,1
2025.04.11 18:26:17,BUY,1.2000,0.0000,0
2025.04.11 18:31:21,SELL,0.8000,0.1000,0
2025.04.11 18:37:15,BUY,0.8000,0.2000,0
2025.04.11 18:44:14,SELL,1.3000,0.0000,0
2025.04.11 18:51:09,SELL,1.2000,0.3000,1
2025.04.11 18:57:16,BUY,1.3000,-1.0000,0
2025.04.11 19:02:39,BUY,1.4000,0.0000,0
2025.04.11 19:09:56,BUY,1.2000,-0.1000,0
2025.04.11 19:17:52,BUY,0.8000,-0.1000,0
2025.04.11 19:22:52,BUY,1.2000,0.0000,0
2025.04.11 19:29:36,SELL,1.0000,-0.2000,0
2025.04.11 19:35:17,BUY,1.3000,0.2000,0
2025.04.11 19:41:37,SELL,1.1000,0.2000,0
2025.04.11 19:47:41,SELL,1.3000,-0.6000,0
2025.04.11 19:53:32,SELL,1.3000,-0.2000,0
2025.04.11 20:01:53,SELL,1.2000,-0.1000,1
2025.04.11 20:08:09,SELL,1.3000,-0.1000,0
2025.04.11 20:22:24,BUY,1.4000,0.2000,1
2025.04.11 20:30:22,BUY,1.4000,0.0000,0
2025.04.11 20:37:49,SELL,1.2000,-0.1000,0
2025.04.11 20:42:49,BUY,1.3000,0.1000,0
2025.04.11 20:47:49,BUY,1.3000,-0.1000,0
2025.04.11 20:52:52,SELL,1.3000,0.1000,0
2025.04.11 20:57:52,BUY,1.2000,0.0000,0
2025.04.11 21:02:52,SELL,1.3000,0.5000,1
2025.04.11 21:10:24,SELL,1.3000,-0.1000,1
2025.04.11 21:19:29,SELL,0.8000,-0.9000,0
2025.04.11 21:28:10,SELL,1.2000,0.1000,0
2025.04.11 21:33:10,SELL,1.2000,0.0000,2
2025.04.11 21:38:11,BUY,1.2000,0.0000,0
2025.04.11 21:52:17,BUY,1.3000,0.2000,0
2025.04.11 21:57:17,SELL,1.3000,-0.1000,0
2025.04.11 22:03:36,SELL,1.2000,0.1000,0
2025.04.11 22:08:49,SELL,0.8000,-0.9000,1
2025.04.11 22:14:40,BUY,1.2000,-0.2000,1
2025.04.11 22:19:40,SELL,1.0000,-0.1000,0
2025.04.11 22:24:40,SELL,1.3000,-0.1000,6
2025.04.11 22:32:29,BUY,1.4000,-0.5000,0
2025.04.11 22:37:29,SELL,1.0000,0.6000,1
2025.04.11 23:36:12,BUY,1.3000,-0.1000,0
2025.04.11 23:57:01,SELL,1.4000,-0.1000,1
2025.04.14 00:01:00,BUY,20.1000,-6.0000,29
2025.04.14 00:08:00,SELL,13.3000,0.0000,2
2025.04.14 00:14:10,SELL,0.8000,0.1000,1
2025.04.14 01:00:56,SELL,4.5000,0.0000,0
2025.04.14 01:16:08,SELL,1.7000,0.0000,1
2025.04.14 01:30:59,SELL,1.3000,0.1000,0
2025.04.14 01:37:17,BUY,1.8000,-0.1000,0
2025.04.14 01:42:17,SELL,1.6000,0.6000,0
2025.04.14 01:48:14,SELL,1.8000,0.1000,0
2025.04.14 01:54:20,BUY,1.8000,0.0000,0
2025.04.14 02:07:39,SELL,1.5000,0.3000,1
2025.04.14 02:19:00,SELL,1.3000,0.6000,0
2025.04.14 02:24:17,BUY,1.4000,-0.1000,1
2025.04.14 02:29:18,BUY,1.5000,-0.2000,1
2025.04.14 02:37:44,SELL,1.2000,0.1000,1
2025.04.14 02:44:51,SELL,0.8000,0.0000,1
2025.04.14 02:49:52,SELL,1.2000,0.5000,1
2025.04.14 03:01:00,SELL,1.5000,0.1000,0
2025.04.14 03:07:40,SELL,0.8000,-0.1000,0
2025.04.14 03:12:40,SELL,1.4000,-0.1000,1
2025.04.14 03:19:45,BUY,1.3000,0.2000,0
2025.04.14 03:24:45,BUY,1.2000,-0.1000,0
2025.04.14 03:31:19,SELL,0.8000,-0.1000,0
2025.04.14 03:42:47,BUY,1.0000,0.0000,1
2025.04.14 03:52:08,BUY,1.2000,0.2000,1
2025.04.14 03:57:48,SELL,1.2000,0.0000,0
2025.04.14 04:02:53,SELL,1.1000,-0.4000,0
2025.04.14 04:12:02,SELL,1.2000,0.4000,1
2025.04.14 04:17:07,SELL,0.8000,-0.1000,0
2025.04.14 04:22:07,SELL,1.2000,0.2000,1
2025.04.14 04:27:08,SELL,1.3000,-0.1000,1
2025.04.14 04:32:08,BUY,1.5000,-0.1000,0
2025.04.14 04:37:09,SELL,1.3000,0.2000,1
2025.04.14 04:42:25,BUY,1.5000,0.0000,0
2025.04.14 04:47:25,SELL,1.3000,1.5000,0
2025.04.14 04:52:25,BUY,1.3000,0.0000,0
2025.04.14 04:58:02,BUY,1.4000,0.1000,0
2025.04.14 05:03:02,SELL,1.2000,0.0000,0
2025.04.14 05:15:52,BUY,1.2000,0.1000,1
2025.04.14 05:21:14,SELL,0.8000,0.2000,0
2025.04.14 05:27:59,BUY,1.5000,0.2000,0
2025.04.14 05:32:59,BUY,1.5000,0.1000,1
2025.04.14 05:39:34,BUY,1.4000,0.0000,0
2025.04.14 05:56:27,BUY,1.3000,0.2000,0
2025.04.14 06:09:03,SELL,1.2000,0.1000,1
2025.04.14 06:14:03,BUY,1.3000,0.0000,0
2025.04.14 06:23:47,BUY,1.3000,-0.1000,0
2025.04.14 06:36:49,BUY,1.3000,0.3000,0
2025.04.14 06:43:33,SELL,1.1000,0.3000,0
2025.04.14 06:49:00,SELL,1.3000,-0.1000,1
2025.04.14 07:16:59,SELL,1.1000,-0.2000,0
2025.04.14 07:26:54,BUY,1.4000,0.0000,0
2025.04.14 07:42:44,BUY,1.4000,-0.1000,0
2025.04.14 08:01:26,SELL,0.8000,-0.1000,0
2025.04.14 08:06:27,BUY,1.3000,-0.3000,2
2025.04.14 08:19:45,SELL,1.1000,0.0000,0
2025.04.14 08:28:31,SELL,0.9000,0.8000,0
2025.04.14 08:42:26,BUY,1.3000,0.6000,0
2025.04.14 08:48:37,SELL,1.0000,0.2000,0
2025.04.14 08:54:11,SELL,1.2000,-0.2000,1
2025.04.14 09:02:22,BUY,1.3000,-0.1000,0
2025.04.14 09:07:22,SELL,1.2000,-0.1000,0
2025.04.14 09:16:06,BUY,1.4000,-0.5000,0
2025.04.14 09:23:24,SELL,1.2000,0.3000,1
2025.04.14 09:28:24,BUY,1.2000,-0.3000,1
2025.04.14 09:33:24,SELL,1.5000,0.0000,1
2025.04.14 09:43:48,BUY,1.3000,-0.2000,0
2025.04.14 09:48:48,BUY,1.2000,0.0000,0
2025.04.14 09:53:48,SELL,1.1000,-0.2000,0
2025.04.14 09:58:48,BUY,1.2000,0.0000,0
2025.04.14 10:07:54,SELL,1.1000,-0.3000,0
2025.04.14 10:12:54,BUY,1.3000,0.1000,0
2025.04.14 10:18:07,BUY,1.1000,0.1000,0
2025.04.14 10:26:44,BUY,1.2000,0.1000,0
2025.04.14 10:32:21,BUY,0.8000,-0.1000,0
2025.04.14 10:39:46,SELL,0.8000,-0.5000,1
2025.04.14 10:44:58,BUY,1.2000,-0.1000,0
2025.04.14 11:06:07,SELL,1.2000,0.0000,0
2025.04.14 11:11:07,SELL,0.9000,0.2000,0
2025.04.14 11:31:40,BUY,1.4000,-0.3000,0
2025.04.14 11:38:01,SELL,1.2000,0.1000,1
2025.04.14 11:50:36,SELL,1.3000,0.0000,1
2025.04.14 11:55:51,BUY,1.2000,0.1000,0
2025.04.14 12:02:26,SELL,1.3000,0.0000,1
2025.04.14 12:26:49,BUY,1.3000,0.0000,0
2025.04.14 12:44:30,BUY,0.8000,-0.5000,0
2025.04.14 12:49:30,SELL,1.2000,0.1000,0
2025.04.14 12:56:39,BUY,1.2000,0.1000,1
2025.04.14 13:01:39,BUY,1.3000,0.0000,1
2025.04.14 13:22:12,SELL,1.4000,0.1000,0
2025.04.14 13:29:05,SELL,1.2000,0.0000,3
2025.04.14 13:34:05,SELL,1.2000,0.2000,0
2025.04.14 14:22:02,SELL,1.2000,0.0000,1
2025.04.14 14:33:59,SELL,1.3000,0.0000,0
2025.04.14 14:48:43,SELL,1.3000,0.0000,0
2025.04.14 14:53:43,BUY,1.3000,0.0000,0
2025.04.14 14:58:43,BUY,1.2000,0.4000,0
2025.04.14 15:08:58,BUY,1.2000,0.3000,1
2025.04.14 15:13:58,BUY,1.1000,0.5000,0
2025.04.14 15:21:04,BUY,1.2000,-0.2000,0
2025.04.14 15:31:12,SELL,1.3000,0.0000,1
2025.04.14 15:41:53,SELL,1.2000,0.0000,1
2025.04.14 15:47:32,BUY,1.3000,0.0000,1
2025.04.14 15:53:38,BUY,0.8000,-0.3000,0
2025.04.14 15:58:38,BUY,1.2000,0.1000,0
2025.04.14 16:03:38,BUY,1.3000,-0.1000,1
2025.04.14 16:08:43,BUY,1.3000,-0.2000,0
2025.04.14 16:13:43,SELL,1.3000,-0.1000,0
2025.04.14 16:21:29,BUY,0.8000,-0.5000,0
2025.04.14 16:26:31,BUY,1.4000,0.2000,0
2025.04.14 16:33:03,SELL,1.3000,0.1000,0
2025.04.14 16:39:57,SELL,1.0000,-0.7000,0
2025.04.14 16:45:40,SELL,1.3000,0.1000,0
2025.04.14 16:51:18,BUY,1.2000,0.0000,0
2025.04.14 17:01:08,SELL,0.8000,-0.5000,0
2025.04.14 17:09:56,SELL,1.2000,0.0000,0
2025.04.14 17:14:56,SELL,1.2000,-0.8000,0
2025.04.14 17:27:47,SELL,1.1000,0.1000,0
2025.04.14 17:32:47,SELL,1.3000,0.0000,0
2025.04.14 17:37:48,BUY,1.2000,0.0000,0
2025.04.14 17:42:49,BUY,1.2000,-0.3000,0
2025.04.14 17:49:30,SELL,1.2000,0.0000,0
2025.04.14 17:54:31,SELL,1.1000,0.0000,0
2025.04.14 18:04:06,SELL,1.3000,0.2000,0
2025.04.14 18:09:06,BUY,1.2000,-0.1000,0
2025.04.14 18:14:08,BUY,1.2000,0.1000,1
2025.04.14 18:19:51,BUY,1.3000,-0.1000,1
2025.04.14 18:26:41,SELL,1.3000,-0.1000,0
2025.04.14 18:33:31,BUY,1.3000,-0.1000,0
2025.04.14 18:45:43,SELL,1.1000,0.0000,0
2025.04.14 18:52:10,BUY,1.2000,0.0000,1
2025.04.14 18:59:27,BUY,1.3000,0.0000,1
2025.04.14 19:04:54,SELL,1.2000,0.1000,1
2025.04.14 19:15:35,BUY,1.2000,0.0000,0
2025.04.14 19:20:35,BUY,1.2000,-0.4000,0
2025.04.14 19:26:28,SELL,1.3000,0.0000,1
2025.04.14 19:36:20,SELL,1.3000,-0.1000,0
2025.04.14 19:42:13,BUY,1.3000,0.3000,1
2025.04.14 19:47:13,BUY,1.3000,0.0000,0
2025.04.14 19:53:51,BUY,1.3000,-0.1000,0
2025.04.14 19:58:51,BUY,1.2000,0.5000,1
2025.04.14 20:03:51,SELL,1.3000,0.1000,0
2025.04.14 20:11:47,SELL,1.1000,0.0000,0
2025.04.14 20:18:13,BUY,1.2000,0.1000,1
2025.04.14 20:28:14,BUY,1.3000,0.0000,1
2025.04.14 20:41:34,BUY,1.1000,-0.3000,0
2025.04.14 20:49:03,BUY,1.2000,0.0000,1
2025.04.14 20:54:03,SELL,1.2000,0.4000,2
2025.04.14 21:03:30,SELL,1.2000,-0.1000,1
2025.04.14 21:14:13,BUY,1.1000,0.2000,0
2025.04.14 21:19:13,SELL,1.3000,0.2000,0
2025.04.14 21:55:55,SELL,1.2000,0.1000,0
2025.04.14 22:12:59,SELL,1.3000,0.0000,0
2025.04.14 22:18:13,SELL,1.3000,-0.1000,0
2025.04.14 22:23:27,BUY,1.2000,0.0000,1
2025.04.14 22:29:42,SELL,1.3000,-0.1000,2
2025.04.14 22:52:10,BUY,1.3000,0.2000,7
2025.04.14 22:58:43,BUY,1.2000,-0.2000,1
2025.04.14 23:03:43,BUY,1.3000,-0.2000,3
2025.04.14 23:27:45,BUY,1.3000,0.2000,0
2025.04.15 00:00:40,BUY,11.3000,2.3000,20
2025.04.15 00:31:58,SELL,9.6000,0.4000,0
2025.04.15 01:00:19,SELL,4.9000,0.0000,1
2025.04.15 01:06:51,BUY,1.4000,0.1000,3
2025.04.15 01:34:40,SELL,1.2000,0.1000,0
2025.04.15 02:03:30,BUY,1.3000,0.0000,1
2025.04.15 02:09:34,BUY,1.4000,0.2000,0
2025.04.15 02:39:25,BUY,1.3000,0.1000,0
2025.04.15 03:04:57,BUY,1.2000,-0.2000,1
2025.04.15 03:27:14,BUY,1.4000,0.1000,0
2025.04.15 03:34:28,BUY,1.3000,0.0000,2
2025.04.15 03:39:45,BUY,1.2000,0.0000,0
2025.04.15 03:49:03,SELL,0.9000,-0.1000,0
2025.04.15 04:19:34,SELL,1.3000,0.0000,1
2025.04.15 04:31:56,BUY,1.3000,-0.4000,0
2025.04.15 04:38:56,BUY,1.2000,0.4000,0
2025.04.15 05:13:38,SELL,0.8000,0.1000,0
2025.04.15 05:41:04,SELL,1.3000,-0.3000,1
2025.04.15 05:48:26,SELL,1.2000,0.3000,0
2025.04.15 07:23:31,SELL,1.2000,0.1000,0
2025.04.15 07:43:33,SELL,1.3000,-0.1000,0
2025.04.15 08:11:42,SELL,1.2000,0.1000,0
2025.04.15 08:19:28,SELL,1.2000,0.1000,1
2025.04.15 08:27:30,BUY,1.2000,0.0000,0
2025.04.15 08:58:09,BUY,1.2000,0.0000,0
2025.04.15 09:04:02,BUY,1.3000,0.1000,0
2025.04.15 09:09:02,SELL,1.3000,0.0000,0
2025.04.15 09:14:02,BUY,1.3000,-0.1000,0
2025.04.15 09:19:02,BUY,1.4000,0.0000,1
2025.04.15 09:25:27,SELL,1.2000,0.5000,1
2025.04.15 09:32:20,SELL,1.3000,-0.1000,0
2025.04.15 09:38:32,BUY,1.2000,0.0000,1
2025.04.15 09:43:32,BUY,1.2000,-0.2000,0
2025.04.15 09:51:57,SELL,1.2000,0.0000,0
2025.04.15 09:56:57,BUY,1.3000,0.0000,0
2025.04.15 10:03:09,BUY,0.8000,1.0000,1
2025.04.15 10:08:09,SELL,1.2000,0.0000,0
2025.04.15 10:13:25,SELL,1.2000,0.6000,1
2025.04.15 10:20:26,BUY,1.3000,-0.1000,2
2025.04.15 10:26:45,BUY,1.3000,0.1000,0
2025.04.15 10:32:12,BUY,1.3000,0.0000,0
2025.04.15 10:38:15,SELL,1.2000,-0.1000,1
2025.04.15 10:43:15,SELL,1.2000,-0.4000,3
2025.04.15 10:49:00,BUY,1.3000,-0.1000,0
2025.04.15 10:54:00,SELL,1.3000,0.4000,0
2025.04.15 11:00:45,SELL,1.3000,-0.2000,0
2025.04.15 11:05:53,BUY,1.2000,-0.1000,0
2025.04.15 11:11:59,SELL,1.2000,-0.3000,1
2025.04.15 11:18:27,SELL,0.9000,-0.3000,1
2025.04.15 11:23:28,BUY,1.2000,0.0000,2
2025.04.15 11:28:28,BUY,1.2000,0.0000,0
2025.04.15 11:34:37,SELL,1.2000,0.0000,0
2025.04.15 11:41:06,BUY,1.2000,0.2000,0
2025.04.15 11:52:52,BUY,1.3000,-0.1000,0
2025.04.15 12:04:35,SELL,1.2000,0.1000,0
2025.04.15 12:09:35,BUY,1.2000,0.2000,0
2025.04.15 12:23:01,BUY,1.2000,-0.4000,0
2025.04.15 12:28:42,SELL,1.2000,-0.4000,0
2025.04.15 12:47:37,BUY,1.3000,0.0000,1
2025.04.15 12:52:38,SELL,1.2000,0.1000,1
2025.04.15 12:59:08,BUY,1.3000,-0.1000,0
2025.04.15 13:07:36,SELL,1.1000,0.0000,0
2025.04.15 13:24:37,BUY,1.3000,-0.1000,0
2025.04.15 13:29:56,SELL,1.2000,-0.4000,0
2025.04.15 13:38:21,BUY,1.4000,0.1000,0
2025.04.15 13:43:21,SELL,1.3000,0.0000,1
2025.04.15 13:48:21,SELL,1.2000,0.1000,4
2025.04.15 14:03:36,BUY,1.3000,0.2000,1
2025.04.15 14:08:50,BUY,1.3000,-0.1000,0
2025.04.15 14:21:02,BUY,1.2000,-0.1000,0
2025.04.15 14:28:24,BUY,1.3000,0.1000,0
2025.04.15 14:33:24,BUY,1.3000,0.1000,0
2025.04.15 14:38:40,BUY,1.3000,0.1000,0
2025.04.15 14:44:34,SELL,1.2000,0.4000,0
2025.04.15 14:58:48,SELL,1.3000,0.0000,0
2025.04.15 15:09:58,BUY,1.2000,-0.1000,0
2025.04.15 15:14:58,SELL,1.3000,-0.1000,1
2025.04.15 15:20:59,BUY,1.2000,0.0000,0
2025.04.15 15:30:16,BUY,1.4000,0.3000,0
2025.04.15 15:38:13,BUY,1.3000,-0.1000,0
2025.04.15 15:43:13,SELL,1.3000,-0.2000,0
2025.04.15 15:48:13,SELL,1.3000,-0.1000,2
2025.04.15 15:53:14,BUY,1.4000,0.1000,0
2025.04.15 15:58:14,BUY,1.3000,-0.1000,0
2025.04.15 16:03:36,SELL,1.2000,0.0000,0
2025.04.15 16:08:36,SELL,1.2000,0.0000,0
2025.04.15 16:13:36,BUY,1.3000,0.4000,0
2025.04.15 16:19:01,BUY,1.2000,0.0000,1
2025.04.15 16:31:09,SELL,1.0000,0.4000,0
2025.04.15 16:36:17,SELL,1.2000,0.0000,0
2025.04.15 16:44:56,BUY,1.3000,0.0000,0
2025.04.15 16:49:56,SELL,1.3000,0.0000,0
2025.04.15 16:54:56,BUY,1.4000,0.0000,0
2025.04.15 17:06:01,BUY,1.3000,-0.3000,1
2025.04.15 17:11:06,BUY,1.2000,0.0000,0
2025.04.15 17:17:47,SELL,1.3000,-0.5000,0
2025.04.15 17:22:47,SELL,1.3000,-0.1000,0
2025.04.15 17:28:46,SELL,1.2000,0.2000,1
2025.04.15 17:34:10,SELL,0.9000,-0.2000,0
2025.04.15 17:41:10,BUY,1.3000,-0.1000,0
2025.04.15 17:48:03,SELL,1.3000,0.0000,1
2025.04.15 17:55:59,SELL,1.2000,-0.1000,1
2025.04.15 18:01:50,BUY,1.3000,0.0000,0
2025.04.15 18:06:59,BUY,1.3000,0.0000,2
2025.04.15 18:15:56,BUY,1.3000,0.1000,0
2025.04.15 18:25:56,BUY,1.2000,0.1000,3
2025.04.15 18:31:42,BUY,1.3000,-0.2000,0
2025.04.15 18:36:50,SELL,1.3000,-0.1000,0
2025.04.15 18:44:35,BUY,1.3000,-0.4000,0
2025.04.15 18:51:01,BUY,1.3000,0.0000,0
2025.04.15 18:58:38,BUY,1.2000,0.2000,1
2025.04.15 19:04:59,BUY,1.2000,0.1000,0
2025.04.15 19:18:39,BUY,1.3000,-0.3000,1
2025.04.15 19:33:18,BUY,1.2000,-0.6000,1
2025.04.15 19:51:00,SELL,1.2000,-0.1000,0
2025.04.15 20:01:20,BUY,1.3000,-0.1000,0
2025.04.15 20:16:38,SELL,1.2000,0.2000,0
2025.04.15 20:56:45,BUY,1.3000,-0.1000,1
2025.04.15 21:28:28,SELL,1.3000,-0.1000,1
2025.04.15 21:39:04,BUY,1.2000,0.3000,0
2025.04.15 22:31:42,BUY,1.2000,0.0000,1
2025.04.15 23:27:35,SELL,1.3000,0.0000,0
2025.04.16 01:00:33,SELL,1.1000,-0.2000,0
2025.04.16 02:00:31,BUY,1.2000,-0.5000,0
2025.04.16 02:28:36,SELL,1.3000,-0.1000,0
2025.04.16 02:33:42,SELL,1.2000,0.0000,0
2025.04.16 03:12:33,SELL,1.3000,0.0000,0
2025.04.16 03:17:38,SELL,1.2000,0.0000,1
2025.04.16 03:35:37,SELL,0.8000,-0.5000,0
2025.04.16 03:52:27,SELL,1.2000,0.1000,1
2025.04.16 04:04:20,SELL,1.2000,0.6000,0
2025.04.16 04:39:38,SELL,1.2000,0.7000,1
2025.04.16 05:04:05,SELL,1.2000,0.1000,0
2025.04.16 05:11:34,BUY,1.3000,-0.1000,0
2025.04.16 05:18:01,SELL,1.3000,0.1000,0
2025.04.16 05:49:16,BUY,1.0000,-0.3000,0
2025.04.16 07:44:47,SELL,1.2000,0.2000,0
2025.04.16 08:34:45,SELL,1.2000,-0.2000,0
2025.04.16 08:47:22,BUY,1.2000,0.1000,1
2025.04.16 08:53:18,SELL,1.3000,-0.2000,0
2025.04.16 08:58:18,SELL,1.2000,-0.4000,0
2025.04.16 09:03:18,BUY,1.2000,-0.4000,0
2025.04.16 09:17:05,SELL,1.3000,-0.1000,0
2025.04.16 09:30:55,SELL,1.2000,0.0000,0
2025.04.16 09:36:53,SELL,1.2000,0.0000,0
2025.04.16 09:58:18,BUY,1.2000,0.1000,1
2025.04.16 10:05:32,SELL,1.3000,-0.1000,0
2025.04.16 10:12:02,BUY,1.2000,0.0000,0
2025.04.16 10:17:02,SELL,1.3000,-0.1000,0
2025.04.16 10:23:01,SELL,1.3000,0.0000,0
2025.04.16 10:28:59,SELL,1.3000,0.1000,0
2025.04.16 10:34:10,BUY,1.3000,0.1000,1
2025.04.16 10:59:38,SELL,1.2000,0.1000,0
2025.04.16 11:04:38,BUY,1.3000,-0.1000,1
2025.04.16 11:11:21,BUY,1.2000,-0.4000,1
2025.04.16 11:19:19,BUY,1.3000,-0.1000,0
2025.04.16 11:27:14,SELL,1.3000,0.0000,0
2025.04.16 11:32:14,BUY,1.3000,-0.1000,0
2025.04.16 11:37:14,SELL,1.2000,0.1000,0
2025.04.16 11:42:14,BUY,1.2000,0.1000,0
2025.04.16 11:47:34,SELL,1.3000,0.1000,1
2025.04.16 11:52:46,SELL,1.3000,-0.1000,0
2025.04.16 11:59:26,SELL,1.0000,-0.4000,0
2025.04.16 12:04:26,SELL,1.2000,0.1000,0
2025.04.16 12:09:35,BUY,1.3000,0.0000,1
2025.04.16 12:14:36,BUY,1.3000,0.0000,0
2025.04.16 12:19:36,SELL,1.2000,-0.2000,0
2025.04.16 12:24:36,SELL,1.2000,0.2000,0
2025.04.16 12:29:37,BUY,1.2000,0.1000,1
2025.04.16 12:38:32,BUY,1.2000,0.2000,0
2025.04.16 12:43:32,BUY,1.2000,0.0000,1
2025.04.16 12:50:57,SELL,1.2000,0.1000,1
2025.04.16 12:57:27,BUY,1.2000,-0.1000,0
2025.04.16 13:02:59,BUY,1.3000,-0.1000,0
2025.04.16 13:09:39,SELL,1.3000,0.2000,1
2025.04.16 13:14:39,SELL,1.3000,-0.1000,1
2025.04.16 13:19:39,BUY,1.3000,-0.8000,0
2025.04.16 13:24:39,SELL,1.2000,0.1000,0
2025.04.16 13:32:13,SELL,1.2000,0.2000,0
2025.04.16 13:37:13,BUY,1.2000,0.0000,0
2025.04.16 13:42:13,BUY,1.3000,0.1000,1
2025.04.16 13:59:59,BUY,1.1000,-0.4000,1
2025.04.16 14:06:49,SELL,1.2000,-0.2000,1
2025.04.16 14:11:55,SELL,1.3000,-0.6000,1
2025.04.16 14:17:01,SELL,1.2000,0.0000,0
2025.04.16 14:26:41,SELL,1.2000,-0.5000,1
2025.04.16 14:37:14,BUY,1.3000,-0.2000,1
2025.04.16 14:57:53,SELL,1.3000,-0.1000,0
2025.04.16 15:02:55,BUY,1.2000,-0.1000,0
2025.04.16 15:09:33,BUY,1.3000,0.0000,0
2025.04.16 15:23:38,SELL,1.3000,-0.1000,1
2025.04.16 15:28:38,BUY,1.3000,0.0000,0
2025.04.16 15:33:38,BUY,0.9000,0.0000,0
2025.04.16 15:41:06,SELL,1.2000,0.0000,0
2025.04.16 15:46:38,BUY,1.3000,-0.2000,0
2025.04.16 15:52:43,BUY,1.3000,0.1000,1
2025.04.16 15:57:43,SELL,1.2000,-0.3000,0
2025.04.16 16:04:29,SELL,1.3000,0.0000,1
2025.04.16 16:10:51,SELL,0.8000,-0.6000,0
2025.04.16 16:19:40,SELL,1.2000,-0.3000,0
2025.04.16 16:26:38,BUY,1.1000,-0.1000,0
2025.04.16 16:33:28,BUY,1.3000,-0.5000,0
2025.04.16 16:42:08,SELL,0.8000,-0.6000,0
2025.04.16 16:47:14,SELL,1.2000,0.0000,0
2025.04.16 16:52:16,SELL,1.2000,0.0000,0
2025.04.16 16:59:55,SELL,0.8000,-0.9000,1
2025.04.16 17:04:55,SELL,1.3000,0.2000,1
2025.04.16 17:09:55,BUY,1.3000,0.1000,0
2025.04.16 17:20:53,BUY,0.8000,-0.1000,0
2025.04.16 17:45:52,SELL,0.9000,-0.7000,1
2025.04.16 17:52:05,BUY,1.2000,0.0000,0
2025.04.16 18:01:20,BUY,1.1000,-0.2000,0
2025.04.16 18:14:30,SELL,1.3000,0.0000,1
2025.04.16 18:19:31,BUY,1.3000,-0.1000,2
2025.04.16 18:24:31,BUY,1.3000,0.2000,0
2025.04.16 18:33:46,SELL,1.1000,0.1000,0
2025.04.16 18:39:00,BUY,1.3000,-0.6000,1
2025.04.16 18:44:00,SELL,1.3000,0.1000,0
2025.04.16 18:52:50,SELL,1.2000,0.0000,0
2025.04.16 19:16:03,BUY,1.3000,-0.1000,2
2025.04.16 20:01:31,BUY,1.3000,0.1000,0
2025.04.16 20:08:28,SELL,1.3000,-0.1000,0
2025.04.16 20:17:37,BUY,1.3000,0.2000,1
2025.04.16 20:31:28,BUY,1.5000,-0.3000,0
2025.04.16 20:40:18,BUY,1.3000,0.4000,0
2025.04.16 20:46:06,SELL,1.2000,0.0000,1
2025.04.16 20:51:36,BUY,1.3000,0.3000,0
2025.04.16 20:57:52,BUY,1.3000,0.0000,0
2025.04.16 21:04:35,SELL,1.2000,0.1000,0
2025.04.16 21:09:39,BUY,1.3000,0.1000,0
2025.04.16 21:14:39,BUY,1.2000,0.1000,1
2025.04.16 21:19:39,SELL,1.2000,0.1000,0
2025.04.16 21:39:24,SELL,0.8000,-0.1000,0
2025.04.16 21:44:48,BUY,1.3000,-0.1000,0
2025.04.16 21:52:49,SELL,1.2000,0.1000,0
2025.04.16 22:03:49,SELL,1.2000,-0.1000,0
2025.04.16 22:08:49,SELL,1.2000,0.3000,0
2025.04.16 22:16:50,SELL,0.8000,0.1000,0
2025.04.16 22:21:50,SELL,1.2000,0.1000,0
2025.04.16 22:27:09,SELL,1.3000,0.0000,0
2025.04.16 22:33:38,BUY,1.2000,-0.1000,1
2025.04.16 22:52:43,BUY,1.2000,-0.1000,0
2025.04.16 22:59:56,BUY,1.3000,0.1000,0
2025.04.16 23:11:45,SELL,1.3000,-0.1000,0
2025.04.16 23:39:03,SELL,1.3000,-0.1000,0
2025.04.17 00:00:43,BUY,12.0000,-0.1000,1
2025.04.17 02:34:01,SELL,1.3000,0.0000,2
2025.04.17 02:58:32,BUY,1.2000,0.1000,0
2025.04.17 03:03:32,BUY,1.3000,-0.8000,0
2025.04.17 03:17:01,BUY,1.2000,0.0000,0
2025.04.17 03:57:01,BUY,1.3000,-0.1000,0
2025.04.17 04:02:11,BUY,1.2000,0.3000,1
2025.04.17 04:28:37,BUY,1.3000,-0.1000,0
2025.04.17 04:33:52,BUY,1.2000,0.1000,1
2025.04.17 04:38:59,SELL,1.2000,0.0000,1
2025.04.17 04:46:56,SELL,1.3000,0.1000,0
2025.04.17 05:04:44,SELL,1.2000,0.0000,0
2025.04.17 05:41:15,SELL,1.2000,0.0000,0
2025.04.17 06:08:50,BUY,1.3000,-0.2000,0
2025.04.17 06:19:20,SELL,1.2000,0.1000,0
2025.04.17 07:58:01,BUY,1.2000,0.1000,0
2025.04.17 08:37:20,BUY,1.3000,-0.1000,0
2025.04.17 09:10:24,SELL,1.3000,-0.2000,0
2025.04.17 09:28:07,SELL,1.3000,-0.1000,0
2025.04.17 09:39:17,SELL,1.4000,0.0000,2
2025.04.17 09:47:10,SELL,1.1000,-0.4000,0
2025.04.17 09:57:50,BUY,1.3000,-0.1000,0
2025.04.17 10:02:56,SELL,0.9000,0.4000,0
2025.04.17 10:16:42,BUY,1.3000,0.0000,1
2025.04.17 10:22:36,BUY,1.2000,-0.1000,1
2025.04.17 10:32:10,SELL,1.3000,-0.1000,0
2025.04.17 10:39:39,SELL,1.2000,0.0000,0
2025.04.17 10:50:47,SELL,1.1000,0.0000,1
2025.04.17 11:07:46,BUY,1.3000,0.0000,0
2025.04.17 11:18:11,BUY,1.2000,0.1000,1
2025.04.17 11:24:11,BUY,1.3000,0.1000,0
2025.04.17 11:33:59,SELL,1.3000,-0.1000,1
2025.04.17 11:39:27,SELL,0.8000,0.0000,0
2025.04.17 11:44:51,BUY,1.3000,0.1000,1
2025.04.17 11:51:12,BUY,1.2000,-0.1000,1
2025.04.17 12:06:07,SELL,1.2000,0.1000,0
2025.04.17 12:27:44,BUY,0.8000,0.1000,0
2025.04.17 12:32:44,SELL,1.2000,0.0000,0
2025.04.17 12:43:00,SELL,1.2000,-0.4000,0
2025.04.17 12:49:12,BUY,1.4000,0.0000,1
2025.04.17 13:08:26,BUY,1.5000,-0.2000,0
2025.04.17 13:14:22,SELL,1.1000,-0.1000,0
2025.04.17 13:28:25,SELL,1.1000,0.0000,1
2025.04.17 13:33:36,BUY,1.3000,0.0000,0
2025.04.17 13:38:38,BUY,1.3000,-0.2000,0
2025.04.17 14:08:29,SELL,1.3000,0.0000,0
2025.04.17 14:57:33,BUY,1.3000,0.1000,0
2025.04.17 15:04:05,SELL,1.3000,-0.2000,0
2025.04.17 15:09:05,BUY,1.3000,0.0000,0
2025.04.17 15:15:07,BUY,2.0000,-0.9000,0
2025.04.17 15:20:18,BUY,1.3000,-0.9000,0
2025.04.17 15:30:35,SELL,1.1000,-0.9000,1
2025.04.17 15:35:35,SELL,1.3000,0.0000,0
2025.04.17 15:43:12,SELL,1.1000,-0.3000,0
2025.04.17 15:50:31,BUY,1.3000,0.0000,0
2025.04.17 15:56:44,BUY,1.3000,-0.3000,0
2025.04.17 16:01:44,SELL,1.3000,-0.3000,0
2025.04.17 16:06:44,SELL,1.4000,-0.1000,0
2025.04.17 16:11:44,BUY,1.4000,-0.2000,0
2025.04.17 16:16:44,SELL,1.2000,0.0000,0
2025.04.17 16:21:44,BUY,1.2000,-0.1000,0
2025.04.17 16:28:22,SELL,1.3000,-0.3000,0
2025.04.17 16:33:22,BUY,1.3000,-0.4000,0
2025.04.17 16:44:23,BUY,1.2000,0.1000,0
2025.04.17 16:50:49,BUY,1.2000,-0.1000,2
2025.04.17 17:16:23,SELL,1.3000,0.0000,1
2025.04.17 17:22:05,SELL,1.2000,0.6000,1
2025.04.17 17:32:12,BUY,1.3000,-0.3000,0
2025.04.17 17:37:21,SELL,1.2000,0.1000,0
2025.04.17 17:42:21,BUY,1.2000,-0.1000,0
2025.04.17 17:48:17,BUY,1.2000,0.1000,0
2025.04.17 17:53:31,BUY,0.9000,0.3000,1
2025.04.17 18:02:53,SELL,1.2000,-0.1000,1
2025.04.17 18:11:28,SELL,1.2000,0.1000,1
2025.04.17 18:19:37,SELL,1.0000,0.2000,1
2025.04.17 18:24:37,SELL,1.3000,-0.1000,0
2025.04.17 18:36:48,BUY,1.3000,0.2000,0
2025.04.17 18:53:47,BUY,1.3000,0.1000,0
2025.04.17 19:04:34,SELL,1.3000,-0.1000,0
2025.04.17 19:09:34,BUY,1.3000,-0.1000,0
2025.04.17 19:26:04,BUY,1.3000,0.0000,1
2025.04.17 19:31:29,SELL,1.3000,-0.1000,0
2025.04.17 19:36:29,BUY,1.3000,-0.1000,1
2025.04.17 19:41:39,SELL,1.2000,0.0000,0
2025.04.17 19:46:45,BUY,1.3000,-0.1000,0
2025.04.17 19:54:20,BUY,1.2000,0.0000,0
2025.04.17 20:13:28,BUY,1.2000,0.3000,1
2025.04.17 20:29:43,SELL,1.4000,-0.1000,1
2025.04.17 21:09:43,BUY,1.4000,-0.1000,1
2025.04.17 21:17:52,SELL,1.2000,-0.1000,2
2025.04.17 21:26:26,SELL,1.3000,0.4000,1
2025.04.17 21:34:28,SELL,1.2000,0.0000,1
2025.04.17 21:47:40,SELL,1.2000,0.1000,0
2025.04.17 21:53:14,SELL,1.2000,0.0000,0
2025.04.17 23:28:33,BUY,1.3000,0.0000,1
2025.04.17 23:59:59,BUY,13.3000,-0.8000,0
2025.04.18 00:05:00,BUY,19.7000,-0.6000,0
2025.04.18 00:25:42,SELL,7.4000,0.2000,2
2025.04.18 01:44:47,BUY,6.3000,0.5000,0
2025.04.18 02:03:22,SELL,1.9000,1.2000,0
2025.04.18 03:25:16,SELL,1.9000,0.5000,0
2025.04.18 03:54:31,BUY,2.0000,-0.4000,0
2025.04.18 03:59:31,SELL,1.4000,-0.1000,0
2025.04.18 05:09:56,SELL,0.6000,0.0000,0
2025.04.18 09:58:13,BUY,2.5000,-0.2000,0
2025.04.18 10:03:46,BUY,11.6000,-0.8000,0
2025.04.18 10:09:53,SELL,4.1000,0.1000,1
2025.04.18 10:14:53,SELL,2.4000,0.3000,0
2025.04.18 14:39:35,SELL,2.3000,0.1000,1
2025.04.18 18:03:08,BUY,1.7000,-0.3000,1
2025.04.18 23:55:44,BUY,13.3000,-0.3000,16
2025.04.21 00:00:57,SELL,0.1000,0.0000,3
2025.04.21 00:14:21,SELL,0.8000,-0.2000,16
2025.04.21 00:25:06,SELL,6.4000,0.0000,0
2025.04.21 00:32:19,BUY,11.7000,0.0000,0
2025.04.21 00:37:20,SELL,2.7000,0.0000,0
2025.04.21 00:43:45,BUY,13.3000,-0.8000,0
2025.04.21 00:49:00,SELL,0.8000,0.3000,8
2025.04.21 00:54:00,BUY,5.3000,0.1000,1
2025.04.21 00:59:00,SELL,0.8000,-0.7000,0
2025.04.21 01:05:20,SELL,2.9000,-0.1000,1
2025.04.21 01:13:56,BUY,2.3000,0.1000,0
2025.04.21 01:18:56,SELL,2.0000,-0.1000,2
2025.04.21 01:23:56,SELL,2.5000,-0.3000,1
2025.04.21 01:28:56,BUY,2.4000,0.1000,0
2025.04.21 01:33:58,SELL,2.1000,0.0000,0
2025.04.21 01:42:19,BUY,1.5000,0.7000,1
2025.04.21 01:52:59,SELL,1.2000,0.1000,0
2025.04.21 01:58:00,BUY,1.6000,-0.1000,0
2025.04.21 02:04:13,SELL,1.1000,0.7000,0
2025.04.21 02:26:16,BUY,1.4000,0.0000,1
2025.04.21 02:32:47,SELL,0.9000,0.9000,0
2025.04.21 02:48:54,SELL,0.8000,0.7000,1
2025.04.21 02:59:00,BUY,1.3000,-0.1000,0
2025.04.21 03:04:00,SELL,1.3000,-0.2000,0
2025.04.21 03:09:00,SELL,1.2000,-0.7000,0
2025.04.21 03:19:16,SELL,1.1000,0.1000,0
2025.04.21 03:24:16,BUY,1.2000,0.1000,0
2025.04.21 03:29:16,SELL,1.2000,0.1000,0
2025.04.21 03:34:16,SELL,1.2000,0.0000,0
2025.04.21 03:39:16,BUY,1.2000,0.0000,0
2025.04.21 03:44:19,BUY,1.3000,0.0000,0
2025.04.21 04:00:42,SELL,1.2000,0.1000,0
2025.04.21 04:07:01,SELL,0.8000,-0.1000,0
2025.04.21 04:33:05,BUY,1.3000,-0.1000,0
2025.04.21 04:49:55,SELL,1.2000,0.1000,1
2025.04.21 05:17:25,SELL,1.2000,-0.1000,0
2025.04.21 05:27:23,SELL,0.8000,0.0000,0
2025.04.21 05:32:23,BUY,1.3000,-0.1000,0
2025.04.21 05:43:41,BUY,1.2000,0.1000,0
2025.04.21 05:49:39,BUY,1.3000,0.0000,1
2025.04.21 05:56:31,SELL,1.3000,-0.1000,0
2025.04.21 06:04:40,SELL,1.3000,-0.8000,0
2025.04.21 06:14:17,BUY,1.2000,0.1000,0
2025.04.21 06:27:00,SELL,1.2000,0.0000,0
2025.04.21 06:34:43,SELL,1.2000,0.1000,0
2025.04.21 06:41:42,SELL,0.8000,-0.6000,1
2025.04.21 06:57:37,SELL,1.2000,-0.1000,0
2025.04.21 07:02:37,BUY,1.2000,0.1000,0
2025.04.21 07:07:39,BUY,1.2000,-0.4000,1
2025.04.21 07:13:43,BUY,1.3000,0.1000,1
2025.04.21 07:18:47,SELL,1.2000,0.0000,4
2025.04.21 07:44:13,BUY,1.2000,0.1000,1
2025.04.21 08:08:59,SELL,1.3000,0.1000,0
2025.04.21 08:31:04,SELL,1.2000,0.1000,0
2025.04.21 08:52:15,BUY,0.8000,-0.5000,0
2025.04.21 08:58:33,SELL,1.2000,-0.3000,1
2025.04.21 09:08:29,BUY,1.3000,0.0000,0
2025.04.21 09:13:29,BUY,1.3000,0.0000,0
2025.04.21 09:22:52,BUY,1.3000,-0.1000,1
2025.04.21 09:49:21,BUY,1.3000,0.0000,1
2025.04.21 09:56:17,SELL,1.2000,-0.1000,0
2025.04.21 10:21:13,SELL,1.2000,-0.1000,0
2025.04.21 10:31:54,SELL,0.8000,0.4000,0
2025.04.21 10:42:34,SELL,1.1000,0.0000,1
2025.04.21 10:57:14,SELL,0.8000,-1.0000,0
2025.04.21 11:02:16,SELL,1.2000,0.1000,0
2025.04.21 11:10:32,BUY,1.2000,-0.1000,0
2025.04.21 11:16:13,BUY,1.5000,0.0000,0
2025.04.21 11:28:33,SELL,1.2000,0.2000,2
2025.04.21 11:33:53,SELL,1.2000,0.1000,1
2025.04.21 11:48:26,SELL,1.3000,-0.1000,0
2025.04.21 12:12:05,SELL,1.3000,-0.1000,0
2025.04.21 12:21:17,SELL,1.2000,-0.1000,1
2025.04.21 12:26:18,BUY,1.3000,-0.8000,0
2025.04.21 12:32:44,SELL,1.3000,-0.1000,2
2025.04.21 12:41:14,BUY,1.2000,0.0000,0
2025.04.21 12:49:32,BUY,1.2000,0.2000,1
2025.04.21 13:23:28,BUY,1.2000,0.2000,0
2025.04.21 13:29:12,BUY,1.3000,0.3000,0
2025.04.21 13:36:16,BUY,1.3000,0.1000,0
2025.04.21 13:52:55,SELL,1.3000,-0.3000,0
2025.04.21 14:07:49,BUY,1.2000,0.1000,0
2025.04.21 14:19:48,SELL,1.3000,-0.1000,0
2025.04.21 14:24:48,SELL,1.2000,0.1000,1
2025.04.21 14:34:58,SELL,1.3000,0.0000,0
2025.04.21 14:43:55,SELL,1.3000,-0.3000,0
2025.04.21 14:54:27,SELL,1.4000,0.0000,1
2025.04.21 15:01:42,SELL,1.2000,0.1000,0
2025.04.21 15:14:33,BUY,1.3000,-0.1000,1
2025.04.21 15:19:34,SELL,0.9000,0.7000,0
2025.04.21 15:24:35,BUY,1.2000,0.0000,0
2025.04.21 15:29:36,BUY,1.3000,-0.1000,0
2025.04.21 15:44:43,SELL,1.0000,-0.4000,0
2025.04.21 15:55:49,SELL,1.2000,-0.2000,0
2025.04.21 16:07:45,BUY,1.2000,0.0000,0
2025.04.21 16:13:01,SELL,1.2000,0.0000,1
2025.04.21 16:18:02,BUY,1.3000,-0.1000,0
2025.04.21 16:23:02,BUY,1.3000,0.1000,0
2025.04.21 16:28:41,BUY,1.3000,-0.3000,0
2025.04.21 16:37:41,SELL,1.2000,0.0000,0
2025.04.21 16:42:41,SELL,1.2000,0.4000,0
2025.04.21 16:48:48,SELL,1.2000,-0.1000,0
2025.04.21 16:54:30,SELL,1.2000,0.4000,2
2025.04.21 17:02:13,SELL,1.2000,0.4000,0
2025.04.21 17:12:39,BUY,1.3000,0.0000,0
2025.04.21 17:19:36,SELL,1.3000,-0.1000,1
2025.04.21 17:33:17,BUY,1.2000,-0.1000,0
2025.04.21 17:46:10,BUY,1.2000,-0.1000,1
2025.04.21 17:55:47,BUY,1.3000,0.1000,1
2025.04.21 18:07:14,BUY,1.3000,-0.1000,0
2025.04.21 18:17:32,SELL,1.2000,0.1000,0
2025.04.21 18:26:29,SELL,1.2000,0.2000,1
2025.04.21 18:48:04,SELL,1.3000,-0.3000,0
2025.04.21 19:02:25,BUY,1.3000,0.0000,1
2025.04.21 19:07:54,SELL,1.2000,0.1000,0
2025.04.21 19:14:05,SELL,1.3000,0.1000,0
2025.04.21 19:53:28,SELL,1.3000,0.1000,1
2025.04.21 20:01:16,BUY,1.2000,-0.5000,0
2025.04.21 20:06:35,SELL,1.2000,0.1000,1
2025.04.21 20:14:05,BUY,1.3000,0.0000,0
2025.04.21 20:31:28,SELL,1.3000,0.0000,0
2025.04.21 20:39:24,SELL,1.3000,0.0000,0
2025.04.21 20:51:15,SELL,1.2000,0.1000,0
2025.04.21 20:59:34,SELL,1.3000,0.0000,0
2025.04.21 21:39:30,SELL,1.1000,-0.2000,0
2025.04.21 22:12:19,BUY,1.2000,0.1000,1
2025.04.21 23:49:28,SELL,1.5000,0.4000,0
2025.04.22 01:00:03,SELL,3.6000,0.7000,0
2025.04.22 01:33:09,BUY,1.5000,-0.1000,1
2025.04.22 02:46:14,BUY,1.4000,-0.3000,0
2025.04.22 03:00:31,BUY,1.4000,0.1000,0
2025.04.22 03:14:36,BUY,1.3000,0.2000,0
2025.04.22 03:32:37,BUY,1.3000,0.0000,0
2025.04.22 03:55:17,SELL,1.3000,-0.1000,0
2025.04.22 04:02:43,SELL,1.5000,-0.1000,1
2025.04.22 04:38:10,SELL,1.1000,0.0000,1
2025.04.22 04:43:33,BUY,1.4000,0.1000,0
2025.04.22 05:11:22,SELL,1.3000,0.1000,0
2025.04.22 05:19:43,SELL,1.3000,0.2000,2
2025.04.22 05:57:30,SELL,1.4000,0.2000,0
2025.04.22 06:02:30,SELL,1.3000,0.0000,1
2025.04.22 06:07:37,BUY,1.4000,-0.1000,0
2025.04.22 06:33:53,BUY,1.5000,-0.1000,1
2025.04.22 06:38:53,SELL,1.4000,-0.1000,0
2025.04.22 07:41:25,BUY,1.3000,0.1000,0
2025.04.22 08:08:03,BUY,1.3000,-0.1000,0
2025.04.22 08:19:53,SELL,0.8000,-0.3000,0
2025.04.22 08:26:39,SELL,1.2000,-0.1000,0
2025.04.22 08:31:39,BUY,1.3000,0.1000,0
2025.04.22 08:39:50,BUY,1.3000,0.1000,0
2025.04.22 08:44:50,SELL,1.3000,-0.8000,0
2025.04.22 08:49:50,SELL,1.3000,0.0000,0
2025.04.22 08:58:49,SELL,1.2000,0.2000,0
2025.04.22 09:03:49,BUY,1.4000,-0.1000,0
2025.04.22 09:11:13,BUY,1.1000,0.9000,0
2025.04.22 09:17:26,BUY,1.3000,0.0000,0
2025.04.22 09:26:38,BUY,1.3000,-0.1000,0
2025.04.22 09:31:57,BUY,1.3000,0.0000,0
2025.04.22 09:36:57,BUY,1.4000,-0.1000,0
2025.04.22 09:41:57,BUY,1.3000,0.1000,1
2025.04.22 09:47:44,SELL,1.4000,0.0000,0
2025.04.22 09:52:44,BUY,1.3000,-0.1000,1
2025.04.22 09:57:44,BUY,1.2000,0.0000,0
2025.04.22 10:03:08,BUY,1.4000,0.1000,0
2025.04.22 10:08:21,SELL,1.4000,0.3000,1
2025.04.22 10:13:21,SELL,1.3000,0.2000,0
2025.04.22 10:19:16,SELL,1.4000,-0.4000,0
2025.04.22 10:35:54,BUY,1.3000,0.0000,1
2025.04.22 10:41:40,BUY,1.3000,0.1000,0
2025.04.22 10:49:34,SELL,0.9000,0.8000,0
2025.04.22 10:54:34,SELL,1.3000,0.1000,0
2025.04.22 10:59:54,SELL,0.8000,-0.5000,0
2025.04.22 11:04:54,BUY,1.4000,-0.1000,0
2025.04.22 11:11:47,SELL,1.3000,0.1000,0
2025.04.22 11:16:47,BUY,1.4000,0.1000,0
2025.04.22 11:26:22,SELL,1.3000,-0.1000,0
2025.04.22 11:31:22,SELL,1.3000,0.1000,0
2025.04.22 11:39:37,BUY,1.4000,0.1000,0
2025.04.22 11:44:52,BUY,1.2000,-0.1000,0
2025.04.22 11:49:52,SELL,1.5000,-1.0000,0
2025.04.22 11:54:52,BUY,1.3000,0.1000,0
2025.04.22 12:46:09,BUY,1.4000,0.1000,0
2025.04.22 12:52:49,BUY,1.2000,0.2000,1
2025.04.22 13:13:04,SELL,1.4000,0.1000,0
2025.04.22 13:19:27,BUY,1.1000,-0.3000,0
2025.04.22 13:38:47,BUY,1.3000,0.0000,3
2025.04.22 13:44:44,SELL,1.3000,-0.1000,0
2025.04.22 14:05:54,SELL,1.3000,-0.1000,0
2025.04.22 14:47:50,SELL,1.3000,0.0000,1
2025.04.22 14:56:00,BUY,1.0000,-0.1000,0
2025.04.22 15:01:38,BUY,1.3000,-0.6000,0
2025.04.22 15:07:41,BUY,1.2000,-0.4000,1
2025.04.22 15:12:41,SELL,1.2000,0.1000,0
2025.04.22 15:17:41,BUY,1.3000,-0.3000,0
2025.04.22 15:23:53,BUY,1.1000,-0.2000,0
2025.04.22 15:29:50,SELL,1.1000,-0.2000,0
2025.04.22 15:51:52,SELL,1.2000,-0.3000,0
2025.04.22 16:07:53,BUY,1.4000,-0.1000,0
2025.04.22 16:12:53,SELL,1.3000,-0.1000,0
2025.04.22 16:46:22,SELL,1.3000,-0.1000,1
2025.04.22 16:51:34,SELL,1.4000,0.0000,0
2025.04.22 16:59:34,BUY,1.2000,-0.1000,1
2025.04.22 17:04:34,BUY,1.4000,-0.1000,0
2025.04.22 17:11:07,BUY,1.3000,0.1000,1
2025.04.22 17:31:11,SELL,1.2000,-0.1000,0
2025.04.22 17:36:17,SELL,1.3000,0.0000,0
2025.04.22 17:42:01,SELL,1.3000,0.2000,0
2025.04.22 17:48:54,SELL,1.3000,0.1000,0
2025.04.22 17:53:54,BUY,1.3000,0.1000,0
2025.04.22 18:07:37,SELL,1.2000,0.3000,0
2025.04.22 18:16:39,BUY,1.3000,0.0000,0
2025.04.22 18:57:46,BUY,1.3000,0.0000,0
2025.04.22 19:02:46,BUY,1.3000,0.1000,0
2025.04.22 19:07:46,SELL,1.4000,-0.1000,1
2025.04.22 19:13:05,BUY,1.2000,0.1000,0
2025.04.22 19:18:07,BUY,1.3000,0.1000,0
2025.04.22 19:23:07,BUY,1.5000,-0.1000,1
2025.04.22 19:28:57,SELL,1.3000,-0.1000,0
2025.04.22 19:38:16,BUY,1.2000,0.6000,0
2025.04.22 19:47:36,BUY,1.3000,0.1000,0
2025.04.22 19:56:43,BUY,1.2000,0.0000,1
2025.04.22 20:16:02,SELL,1.2000,0.1000,0
2025.04.22 20:22:58,SELL,1.3000,0.2000,1
2025.04.22 20:31:34,SELL,1.2000,0.1000,0
2025.04.22 20:36:35,BUY,1.4000,-0.1000,1
2025.04.22 20:45:56,SELL,1.2000,0.1000,0
2025.04.22 20:52:52,SELL,1.2000,-0.3000,0
2025.04.22 21:02:01,BUY,1.0000,-0.3000,1
2025.04.22 21:08:40,BUY,1.3000,-0.1000,3
2025.04.22 21:14:12,SELL,1.3000,-0.2000,1
2025.04.22 21:19:53,BUY,1.3000,0.1000,0
2025.04.22 21:42:11,BUY,0.8000,-0.6000,0
2025.04.22 22:35:41,SELL,1.3000,0.1000,0
2025.04.22 22:43:47,BUY,1.3000,-0.1000,2
2025.04.22 22:58:02,BUY,0.9000,0.4000,0
2025.04.23 00:27:31,BUY,4.5000,-0.5000,0
2025.04.23 00:32:36,BUY,1.6000,1.5000,2
2025.04.23 00:37:36,BUY,3.4000,0.0000,0
2025.04.23 00:46:43,BUY,3.0000,0.0000,6
2025.04.23 00:55:29,BUY,5.6000,0.0000,1
2025.04.23 01:00:29,SELL,1.4000,0.5000,0
2025.04.23 01:06:28,BUY,1.5000,-0.1000,1
2025.04.23 01:11:28,SELL,1.7000,-0.1000,1
2025.04.23 01:16:28,BUY,1.5000,-0.2000,0
2025.04.23 01:24:30,BUY,0.8000,-1.1000,1
2025.04.23 01:29:30,BUY,1.4000,-0.3000,0
2025.04.23 01:34:36,BUY,1.4000,0.2000,0
2025.04.23 01:39:36,BUY,1.5000,-0.1000,1
2025.04.23 01:44:37,SELL,1.5000,-0.2000,3
2025.04.23 01:49:37,SELL,1.5000,0.6000,1
2025.04.23 01:55:38,BUY,1.5000,0.0000,1
2025.04.23 02:00:38,SELL,0.8000,1.8000,0
2025.04.23 02:09:28,SELL,1.3000,0.0000,0
2025.04.23 02:14:28,SELL,1.3000,0.0000,1
2025.04.23 02:38:51,SELL,0.8000,0.0000,0
2025.04.23 02:44:35,SELL,1.3000,0.1000,0
2025.04.23 02:50:36,BUY,1.4000,-0.1000,0
2025.04.23 02:55:37,SELL,1.2000,0.1000,1
2025.04.23 03:00:43,SELL,1.3000,-0.1000,0
2025.04.23 03:10:44,BUY,0.8000,-0.2000,0
2025.04.23 03:15:46,SELL,1.5000,-0.6000,0
2025.04.23 03:22:45,BUY,1.2000,0.0000,1
2025.04.23 03:34:10,SELL,1.1000,0.6000,0
2025.04.23 03:49:40,SELL,1.3000,-0.2000,0
2025.04.23 03:58:46,SELL,1.2000,-0.4000,0
2025.04.23 04:03:46,BUY,1.5000,0.0000,0
2025.04.23 04:08:46,BUY,1.2000,0.1000,0
2025.04.23 04:16:56,SELL,0.8000,-0.5000,0
2025.04.23 04:24:45,SELL,1.3000,0.1000,0
2025.04.23 04:38:19,SELL,1.3000,-0.1000,0
2025.04.23 04:43:56,SELL,1.1000,-0.1000,0
2025.04.23 04:58:34,BUY,1.1000,-0.3000,1
2025.04.23 05:04:10,BUY,1.3000,0.5000,0
2025.04.23 05:12:35,BUY,1.4000,0.1000,1
2025.04.23 05:33:13,BUY,1.2000,0.1000,0
2025.04.23 05:38:13,SELL,1.4000,-0.2000,0
2025.04.23 06:04:36,BUY,1.4000,0.0000,0
2025.04.23 06:14:23,BUY,1.3000,-0.4000,1
2025.04.23 06:19:23,BUY,1.2000,0.0000,0
2025.04.23 06:24:23,BUY,1.3000,-0.2000,0
2025.04.23 06:37:19,BUY,0.8000,-1.2000,0
2025.04.23 06:44:29,SELL,1.4000,-0.1000,2
2025.04.23 07:03:30,BUY,1.4000,0.1000,0
2025.04.23 07:16:05,SELL,1.4000,-0.2000,0
2025.04.23 07:21:45,SELL,1.2000,0.1000,0
2025.04.23 08:08:05,SELL,1.4000,0.1000,0
2025.04.23 08:21:28,SELL,1.3000,0.0000,0
2025.04.23 08:29:29,BUY,1.3000,0.1000,0
2025.04.23 08:38:01,BUY,1.3000,0.3000,0
2025.04.23 08:47:46,BUY,1.4000,0.1000,0
2025.04.23 09:02:56,SELL,1.0000,0.6000,0
2025.04.23 09:09:00,SELL,1.0000,0.3000,0
2025.04.23 09:19:31,SELL,1.3000,-0.1000,0
2025.04.23 09:24:31,BUY,1.3000,-0.1000,0
2025.04.23 09:40:54,BUY,1.3000,0.0000,0
2025.04.23 09:55:42,BUY,1.0000,-0.3000,1
2025.04.23 10:02:49,BUY,1.3000,0.1000,1
2025.04.23 10:08:41,BUY,1.3000,0.1000,1
2025.04.23 10:13:51,SELL,1.2000,-0.4000,0
2025.04.23 10:19:32,SELL,1.4000,0.1000,0
2025.04.23 10:26:58,SELL,1.3000,-0.1000,1
2025.04.23 10:32:01,SELL,1.5000,0.1000,0
2025.04.23 10:39:08,BUY,1.2000,0.3000,1
2025.04.23 10:47:36,BUY,1.5000,0.1000,0
2025.04.23 10:52:44,SELL,1.3000,0.1000,1
2025.04.23 10:57:44,BUY,1.4000,-0.3000,0
2025.04.23 11:06:48,SELL,1.1000,-0.1000,0
2025.04.23 11:22:46,SELL,1.3000,0.0000,1
2025.04.23 11:27:54,SELL,0.8000,-0.1000,0
2025.04.23 11:40:47,SELL,1.2000,0.1000,0
2025.04.23 11:51:31,SELL,1.3000,0.0000,1
2025.04.23 12:01:49,SELL,1.3000,-0.1000,0
2025.04.23 12:17:53,SELL,0.9000,0.1000,1
2025.04.23 12:24:14,BUY,1.3000,0.1000,0
2025.04.23 12:31:02,SELL,1.2000,0.0000,0
2025.04.23 12:37:57,BUY,1.4000,0.0000,1
2025.04.23 12:48:19,BUY,1.2000,0.1000,0
2025.04.23 12:54:44,BUY,1.2000,-0.1000,0
2025.04.23 13:09:20,BUY,1.4000,0.3000,0
2025.04.23 13:23:08,BUY,1.2000,0.0000,0
2025.04.23 13:29:19,BUY,1.3000,0.0000,1
2025.04.23 13:36:14,SELL,1.2000,0.0000,0
2025.04.23 14:07:12,BUY,1.3000,0.0000,1
2025.04.23 14:12:55,SELL,1.3000,-0.7000,1
2025.04.23 14:24:52,BUY,1.4000,-0.1000,0
2025.04.23 14:31:16,SELL,1.2000,0.1000,1
2025.04.23 14:36:19,SELL,1.2000,1.1000,2
2025.04.23 14:43:58,SELL,1.3000,0.3000,1
2025.04.23 14:48:58,BUY,0.8000,0.1000,0
2025.04.23 14:53:58,BUY,1.5000,0.0000,0
2025.04.23 15:00:42,SELL,1.3000,0.0000,0
2025.04.23 15:10:59,BUY,1.2000,0.5000,1
2025.04.23 15:19:20,BUY,1.3000,-0.2000,0
2025.04.23 15:30:14,SELL,1.0000,-0.2000,0
2025.04.23 15:41:39,SELL,1.3000,-0.1000,0
2025.04.23 15:47:02,SELL,1.3000,0.0000,0
2025.04.23 15:52:05,BUY,1.3000,0.0000,0
2025.04.23 16:06:02,SELL,1.0000,0.0000,0
2025.04.23 16:27:19,BUY,1.2000,-0.1000,0
2025.04.23 16:32:24,SELL,0.8000,-0.8000,1
2025.04.23 16:37:43,BUY,0.9000,-0.1000,0
2025.04.23 16:42:43,SELL,1.5000,-0.1000,0
2025.04.23 16:47:43,BUY,1.2000,0.3000,0
2025.04.23 16:52:45,BUY,1.3000,-1.3000,0
2025.04.23 16:57:45,BUY,1.4000,0.0000,0
2025.04.23 17:02:45,SELL,1.4000,0.2000,0
2025.04.23 17:07:45,SELL,1.4000,0.3000,0
2025.04.23 17:12:45,SELL,1.2000,0.0000,0
2025.04.23 17:20:49,BUY,1.3000,-0.2000,1
2025.04.23 17:26:03,BUY,1.3000,0.0000,1
2025.04.23 17:32:59,BUY,1.3000,-0.4000,1
2025.04.23 17:38:12,SELL,1.1000,-0.3000,0
2025.04.23 17:45:40,SELL,1.3000,-0.3000,1
2025.04.23 17:51:06,BUY,1.3000,-0.1000,1
2025.04.23 17:57:46,BUY,1.4000,0.0000,1
2025.04.23 18:03:31,BUY,1.3000,0.8000,0
2025.04.23 18:08:35,SELL,1.3000,-0.4000,0
2025.04.23 18:13:35,BUY,1.0000,1.2000,0
2025.04.23 18:18:35,SELL,1.3000,-0.4000,0
2025.04.23 18:23:35,SELL,1.4000,-0.5000,0
2025.04.23 18:28:35,SELL,1.2000,-0.1000,0
2025.04.23 18:33:35,BUY,1.3000,0.1000,0
2025.04.23 18:39:06,SELL,1.0000,0.5000,1
2025.04.23 18:44:42,BUY,1.4000,0.1000,0
2025.04.23 18:54:59,BUY,1.4000,-0.3000,1
2025.04.23 18:59:59,BUY,1.3000,0.6000,0
2025.04.23 19:08:07,SELL,1.4000,0.0000,0
2025.04.23 19:15:25,SELL,1.2000,0.2000,1
2025.04.23 19:36:45,BUY,1.3000,0.0000,0
2025.04.23 19:42:54,SELL,1.2000,0.1000,1
2025.04.23 19:51:55,BUY,1.3000,-0.3000,1
2025.04.23 20:05:18,BUY,1.4000,0.1000,0
2025.04.23 20:14:18,BUY,1.3000,0.0000,0
2025.04.23 20:21:56,BUY,1.4000,-0.2000,0
2025.04.23 20:37:04,SELL,1.3000,0.1000,0
2025.04.23 20:43:20,BUY,1.3000,0.0000,4
2025.04.23 20:58:04,BUY,1.3000,-0.1000,1
2025.04.23 21:04:52,BUY,0.8000,-0.2000,1
2025.04.23 21:14:25,SELL,1.2000,0.6000,1
2025.04.23 21:24:59,BUY,1.2000,0.1000,1
2025.04.23 21:47:58,SELL,1.2000,-0.4000,0
2025.04.23 22:09:56,SELL,1.2000,-0.1000,1
2025.04.23 22:33:21,BUY,1.3000,0.1000,1
2025.04.23 23:22:06,BUY,1.3000,-0.1000,0
2025.04.24 00:53:43,SELL,3.5000,0.3000,8
2025.04.24 01:00:37,SELL,4.3000,0.5000,0
2025.04.24 01:07:42,SELL,1.9000,0.1000,0
2025.04.24 01:17:29,SELL,0.8000,0.0000,0
2025.04.24 01:29:47,BUY,1.5000,-0.4000,1
2025.04.24 01:39:17,SELL,1.5000,-0.1000,0
2025.04.24 02:58:04,BUY,1.2000,0.1000,0
2025.04.24 03:03:04,BUY,1.4000,-0.1000,0
2025.04.24 03:23:21,SELL,1.2000,0.0000,1
2025.04.24 03:38:38,BUY,1.4000,0.1000,0
2025.04.24 03:54:04,SELL,1.3000,0.1000,0
2025.04.24 03:59:08,SELL,1.3000,0.1000,0
2025.04.24 04:13:18,SELL,1.3000,0.1000,0
2025.04.24 04:18:18,SELL,1.4000,-0.1000,0
2025.04.24 04:23:23,SELL,1.4000,0.1000,1
2025.04.24 04:33:37,BUY,1.3000,0.1000,0
2025.04.24 04:39:53,SELL,1.3000,-0.1000,0
2025.04.24 05:17:48,BUY,1.5000,-0.1000,1
2025.04.24 05:27:46,SELL,1.3000,0.0000,0
2025.04.24 05:58:08,SELL,1.2000,-0.1000,0
2025.04.24 06:08:33,BUY,1.3000,0.2000,0
2025.04.24 06:44:45,BUY,1.3000,0.1000,0
2025.04.24 07:03:38,BUY,1.5000,-0.1000,0
2025.04.24 07:58:40,SELL,1.3000,0.1000,1
2025.04.24 08:41:59,BUY,1.3000,0.0000,0
2025.04.24 08:48:34,SELL,1.3000,0.0000,1
2025.04.24 09:04:15,SELL,1.2000,0.0000,1
2025.04.24 09:37:16,SELL,1.2000,0.1000,1
2025.04.24 10:00:44,SELL,1.3000,0.0000,0
2025.04.24 10:13:10,SELL,1.3000,0.0000,0
2025.04.24 10:20:28,SELL,1.2000,0.1000,0
2025.04.24 10:29:51,SELL,1.3000,0.1000,1
2025.04.24 10:39:42,BUY,1.3000,0.1000,1
2025.04.24 11:00:41,SELL,1.3000,-0.1000,0
2025.04.24 11:21:59,BUY,1.3000,0.0000,0
2025.04.24 11:34:53,SELL,1.2000,0.0000,0
2025.04.24 11:39:53,BUY,1.3000,0.0000,0
2025.04.24 11:52:10,SELL,1.3000,0.3000,0
2025.04.24 12:09:31,SELL,1.2000,0.1000,0
2025.04.24 12:14:41,BUY,1.4000,0.0000,0
2025.04.24 12:34:00,BUY,1.3000,0.1000,1
2025.04.24 12:57:06,SELL,1.1000,0.0000,0
2025.04.24 13:09:44,SELL,1.3000,0.0000,0
2025.04.24 13:44:06,BUY,1.3000,0.0000,0
2025.04.24 13:49:06,SELL,1.3000,-0.1000,0
2025.04.24 13:54:07,BUY,1.5000,0.0000,0
2025.04.24 13:59:07,BUY,1.2000,0.4000,1
2025.04.24 14:39:07,BUY,0.8000,-0.7000,0
2025.04.24 14:44:07,SELL,1.3000,-0.1000,1
2025.04.24 14:56:00,BUY,1.3000,0.0000,1
2025.04.24 15:05:33,BUY,1.4000,0.1000,1
2025.04.24 15:14:59,BUY,1.4000,0.1000,1
2025.04.24 15:31:31,BUY,1.4000,0.1000,0
2025.04.24 15:47:15,SELL,1.2000,0.3000,0
2025.04.24 16:00:49,SELL,0.8000,0.6000,0
2025.04.24 16:07:24,BUY,1.2000,0.0000,0
2025.04.24 16:17:44,BUY,1.3000,-0.1000,0
2025.04.24 16:22:57,SELL,1.2000,-0.1000,0
2025.04.24 16:28:17,BUY,1.4000,0.0000,0
2025.04.24 16:34:59,SELL,1.3000,0.1000,1
2025.04.24 16:41:03,BUY,1.3000,0.1000,1
2025.04.24 16:46:37,BUY,1.2000,0.2000,0
2025.04.24 16:57:27,SELL,1.3000,-0.1000,0
2025.04.24 17:07:03,BUY,1.3000,-0.2000,0
2025.04.24 17:12:03,SELL,1.0000,0.3000,0
2025.04.24 17:18:27,BUY,1.3000,0.2000,0
2025.04.24 17:23:35,SELL,1.2000,-0.4000,0
2025.04.24 17:37:25,BUY,1.2000,0.0000,3
2025.04.24 17:48:43,BUY,1.3000,0.0000,0
2025.04.24 17:53:43,BUY,1.2000,-0.4000,0
2025.04.24 17:58:53,SELL,1.3000,-0.5000,1
2025.04.24 18:03:55,BUY,1.2000,-0.3000,0
2025.04.24 18:12:30,SELL,1.2000,0.0000,0
2025.04.24 18:17:30,BUY,1.3000,-0.1000,0
2025.04.24 18:26:41,SELL,1.2000,0.1000,0
2025.04.24 18:33:58,SELL,1.0000,-0.3000,0
2025.04.24 18:38:58,BUY,1.4000,-0.1000,0
2025.04.24 18:47:20,SELL,1.1000,0.2000,0
2025.04.24 19:04:16,SELL,1.3000,-0.5000,1
2025.04.24 19:09:17,BUY,1.4000,-0.1000,0
2025.04.24 19:14:31,SELL,1.4000,-0.1000,0
2025.04.24 19:22:18,SELL,1.3000,0.0000,1
2025.04.24 19:37:27,BUY,1.3000,0.2000,0
2025.04.24 19:43:52,SELL,1.3000,0.1000,1
2025.04.24 20:02:30,SELL,1.3000,0.1000,0
2025.04.24 20:12:26,BUY,1.4000,0.1000,0
2025.04.24 20:32:33,BUY,1.3000,0.1000,0
2025.04.24 20:39:02,SELL,1.3000,-0.1000,1
2025.04.24 21:24:22,BUY,1.2000,0.1000,1
2025.04.24 21:32:35,SELL,1.1000,0.1000,0
2025.04.24 21:44:36,SELL,1.2000,0.0000,0
2025.04.24 22:19:16,SELL,1.2000,0.1000,1
2025.04.24 22:39:04,SELL,1.2000,0.1000,0
2025.04.24 22:47:02,BUY,1.3000,0.3000,0
2025.04.24 23:59:03,BUY,2.1000,0.0000,0
2025.04.25 01:02:25,SELL,1.5000,0.1000,0
2025.04.25 03:01:11,BUY,1.4000,-0.1000,0
2025.04.25 03:06:27,SELL,1.5000,0.0000,0
2025.04.25 03:28:21,BUY,1.3000,0.0000,0
2025.04.25 03:39:33,BUY,1.3000,-0.1000,3
2025.04.25 03:56:34,BUY,1.3000,0.0000,0
2025.04.25 04:11:23,SELL,1.2000,-0.2000,0
2025.04.25 04:48:14,BUY,1.2000,0.0000,0
2025.04.25 04:58:57,BUY,1.0000,0.0000,0
2025.04.25 05:37:43,BUY,1.2000,0.1000,0
2025.04.25 06:21:54,SELL,1.2000,-0.1000,0
2025.04.25 06:31:17,BUY,1.0000,-0.1000,0
2025.04.25 06:36:17,BUY,1.3000,-0.3000,1
2025.04.25 06:59:53,BUY,1.3000,-0.1000,1
2025.04.25 07:04:54,BUY,1.1000,0.5000,1
2025.04.25 07:09:54,SELL,1.3000,0.0000,0
2025.04.25 08:21:08,BUY,1.3000,-0.1000,0
2025.04.25 08:47:31,BUY,1.3000,0.0000,1
2025.04.25 08:53:53,SELL,1.3000,0.1000,1
2025.04.25 09:06:42,BUY,0.8000,-0.4000,1
2025.04.25 09:11:43,SELL,1.4000,-0.1000,0
2025.04.25 09:17:26,SELL,0.8000,-0.1000,0
2025.04.25 09:29:49,SELL,1.3000,0.1000,0
2025.04.25 09:34:49,SELL,1.4000,0.0000,0
2025.04.25 09:40:11,SELL,1.2000,-0.3000,0
2025.04.25 10:01:01,SELL,1.2000,0.0000,0
2025.04.25 10:11:14,SELL,1.2000,0.0000,0
2025.04.25 10:17:32,SELL,1.4000,1.0000,1
2025.04.25 10:22:32,BUY,1.4000,-0.3000,1
2025.04.25 10:28:07,BUY,1.5000,0.1000,1
2025.04.25 10:33:07,SELL,1.3000,0.1000,3
2025.04.25 10:48:14,BUY,1.3000,0.1000,1
2025.04.25 10:53:14,BUY,1.2000,-0.1000,0
2025.04.25 11:10:45,BUY,1.3000,0.3000,0
2025.04.25 11:16:28,BUY,1.4000,0.0000,0
2025.04.25 11:47:59,BUY,1.3000,0.0000,1
2025.04.25 11:55:50,SELL,1.0000,-0.3000,1
2025.04.25 12:23:50,SELL,1.1000,0.0000,0
2025.04.25 12:29:05,BUY,1.3000,0.0000,1
2025.04.25 12:37:49,SELL,1.3000,0.2000,0
2025.04.25 12:44:16,BUY,1.5000,-0.1000,0
2025.04.25 12:49:18,BUY,1.5000,0.0000,1
2025.04.25 12:58:52,BUY,1.4000,0.1000,0
2025.04.25 13:19:43,BUY,1.5000,0.0000,1
2025.04.25 13:31:45,SELL,1.2000,0.1000,0
2025.04.25 13:53:01,BUY,1.2000,-0.5000,1
2025.04.25 14:23:29,SELL,1.0000,0.1000,0
2025.04.25 14:49:22,BUY,1.3000,0.1000,2
2025.04.25 14:56:18,BUY,1.3000,0.0000,1
2025.04.25 15:04:51,SELL,1.3000,0.1000,0
2025.04.25 15:18:27,BUY,1.3000,0.0000,0
2025.04.25 15:24:54,SELL,1.2000,0.1000,0
2025.04.25 16:05:14,BUY,0.8000,-0.2000,0
2025.04.25 16:26:59,BUY,1.3000,-0.1000,0
2025.04.25 16:32:04,BUY,1.3000,0.0000,1
2025.04.25 16:57:19,SELL,1.3000,0.0000,0
2025.04.25 17:02:40,SELL,1.3000,0.0000,0
2025.04.25 17:12:37,SELL,1.3000,0.0000,0
2025.04.25 17:17:56,BUY,1.2000,0.3000,0
2025.04.25 17:23:03,SELL,1.2000,0.1000,0
2025.04.25 17:28:19,SELL,1.3000,0.1000,0
2025.04.25 17:39:35,SELL,1.3000,0.2000,0
2025.04.25 17:44:35,BUY,1.2000,0.1000,0
2025.04.25 17:57:26,SELL,1.2000,0.1000,0
2025.04.25 18:08:55,BUY,1.2000,-0.2000,1
2025.04.25 18:32:59,SELL,1.1000,0.0000,0
2025.04.25 18:47:51,SELL,1.2000,0.3000,1
2025.04.25 19:59:06,BUY,1.3000,-0.1000,0
2025.04.25 20:23:52,BUY,1.3000,0.1000,1
2025.04.25 20:39:03,SELL,1.3000,0.0000,0
2025.04.25 20:52:46,SELL,1.0000,0.1000,0
2025.04.25 22:55:36,BUY,1.3000,0.0000,1
2025.04.28 01:01:00,SELL,1.1000,1.1000,0
2025.04.28 01:17:11,BUY,1.4000,0.1000,0
2025.04.28 01:30:41,BUY,1.3000,0.1000,0
2025.04.28 02:12:52,BUY,1.5000,1.2000,0
2025.04.28 02:49:08,BUY,1.5000,0.1000,0
2025.04.28 03:02:17,SELL,0.8000,-0.6000,0
2025.04.28 03:08:59,SELL,1.4000,0.0000,1
2025.04.28 03:23:29,SELL,1.0000,0.2000,0
2025.04.28 04:27:07,BUY,1.3000,0.0000,3
2025.04.28 04:56:52,BUY,1.4000,0.0000,1
2025.04.28 05:02:43,BUY,1.4000,0.1000,2
2025.04.28 05:18:03,SELL,1.3000,0.1000,0
2025.04.28 09:17:54,SELL,1.1000,-0.4000,1
2025.04.28 09:24:39,BUY,1.3000,0.1000,0
2025.04.28 09:36:59,BUY,1.1000,0.0000,1
2025.04.28 09:44:08,BUY,1.2000,-0.2000,0
2025.04.28 09:55:25,BUY,1.3000,-0.1000,1
2025.04.28 10:01:12,SELL,1.4000,-0.1000,1
2025.04.28 10:09:05,SELL,1.3000,-0.1000,0
2025.04.28 10:39:30,SELL,1.2000,-0.1000,4
2025.04.28 10:47:31,BUY,1.3000,0.1000,0
2025.04.28 10:58:31,BUY,1.3000,0.0000,0
2025.04.28 11:10:51,BUY,1.2000,0.2000,0
2025.04.28 11:27:12,BUY,1.3000,0.1000,0
2025.04.28 11:32:12,SELL,1.3000,0.0000,0
2025.04.28 11:37:12,SELL,1.3000,0.1000,1
2025.04.28 12:03:25,SELL,1.3000,0.0000,1
2025.04.28 12:12:14,BUY,1.4000,0.1000,0
2025.04.28 12:27:50,SELL,1.2000,0.0000,0
2025.04.28 12:49:32,SELL,1.1000,-0.2000,0
2025.04.28 12:59:56,BUY,1.3000,0.0000,0
2025.04.28 13:06:40,BUY,1.3000,0.1000,1
2025.04.28 14:02:13,BUY,1.4000,0.1000,0
2025.04.28 14:46:48,SELL,1.0000,-0.2000,1
2025.04.28 14:51:48,SELL,1.3000,0.1000,0
2025.04.28 15:01:07,SELL,1.3000,-0.1000,0
2025.04.28 15:33:10,BUY,1.3000,-0.1000,0
2025.04.28 15:38:12,BUY,1.3000,0.2000,0
2025.04.28 15:43:16,BUY,1.3000,-0.1000,0
2025.04.28 16:05:14,BUY,1.2000,0.5000,1
2025.04.28 16:17:38,BUY,1.5000,-0.1000,0
2025.04.28 16:22:38,SELL,1.2000,0.0000,1
2025.04.28 16:28:33,SELL,1.3000,0.4000,1
2025.04.28 16:33:33,SELL,1.3000,0.8000,0
2025.04.28 16:38:33,SELL,1.2000,0.0000,2
2025.04.28 16:43:33,SELL,1.2000,0.2000,0
2025.04.28 16:48:33,BUY,1.3000,0.0000,0
2025.04.28 16:53:33,BUY,1.3000,-0.1000,0
2025.04.28 16:58:33,SELL,0.9000,-0.2000,0
2025.04.28 17:08:37,BUY,1.3000,0.0000,0
2025.04.28 17:13:44,BUY,1.3000,0.1000,0
2025.04.28 17:23:20,SELL,1.1000,-0.4000,0
2025.04.28 17:31:55,SELL,1.2000,0.1000,2
2025.04.28 17:37:42,SELL,1.2000,-0.2000,1
2025.04.28 17:46:43,BUY,1.4000,-0.1000,1
2025.04.28 17:51:43,BUY,1.3000,0.3000,2
2025.04.28 17:57:21,BUY,1.3000,-0.1000,1
2025.04.28 18:03:01,SELL,1.1000,-0.1000,1
2025.04.28 18:11:51,BUY,1.3000,-0.1000,1
2025.04.28 18:17:13,SELL,1.3000,-0.1000,2
2025.04.28 18:33:59,SELL,1.3000,0.1000,0
2025.04.28 19:03:07,SELL,1.4000,0.2000,0
2025.04.28 19:11:38,SELL,1.3000,-0.1000,1
2025.04.28 19:17:05,BUY,1.2000,-0.3000,0
2025.04.28 19:22:21,BUY,1.2000,0.0000,0
2025.04.28 19:27:55,SELL,1.2000,0.0000,0
2025.04.28 19:42:56,SELL,1.2000,0.0000,0
2025.04.28 19:50:48,SELL,1.2000,0.0000,0
2025.04.28 19:56:43,SELL,1.4000,0.2000,1
2025.04.28 20:28:56,SELL,1.3000,-0.1000,0
2025.04.28 20:37:53,BUY,1.3000,0.0000,0
2025.04.28 21:09:15,SELL,1.3000,0.1000,1
2025.04.28 21:43:28,BUY,1.3000,-0.1000,1
2025.04.28 22:03:11,SELL,1.3000,-0.1000,2
2025.04.28 23:21:17,SELL,1.3000,0.0000,0
2025.04.28 23:59:31,BUY,9.6000,-0.2000,3
2025.04.29 02:04:19,SELL,1.3000,0.0000,1
2025.04.29 02:09:19,BUY,1.5000,0.1000,0
2025.04.29 03:12:23,SELL,1.4000,0.1000,0
2025.04.29 03:22:48,BUY,1.5000,-0.1000,1
2025.04.29 04:03:37,SELL,1.4000,0.1000,1
2025.04.29 04:13:10,SELL,1.4000,-0.2000,0
2025.04.29 05:02:15,SELL,1.3000,0.1000,0
2025.04.29 05:09:36,SELL,1.4000,-0.2000,0
2025.04.29 05:14:37,SELL,1.2000,0.0000,0
2025.04.29 05:19:47,BUY,1.4000,0.1000,0
2025.04.29 05:24:47,BUY,1.4000,-0.1000,0
2025.04.29 05:32:28,SELL,1.3000,0.1000,1
2025.04.29 05:38:17,BUY,1.5000,0.0000,0
2025.04.29 06:14:51,BUY,1.3000,-0.1000,0
2025.04.29 06:28:20,BUY,1.1000,-0.2000,0
2025.04.29 06:47:53,BUY,1.2000,0.1000,1
2025.04.29 07:43:03,BUY,1.3000,0.1000,0
2025.04.29 09:34:44,SELL,1.3000,-0.2000,0
2025.04.29 09:53:15,BUY,1.5000,-0.2000,0
2025.04.29 10:00:07,SELL,0.9000,0.3000,0
2025.04.29 10:07:04,SELL,1.3000,0.0000,0
2025.04.29 10:12:04,BUY,1.5000,0.0000,0
2025.04.29 10:22:23,BUY,1.3000,-0.5000,2
2025.04.29 10:33:59,SELL,1.2000,0.1000,0
2025.04.29 10:46:37,SELL,1.1000,0.0000,0
2025.04.29 10:57:34,BUY,1.3000,-0.1000,0
2025.04.29 11:06:12,BUY,1.3000,-0.4000,1
2025.04.29 11:12:25,BUY,1.3000,-0.1000,0
2025.04.29 11:43:29,BUY,1.3000,0.0000,0
2025.04.29 11:57:35,BUY,1.3000,-0.1000,1
2025.04.29 12:02:47,SELL,1.3000,0.1000,0
2025.04.29 12:32:52,BUY,1.5000,0.0000,1
2025.04.29 13:12:44,BUY,1.4000,0.1000,0
2025.04.29 13:18:36,BUY,1.4000,-0.1000,0
2025.04.29 13:37:33,BUY,1.5000,0.1000,0
2025.04.29 14:03:36,SELL,1.3000,-0.1000,0
2025.04.29 14:56:39,BUY,1.3000,0.1000,1
2025.04.29 15:21:26,SELL,1.4000,0.0000,0
2025.04.29 15:43:25,SELL,1.3000,-0.1000,0
2025.04.29 15:48:31,BUY,1.4000,-0.2000,0
2025.04.29 15:54:38,SELL,1.2000,0.1000,0
2025.04.29 15:59:38,SELL,1.3000,0.1000,0
2025.04.29 16:04:38,BUY,1.3000,0.1000,0
2025.04.29 16:12:17,SELL,0.9000,0.0000,0
2025.04.29 16:17:23,SELL,1.3000,-0.1000,0
2025.04.29 16:39:27,SELL,0.8000,0.6000,0
2025.04.29 16:44:27,BUY,1.3000,-0.1000,0
2025.04.29 16:49:53,BUY,1.3000,-0.3000,1
2025.04.29 17:00:01,SELL,3.1000,-0.1000,0
2025.04.29 17:05:17,BUY,1.4000,-0.1000,0
2025.04.29 17:11:46,SELL,1.3000,0.1000,0
2025.04.29 17:18:33,BUY,1.4000,-0.2000,0
2025.04.29 17:23:33,SELL,1.3000,0.0000,0
2025.04.29 17:28:33,SELL,1.3000,0.0000,0
2025.04.29 17:41:08,BUY,0.9000,-0.2000,0
2025.04.29 17:46:33,BUY,1.3000,0.1000,0
2025.04.29 17:51:55,BUY,1.3000,-0.1000,0
2025.04.29 18:03:10,SELL,1.2000,0.1000,1
2025.04.29 18:08:10,SELL,1.0000,0.0000,0
2025.04.29 18:13:10,BUY,1.3000,0.0000,0
2025.04.29 18:22:32,SELL,1.2000,0.3000,0
2025.04.29 18:42:25,SELL,1.3000,0.1000,0
2025.04.29 18:57:11,SELL,1.2000,0.2000,1
2025.04.29 19:04:10,SELL,1.2000,-0.1000,0
2025.04.29 19:18:25,SELL,1.2000,0.1000,1
2025.04.29 19:24:07,SELL,1.3000,-0.3000,1
2025.04.29 19:37:38,SELL,1.3000,0.0000,0
2025.04.29 19:42:52,BUY,1.2000,0.0000,0
2025.04.29 19:48:07,BUY,1.5000,-0.1000,1
2025.04.29 20:07:23,BUY,1.3000,0.1000,0
2025.04.29 20:57:07,BUY,1.2000,0.0000,0
2025.04.29 21:10:45,BUY,0.8000,-0.6000,0
2025.04.29 21:19:10,BUY,1.2000,0.1000,1
2025.04.29 21:34:37,SELL,1.2000,-0.1000,0
2025.04.29 22:14:27,BUY,1.3000,0.5000,0
2025.04.30 00:03:45,SELL,7.4000,-0.5000,16
2025.04.30 00:44:23,SELL,11.1000,-0.5000,1
2025.04.30 01:01:20,SELL,3.4000,-0.1000,0
2025.04.30 01:43:41,BUY,1.9000,0.0000,1
2025.04.30 01:48:43,SELL,1.5000,-0.1000,3
2025.04.30 03:53:47,BUY,1.2000,0.1000,1
2025.04.30 03:59:01,SELL,0.8000,-0.1000,0
2025.04.30 04:47:32,BUY,1.3000,-0.2000,0
2025.04.30 04:54:49,BUY,1.3000,0.1000,0
2025.04.30 04:59:49,BUY,1.3000,0.1000,0
2025.04.30 05:17:18,SELL,1.3000,0.1000,1
2025.04.30 05:54:54,SELL,1.2000,-0.1000,0
2025.04.30 06:38:33,BUY,1.5000,-0.2000,0
2025.04.30 07:13:55,SELL,1.4000,0.1000,1
2025.04.30 09:10:28,BUY,1.3000,-0.1000,0
2025.04.30 09:23:34,SELL,1.3000,0.1000,0
2025.04.30 09:28:45,SELL,1.3000,0.1000,1
2025.04.30 09:37:02,SELL,1.2000,-0.1000,1
2025.04.30 09:42:29,BUY,1.2000,0.1000,1
2025.04.30 09:47:39,SELL,1.0000,-0.1000,1
2025.04.30 09:53:25,BUY,1.3000,-0.1000,0
2025.04.30 09:58:55,BUY,1.3000,-0.1000,0
2025.04.30 10:03:55,BUY,1.0000,0.8000,0
2025.04.30 10:08:55,SELL,1.3000,0.4000,0
2025.04.30 10:24:12,BUY,1.3000,0.1000,0
2025.04.30 10:29:21,BUY,1.3000,0.0000,0
2025.04.30 10:34:39,BUY,1.4000,0.0000,0
2025.04.30 11:00:46,BUY,1.2000,-0.1000,1
2025.04.30 11:14:09,BUY,1.3000,-0.1000,0
2025.04.30 11:22:41,BUY,1.4000,0.0000,0
2025.04.30 11:52:40,SELL,1.2000,0.1000,0
2025.04.30 12:00:58,SELL,1.4000,0.1000,0
2025.04.30 12:42:59,SELL,1.3000,0.1000,1
2025.04.30 12:48:36,BUY,1.2000,-0.2000,0
2025.04.30 13:22:08,BUY,1.3000,0.1000,1
2025.04.30 13:58:14,BUY,1.3000,0.1000,0
2025.04.30 14:03:57,BUY,1.3000,0.0000,1
2025.04.30 15:15:01,SELL,0.8000,1.2000,1
2025.04.30 15:21:11,SELL,1.4000,0.1000,1
2025.04.30 15:29:39,BUY,1.4000,-0.3000,0
2025.04.30 15:36:53,BUY,1.3000,-0.2000,1
2025.04.30 15:42:04,SELL,1.3000,-0.1000,0
2025.04.30 15:47:04,SELL,1.3000,0.1000,0
2025.04.30 15:53:38,BUY,1.5000,-0.1000,0
2025.04.30 16:03:49,BUY,1.3000,0.1000,0
2025.04.30 16:09:54,BUY,1.3000,-0.2000,1
2025.04.30 16:14:54,SELL,1.2000,0.1000,1
2025.04.30 16:23:26,BUY,1.3000,-0.1000,0
2025.04.30 16:28:26,SELL,1.3000,0.1000,0
2025.04.30 16:33:32,SELL,0.8000,-0.1000,0
2025.04.30 16:38:32,SELL,1.2000,-0.2000,0
2025.04.30 17:00:41,BUY,1.5000,-0.1000,0
2025.04.30 17:14:52,SELL,0.9000,0.0000,0
2025.04.30 17:21:04,SELL,1.3000,0.4000,0
2025.04.30 17:28:50,BUY,1.3000,-0.1000,0
2025.04.30 17:50:35,SELL,0.8000,-0.1000,0
2025.04.30 17:58:10,SELL,1.2000,-0.5000,0
2025.04.30 18:04:21,SELL,0.8000,0.0000,0
2025.04.30 18:13:02,BUY,1.3000,-0.1000,0
2025.04.30 18:19:54,BUY,1.2000,0.0000,0
2025.04.30 18:24:54,BUY,1.3000,-0.1000,0
2025.04.30 18:29:54,BUY,1.3000,0.1000,0
2025.04.30 18:36:48,SELL,1.3000,-0.2000,1
2025.04.30 18:44:15,BUY,2.3000,-0.1000,0
2025.04.30 18:49:15,BUY,1.5000,-0.1000,0
2025.04.30 18:54:16,SELL,1.3000,-0.2000,1
2025.04.30 18:59:27,SELL,1.2000,-0.2000,1
2025.04.30 19:06:06,SELL,1.1000,0.2000,0
2025.04.30 19:43:14,BUY,1.3000,-0.1000,0
2025.04.30 19:48:32,SELL,1.2000,0.1000,1
2025.04.30 19:54:03,SELL,1.3000,-0.1000,0
2025.04.30 20:02:25,SELL,1.3000,-0.1000,1
2025.04.30 20:24:01,SELL,1.3000,0.1000,0
2025.04.30 20:47:57,BUY,1.3000,0.0000,0
2025.04.30 20:57:28,BUY,1.3000,0.6000,2
2025.04.30 21:07:34,SELL,1.4000,0.2000,1
2025.04.30 21:13:18,SELL,1.3000,-0.3000,0
2025.04.30 21:19:31,BUY,1.3000,-0.1000,1
2025.04.30 22:23:28,BUY,1.3000,0.2000,3
2025.04.30 22:58:00,BUY,1.2000,-0.1000,0
2025.04.30 23:06:32,BUY,1.4000,0.0000,0
2025.04.30 23:58:42,SELL,1.4000,-0.2000,0
2025.05.01 01:00:02,SELL,2.7000,-0.3000,0
2025.05.01 03:01:14,SELL,1.5000,-0.1000,0
2025.05.01 06:07:37,BUY,1.2000,0.3000,0
2025.05.01 06:47:23,SELL,1.3000,0.1000,0
2025.05.01 07:58:29,BUY,1.3000,-0.1000,0
2025.05.01 08:04:00,BUY,1.5000,0.1000,0
2025.05.01 08:09:00,SELL,1.4000,0.3000,0
2025.05.01 08:23:23,BUY,1.3000,0.1000,0
2025.05.01 08:29:04,BUY,1.4000,0.0000,1
2025.05.01 08:37:34,SELL,1.3000,-0.2000,1
2025.05.01 08:42:48,SELL,1.3000,0.1000,0
2025.05.01 09:34:19,BUY,1.3000,0.0000,0
2025.05.01 09:57:46,BUY,1.3000,-0.1000,1
2025.05.01 10:02:46,BUY,1.4000,0.1000,0
2025.05.01 10:07:58,BUY,1.4000,0.1000,0
2025.05.01 10:18:50,BUY,1.3000,0.1000,0
2025.05.01 10:23:53,SELL,1.4000,-0.1000,0
2025.05.01 10:29:43,BUY,1.2000,-0.1000,1
2025.05.01 10:34:43,SELL,1.3000,0.1000,0
2025.05.01 10:59:29,SELL,1.2000,-0.1000,0
2025.05.01 11:04:29,SELL,1.3000,0.1000,1
2025.05.01 11:17:37,SELL,1.5000,-0.1000,0
2025.05.01 11:57:51,BUY,1.4000,0.1000,0
2025.05.01 12:14:57,BUY,1.1000,-0.2000,0
2025.05.01 12:36:23,BUY,1.4000,-0.1000,1
2025.05.01 12:58:27,BUY,1.2000,0.1000,1
2025.05.01 13:09:51,SELL,1.3000,-0.1000,1
2025.05.01 13:32:32,SELL,1.3000,0.0000,0
2025.05.01 13:38:43,SELL,1.3000,-0.2000,0
2025.05.01 14:18:22,SELL,0.8000,0.3000,0
2025.05.01 14:41:45,BUY,1.4000,0.1000,1
2025.05.01 14:48:10,BUY,1.3000,-0.1000,0
2025.05.01 15:08:31,BUY,1.2000,0.4000,0
2025.05.01 15:13:31,BUY,1.3000,0.0000,0
2025.05.01 15:19:53,BUY,1.2000,0.0000,0
2025.05.01 15:27:53,SELL,1.3000,-0.6000,0
2025.05.01 15:32:53,SELL,1.2000,0.1000,0
2025.05.01 15:38:13,BUY,1.4000,0.4000,0
2025.05.01 15:43:27,BUY,1.3000,0.3000,0
2025.05.01 15:58:06,BUY,1.3000,-0.2000,0
2025.05.01 16:11:32,SELL,1.3000,-0.3000,0
2025.05.01 16:30:17,BUY,1.3000,-0.4000,1
2025.05.01 16:38:48,SELL,1.2000,0.5000,0
2025.05.01 16:45:58,BUY,1.3000,-0.1000,0
2025.05.01 16:51:48,SELL,1.2000,0.1000,1
2025.05.01 17:00:05,BUY,1.3000,0.2000,1
2025.05.01 17:06:21,BUY,1.1000,0.2000,0
2025.05.01 17:12:57,SELL,1.3000,0.1000,0
2025.05.01 17:18:49,BUY,1.2000,0.0000,1
2025.05.01 17:32:23,BUY,1.3000,-0.1000,1
2025.05.01 17:48:55,BUY,1.2000,-0.1000,0
2025.05.01 17:54:07,BUY,1.2000,-0.2000,0
2025.05.01 17:59:07,SELL,1.3000,-0.1000,0
2025.05.01 18:07:49,SELL,0.9000,-0.6000,0
2025.05.01 18:13:46,SELL,1.2000,0.1000,0
2025.05.01 18:18:46,BUY,1.3000,-0.1000,0
2025.05.01 18:28:13,SELL,1.2000,-0.1000,0
2025.05.01 18:33:41,BUY,1.3000,-0.1000,1
2025.05.01 18:56:04,SELL,1.3000,0.1000,1
2025.05.01 19:01:31,BUY,1.3000,-0.1000,0
2025.05.01 19:22:06,BUY,1.3000,0.1000,1
2025.05.01 19:29:21,SELL,1.2000,0.1000,1
2025.05.01 20:03:56,BUY,1.2000,-0.1000,1
2025.05.01 21:02:54,BUY,1.3000,0.1000,0
2025.05.01 21:07:55,SELL,1.2000,-0.7000,1
2025.05.01 21:14:00,SELL,1.3000,0.0000,2
2025.05.01 21:21:38,BUY,1.3000,-0.1000,1
2025.05.01 21:34:20,SELL,1.3000,-0.1000,0
2025.05.01 21:54:57,BUY,1.3000,0.0000,2
2025.05.01 23:59:34,BUY,7.9000,-0.3000,0
2025.05.02 01:00:04,SELL,1.0000,0.0000,0
2025.05.02 04:49:45,SELL,1.1000,0.0000,0
2025.05.02 05:03:43,SELL,1.3000,0.1000,1
2025.05.02 05:23:24,SELL,1.2000,0.1000,0
2025.05.02 06:24:03,SELL,1.3000,-0.1000,1
2025.05.02 06:53:06,SELL,1.2000,0.1000,0
2025.05.02 08:48:22,BUY,1.3000,0.0000,1
2025.05.02 08:56:07,SELL,1.2000,0.1000,0
2025.05.02 09:03:01,SELL,1.2000,0.1000,0
2025.05.02 09:08:59,SELL,0.8000,0.4000,0
2025.05.02 09:18:29,SELL,1.2000,0.0000,0
2025.05.02 09:39:08,BUY,1.2000,0.3000,0
2025.05.02 09:52:25,SELL,1.2000,-0.2000,1
2025.05.02 10:22:31,BUY,1.3000,0.0000,2
2025.05.02 10:43:58,SELL,1.3000,0.0000,2
2025.05.02 10:53:38,SELL,1.2000,0.0000,0
2025.05.02 11:07:27,BUY,1.2000,0.1000,0
2025.05.02 11:24:59,SELL,1.3000,0.1000,1
2025.05.02 12:31:55,SELL,1.0000,0.0000,0
2025.05.02 12:39:03,SELL,1.3000,0.1000,1
2025.05.02 13:44:21,BUY,1.4000,0.2000,0
2025.05.02 13:54:49,SELL,1.3000,0.1000,0
2025.05.02 13:59:49,BUY,1.3000,-0.1000,0
2025.05.02 14:11:52,BUY,1.3000,-0.1000,0
2025.05.02 14:23:22,SELL,1.4000,-0.1000,2
2025.05.02 14:37:44,SELL,1.1000,0.2000,0
2025.05.02 14:42:44,BUY,1.2000,0.1000,1
2025.05.02 14:57:16,SELL,1.2000,0.2000,0
2025.05.02 15:04:50,BUY,1.2000,-0.4000,4
2025.05.02 15:13:12,BUY,1.2000,0.3000,0
2025.05.02 15:26:13,BUY,1.2000,0.3000,1
2025.05.02 15:31:13,BUY,1.5000,-0.8000,0
2025.05.02 15:37:38,SELL,1.3000,-0.6000,0
2025.05.02 15:43:05,BUY,1.3000,0.7000,1
2025.05.02 15:48:05,BUY,0.8000,0.7000,0
2025.05.02 15:53:05,SELL,1.4000,0.0000,0
2025.05.02 15:58:05,BUY,1.3000,-0.2000,0
2025.05.02 16:05:39,SELL,1.1000,-0.2000,0
2025.05.02 16:10:39,SELL,1.3000,0.2000,0
2025.05.02 16:15:39,SELL,1.3000,-0.2000,0
2025.05.02 16:20:41,SELL,1.2000,0.2000,0
2025.05.02 16:26:58,SELL,1.3000,-0.1000,0
2025.05.02 16:35:41,SELL,1.2000,-0.1000,0
2025.05.02 16:42:27,BUY,1.3000,0.0000,1
2025.05.02 16:48:45,SELL,1.2000,-0.1000,0
2025.05.02 16:53:46,BUY,1.3000,0.0000,0
2025.05.02 17:01:04,SELL,1.3000,0.0000,1
2025.05.02 17:06:58,BUY,1.2000,-0.5000,0
2025.05.02 17:12:09,SELL,1.3000,-0.6000,1
2025.05.02 17:17:09,BUY,1.4000,-0.1000,0
2025.05.02 17:22:55,BUY,1.2000,-0.1000,0
2025.05.02 17:30:19,SELL,1.3000,0.4000,0
2025.05.02 17:36:44,SELL,1.2000,0.0000,0
2025.05.02 17:41:44,BUY,1.3000,0.0000,0
2025.05.02 17:54:21,SELL,1.3000,0.1000,1
2025.05.02 18:06:13,BUY,1.3000,0.0000,0
2025.05.02 18:17:59,BUY,1.3000,-0.5000,1
2025.05.02 18:22:59,BUY,1.3000,0.0000,0
2025.05.02 18:28:15,BUY,1.3000,0.1000,0
2025.05.02 18:37:00,BUY,1.2000,-0.4000,0
2025.05.02 18:47:16,BUY,1.3000,-1.3000,1
2025.05.02 18:58:48,SELL,1.2000,0.1000,1
2025.05.02 19:04:26,BUY,1.3000,0.3000,0
2025.05.02 19:09:43,SELL,1.2000,0.1000,0
2025.05.02 19:18:01,BUY,1.2000,-0.2000,1
2025.05.02 19:33:43,BUY,1.2000,0.0000,1
2025.05.02 19:38:44,BUY,1.2000,-0.1000,1
2025.05.02 19:44:16,SELL,1.2000,-0.3000,0
2025.05.02 19:49:16,BUY,1.2000,0.1000,1
2025.05.02 19:54:16,BUY,1.3000,0.5000,0
2025.05.02 20:02:31,BUY,1.2000,0.1000,1
2025.05.02 20:14:25,BUY,1.2000,-0.1000,0
2025.05.02 20:22:16,SELL,1.2000,-0.1000,2
2025.05.02 20:34:52,SELL,1.2000,-0.1000,2
2025.05.02 20:41:43,BUY,1.3000,0.0000,0
2025.05.02 20:58:15,BUY,1.3000,0.1000,0
2025.05.02 21:43:08,BUY,1.3000,0.1000,0
2025.05.02 21:57:05,SELL,1.1000,0.2000,0
2025.05.05 00:01:00,SELL,6.4000,0.0000,37
2025.05.05 00:09:30,SELL,7.7000,0.0000,0
2025.05.05 00:14:41,BUY,9.3000,0.0000,0
2025.05.05 00:39:03,BUY,7.2000,-0.4000,1
2025.05.05 01:00:02,SELL,7.8000,-0.4000,0
2025.05.05 01:07:20,BUY,1.3000,0.3000,1
2025.05.05 01:19:20,SELL,1.0000,-0.1000,1
2025.05.05 02:22:10,SELL,1.2000,-0.1000,1
2025.05.05 02:46:15,SELL,1.2000,-0.5000,1
2025.05.05 04:11:19,BUY,1.3000,0.1000,0
2025.05.05 04:22:15,SELL,1.2000,0.1000,1
2025.05.05 04:36:13,BUY,1.3000,0.1000,1
2025.05.05 04:44:07,BUY,1.2000,0.1000,0
2025.05.05 04:53:52,SELL,1.1000,0.1000,0
2025.05.05 05:13:57,BUY,1.3000,0.0000,2
2025.05.05 05:22:43,SELL,1.3000,0.1000,0
2025.05.05 05:34:44,SELL,1.3000,0.1000,0
2025.05.05 05:57:12,SELL,1.3000,0.7000,0
2025.05.05 07:08:48,SELL,1.2000,0.0000,1
2025.05.05 07:44:14,SELL,1.3000,0.1000,0
2025.05.05 08:09:58,SELL,1.2000,-0.1000,0
2025.05.05 08:44:23,BUY,1.3000,0.1000,0
2025.05.05 08:49:23,BUY,1.3000,-0.1000,0
2025.05.05 09:03:23,BUY,1.2000,0.1000,0
2025.05.05 09:12:14,BUY,1.2000,0.0000,0
2025.05.05 09:27:42,BUY,1.3000,-0.1000,0
2025.05.05 09:32:43,BUY,1.2000,0.1000,0
2025.05.05 09:53:31,BUY,1.2000,0.6000,0
2025.05.05 09:58:32,SELL,1.3000,0.0000,0
2025.05.05 10:29:01,BUY,1.2000,0.2000,0
2025.05.05 10:47:32,BUY,1.1000,0.0000,0
2025.05.05 10:57:39,BUY,1.3000,-0.1000,1
2025.05.05 11:06:41,SELL,1.3000,-0.1000,0
2025.05.05 11:13:43,SELL,1.2000,0.1000,1
2025.05.05 11:34:46,BUY,1.3000,0.1000,1
2025.05.05 11:48:35,SELL,1.3000,0.2000,1
2025.05.05 11:56:51,BUY,1.3000,-0.1000,0
2025.05.05 12:02:24,SELL,1.3000,-0.2000,0
2025.05.05 12:07:31,SELL,1.3000,0.1000,0
2025.05.05 12:17:26,SELL,1.2000,0.0000,1
2025.05.05 12:23:14,BUY,1.1000,0.0000,0
2025.05.05 12:28:14,SELL,1.3000,-0.4000,0
2025.05.05 13:07:07,BUY,1.3000,0.0000,0
2025.05.05 13:23:27,SELL,1.3000,0.1000,0
2025.05.05 14:11:36,SELL,1.3000,0.3000,0
2025.05.05 14:19:57,SELL,0.8000,1.2000,0
2025.05.05 14:26:58,BUY,1.3000,0.1000,0
2025.05.05 14:32:15,BUY,1.2000,0.2000,0
2025.05.05 14:56:03,BUY,1.3000,-0.1000,1
2025.05.05 15:01:28,SELL,1.2000,0.1000,0
2025.05.05 15:09:50,BUY,1.2000,-0.1000,1
2025.05.05 15:22:07,SELL,1.2000,0.1000,1
2025.05.05 15:34:03,BUY,1.2000,-0.1000,0
2025.05.05 15:44:42,BUY,1.3000,0.0000,0
2025.05.05 15:49:47,SELL,1.0000,0.0000,0
2025.05.05 15:56:32,SELL,1.3000,0.0000,1
2025.05.05 16:06:05,SELL,1.2000,0.1000,0
2025.05.05 16:32:34,BUY,1.3000,0.1000,1
2025.05.05 16:59:41,BUY,1.5000,0.3000,1
2025.05.05 17:04:41,BUY,1.3000,0.0000,0
2025.05.05 17:09:41,SELL,1.3000,0.0000,0
2025.05.05 17:18:14,BUY,1.2000,0.1000,0
2025.05.05 17:26:47,BUY,1.3000,-0.2000,0
2025.05.05 17:32:44,BUY,1.2000,0.0000,1
2025.05.05 17:41:15,SELL,1.3000,0.1000,1
2025.05.05 18:04:24,BUY,1.3000,-0.1000,0
2025.05.05 18:33:40,BUY,1.3000,-0.2000,0
2025.05.05 18:42:20,BUY,1.2000,-0.2000,0
2025.05.05 19:08:28,BUY,1.2000,0.1000,1
2025.05.05 19:31:53,SELL,1.2000,0.1000,1
2025.05.05 19:47:23,BUY,1.2000,0.1000,1
2025.05.05 20:04:08,SELL,1.2000,0.0000,0
2025.05.05 21:53:12,SELL,1.3000,-0.1000,1
2025.05.05 22:07:12,SELL,1.2000,0.4000,0
2025.05.06 03:07:55,BUY,1.2000,0.0000,1
2025.05.06 03:13:39,BUY,1.0000,-0.1000,0
2025.05.06 03:18:40,BUY,1.3000,-0.3000,0
2025.05.06 03:24:46,BUY,1.3000,0.4000,0
2025.05.06 03:31:53,SELL,1.2000,0.1000,0
2025.05.06 03:38:31,BUY,1.2000,0.1000,1
2025.05.06 04:03:04,BUY,1.3000,0.0000,1
2025.05.06 04:08:05,SELL,1.2000,0.1000,0
2025.05.06 04:18:26,BUY,1.3000,0.1000,0
2025.05.06 04:25:21,SELL,1.3000,0.0000,0
2025.05.06 04:30:54,BUY,1.3000,-0.2000,0
2025.05.06 04:51:07,SELL,1.3000,0.0000,1
2025.05.06 05:07:00,SELL,1.1000,-0.6000,0
2025.05.06 05:19:54,SELL,1.3000,-0.3000,0
2025.05.06 05:38:44,BUY,1.3000,0.1000,1
2025.05.06 06:09:31,SELL,1.4000,0.0000,0
2025.05.06 07:18:28,SELL,1.3000,-0.1000,0
2025.05.06 09:09:18,SELL,1.3000,0.0000,0
2025.05.06 09:37:27,SELL,1.3000,0.2000,1
2025.05.06 09:44:01,SELL,1.3000,0.1000,0
2025.05.06 09:49:18,BUY,1.3000,0.1000,0
2025.05.06 10:00:35,SELL,0.8000,-0.2000,0
2025.05.06 10:12:51,SELL,1.3000,-0.1000,1
2025.05.06 10:23:07,SELL,1.3000,-0.1000,0
2025.05.06 10:39:21,SELL,1.2000,0.1000,0
2025.05.06 10:59:01,BUY,1.2000,-0.2000,0
2025.05.06 11:06:44,BUY,1.3000,-0.1000,1
2025.05.06 11:11:44,BUY,1.2000,0.1000,0
2025.05.06 11:19:52,SELL,1.2000,-0.1000,0
2025.05.06 11:29:16,BUY,1.3000,0.0000,1
2025.05.06 11:34:16,BUY,1.3000,0.1000,7
2025.05.06 11:54:01,BUY,1.3000,0.0000,1
2025.05.06 11:59:01,BUY,1.3000,-0.1000,0
2025.05.06 12:07:26,BUY,1.3000,0.4000,1
2025.05.06 12:14:34,BUY,1.2000,0.2000,0
2025.05.06 12:27:05,BUY,1.4000,-0.1000,0
2025.05.06 12:33:27,SELL,1.3000,0.1000,0
2025.05.06 12:51:39,BUY,1.2000,0.1000,0
2025.05.06 12:57:15,SELL,1.3000,0.0000,0
2025.05.06 13:04:47,SELL,1.3000,-0.6000,0
2025.05.06 13:16:05,BUY,1.3000,0.0000,2
2025.05.06 13:43:49,SELL,1.2000,-0.1000,0
2025.05.06 13:57:59,SELL,1.4000,-0.1000,1
2025.05.06 14:33:53,SELL,0.8000,0.2000,0
2025.05.06 14:58:43,BUY,1.1000,0.0000,1
2025.05.06 15:03:44,BUY,1.3000,-0.1000,0
2025.05.06 15:08:54,SELL,1.0000,-0.4000,0
2025.05.06 15:24:13,SELL,1.3000,-0.1000,0
2025.05.06 15:32:22,SELL,1.2000,0.0000,2
2025.05.06 15:41:02,SELL,1.2000,0.0000,0
2025.05.06 16:02:21,BUY,1.2000,-0.1000,1
2025.05.06 16:07:21,BUY,1.3000,-0.1000,0
2025.05.06 16:18:06,SELL,1.2000,-0.1000,0
2025.05.06 16:24:02,SELL,1.1000,-0.3000,0
2025.05.06 16:31:07,BUY,1.3000,-0.1000,1
2025.05.06 16:38:26,SELL,1.2000,0.0000,0
2025.05.06 16:44:40,SELL,1.2000,0.2000,0
2025.05.06 16:49:40,SELL,1.3000,-0.1000,0
2025.05.06 16:56:23,BUY,1.3000,0.1000,1
2025.05.06 17:01:41,BUY,1.4000,-0.1000,0
2025.05.06 17:06:44,SELL,1.3000,-0.3000,0
2025.05.06 17:11:45,SELL,1.2000,-0.8000,1
2025.05.06 17:16:45,SELL,1.3000,0.1000,0
2025.05.06 17:21:55,SELL,0.8000,-0.8000,1
2025.05.06 17:29:04,BUY,1.3000,0.0000,0
2025.05.06 17:34:04,SELL,1.3000,-0.1000,0
2025.05.06 17:39:04,SELL,1.3000,0.5000,0
2025.05.06 17:44:04,BUY,1.3000,0.2000,0
2025.05.06 17:53:11,BUY,1.3000,0.1000,0
2025.05.06 18:11:32,SELL,1.2000,-0.1000,0
2025.05.06 18:21:47,SELL,1.2000,-0.2000,1
2025.05.06 18:34:54,BUY,1.2000,0.0000,1
2025.05.06 18:46:32,BUY,1.2000,0.0000,0
2025.05.06 18:59:24,SELL,1.3000,-0.3000,2
2025.05.06 19:04:57,BUY,1.2000,-0.1000,0
2025.05.06 19:17:22,SELL,1.3000,-1.0000,1
2025.05.06 19:52:43,SELL,1.2000,-0.2000,0
2025.05.06 19:57:43,BUY,1.2000,-0.1000,0
2025.05.06 20:03:45,SELL,1.2000,-0.1000,0
2025.05.06 20:08:45,SELL,1.4000,0.2000,0
2025.05.06 20:17:49,SELL,1.3000,0.1000,0
2025.05.06 21:02:47,BUY,1.2000,0.2000,0
2025.05.06 21:33:31,SELL,1.2000,0.1000,1
2025.05.06 22:32:20,BUY,1.3000,-0.1000,1
2025.05.06 22:43:26,SELL,1.2000,0.0000,0
2025.05.06 23:30:35,BUY,0.8000,-0.3000,0
2025.05.06 23:59:31,BUY,5.1000,1.3000,0
2025.05.07 01:03:01,BUY,1.9000,0.1000,3
2025.05.07 01:08:01,BUY,1.9000,-0.2000,1
2025.05.07 01:17:44,BUY,1.3000,0.2000,1
2025.05.07 01:25:33,BUY,1.5000,-0.1000,0
2025.05.07 01:31:34,SELL,1.2000,-0.1000,0
2025.05.07 01:58:23,BUY,0.8000,-1.0000,0
2025.05.07 02:03:48,BUY,1.5000,0.1000,0
2025.05.07 02:11:21,SELL,1.5000,-0.4000,0
2025.05.07 02:27:57,SELL,1.4000,0.1000,0
2025.05.07 03:01:35,SELL,1.3000,-0.5000,0
2025.05.07 03:08:44,BUY,1.3000,0.3000,0
2025.05.07 03:13:44,SELL,1.2000,0.1000,0
2025.05.07 03:19:54,BUY,1.3000,-0.2000,1
2025.05.07 03:24:54,BUY,1.3000,-0.1000,0
2025.05.07 03:32:37,SELL,1.3000,0.1000,0
2025.05.07 03:54:30,SELL,1.0000,-0.3000,0
2025.05.07 04:04:36,BUY,1.3000,0.0000,0
2025.05.07 04:11:28,SELL,1.3000,0.1000,0
2025.05.07 04:16:30,BUY,1.3000,-0.2000,1
2025.05.07 04:22:29,BUY,1.4000,-0.3000,1
2025.05.07 04:27:29,BUY,1.2000,-0.4000,1
2025.05.07 04:33:06,BUY,1.0000,0.1000,0
2025.05.07 04:38:06,SELL,1.1000,0.4000,0
2025.05.07 04:44:11,SELL,1.2000,0.0000,0
2025.05.07 04:56:13,SELL,1.2000,0.0000,1
2025.05.07 05:01:17,BUY,1.2000,0.1000,0
2025.05.07 05:17:58,SELL,1.2000,0.0000,2
2025.05.07 05:47:19,BUY,1.3000,0.0000,0
2025.05.07 06:09:09,BUY,1.2000,-0.1000,1
2025.05.07 08:49:46,SELL,1.3000,0.0000,0
2025.05.07 08:57:38,SELL,1.2000,-0.2000,1
2025.05.07 09:13:29,SELL,1.3000,0.1000,1
2025.05.07 09:22:15,SELL,1.2000,0.0000,1
2025.05.07 09:41:18,SELL,1.4000,0.0000,0
2025.05.07 09:52:21,SELL,1.2000,0.1000,0
2025.05.07 10:03:33,BUY,1.2000,0.0000,0
2025.05.07 10:18:09,BUY,1.2000,0.1000,1
2025.05.07 10:36:31,SELL,1.2000,0.1000,1
2025.05.07 10:46:48,SELL,1.3000,0.0000,0
2025.05.07 10:52:41,SELL,0.8000,0.1000,0
2025.05.07 11:02:17,BUY,1.2000,0.0000,0
2025.05.07 11:11:35,SELL,0.9000,0.0000,1
2025.05.07 11:23:10,SELL,1.0000,0.2000,0
2025.05.07 11:48:13,BUY,1.1000,-0.1000,1
2025.05.07 11:59:50,BUY,1.0000,-0.1000,0
2025.05.07 12:08:01,BUY,1.3000,0.1000,1
2025.05.07 12:14:45,SELL,1.2000,0.1000,2
2025.05.07 12:26:41,SELL,1.2000,0.4000,1
2025.05.07 13:04:39,SELL,1.2000,-0.2000,0
2025.05.07 14:23:51,SELL,1.2000,0.1000,0
2025.05.07 14:41:52,SELL,1.2000,0.0000,0
2025.05.07 14:48:35,BUY,1.3000,-0.1000,0
2025.05.07 14:58:43,BUY,1.1000,0.0000,1
2025.05.07 15:58:17,BUY,1.2000,-0.1000,0
2025.05.07 16:16:57,SELL,1.2000,-0.1000,0
2025.05.07 16:46:51,SELL,1.2000,-0.3000,1
2025.05.07 17:08:40,BUY,1.2000,0.0000,0
2025.05.07 17:46:37,BUY,1.4000,-0.1000,0
2025.05.07 17:53:56,SELL,1.2000,0.0000,0
2025.05.07 18:16:55,BUY,1.3000,-0.1000,0
2025.05.07 18:21:55,BUY,1.2000,0.0000,0
2025.05.07 18:27:52,BUY,1.3000,0.0000,0
2025.05.07 18:32:58,SELL,0.9000,-0.3000,0
2025.05.07 19:01:13,BUY,1.3000,0.0000,1
2025.05.07 20:19:41,BUY,1.3000,-0.2000,0
2025.05.07 20:42:38,BUY,1.3000,0.0000,0
2025.05.07 20:51:47,SELL,1.2000,0.3000,0
2025.05.07 20:59:59,BUY,13.7000,0.0000,0
2025.05.07 21:04:59,SELL,1.2000,-0.1000,0
2025.05.07 21:12:34,SELL,1.2000,-0.1000,0
2025.05.07 21:17:47,BUY,1.2000,0.4000,0
2025.05.07 21:31:27,BUY,1.3000,0.3000,0
2025.05.07 21:36:27,SELL,1.4000,0.2000,0
2025.05.07 21:41:46,BUY,1.4000,0.1000,0
2025.05.07 21:46:58,BUY,1.3000,0.4000,0
2025.05.07 21:52:08,SELL,1.4000,0.0000,0
2025.05.07 21:57:59,BUY,1.3000,-0.2000,0
2025.05.07 22:02:59,BUY,1.3000,0.0000,0
2025.05.07 22:07:59,SELL,1.2000,0.0000,0
2025.05.07 22:12:59,BUY,1.3000,-0.2000,0
2025.05.07 22:18:19,SELL,1.0000,-0.4000,0
2025.05.07 22:23:19,BUY,1.3000,0.0000,0
2025.05.07 22:28:19,SELL,1.3000,0.1000,0
2025.05.07 22:41:44,BUY,1.3000,0.9000,0
2025.05.07 22:47:44,SELL,1.3000,0.1000,0
2025.05.07 22:52:45,BUY,1.2000,-0.1000,0
2025.05.07 22:57:46,BUY,1.2000,0.1000,0
2025.05.07 23:03:17,BUY,1.1000,-0.2000,2
2025.05.07 23:59:31,BUY,10.9000,-0.1000,0
2025.05.08 00:04:34,SELL,10.6000,0.0000,12
2025.05.08 01:02:37,BUY,1.5000,0.5000,0
2025.05.08 01:49:45,BUY,1.2000,0.1000,0
2025.05.08 03:04:15,SELL,1.2000,-0.3000,1
2025.05.08 03:23:42,SELL,1.2000,0.1000,0
2025.05.08 03:46:14,SELL,1.3000,-0.2000,0
2025.05.08 03:57:40,BUY,1.2000,-0.2000,0
2025.05.08 04:14:27,SELL,1.3000,-0.1000,0
2025.05.08 04:32:35,SELL,1.3000,0.6000,0
2025.05.08 04:43:39,BUY,1.4000,0.0000,0
2025.05.08 04:48:39,SELL,1.2000,0.1000,0
2025.05.08 04:53:39,SELL,1.2000,0.0000,0
2025.05.08 05:17:25,SELL,1.1000,0.0000,0
2025.05.08 05:58:06,BUY,1.3000,-0.1000,2
2025.05.08 06:04:56,SELL,1.0000,-0.1000,0
2025.05.08 08:09:09,BUY,1.4000,-0.2000,0
2025.05.08 08:14:09,BUY,1.3000,-0.1000,0
2025.05.08 08:19:47,BUY,1.3000,0.0000,0
2025.05.08 08:54:52,BUY,1.3000,-0.2000,1
2025.05.08 08:59:52,SELL,1.2000,-0.4000,0
2025.05.08 09:11:44,BUY,1.3000,0.6000,0
2025.05.08 09:16:53,BUY,1.4000,0.1000,0
2025.05.08 09:24:23,BUY,1.4000,0.4000,0
2025.05.08 09:33:51,BUY,1.3000,0.0000,1
2025.05.08 09:49:17,SELL,1.3000,0.1000,0
2025.05.08 09:59:26,BUY,1.3000,-0.1000,1
2025.05.08 10:06:58,BUY,1.3000,0.2000,1
2025.05.08 10:16:04,SELL,1.2000,0.3000,1
2025.05.08 10:38:59,SELL,1.2000,0.0000,1
2025.05.08 10:48:47,SELL,0.9000,0.6000,1
2025.05.08 11:08:26,BUY,1.3000,0.0000,1
2025.05.08 11:14:52,BUY,1.3000,-0.1000,0
2025.05.08 11:39:58,SELL,1.0000,0.0000,1
2025.05.08 12:06:56,SELL,1.1000,-0.1000,0
2025.05.08 12:48:41,SELL,1.2000,0.1000,2
2025.05.08 12:55:47,BUY,1.2000,0.1000,0
2025.05.08 13:13:26,BUY,1.3000,-0.1000,1
2025.05.08 13:23:03,SELL,1.3000,0.0000,0
2025.05.08 13:29:05,SELL,1.1000,0.2000,0
2025.05.08 13:36:47,SELL,1.2000,0.0000,0
2025.05.08 13:48:27,BUY,1.2000,0.2000,1
2025.05.08 14:04:24,SELL,1.2000,-0.2000,1
2025.05.08 14:10:40,SELL,1.2000,0.0000,2
2025.05.08 14:17:22,SELL,1.0000,-0.1000,0
2025.05.08 14:23:22,SELL,1.2000,0.0000,0
2025.05.08 14:28:22,BUY,1.3000,-0.1000,2
2025.05.08 14:51:00,SELL,1.2000,-0.1000,0
2025.05.08 15:12:00,SELL,0.8000,-0.3000,0
2025.05.08 15:30:21,BUY,1.3000,-0.2000,1
2025.05.08 15:37:00,SELL,1.3000,-0.1000,0
2025.05.08 15:44:41,BUY,1.2000,0.0000,0
2025.05.08 15:51:29,BUY,0.9000,0.0000,0
2025.05.08 16:03:30,SELL,1.3000,-0.1000,0
2025.05.08 16:16:11,BUY,1.2000,0.4000,0
2025.05.08 16:43:58,BUY,1.2000,0.1000,1
2025.05.08 16:48:58,SELL,1.2000,0.0000,1
2025.05.08 17:01:34,BUY,1.3000,-0.2000,1
2025.05.08 17:08:29,SELL,1.3000,0.1000,0
2025.05.08 17:16:47,BUY,1.3000,-0.1000,1
2025.05.08 17:22:49,BUY,1.3000,-0.1000,1
2025.05.08 17:27:49,BUY,1.3000,0.2000,0
2025.05.08 17:44:09,SELL,1.3000,-0.1000,0
2025.05.08 17:49:09,BUY,1.2000,0.1000,0
2025.05.08 17:54:42,BUY,1.3000,0.1000,0
2025.05.08 17:59:42,BUY,1.4000,-0.1000,0
2025.05.08 18:04:50,SELL,1.3000,-0.1000,0
2025.05.08 18:11:32,SELL,1.2000,0.1000,0
2025.05.08 18:21:25,BUY,1.4000,-0.5000,1
2025.05.08 18:30:57,SELL,1.1000,0.0000,0
2025.05.08 18:37:25,BUY,1.2000,0.1000,2
2025.05.08 18:43:02,BUY,1.2000,1.1000,1
2025.05.08 18:48:18,BUY,1.3000,0.8000,0
2025.05.08 18:53:18,SELL,1.3000,-0.1000,0
2025.05.08 19:02:53,BUY,1.2000,0.0000,0
2025.05.08 19:08:44,BUY,1.3000,-0.6000,0
2025.05.08 19:13:44,BUY,1.2000,0.0000,0
2025.05.08 19:24:04,BUY,1.3000,0.0000,0
2025.05.08 19:29:05,SELL,1.3000,-0.5000,0
2025.05.08 19:34:05,SELL,1.2000,0.0000,1
2025.05.08 19:41:46,SELL,1.2000,-0.6000,0
2025.05.08 19:48:17,BUY,1.0000,0.0000,0
2025.05.08 20:12:49,SELL,1.2000,0.1000,1
2025.05.08 20:24:41,BUY,1.2000,0.0000,0
2025.05.08 20:29:41,BUY,1.3000,0.0000,0
2025.05.08 22:19:50,BUY,1.3000,-0.2000,0
2025.05.08 22:26:42,BUY,1.3000,0.1000,1
2025.05.08 22:31:42,SELL,1.2000,-0.1000,0
2025.05.08 22:48:10,SELL,1.2000,0.1000,3
2025.05.08 23:59:56,BUY,6.9000,0.1000,0
2025.05.09 02:02:12,BUY,1.2000,0.0000,1
2025.05.09 03:12:26,BUY,1.2000,0.1000,0
2025.05.09 03:22:51,BUY,1.3000,-0.5000,3
2025.05.09 04:26:42,BUY,1.3000,-0.1000,0
2025.05.09 04:33:12,SELL,1.1000,-0.2000,0
2025.05.09 04:38:12,BUY,1.3000,0.0000,0
2025.05.09 05:04:26,BUY,1.2000,-0.1000,0
2025.05.09 05:10:29,BUY,1.3000,0.2000,0
2025.05.09 05:19:15,SELL,1.2000,-0.2000,0
2025.05.09 05:54:27,SELL,1.2000,0.1000,0
2025.05.09 06:00:55,SELL,1.3000,-0.2000,0
2025.05.09 06:58:20,BUY,1.2000,0.0000,0
2025.05.09 07:04:25,SELL,1.2000,0.2000,0
2025.05.09 08:43:20,SELL,1.2000,-0.1000,0
2025.05.09 08:56:16,SELL,1.2000,0.0000,1
2025.05.09 09:14:40,SELL,1.3000,-0.3000,0
2025.05.09 09:22:53,BUY,1.2000,0.1000,0
2025.05.09 09:32:36,SELL,1.2000,0.2000,0
2025.05.09 10:11:53,SELL,1.2000,0.1000,0
2025.05.09 10:32:41,SELL,1.2000,-0.1000,1
2025.05.09 10:44:10,SELL,1.2000,0.3000,1
2025.05.09 11:04:02,SELL,1.3000,-0.1000,0
2025.05.09 11:37:10,SELL,1.3000,-0.1000,0
2025.05.09 12:29:43,BUY,1.3000,-0.3000,0
2025.05.09 13:58:26,BUY,1.3000,-0.1000,0
2025.05.09 14:26:59,SELL,1.3000,0.7000,0
2025.05.09 14:37:47,BUY,1.2000,0.4000,1
2025.05.09 14:47:36,BUY,1.3000,0.1000,1
2025.05.09 14:53:28,SELL,0.8000,-0.1000,0
2025.05.09 16:09:22,SELL,1.2000,-0.1000,1
2025.05.09 16:23:17,BUY,1.2000,-0.1000,1
2025.05.09 16:28:36,SELL,1.3000,0.0000,0
2025.05.09 16:42:04,BUY,1.2000,0.1000,0
2025.05.09 16:54:10,BUY,1.3000,-0.1000,0
2025.05.09 17:05:58,SELL,1.2000,0.0000,1
2025.05.09 17:14:04,SELL,0.8000,0.2000,1
2025.05.09 17:23:18,SELL,1.3000,0.0000,0
2025.05.09 17:28:18,SELL,1.2000,-0.1000,0
2025.05.09 17:42:11,BUY,1.3000,0.1000,0
2025.05.09 17:50:56,BUY,1.2000,0.0000,1
2025.05.09 17:57:43,BUY,1.3000,-0.1000,1
2025.05.09 18:38:22,SELL,1.2000,0.0000,1
2025.05.09 19:02:15,SELL,1.3000,-0.2000,0
2025.05.09 19:07:45,BUY,1.3000,-0.1000,0
2025.05.09 20:33:07,SELL,1.2000,0.1000,2
2025.05.12 00:01:07,BUY,6.0000,-1.1000,2
2025.05.12 00:09:02,SELL,10.0000,-0.7000,1
2025.05.12 00:14:10,SELL,6.4000,-0.5000,12
2025.05.12 00:19:20,SELL,5.4000,0.9000,10
2025.05.12 00:25:04,BUY,13.3000,-0.5000,1
2025.05.12 00:50:33,BUY,7.1000,0.0000,0
2025.05.12 00:59:41,BUY,7.8000,0.0000,0
2025.05.12 01:04:41,SELL,1.5000,0.1000,0
2025.05.12 01:09:41,BUY,1.5000,0.1000,0
2025.05.12 01:14:41,SELL,1.5000,-0.1000,0
2025.05.12 02:14:01,SELL,1.3000,0.3000,0
2025.05.12 02:47:51,BUY,1.4000,0.1000,0
2025.05.12 03:02:33,SELL,1.4000,-0.2000,0
2025.05.12 03:19:07,BUY,1.3000,-0.1000,1
2025.05.12 03:26:27,SELL,1.3000,0.2000,1
2025.05.12 03:54:26,BUY,1.2000,0.1000,0
2025.05.12 04:13:20,BUY,1.3000,0.3000,0
2025.05.12 04:32:07,SELL,1.2000,0.0000,0
2025.05.12 05:03:09,SELL,1.2000,0.0000,0
2025.05.12 05:12:59,SELL,1.3000,0.1000,0
2025.05.12 05:24:17,SELL,1.3000,-0.1000,4
2025.05.12 06:18:10,BUY,1.3000,-0.1000,0
2025.05.12 08:12:09,BUY,1.3000,0.0000,1
2025.05.12 08:47:44,BUY,1.3000,-0.8000,1
2025.05.12 08:57:23,SELL,1.2000,0.0000,1
2025.05.12 09:02:24,SELL,1.3000,0.1000,0
2025.05.12 09:14:41,SELL,1.4000,0.0000,1
2025.05.12 09:31:21,SELL,0.9000,0.0000,0
2025.05.12 09:38:12,BUY,1.2000,0.2000,0
2025.05.12 09:44:22,BUY,1.3000,0.0000,1
2025.05.12 10:00:07,BUY,1.2000,-1.9000,0
2025.05.12 10:05:36,SELL,1.3000,0.1000,1
2025.05.12 10:11:29,BUY,1.1000,-0.1000,1
2025.05.12 10:20:38,BUY,1.3000,0.4000,1
2025.05.12 10:25:38,BUY,1.3000,0.0000,0
2025.05.12 10:31:23,SELL,1.1000,-0.1000,1
2025.05.12 10:37:08,BUY,1.3000,-0.3000,1
2025.05.12 10:43:21,BUY,1.3000,-0.2000,0
2025.05.12 10:48:28,SELL,1.0000,-0.8000,0
2025.05.12 10:53:28,BUY,1.3000,-0.3000,2
2025.05.12 10:58:28,BUY,1.2000,0.0000,0
2025.05.12 11:03:28,SELL,1.3000,0.2000,0
2025.05.12 11:08:28,BUY,0.8000,0.2000,0
2025.05.12 11:14:13,BUY,1.3000,-0.2000,1
2025.05.12 11:19:13,SELL,1.3000,-0.3000,0
2025.05.12 11:24:13,SELL,1.3000,0.0000,0
2025.05.12 11:34:16,SELL,1.0000,0.0000,0
2025.05.12 11:39:16,SELL,1.2000,0.0000,0
2025.05.12 11:54:31,SELL,0.8000,-0.7000,0
2025.05.12 12:00:24,BUY,1.3000,-0.1000,0
2025.05.12 12:07:49,BUY,1.3000,-0.1000,0
2025.05.12 12:12:54,BUY,1.2000,-0.1000,0
2025.05.12 12:19:55,SELL,1.2000,0.1000,0
2025.05.12 12:31:35,BUY,1.3000,0.0000,1
2025.05.12 12:36:35,SELL,1.2000,0.1000,0
2025.05.12 12:54:05,BUY,1.3000,-0.1000,0
2025.05.12 13:00:52,BUY,1.2000,-0.2000,0
2025.05.12 13:08:42,BUY,0.8000,0.4000,1
2025.05.12 13:15:54,BUY,1.2000,0.1000,0
2025.05.12 13:23:07,BUY,1.2000,0.2000,0
2025.05.12 13:33:33,BUY,1.3000,-0.4000,1
2025.05.12 13:39:21,BUY,1.2000,0.1000,0
2025.05.12 13:44:21,BUY,1.3000,0.1000,0
2025.05.12 13:49:35,SELL,1.3000,0.1000,0
2025.05.12 13:54:35,SELL,1.3000,0.0000,0
2025.05.12 13:59:45,BUY,1.2000,-0.2000,0
2025.05.12 14:08:04,SELL,1.0000,-0.1000,0
2025.05.12 14:13:04,SELL,1.3000,0.0000,2
2025.05.12 14:18:04,SELL,1.3000,0.1000,0
2025.05.12 14:26:04,BUY,1.3000,-0.1000,0
2025.05.12 14:33:54,BUY,1.3000,0.1000,1
2025.05.12 14:41:16,SELL,1.1000,0.2000,1
2025.05.12 14:50:09,SELL,1.4000,0.6000,0
2025.05.12 14:56:10,SELL,1.1000,0.5000,0
2025.05.12 15:01:12,BUY,1.1000,0.0000,0
2025.05.12 15:37:59,SELL,1.3000,0.0000,1
2025.05.12 15:43:50,SELL,1.2000,0.1000,1
2025.05.12 15:48:52,SELL,1.3000,0.1000,0
2025.05.12 15:53:52,BUY,1.3000,-0.1000,0
2025.05.12 16:07:13,SELL,1.2000,0.0000,2
2025.05.12 16:15:29,BUY,1.2000,0.0000,0
2025.05.12 16:20:51,SELL,1.4000,0.0000,1
2025.05.12 16:31:19,SELL,1.3000,-0.1000,0
2025.05.12 16:38:54,BUY,1.3000,-0.2000,0
2025.05.12 16:44:42,BUY,1.3000,0.0000,1
2025.05.12 17:08:27,SELL,1.2000,0.0000,1
2025.05.12 17:13:53,BUY,1.2000,-0.2000,0
2025.05.12 17:22:32,BUY,1.2000,0.1000,0
2025.05.12 17:27:33,SELL,1.2000,0.0000,1
2025.05.12 17:34:23,SELL,1.3000,-0.1000,0
2025.05.12 17:39:23,SELL,1.2000,-0.1000,0
2025.05.12 17:51:09,BUY,1.3000,-0.1000,0
2025.05.12 18:02:35,SELL,1.2000,0.1000,0
2025.05.12 18:12:26,BUY,1.3000,0.0000,1
2025.05.12 18:17:27,BUY,1.3000,0.1000,0
2025.05.12 18:22:27,SELL,1.0000,-0.4000,0
2025.05.12 18:31:57,BUY,0.8000,-0.2000,1
2025.05.12 18:44:03,BUY,1.3000,0.1000,0
2025.05.12 19:02:03,SELL,1.3000,-0.1000,1
2025.05.12 19:19:13,BUY,1.2000,0.1000,0
2025.05.12 19:27:47,BUY,1.2000,0.1000,0
2025.05.12 19:43:24,SELL,1.3000,0.0000,0
2025.05.12 19:48:24,BUY,1.4000,0.0000,0
2025.05.12 20:31:32,BUY,1.3000,0.0000,0
2025.05.12 20:44:16,SELL,1.3000,-0.1000,1
2025.05.12 21:09:17,BUY,1.3000,0.6000,1
2025.05.12 21:51:43,SELL,1.2000,0.1000,1
2025.05.12 22:14:40,SELL,1.3000,-0.4000,1
2025.05.12 23:59:39,BUY,7.6000,-0.4000,0
2025.05.13 00:04:52,SELL,5.9000,0.8000,36
2025.05.13 01:01:09,SELL,1.0000,0.1000,0
2025.05.13 03:24:44,BUY,1.2000,-0.3000,0
2025.05.13 04:18:13,SELL,1.2000,0.1000,2
2025.05.13 04:39:49,SELL,1.2000,0.1000,0
2025.05.13 06:46:35,SELL,1.2000,0.2000,0
2025.05.13 07:57:43,SELL,1.2000,0.1000,0
2025.05.13 08:13:11,SELL,1.3000,0.2000,0
2025.05.13 09:09:59,BUY,1.3000,0.0000,0
2025.05.13 09:21:03,SELL,1.2000,-0.1000,1
2025.05.13 09:27:23,BUY,1.3000,0.3000,1
2025.05.13 09:41:46,SELL,1.2000,-0.1000,0
2025.05.13 09:52:27,SELL,1.2000,0.1000,1
2025.05.13 10:13:04,BUY,1.3000,-0.1000,1
2025.05.13 10:19:39,SELL,0.8000,-0.5000,1
2025.05.13 10:24:39,SELL,1.3000,0.0000,1
2025.05.13 10:29:43,BUY,1.3000,0.0000,1
2025.05.13 10:44:28,SELL,1.2000,0.1000,1
2025.05.13 10:54:29,BUY,1.2000,0.1000,1
2025.05.13 11:08:27,BUY,1.2000,0.0000,0
2025.05.13 11:13:38,SELL,1.2000,0.0000,1
2025.05.13 11:24:16,BUY,1.2000,0.0000,0
2025.05.13 11:53:56,SELL,1.2000,0.6000,0
2025.05.13 12:04:09,BUY,1.1000,0.2000,0
2025.05.13 13:07:04,BUY,1.3000,-0.5000,1
2025.05.13 13:22:59,SELL,1.2000,0.1000,1
2025.05.13 13:31:55,BUY,1.1000,0.1000,0
2025.05.13 14:58:23,BUY,1.2000,0.2000,0
2025.05.13 15:30:01,SELL,3.4000,0.0000,0
2025.05.13 15:39:43,SELL,1.0000,0.0000,0
2025.05.13 15:44:43,SELL,1.3000,0.0000,1
2025.05.13 15:50:35,BUY,1.2000,-0.1000,0
2025.05.13 15:56:50,SELL,1.2000,-0.1000,0
2025.05.13 16:08:28,SELL,0.8000,-0.4000,0
2025.05.13 16:13:28,BUY,1.2000,-0.1000,1
2025.05.13 16:21:11,SELL,1.3000,-0.1000,0
2025.05.13 16:33:00,SELL,1.2000,0.0000,1
2025.05.13 16:40:40,BUY,1.2000,-0.1000,1
2025.05.13 16:52:03,BUY,1.3000,0.0000,0
2025.05.13 17:14:39,BUY,1.2000,0.1000,1
2025.05.13 17:21:08,SELL,0.1000,-0.1000,0
2025.05.13 17:26:08,BUY,1.2000,-0.1000,0
2025.05.13 17:32:59,BUY,1.3000,0.0000,1
2025.05.13 17:38:39,SELL,1.3000,0.0000,0
2025.05.13 17:43:39,SELL,1.3000,0.0000,0
2025.05.13 17:57:36,SELL,1.1000,-0.1000,0
2025.05.13 18:05:55,SELL,1.3000,0.1000,1
2025.05.13 18:12:53,SELL,1.1000,-0.1000,0
2025.05.13 18:22:08,SELL,1.0000,0.2000,0
2025.05.13 18:39:54,BUY,1.3000,0.0000,1
2025.05.13 19:31:49,SELL,1.2000,0.1000,0
2025.05.13 19:41:44,SELL,1.1000,-0.3000,1
2025.05.13 20:09:58,BUY,1.1000,0.0000,1
2025.05.13 20:28:16,BUY,1.3000,0.0000,0
2025.05.13 20:33:27,SELL,1.2000,0.0000,0
2025.05.13 21:17:41,SELL,1.2000,0.2000,0
2025.05.13 23:48:14,BUY,6.4000,-2.3000,1
2025.05.14 01:03:11,SELL,1.1000,0.3000,0
2025.05.14 01:54:47,SELL,1.1000,0.0000,0
2025.05.14 02:08:09,BUY,1.3000,0.4000,2
2025.05.14 03:28:57,SELL,0.9000,-0.5000,1
2025.05.14 03:53:00,SELL,1.2000,0.1000,0
2025.05.14 04:03:30,BUY,1.3000,-0.2000,1
2025.05.14 04:12:22,SELL,1.3000,-0.7000,0
2025.05.14 04:22:25,SELL,1.2000,0.0000,0
2025.05.14 04:33:26,BUY,1.2000,0.0000,0
2025.05.14 04:49:17,BUY,1.3000,0.0000,0
2025.05.14 06:59:34,SELL,1.2000,0.0000,0
2025.05.14 09:13:44,SELL,1.3000,0.0000,0
2025.05.14 09:18:44,SELL,1.3000,0.1000,0
2025.05.14 09:42:18,BUY,1.4000,0.0000,0
2025.05.14 09:56:22,BUY,1.3000,0.2000,3
2025.05.14 10:02:02,SELL,1.2000,-0.1000,1
2025.05.14 10:11:30,BUY,1.3000,0.0000,1
2025.05.14 10:19:23,SELL,1.4000,-0.1000,0
2025.05.14 10:27:40,SELL,1.2000,-0.1000,1
2025.05.14 10:38:08,SELL,1.2000,-0.1000,0
2025.05.14 10:43:08,BUY,1.4000,-0.2000,0
2025.05.14 10:53:42,SELL,1.2000,0.4000,0
2025.05.14 11:03:21,SELL,1.3000,0.0000,0
2025.05.14 11:08:21,SELL,1.4000,-0.7000,0
2025.05.14 11:13:21,BUY,1.2000,-0.2000,0
2025.05.14 11:18:21,SELL,1.2000,-0.5000,0
2025.05.14 11:23:21,SELL,1.3000,-0.1000,0
2025.05.14 11:28:31,BUY,1.2000,0.0000,0
2025.05.14 11:41:32,SELL,1.1000,0.6000,0
2025.05.14 11:46:32,SELL,1.3000,0.1000,1
2025.05.14 11:57:13,SELL,1.3000,-0.3000,1
2025.05.14 12:02:23,BUY,1.2000,0.1000,0
2025.05.14 12:14:24,SELL,1.3000,0.0000,0
2025.05.14 12:21:28,SELL,1.1000,0.5000,0
2025.05.14 12:26:52,SELL,1.2000,0.1000,0
2025.05.14 12:31:55,BUY,1.0000,0.6000,0
2025.05.14 12:43:02,SELL,1.3000,0.0000,0
2025.05.14 12:49:37,SELL,1.3000,-0.1000,1
2025.05.14 12:54:37,BUY,1.3000,0.0000,1
2025.05.14 12:59:38,BUY,1.3000,0.1000,1
2025.05.14 13:13:07,BUY,1.2000,0.1000,1
2025.05.14 13:18:47,BUY,1.3000,0.0000,0
2025.05.14 13:24:52,BUY,1.3000,-0.1000,0
2025.05.14 13:31:32,SELL,1.1000,0.1000,0
2025.05.14 13:38:38,BUY,1.3000,0.2000,1
2025.05.14 13:49:47,BUY,1.3000,-0.2000,1
2025.05.14 13:54:48,SELL,1.2000,0.1000,1
2025.05.14 14:09:05,BUY,1.3000,0.1000,0
2025.05.14 14:15:56,BUY,1.3000,0.2000,0
2025.05.14 14:23:07,SELL,1.2000,0.2000,0
2025.05.14 14:53:10,BUY,1.3000,-0.1000,0
2025.05.14 15:02:50,SELL,1.2000,0.4000,1
2025.05.14 15:07:50,BUY,1.3000,0.0000,0
2025.05.14 15:24:40,SELL,1.3000,-0.5000,1
2025.05.14 15:32:16,SELL,1.3000,0.0000,0
2025.05.14 15:37:16,BUY,1.3000,0.0000,1
2025.05.14 15:44:22,SELL,1.3000,0.1000,1
2025.05.14 15:54:23,BUY,0.8000,0.2000,0
2025.05.14 16:02:03,BUY,1.2000,-0.1000,0
2025.05.14 16:12:21,BUY,1.2000,0.0000,1
2025.05.14 16:17:38,SELL,1.3000,-0.1000,1
2025.05.14 16:23:44,SELL,1.2000,0.2000,0
2025.05.14 16:29:29,BUY,1.3000,0.0000,0
2025.05.14 16:38:01,SELL,1.3000,0.1000,2
2025.05.14 16:46:22,SELL,1.2000,0.5000,1
2025.05.14 16:56:06,BUY,1.3000,0.1000,1
2025.05.14 17:01:06,BUY,1.2000,0.1000,0
2025.05.14 17:06:13,SELL,1.2000,-0.1000,0
2025.05.14 17:17:57,BUY,1.2000,-0.1000,0
2025.05.14 17:24:05,BUY,1.3000,-0.3000,1
2025.05.14 17:29:05,SELL,1.2000,0.1000,1
2025.05.14 17:34:28,BUY,1.3000,0.3000,1
2025.05.14 17:41:18,SELL,1.3000,0.1000,0
2025.05.14 17:47:31,SELL,1.2000,0.2000,1
2025.05.14 17:52:31,BUY,1.3000,-0.1000,0
2025.05.14 18:03:45,BUY,1.3000,-0.3000,1
2025.05.14 18:10:44,BUY,1.3000,-0.1000,0
2025.05.14 18:29:35,SELL,1.2000,0.1000,0
2025.05.14 19:08:02,SELL,1.3000,-0.1000,0
2025.05.14 19:14:23,BUY,1.2000,-0.1000,0
2025.05.14 19:40:25,BUY,1.3000,0.1000,0
2025.05.14 19:48:55,SELL,1.3000,0.1000,0
2025.05.14 19:57:44,BUY,1.3000,-0.4000,1
2025.05.14 20:37:32,BUY,1.2000,0.1000,1
2025.05.14 21:02:53,BUY,1.3000,-0.1000,1
2025.05.14 21:44:12,SELL,1.3000,0.1000,0
2025.05.14 22:02:17,BUY,1.3000,-0.2000,0
2025.05.15 00:01:28,BUY,18.5000,-5.3000,37
2025.05.15 03:04:28,BUY,1.2000,0.1000,0
2025.05.15 03:19:50,SELL,1.3000,-0.1000,0
2025.05.15 03:33:13,SELL,1.3000,-0.1000,0
2025.05.15 03:53:15,SELL,1.3000,0.1000,1
2025.05.15 05:07:59,SELL,1.3000,0.0000,1
2025.05.15 08:09:10,SELL,1.1000,-0.2000,0
2025.05.15 09:21:20,SELL,1.2000,0.0000,1
2025.05.15 09:34:53,SELL,1.1000,0.1000,0
2025.05.15 09:47:04,SELL,1.2000,0.1000,0
2025.05.15 09:59:40,SELL,1.3000,0.2000,0
2025.05.15 10:04:40,BUY,1.4000,-0.1000,0
2025.05.15 10:09:40,SELL,1.1000,0.0000,0
2025.05.15 10:16:05,BUY,1.0000,0.3000,0
2025.05.15 10:21:22,BUY,1.1000,-0.1000,0
2025.05.15 10:34:23,BUY,1.3000,0.0000,0
2025.05.15 10:44:58,BUY,1.3000,-0.3000,0
2025.05.15 10:49:58,BUY,1.2000,0.4000,0
2025.05.15 11:14:22,BUY,1.2000,-0.1000,0
2025.05.15 11:26:31,BUY,1.3000,-0.1000,0
2025.05.15 11:38:06,SELL,1.2000,0.1000,0
2025.05.15 12:03:56,BUY,1.4000,-0.1000,0
2025.05.15 12:09:08,SELL,1.1000,-0.2000,0
2025.05.15 12:29:45,BUY,1.2000,-0.1000,0
2025.05.15 12:56:14,SELL,1.2000,0.1000,0
2025.05.15 13:19:54,SELL,1.3000,-0.1000,4
2025.05.15 13:53:14,BUY,1.4000,-0.1000,0
2025.05.15 14:05:54,BUY,1.4000,-0.1000,1
2025.05.15 14:33:43,BUY,1.3000,-0.1000,0
2025.05.15 14:58:01,BUY,1.3000,-0.1000,0
2025.05.15 15:30:01,SELL,4.8000,0.6000,1
2025.05.15 15:39:30,SELL,1.4000,0.1000,0
2025.05.15 15:44:31,BUY,1.3000,0.0000,0
2025.05.15 15:49:31,BUY,1.2000,0.1000,0
2025.05.15 15:54:31,SELL,1.3000,-0.1000,0
2025.05.15 15:59:31,SELL,1.3000,-0.1000,0
2025.05.15 16:07:12,SELL,1.2000,-0.7000,1
2025.05.15 16:14:08,SELL,1.2000,0.1000,0
2025.05.15 16:19:58,BUY,1.2000,-0.2000,1
2025.05.15 16:25:47,BUY,1.1000,0.0000,0
2025.05.15 16:32:26,BUY,1.3000,-0.1000,0
2025.05.15 16:41:34,BUY,1.2000,0.0000,1
2025.05.15 16:52:08,SELL,1.2000,-0.1000,0
2025.05.15 17:07:43,SELL,1.2000,-0.1000,1
2025.05.15 17:16:41,BUY,1.3000,0.0000,0
2025.05.15 17:22:34,BUY,1.3000,0.0000,1
2025.05.15 17:32:05,BUY,1.3000,-0.1000,0
2025.05.15 17:37:05,BUY,1.2000,0.0000,0
2025.05.15 17:42:52,BUY,1.2000,0.0000,0
2025.05.15 17:47:57,SELL,1.1000,0.0000,0
2025.05.15 18:06:46,SELL,1.3000,0.0000,0
2025.05.15 18:23:55,BUY,1.2000,0.1000,1
2025.05.15 18:44:22,BUY,1.1000,0.0000,0
2025.05.15 18:49:22,SELL,1.2000,0.1000,0
2025.05.15 19:13:26,BUY,1.2000,-0.2000,0
2025.05.15 19:59:16,SELL,1.3000,-0.2000,0
2025.05.15 20:14:18,BUY,1.3000,-0.2000,1
2025.05.15 20:41:59,BUY,1.3000,0.0000,1
2025.05.15 21:03:01,SELL,1.2000,0.0000,1
2025.05.15 21:28:04,BUY,1.4000,-0.1000,1
2025.05.15 23:59:31,BUY,6.6000,0.0000,0
2025.05.16 00:27:55,BUY,10.6000,-1.9000,4
2025.05.16 00:39:15,SELL,3.2000,0.1000,0
2025.05.16 03:04:13,SELL,1.2000,0.0000,1
2025.05.16 03:09:15,BUY,1.3000,0.0000,0
2025.05.16 08:04:44,SELL,1.3000,-0.1000,1
2025.05.16 08:09:47,SELL,1.1000,-0.1000,0
2025.05.16 08:26:52,BUY,1.2000,0.1000,0
2025.05.16 09:05:21,BUY,1.3000,-0.5000,0
2025.05.16 09:58:22,BUY,1.2000,0.2000,2
2025.05.16 10:07:49,SELL,1.1000,0.0000,1
2025.05.16 10:18:10,BUY,1.3000,-0.3000,1
2025.05.16 10:29:22,SELL,1.2000,0.0000,0
2025.05.16 11:14:28,BUY,1.3000,-0.2000,0
2025.05.16 11:52:21,BUY,1.3000,-0.1000,0
2025.05.16 12:21:41,SELL,1.3000,-0.1000,2
2025.05.16 12:39:38,BUY,1.3000,0.0000,0
2025.05.16 12:58:13,BUY,1.2000,-0.4000,0
2025.05.16 13:08:09,BUY,1.2000,-0.1000,0
2025.05.16 13:17:12,SELL,1.3000,0.0000,0
2025.05.16 13:37:17,BUY,1.2000,0.0000,0
2025.05.16 14:09:02,SELL,1.3000,0.3000,0
2025.05.16 15:19:13,SELL,1.3000,-0.1000,0
2025.05.16 16:28:00,BUY,1.2000,-0.2000,0
2025.05.16 16:36:40,SELL,1.3000,-0.1000,0
2025.05.16 16:53:46,SELL,1.1000,0.0000,1
2025.05.16 17:01:31,BUY,1.4000,0.1000,0
2025.05.16 17:06:40,SELL,1.3000,0.1000,0
2025.05.16 17:12:41,BUY,1.2000,-0.2000,0
2025.05.16 17:18:11,BUY,1.4000,-0.4000,1
2025.05.16 17:23:56,SELL,0.8000,-0.2000,0
2025.05.16 17:28:57,BUY,1.3000,0.0000,1
2025.05.16 17:33:57,BUY,1.3000,0.1000,0
2025.05.16 17:38:59,BUY,1.3000,-0.3000,0
2025.05.16 17:48:07,SELL,1.3000,0.0000,1
2025.05.16 17:53:07,BUY,1.4000,0.1000,1
2025.05.16 18:06:11,BUY,1.2000,0.2000,0
2025.05.16 18:11:37,SELL,1.3000,0.0000,0
2025.05.16 18:16:37,BUY,1.4000,0.1000,0
2025.05.16 18:22:37,BUY,1.3000,-0.2000,1
2025.05.16 19:01:09,SELL,1.1000,-0.5000,0
2025.05.16 19:06:09,BUY,1.4000,-0.3000,1
2025.05.16 19:44:58,SELL,1.0000,0.2000,0
2025.05.16 20:46:54,SELL,1.1000,-0.3000,0
2025.05.16 21:41:55,SELL,1.2000,0.1000,1
2025.05.16 22:47:11,BUY,1.4000,0.0000,1
2025.05.16 23:48:55,SELL,1.5000,-0.5000,0
2025.05.16 23:53:55,SELL,1.5000,-0.1000,0
2025.05.19 00:00:52,SELL,8.8000,0.0000,8
2025.05.19 00:30:24,BUY,9.9000,0.0000,0
2025.05.19 01:00:13,SELL,4.8000,-0.5000,0
2025.05.19 01:49:28,SELL,1.2000,-0.1000,0
2025.05.19 02:42:28,BUY,1.5000,0.2000,1
2025.05.19 03:07:10,BUY,1.5000,-0.1000,0
2025.05.19 03:51:41,SELL,1.4000,-0.1000,1
2025.05.19 04:21:14,BUY,1.4000,0.1000,1
2025.05.19 04:34:42,BUY,1.4000,0.1000,1
2025.05.19 04:43:03,SELL,1.4000,0.1000,0
2025.05.19 04:48:33,BUY,1.5000,0.1000,0
2025.05.19 05:19:34,SELL,1.1000,0.1000,0
2025.05.19 05:32:53,BUY,1.5000,-0.1000,1
2025.05.19 08:51:38,SELL,1.3000,0.0000,0
2025.05.19 09:06:17,SELL,1.2000,-0.1000,0
2025.05.19 09:11:58,SELL,1.4000,0.0000,0
2025.05.19 09:17:00,SELL,1.3000,0.1000,0
2025.05.19 09:23:53,SELL,1.4000,0.2000,0
2025.05.19 09:31:06,SELL,1.4000,0.1000,1
2025.05.19 10:08:36,SELL,1.2000,0.1000,0
2025.05.19 10:24:31,SELL,1.1000,-0.2000,0
2025.05.19 10:29:31,SELL,1.4000,0.0000,0
2025.05.19 10:34:31,SELL,1.3000,0.1000,0
2025.05.19 10:51:15,SELL,1.3000,0.3000,0
2025.05.19 10:59:31,BUY,1.2000,0.0000,0
2025.05.19 11:04:32,SELL,1.3000,0.1000,0
2025.05.19 11:49:00,SELL,1.5000,0.0000,0
2025.05.19 11:54:00,SELL,1.4000,-0.2000,0
2025.05.19 12:03:38,SELL,1.3000,0.1000,0
2025.05.19 12:08:39,SELL,1.4000,0.1000,1
2025.05.19 12:23:56,BUY,1.4000,-0.3000,1
2025.05.19 12:38:49,SELL,1.2000,0.1000,0
2025.05.19 12:43:49,BUY,1.4000,0.1000,2
2025.05.19 12:58:16,SELL,1.2000,0.0000,0
2025.05.19 13:09:04,BUY,1.5000,-0.2000,1
2025.05.19 13:48:34,SELL,1.3000,-0.1000,0
2025.05.19 13:54:19,SELL,1.0000,-0.6000,1
2025.05.19 13:59:19,BUY,1.3000,-0.1000,1
2025.05.19 14:04:19,BUY,1.3000,-0.2000,1
2025.05.19 14:23:40,BUY,1.2000,0.3000,0
2025.05.19 14:29:14,BUY,1.3000,0.0000,0
2025.05.19 14:57:59,SELL,1.3000,0.1000,0
2025.05.19 15:04:28,BUY,1.4000,0.1000,1
2025.05.19 15:09:55,BUY,1.2000,0.1000,0
2025.05.19 15:31:07,BUY,1.3000,-0.1000,0
2025.05.19 15:46:41,BUY,1.3000,-0.1000,1
2025.05.19 16:02:55,BUY,1.3000,0.1000,0
2025.05.19 16:13:32,SELL,1.2000,0.0000,0
2025.05.19 16:18:46,BUY,1.3000,-0.5000,0
2025.05.19 16:24:03,SELL,1.3000,-0.3000,1
2025.05.19 16:33:43,BUY,1.4000,0.0000,0
2025.05.19 16:41:10,BUY,1.3000,0.0000,1
2025.05.19 17:02:14,BUY,1.2000,0.6000,1
2025.05.19 17:13:27,SELL,1.1000,0.3000,0
2025.05.19 17:24:38,BUY,1.2000,-0.8000,0
2025.05.19 17:30:45,SELL,1.1000,0.0000,0
2025.05.19 17:46:48,SELL,1.2000,0.3000,1
2025.05.19 17:53:55,SELL,1.2000,0.1000,0
2025.05.19 18:06:13,SELL,1.2000,0.1000,0
2025.05.19 18:13:25,SELL,1.3000,0.1000,0
2025.05.19 18:53:05,BUY,1.2000,-0.2000,0
2025.05.19 18:59:28,BUY,1.2000,0.3000,0
2025.05.19 19:19:40,BUY,1.3000,0.2000,1
2025.05.19 20:11:05,BUY,1.3000,0.1000,1
2025.05.19 21:41:39,BUY,1.4000,-0.1000,0
2025.05.19 21:48:39,SELL,1.3000,0.1000,0
2025.05.19 23:59:31,BUY,8.7000,0.9000,0
2025.05.20 00:06:30,SELL,4.5000,0.3000,4
2025.05.20 03:02:35,BUY,1.3000,-0.3000,0
2025.05.20 04:02:22,SELL,1.2000,-0.1000,1
2025.05.20 04:17:10,SELL,1.3000,0.0000,1
2025.05.20 04:22:10,BUY,1.2000,0.1000,0
2025.05.20 04:27:10,SELL,1.4000,0.1000,1
2025.05.20 05:57:34,BUY,1.3000,-0.4000,0
2025.05.20 06:07:45,SELL,1.1000,-0.2000,1
2025.05.20 08:01:23,SELL,1.3000,0.0000,1
2025.05.20 08:58:53,SELL,1.3000,-0.1000,0
2025.05.20 09:08:47,SELL,1.5000,-0.3000,1
2025.05.20 09:37:08,SELL,1.3000,-0.1000,1
2025.05.20 10:08:28,SELL,0.8000,-0.4000,1
2025.05.20 10:13:28,SELL,1.3000,0.1000,1
2025.05.20 10:32:30,BUY,1.5000,0.4000,0
2025.05.20 10:42:04,SELL,1.3000,0.0000,0
2025.05.20 11:04:59,BUY,1.4000,-0.1000,0
2025.05.20 11:36:20,BUY,1.2000,-0.1000,0
2025.05.20 11:44:04,BUY,1.2000,0.5000,0
2025.05.20 12:13:14,SELL,1.2000,-0.2000,0
2025.05.20 12:22:11,BUY,1.2000,0.0000,1
2025.05.20 12:28:20,SELL,1.3000,-0.1000,1
2025.05.20 12:39:14,BUY,1.3000,-0.2000,0
2025.05.20 13:11:44,BUY,1.4000,0.0000,2
2025.05.20 13:23:45,BUY,1.2000,-0.2000,0
2025.05.20 15:11:02,BUY,1.2000,0.0000,1
2025.05.20 15:18:14,BUY,1.3000,-0.1000,0
2025.05.20 15:23:15,BUY,1.3000,0.0000,0
2025.05.20 15:30:47,SELL,1.3000,0.1000,0
2025.05.20 16:01:52,BUY,1.3000,0.0000,0
2025.05.20 16:07:05,SELL,1.2000,0.0000,0
2025.05.20 16:12:38,BUY,1.4000,-0.1000,0
2025.05.20 16:47:59,SELL,1.0000,-0.1000,0
2025.05.20 17:00:46,SELL,1.2000,0.0000,0
2025.05.20 17:09:46,SELL,0.8000,-0.3000,0
2025.05.20 17:18:27,BUY,1.3000,-0.1000,0
2025.05.20 17:23:27,SELL,1.2000,0.0000,0
2025.05.20 17:28:27,SELL,1.3000,-0.1000,0
2025.05.20 17:33:56,BUY,1.3000,-0.1000,1
2025.05.20 17:41:42,SELL,1.2000,-0.2000,0
2025.05.20 17:53:01,SELL,1.0000,0.1000,0
2025.05.20 18:07:53,BUY,1.4000,0.1000,1
2025.05.20 18:14:27,BUY,1.2000,0.1000,0
2025.05.20 18:34:38,BUY,1.3000,0.2000,0
2025.05.20 19:54:27,SELL,1.1000,-0.1000,0
2025.05.20 20:17:34,SELL,1.1000,0.1000,0
2025.05.21 03:27:20,SELL,1.2000,0.1000,0
2025.05.21 04:01:29,SELL,1.3000,0.0000,0
2025.05.21 04:57:00,SELL,1.3000,0.3000,0
2025.05.21 05:03:05,SELL,1.2000,0.0000,0
2025.05.21 05:09:15,SELL,0.8000,-0.4000,0
2025.05.21 05:14:15,SELL,1.4000,0.2000,1
2025.05.21 06:34:40,SELL,1.2000,0.1000,0
2025.05.21 06:53:12,SELL,1.3000,-0.2000,1
2025.05.21 07:58:09,BUY,1.3000,-0.1000,5
2025.05.21 08:06:34,BUY,1.2000,0.0000,1
2025.05.21 08:24:13,SELL,1.3000,0.0000,1
2025.05.21 08:31:20,BUY,1.2000,0.0000,0
2025.05.21 08:43:47,SELL,1.4000,0.0000,2
2025.05.21 09:01:45,BUY,1.4000,-0.1000,0
2025.05.21 09:10:57,SELL,1.3000,0.0000,0
2025.05.21 09:15:57,SELL,1.4000,0.1000,0
2025.05.21 09:36:38,SELL,1.5000,0.1000,0
2025.05.21 09:41:57,BUY,1.2000,0.1000,1
2025.05.21 09:47:10,BUY,1.3000,0.2000,1
2025.05.21 09:57:39,BUY,1.3000,0.1000,1
2025.05.21 10:02:43,BUY,1.3000,0.1000,0
2025.05.21 10:11:10,BUY,1.3000,0.1000,0
2025.05.21 10:16:10,BUY,1.3000,0.5000,0
2025.05.21 10:21:50,SELL,0.8000,0.1000,0
2025.05.21 10:45:21,BUY,1.4000,0.0000,0
2025.05.21 11:01:28,SELL,1.3000,0.2000,0
2025.05.21 11:09:09,BUY,1.3000,-0.1000,1
2025.05.21 11:56:49,SELL,1.3000,-0.1000,0
2025.05.21 12:02:56,SELL,1.3000,0.0000,0
2025.05.21 12:23:27,BUY,1.4000,-0.1000,0
2025.05.21 12:41:41,SELL,1.4000,0.1000,1
2025.05.21 12:59:08,SELL,1.0000,-0.4000,0
2025.05.21 13:08:43,SELL,1.3000,-0.2000,1
2025.05.21 13:14:37,SELL,1.3000,-0.1000,0
2025.05.21 13:19:55,SELL,1.2000,0.1000,0
2025.05.21 13:24:57,SELL,1.3000,-0.1000,1
2025.05.21 13:31:21,BUY,1.3000,0.2000,1
2025.05.21 13:46:02,BUY,1.3000,0.0000,1
2025.05.21 14:12:08,BUY,1.2000,0.2000,0
2025.05.21 14:28:08,BUY,1.3000,0.1000,0
2025.05.21 14:57:39,BUY,1.3000,0.1000,0
2025.05.21 15:06:52,BUY,1.4000,-0.3000,0
2025.05.21 15:11:52,SELL,1.2000,0.0000,1
2025.05.21 15:16:52,SELL,1.2000,0.0000,1
2025.05.21 15:53:49,SELL,1.4000,0.1000,0
2025.05.21 15:58:49,SELL,1.3000,0.0000,0
2025.05.21 16:06:13,BUY,1.3000,0.0000,0
2025.05.21 16:23:33,SELL,1.3000,0.1000,1
2025.05.21 16:37:59,BUY,1.3000,0.0000,0
2025.05.21 16:49:08,BUY,0.8000,-0.2000,1
2025.05.21 16:55:57,SELL,1.2000,-0.1000,0
2025.05.21 17:01:48,SELL,1.2000,-0.4000,0
2025.05.21 17:07:01,SELL,1.3000,-0.2000,0
2025.05.21 17:12:01,SELL,1.3000,0.0000,0
2025.05.21 17:17:01,BUY,1.3000,-0.2000,1
2025.05.21 17:24:05,BUY,1.3000,-0.1000,0
2025.05.21 17:34:44,SELL,1.3000,-0.1000,0
2025.05.21 17:46:36,BUY,1.5000,0.0000,0
2025.05.21 17:52:28,BUY,1.3000,0.0000,1
2025.05.21 18:07:51,SELL,1.3000,0.5000,0
2025.05.21 18:16:12,BUY,1.3000,0.0000,0
2025.05.21 18:27:23,SELL,1.2000,0.1000,0
2025.05.21 18:46:56,BUY,1.3000,0.1000,0
2025.05.21 18:51:57,SELL,0.8000,0.1000,0
2025.05.21 18:59:49,SELL,1.3000,0.0000,0
2025.05.21 19:06:55,SELL,1.2000,-0.1000,1
2025.05.21 19:13:29,BUY,1.3000,0.1000,1
2025.05.21 20:03:58,SELL,0.8000,-0.5000,1
2025.05.21 20:21:00,SELL,1.2000,0.1000,1
2025.05.21 20:31:00,BUY,0.9000,-0.2000,1
2025.05.21 20:42:20,SELL,1.3000,0.1000,0
2025.05.21 20:57:43,SELL,1.3000,0.0000,0
2025.05.21 21:14:16,BUY,1.2000,0.1000,0
2025.05.21 21:26:35,BUY,1.4000,0.1000,1
2025.05.21 21:47:42,BUY,1.2000,0.1000,0
2025.05.21 21:53:43,BUY,1.3000,0.1000,0
2025.05.21 22:18:36,BUY,1.3000,-0.1000,0
2025.05.21 22:54:56,BUY,1.2000,0.0000,0
2025.05.21 22:59:56,BUY,1.4000,0.1000,0
2025.05.21 23:59:59,BUY,12.5000,0.2000,0
2025.05.22 01:04:27,BUY,1.5000,-0.2000,7
2025.05.22 01:11:37,BUY,1.5000,0.3000,0
2025.05.22 01:17:03,BUY,1.5000,-0.1000,0
2025.05.22 01:44:05,BUY,1.5000,0.1000,17
2025.05.22 03:12:52,SELL,1.4000,0.2000,0
2025.05.22 03:17:55,BUY,1.2000,0.1000,1
2025.05.22 03:32:44,BUY,1.5000,0.0000,0
2025.05.22 03:58:56,BUY,1.4000,-0.4000,0
2025.05.22 04:03:56,BUY,1.5000,0.1000,3
2025.05.22 04:13:20,SELL,1.4000,-0.1000,0
2025.05.22 04:21:44,SELL,1.4000,-0.2000,1
2025.05.22 04:34:51,BUY,1.4000,0.1000,1
2025.05.22 04:56:17,SELL,1.3000,0.1000,0
2025.05.22 05:08:05,BUY,1.4000,0.1000,0
2025.05.22 05:13:05,SELL,1.5000,0.2000,0
2025.05.22 05:49:07,BUY,1.5000,-0.1000,0
2025.05.22 07:32:14,BUY,1.2000,0.1000,0
2025.05.22 08:24:02,SELL,1.2000,0.0000,0
2025.05.22 09:26:35,BUY,1.4000,-0.1000,0
2025.05.22 09:31:35,BUY,1.4000,0.1000,1
2025.05.22 09:48:05,BUY,1.2000,0.1000,0
2025.05.22 10:11:10,BUY,1.3000,-0.1000,1
2025.05.22 10:16:13,SELL,1.3000,0.1000,1
2025.05.22 10:26:41,SELL,1.0000,0.0000,0
2025.05.22 10:31:43,BUY,1.3000,0.1000,0
2025.05.22 10:36:50,SELL,0.9000,0.0000,0
2025.05.22 10:43:00,SELL,0.8000,-0.5000,0
2025.05.22 11:01:16,BUY,1.4000,-0.1000,2
2025.05.22 11:06:30,SELL,1.3000,0.1000,0
2025.05.22 11:15:32,BUY,1.0000,0.1000,0
2025.05.22 11:31:41,BUY,0.8000,-0.5000,0
2025.05.22 11:43:04,BUY,0.8000,0.1000,0
2025.05.22 11:52:14,BUY,1.2000,0.0000,0
2025.05.22 11:59:53,BUY,1.4000,-0.3000,1
2025.05.22 12:04:59,BUY,1.5000,-0.1000,0
2025.05.22 12:13:08,SELL,0.8000,-0.2000,1
2025.05.22 12:29:26,BUY,1.2000,-0.1000,0
2025.05.22 12:42:54,SELL,1.4000,0.0000,0
2025.05.22 12:59:29,BUY,1.3000,0.1000,1
2025.05.22 14:02:46,SELL,1.2000,-0.1000,0
2025.05.22 14:14:01,SELL,1.3000,-0.1000,0
2025.05.22 14:37:20,BUY,1.4000,0.1000,0
2025.05.22 14:54:24,SELL,1.3000,-0.3000,0
2025.05.22 15:04:51,SELL,1.3000,0.1000,1
2025.05.22 15:09:59,BUY,1.3000,0.2000,0
2025.05.22 15:31:33,BUY,1.4000,-0.1000,1
2025.05.22 15:36:35,BUY,1.4000,-0.1000,0
2025.05.22 15:53:25,BUY,1.3000,-0.5000,0
2025.05.22 15:58:25,SELL,1.3000,-0.1000,1
2025.05.22 16:03:25,SELL,1.3000,0.1000,2
2025.05.22 16:19:24,BUY,1.4000,-0.1000,0
2025.05.22 16:33:09,BUY,1.0000,-0.3000,0
2025.05.22 16:45:00,BUY,3.2000,-0.3000,0
2025.05.22 16:52:22,BUY,1.5000,-0.1000,0
2025.05.22 16:59:14,BUY,1.3000,-0.4000,0
2025.05.22 17:04:15,SELL,1.2000,0.0000,0
2025.05.22 17:09:15,SELL,1.2000,-0.2000,0
2025.05.22 17:14:15,BUY,1.3000,-0.1000,0
2025.05.22 17:24:32,SELL,1.3000,-0.1000,0
2025.05.22 17:41:38,BUY,1.3000,0.0000,0
2025.05.22 17:49:30,BUY,1.3000,-0.2000,0
2025.05.22 17:54:30,BUY,1.4000,-0.2000,1
2025.05.22 18:06:56,BUY,1.3000,-0.2000,0
2025.05.22 18:14:56,SELL,1.1000,-0.3000,0
2025.05.22 18:23:05,SELL,1.3000,0.0000,0
2025.05.22 18:28:05,SELL,1.2000,0.1000,0
2025.05.22 18:55:25,BUY,1.2000,0.0000,0
2025.05.22 19:19:50,BUY,1.4000,0.0000,0
2025.05.22 19:42:08,BUY,1.2000,0.0000,1
2025.05.22 19:57:30,BUY,1.0000,-0.2000,0
2025.05.22 20:19:39,BUY,1.2000,0.1000,0
2025.05.22 20:28:06,BUY,1.4000,0.2000,0
2025.05.22 20:47:56,SELL,1.2000,0.2000,0
2025.05.22 21:18:10,BUY,1.3000,0.0000,1
2025.05.22 21:46:28,SELL,1.3000,0.1000,1
2025.05.22 22:02:57,SELL,1.3000,0.1000,1
2025.05.22 22:57:52,BUY,1.3000,-0.1000,3
2025.05.23 03:56:32,BUY,1.3000,0.1000,0
2025.05.23 04:38:54,SELL,1.3000,-0.2000,0
2025.05.23 04:44:29,SELL,1.3000,0.0000,0
2025.05.23 04:51:04,SELL,1.3000,0.3000,1
2025.05.23 05:39:16,SELL,1.2000,0.0000,1
2025.05.23 08:32:54,BUY,1.4000,-0.1000,0
2025.05.23 08:38:57,BUY,1.2000,0.0000,0
2025.05.23 08:48:26,SELL,1.3000,0.0000,1
2025.05.23 08:55:42,SELL,1.3000,-0.4000,1
2025.05.23 09:26:34,BUY,1.5000,0.1000,0
2025.05.23 10:04:37,SELL,1.2000,0.9000,6
2025.05.23 10:13:33,SELL,1.3000,0.2000,0
2025.05.23 10:21:34,SELL,1.1000,-0.9000,0
2025.05.23 10:28:20,BUY,1.2000,0.0000,0
2025.05.23 10:34:53,BUY,1.3000,-0.1000,0
2025.05.23 11:18:00,BUY,1.2000,0.1000,0
2025.05.23 12:04:22,SELL,1.4000,0.0000,1
2025.05.23 12:09:23,BUY,1.0000,0.4000,0
2025.05.23 13:06:45,BUY,1.4000,0.1000,1
2025.05.23 13:12:51,SELL,0.8000,-0.1000,0
2025.05.23 13:22:56,BUY,1.1000,0.0000,0
2025.05.23 14:09:46,BUY,1.4000,-0.2000,0
2025.05.23 14:19:35,SELL,1.2000,0.0000,0
2025.05.23 14:24:38,SELL,1.2000,-0.2000,0
2025.05.23 14:29:38,BUY,1.4000,-0.3000,0
2025.05.23 14:34:38,SELL,1.4000,0.1000,1
2025.05.23 14:39:47,SELL,1.1000,-0.3000,1
2025.05.23 14:44:47,BUY,0.8000,-2.2000,0
2025.05.23 14:49:58,BUY,1.4000,0.1000,0
2025.05.23 14:54:58,BUY,1.1000,1.4000,0
2025.05.23 14:59:58,SELL,1.4000,1.1000,0
2025.05.23 15:05:54,BUY,1.3000,0.0000,0
2025.05.23 15:11:01,SELL,1.3000,0.0000,0
2025.05.23 15:17:36,SELL,1.2000,0.1000,0
2025.05.23 15:31:33,SELL,0.8000,-0.4000,0
2025.05.23 15:41:31,SELL,1.3000,0.1000,0
2025.05.23 15:48:02,BUY,1.4000,-0.3000,0
2025.05.23 16:02:59,BUY,1.2000,-0.2000,1
2025.05.23 16:08:15,BUY,1.5000,-0.2000,0
2025.05.23 16:16:37,SELL,1.4000,0.1000,0
2025.05.23 16:23:53,BUY,1.4000,0.1000,0
2025.05.23 16:35:48,BUY,1.5000,0.1000,0
2025.05.23 16:49:54,BUY,1.4000,-0.2000,0
2025.05.23 16:59:52,BUY,1.5000,-0.1000,0
2025.05.23 17:04:52,SELL,1.3000,0.0000,0
2025.05.23 17:09:53,SELL,1.3000,0.0000,0
2025.05.23 17:16:21,SELL,1.4000,-0.1000,1
2025.05.23 17:25:34,BUY,1.4000,0.1000,1
2025.05.23 17:42:53,SELL,1.3000,-0.1000,0
2025.05.23 17:50:50,SELL,1.3000,0.3000,0
2025.05.23 17:58:05,SELL,1.3000,-0.1000,0
2025.05.23 18:03:40,BUY,1.3000,0.0000,3
2025.05.23 18:19:43,BUY,1.3000,0.0000,1
2025.05.23 18:32:07,SELL,1.3000,-0.1000,1
2025.05.23 18:38:41,SELL,1.4000,-0.1000,0
2025.05.23 18:51:33,SELL,1.3000,0.0000,1
2025.05.23 19:04:00,BUY,1.3000,-0.4000,0
2025.05.23 19:12:43,SELL,1.3000,0.1000,0
2025.05.23 19:36:06,SELL,1.3000,0.1000,1
2025.05.23 20:59:58,BUY,1.3000,0.0000,0
2025.05.23 21:24:18,BUY,1.4000,-0.1000,1
2025.05.23 22:04:11,SELL,1.4000,0.1000,0
2025.05.23 23:13:15,BUY,1.4000,0.0000,0
2025.05.23 23:57:21,BUY,7.3000,0.0000,1
2025.05.26 01:10:06,SELL,0.8000,-0.1000,0
2025.05.26 01:18:00,BUY,1.5000,0.1000,0
2025.05.26 01:23:00,BUY,1.5000,0.0000,0
2025.05.26 01:28:00,SELL,1.0000,0.4000,0
2025.05.26 01:41:52,SELL,1.1000,0.3000,0
2025.05.26 03:01:00,SELL,1.5000,0.0000,1
2025.05.26 03:08:05,BUY,1.4000,0.1000,1
2025.05.26 03:15:59,SELL,1.5000,-0.3000,1
2025.05.26 03:53:02,SELL,1.2000,0.0000,0
2025.05.26 04:09:26,BUY,1.4000,0.1000,6
2025.05.26 04:16:23,SELL,1.3000,-0.2000,0
2025.05.26 04:31:46,BUY,1.5000,0.0000,4
2025.05.26 04:39:03,SELL,1.4000,0.0000,1
2025.05.26 04:49:04,SELL,1.3000,0.0000,0
2025.05.26 04:54:05,SELL,1.4000,0.2000,1
2025.05.26 05:48:48,SELL,1.5000,-0.2000,0
2025.05.26 05:53:48,BUY,1.4000,0.0000,0
2025.05.26 07:33:24,BUY,1.5000,-0.1000,0
2025.05.26 08:52:16,SELL,1.3000,0.0000,0
2025.05.26 09:03:20,BUY,1.4000,0.0000,3
2025.05.26 09:29:14,BUY,1.4000,0.0000,0
2025.05.26 10:03:36,BUY,1.4000,0.0000,2
2025.05.26 10:14:27,BUY,1.4000,0.1000,0
2025.05.26 10:31:32,BUY,1.4000,0.1000,2
2025.05.26 11:01:56,SELL,1.3000,0.2000,1
2025.05.26 11:21:12,BUY,1.5000,0.0000,0
2025.05.26 11:28:17,SELL,1.3000,0.2000,1
2025.05.26 12:42:24,BUY,1.2000,0.0000,1
2025.05.26 13:39:35,SELL,1.0000,0.4000,0
2025.05.26 15:18:21,BUY,1.0000,0.2000,1
2025.05.26 15:33:56,SELL,1.3000,-0.1000,0
2025.05.26 23:59:58,BUY,12.1000,0.7000,0
2025.05.27 00:06:30,SELL,5.0000,0.0000,60
2025.05.27 01:01:38,SELL,0.8000,0.1000,1
2025.05.27 03:07:54,SELL,1.0000,-0.1000,1
2025.05.27 04:43:36,BUY,1.0000,0.1000,1
2025.05.27 05:14:26,SELL,1.0000,-0.1000,1
2025.05.27 07:34:18,BUY,0.9000,-0.1000,0
2025.05.27 08:26:41,BUY,1.1000,0.1000,1
2025.05.27 08:39:26,SELL,0.9000,0.1000,1
2025.05.27 09:03:36,SELL,0.9000,-0.1000,0
2025.05.27 09:45:39,BUY,0.8000,-0.2000,0
2025.05.27 09:51:39,BUY,0.8000,0.1000,0
2025.05.27 09:57:41,BUY,0.1000,0.1000,1
2025.05.27 10:20:45,BUY,1.4000,-2.3000,31
2025.05.27 10:28:17,BUY,0.0000,0.5000,1
2025.05.27 10:47:32,BUY,1.3000,0.1000,1
2025.05.27 10:58:44,BUY,1.3000,0.1000,0
2025.05.27 11:04:31,SELL,1.1000,0.3000,0
2025.05.27 11:53:02,BUY,1.3000,0.0000,0
2025.05.27 12:24:17,BUY,1.3000,0.1000,0
2025.05.27 13:16:04,BUY,1.4000,0.2000,0
2025.05.27 13:23:59,SELL,1.1000,0.3000,0
2025.05.27 13:49:38,BUY,1.4000,0.0000,1
2025.05.27 14:03:43,SELL,1.2000,0.1000,1
2025.05.27 14:20:45,SELL,1.3000,0.1000,0
2025.05.27 15:04:22,SELL,1.1000,-0.1000,0
2025.05.27 15:23:49,SELL,0.8000,0.0000,0
2025.05.27 15:38:21,SELL,1.3000,0.1000,0
2025.05.27 16:04:22,SELL,1.1000,0.0000,1
2025.05.27 16:13:07,BUY,1.3000,0.1000,1
2025.05.27 16:24:29,SELL,1.3000,-0.1000,1
2025.05.27 16:39:35,SELL,1.2000,0.1000,0
2025.05.27 16:46:53,BUY,1.2000,0.1000,2
2025.05.27 17:00:03,BUY,1.1000,0.6000,0
2025.05.27 17:07:05,SELL,1.3000,-0.7000,0
2025.05.27 17:35:41,BUY,1.2000,-0.6000,0
2025.05.27 18:18:35,BUY,1.2000,0.1000,0
2025.05.27 18:24:16,SELL,1.1000,0.1000,0
2025.05.27 18:32:14,BUY,1.4000,0.0000,0
2025.05.27 18:46:19,SELL,1.0000,0.0000,0
2025.05.27 18:55:15,BUY,1.3000,0.0000,0
2025.05.27 23:00:51,BUY,1.5000,0.0000,1
2025.05.27 23:59:45,BUY,9.0000,-0.8000,0
2025.05.28 00:57:22,BUY,10.6000,0.0000,0
2025.05.28 03:54:14,BUY,1.4000,0.0000,0
2025.05.28 04:06:36,BUY,1.4000,-0.1000,0
2025.05.28 04:13:11,SELL,1.3000,0.2000,1
2025.05.28 04:19:54,SELL,1.0000,0.1000,0
2025.05.28 04:24:54,SELL,1.3000,0.1000,1
2025.05.28 04:40:49,BUY,1.4000,0.0000,0
2025.05.28 05:13:44,SELL,1.3000,0.1000,1
2025.05.28 05:28:14,SELL,1.2000,0.1000,0
2025.05.28 05:38:06,BUY,1.4000,0.7000,1
2025.05.28 06:54:13,BUY,1.4000,0.1000,1
2025.05.28 07:09:53,BUY,1.3000,0.0000,0
2025.05.28 08:49:25,SELL,1.3000,0.1000,1
2025.05.28 08:59:11,SELL,1.2000,0.0000,0
2025.05.28 09:07:40,BUY,1.3000,0.1000,1
2025.05.28 09:18:27,SELL,1.3000,0.0000,2
2025.05.28 09:42:00,BUY,1.3000,0.2000,0
2025.05.28 10:00:36,SELL,1.3000,0.1000,1
2025.05.28 10:07:49,SELL,1.2000,0.1000,0
2025.05.28 10:32:51,SELL,1.3000,0.0000,1
2025.05.28 10:53:32,SELL,1.2000,0.1000,2
2025.05.28 11:03:34,SELL,1.2000,0.0000,0
2025.05.28 11:08:34,BUY,1.4000,-0.3000,1
2025.05.28 11:19:16,BUY,1.3000,-0.1000,1
2025.05.28 12:08:13,BUY,1.3000,-0.1000,1
2025.05.28 12:14:38,SELL,1.3000,0.1000,4
2025.05.28 13:24:36,SELL,1.3000,0.0000,1
2025.05.28 13:48:29,BUY,1.4000,0.0000,1
2025.05.28 13:58:37,BUY,1.3000,0.0000,3
2025.05.28 15:02:29,SELL,1.4000,0.1000,0
2025.05.28 15:14:44,BUY,1.4000,0.0000,0
2025.05.28 15:37:15,BUY,1.3000,0.1000,0
2025.05.28 15:48:31,SELL,1.3000,-0.7000,1
2025.05.28 15:57:50,BUY,1.3000,0.0000,0
2025.05.28 16:05:36,BUY,1.2000,0.0000,0
2025.05.28 16:12:36,BUY,1.1000,-0.4000,0
2025.05.28 16:19:08,SELL,1.2000,-0.1000,0
2025.05.28 16:27:59,BUY,1.4000,0.3000,1
2025.05.28 16:33:18,SELL,1.2000,0.4000,1
2025.05.28 16:43:00,BUY,1.3000,0.0000,1
2025.05.28 16:51:08,SELL,1.3000,-0.1000,1
2025.05.28 16:56:31,BUY,1.3000,-0.3000,1
2025.05.28 17:03:23,SELL,1.3000,-0.2000,1
2025.05.28 17:12:48,SELL,0.8000,-0.3000,0
2025.05.28 17:48:00,BUY,1.3000,0.5000,0
2025.05.28 17:53:00,BUY,1.2000,-0.2000,1
2025.05.28 17:58:43,BUY,1.3000,0.0000,0
2025.05.28 18:11:49,BUY,1.2000,-0.1000,1
2025.05.28 18:17:09,BUY,1.2000,-0.1000,1
2025.05.28 18:33:34,BUY,1.2000,0.1000,0
2025.05.28 18:38:52,BUY,1.2000,0.1000,1
2025.05.28 19:02:56,SELL,1.2000,0.2000,0
2025.05.28 19:13:29,SELL,1.0000,-0.1000,0
2025.05.28 20:32:04,BUY,1.3000,0.5000,0
2025.05.28 20:43:19,BUY,1.3000,0.0000,0
2025.05.28 21:19:29,BUY,1.3000,0.1000,1
2025.05.28 21:52:16,SELL,1.3000,-0.4000,0
2025.05.28 23:59:32,BUY,9.3000,0.7000,2
2025.05.29 02:11:48,BUY,1.4000,0.0000,0
2025.05.29 02:16:48,BUY,1.3000,0.0000,2
2025.05.29 02:32:38,BUY,1.4000,0.1000,0
2025.05.29 02:37:38,BUY,0.8000,0.2000,0
2025.05.29 02:42:38,SELL,1.3000,-0.1000,0
2025.05.29 02:47:38,SELL,1.3000,0.1000,0
2025.05.29 02:53:02,SELL,1.0000,-0.6000,1
2025.05.29 02:58:02,BUY,1.4000,0.1000,0
2025.05.29 03:04:03,SELL,1.4000,-0.1000,1
2025.05.29 03:09:04,SELL,1.3000,0.1000,0
2025.05.29 03:14:04,BUY,1.5000,0.0000,2
2025.05.29 03:19:04,BUY,1.5000,-0.1000,0
2025.05.29 03:24:04,SELL,1.3000,0.0000,0
2025.05.29 03:29:04,SELL,1.5000,-0.1000,0
2025.05.29 03:36:37,BUY,1.1000,0.0000,0
2025.05.29 03:43:17,BUY,1.3000,0.2000,1
2025.05.29 03:52:20,SELL,1.4000,0.0000,0
2025.05.29 03:57:23,BUY,1.5000,-0.1000,1
2025.05.29 04:02:23,BUY,1.3000,0.3000,0
2025.05.29 04:07:23,SELL,1.5000,0.0000,1
2025.05.29 04:12:24,SELL,1.5000,0.0000,0
2025.05.29 04:19:16,BUY,1.5000,0.1000,4
2025.05.29 04:24:16,SELL,1.4000,0.0000,0
2025.05.29 04:38:10,SELL,1.4000,0.2000,3
2025.05.29 05:04:26,BUY,1.4000,-0.3000,0
2025.05.29 05:53:29,BUY,1.2000,0.2000,1
2025.05.29 06:19:51,SELL,1.4000,0.3000,0
2025.05.29 08:38:30,BUY,1.4000,0.2000,0
2025.05.29 08:47:07,BUY,1.4000,-0.1000,0
2025.05.29 08:54:23,SELL,1.3000,0.1000,2
2025.05.29 08:59:47,SELL,1.4000,-0.2000,1
2025.05.29 09:13:50,SELL,1.2000,-0.1000,0
2025.05.29 09:19:56,SELL,1.3000,0.1000,0
2025.05.29 09:24:56,SELL,1.3000,0.0000,0
2025.05.29 09:29:56,SELL,1.4000,-0.1000,0
2025.05.29 09:36:13,BUY,1.1000,-0.1000,0
2025.05.29 10:01:18,SELL,1.2000,0.0000,0
2025.05.29 10:06:21,BUY,1.5000,-0.2000,1
2025.05.29 10:13:59,SELL,1.3000,-0.1000,0
2025.05.29 10:18:59,BUY,1.2000,0.1000,1
2025.05.29 10:39:22,SELL,1.2000,0.1000,0
2025.05.29 11:18:00,BUY,1.4000,0.1000,1
2025.05.29 11:37:10,SELL,1.3000,0.2000,0
2025.05.29 11:42:11,BUY,1.3000,0.2000,0
2025.05.29 11:53:35,BUY,1.4000,-0.4000,0
2025.05.29 11:58:36,SELL,1.3000,0.0000,0
2025.05.29 12:31:53,SELL,1.3000,-0.1000,0
2025.05.29 13:19:30,SELL,1.3000,0.1000,0
2025.05.29 14:18:55,BUY,1.4000,0.0000,1
2025.05.29 14:37:43,BUY,1.3000,0.0000,1
2025.05.29 14:42:54,BUY,1.2000,0.1000,0
2025.05.29 14:57:31,BUY,1.3000,-0.1000,0
2025.05.29 15:02:31,SELL,1.3000,0.3000,1
2025.05.29 15:08:01,SELL,1.5000,-0.1000,0
2025.05.29 15:13:55,SELL,1.2000,0.1000,0
2025.05.29 15:18:55,SELL,1.3000,-0.2000,0
2025.05.29 15:30:17,SELL,1.5000,1.2000,0
2025.05.29 15:39:14,SELL,1.3000,-0.9000,0
2025.05.29 15:44:14,SELL,1.1000,0.1000,0
2025.05.29 15:49:20,SELL,1.2000,0.0000,1
2025.05.29 15:57:35,SELL,1.0000,-0.8000,1
2025.05.29 16:07:04,SELL,1.2000,0.1000,1
2025.05.29 16:24:00,SELL,1.1000,-0.2000,0
2025.05.29 16:33:51,BUY,1.4000,-0.1000,0
2025.05.29 16:39:16,BUY,1.3000,0.2000,1
2025.05.29 16:47:27,SELL,1.3000,0.0000,1
2025.05.29 16:54:04,SELL,1.1000,0.0000,0
2025.05.29 17:00:35,SELL,1.3000,-0.1000,1
2025.05.29 17:08:24,SELL,1.3000,-0.1000,1
2025.05.29 17:13:24,BUY,1.4000,-0.1000,0
2025.05.29 17:22:05,SELL,1.4000,-0.1000,0
2025.05.29 17:29:14,BUY,1.3000,0.2000,0
2025.05.29 17:34:14,SELL,1.3000,-0.1000,0
2025.05.29 17:39:14,BUY,1.3000,-0.1000,1
2025.05.29 17:47:11,SELL,1.3000,-0.1000,0
2025.05.29 17:59:06,BUY,1.3000,0.0000,0
2025.05.29 18:04:06,SELL,1.2000,0.1000,1
2025.05.29 18:16:20,SELL,0.9000,0.0000,0
2025.05.29 18:31:18,SELL,0.8000,-0.1000,0
2025.05.29 18:56:52,SELL,1.0000,-0.3000,1
2025.05.29 19:15:58,SELL,1.3000,0.0000,0
2025.05.29 19:38:19,SELL,1.2000,0.5000,1
2025.05.29 20:34:46,SELL,1.1000,-0.2000,0
2025.05.29 20:39:48,SELL,1.3000,0.0000,0
2025.05.29 20:44:48,SELL,1.2000,0.1000,0
2025.05.29 20:49:48,BUY,1.3000,0.0000,1
2025.05.29 21:01:03,SELL,1.2000,0.5000,1
2025.05.29 21:24:31,BUY,1.3000,-0.1000,0
2025.05.29 22:18:45,BUY,1.2000,-0.4000,1
2025.05.29 23:59:35,BUY,7.4000,0.6000,1
2025.05.30 00:06:47,SELL,5.6000,7.0000,13
2025.05.30 01:24:44,SELL,1.4000,0.1000,1
2025.05.30 03:07:15,BUY,1.3000,0.2000,3
2025.05.30 03:17:31,SELL,1.3000,0.0000,1
2025.05.30 03:32:29,BUY,1.3000,-0.6000,0
2025.05.30 04:05:12,SELL,1.1000,-0.1000,0
2025.05.30 04:17:55,SELL,1.3000,0.0000,0
2025.05.30 04:27:37,BUY,1.1000,-0.1000,0
2025.05.30 04:34:53,BUY,1.3000,0.0000,0
2025.05.30 04:39:53,BUY,1.3000,-0.1000,0
2025.05.30 04:57:42,BUY,1.1000,0.0000,0
2025.05.30 05:14:15,BUY,1.3000,0.0000,0
2025.05.30 06:03:41,SELL,1.3000,-0.2000,1
2025.05.30 09:03:56,BUY,1.3000,0.1000,1
2025.05.30 09:38:17,SELL,1.4000,-0.1000,0
2025.05.30 10:00:25,BUY,1.0000,-0.2000,0
2025.05.30 10:09:20,BUY,1.3000,0.0000,0
2025.05.30 10:17:57,BUY,1.3000,-0.1000,0
2025.05.30 10:57:35,BUY,1.3000,-0.1000,0
2025.05.30 11:02:35,SELL,1.3000,-0.2000,0
2025.05.30 11:08:19,BUY,1.2000,0.1000,0
2025.05.30 11:13:48,BUY,1.2000,0.0000,1
2025.05.30 11:19:32,SELL,1.2000,0.1000,0
2025.05.30 11:34:42,SELL,1.3000,-0.1000,0
2025.05.30 11:48:48,BUY,1.3000,0.0000,1
2025.05.30 11:53:48,BUY,1.3000,0.0000,0
2025.05.30 11:59:50,BUY,1.3000,-0.3000,0
2025.05.30 12:04:50,SELL,1.3000,0.1000,0
2025.05.30 12:27:41,SELL,1.4000,-0.4000,0
2025.05.30 12:34:00,BUY,1.3000,0.5000,0
2025.05.30 13:13:11,SELL,1.3000,0.0000,1
2025.05.30 13:26:22,BUY,1.3000,-0.1000,1
2025.05.30 14:03:54,SELL,1.3000,-0.1000,1
2025.05.30 14:19:03,SELL,1.3000,0.0000,0
2025.05.30 14:55:45,SELL,1.3000,0.0000,2
2025.05.30 15:09:02,SELL,1.3000,-0.1000,0
2025.05.30 15:14:02,SELL,1.4000,0.3000,0
2025.05.30 15:19:02,BUY,1.3000,0.0000,0
2025.05.30 15:24:03,SELL,1.2000,0.4000,0
2025.05.30 15:33:00,BUY,1.4000,0.1000,1
2025.05.30 15:38:03,SELL,1.3000,0.2000,1
2025.05.30 15:47:09,BUY,1.3000,0.4000,1
2025.05.30 15:58:04,SELL,1.2000,0.0000,0
2025.05.30 16:04:33,BUY,1.0000,0.4000,1
2025.05.30 16:16:39,BUY,1.2000,-0.1000,0
2025.05.30 16:23:48,BUY,1.1000,-0.2000,1
2025.05.30 16:38:38,SELL,1.3000,0.0000,0
2025.05.30 16:43:38,BUY,1.2000,-0.3000,0
2025.05.30 16:49:01,BUY,1.3000,0.1000,1
2025.05.30 16:56:46,BUY,1.3000,-0.1000,1
2025.05.30 17:04:46,SELL,1.2000,0.0000,0
2025.05.30 17:09:46,SELL,1.3000,0.0000,0
2025.05.30 17:18:58,BUY,1.2000,0.1000,0
2025.05.30 17:23:58,SELL,1.2000,-0.1000,1
2025.05.30 17:29:41,BUY,1.3000,-0.1000,1
2025.05.30 17:35:56,SELL,1.0000,-0.1000,0
2025.05.30 17:46:14,BUY,1.3000,0.4000,0
2025.05.30 17:51:16,SELL,1.2000,0.1000,0
2025.05.30 17:56:40,SELL,1.3000,-0.1000,0
2025.05.30 18:02:04,BUY,1.1000,0.1000,1
2025.05.30 18:11:18,SELL,1.2000,0.0000,0
2025.05.30 18:26:08,SELL,1.1000,0.0000,0
2025.05.30 18:33:59,BUY,1.4000,0.1000,1
2025.05.30 18:40:40,SELL,1.3000,-0.1000,0
2025.05.30 18:57:38,BUY,1.3000,-0.1000,0
2025.05.30 19:34:38,BUY,1.3000,0.0000,0
2025.05.30 20:19:32,SELL,1.3000,0.1000,0
2025.05.30 20:32:45,SELL,1.0000,0.1000,0
2025.05.30 21:07:16,SELL,1.2000,0.1000,0
2025.06.02 00:02:00,BUY,20.0000,0.0000,60
2025.06.02 00:07:35,SELL,6.7000,-0.1000,4
2025.06.02 01:07:52,SELL,2.1000,0.1000,0
2025.06.02 03:01:27,SELL,1.3000,0.3000,1
2025.06.02 03:13:06,SELL,1.2000,-0.9000,0
2025.06.02 03:54:20,SELL,1.3000,0.0000,0
2025.06.02 03:59:22,BUY,1.4000,-0.1000,0
2025.06.02 04:29:26,SELL,1.3000,-0.4000,1
2025.06.02 05:33:23,SELL,1.2000,0.1000,1
2025.06.02 09:18:44,SELL,1.3000,-0.1000,0
2025.06.02 09:30:50,SELL,1.3000,-0.1000,0
2025.06.02 09:41:11,SELL,1.2000,-0.1000,1
2025.06.02 10:04:53,SELL,1.3000,0.0000,1
2025.06.02 10:14:04,SELL,0.8000,-0.1000,0
2025.06.02 10:46:26,SELL,1.3000,-0.2000,0
2025.06.02 10:51:26,SELL,1.3000,0.1000,0
2025.06.02 11:27:10,BUY,1.3000,0.0000,0
2025.06.02 11:38:03,SELL,1.3000,-0.1000,1
2025.06.02 12:03:30,SELL,1.1000,0.1000,1
2025.06.02 12:09:44,SELL,1.4000,0.1000,0
2025.06.02 12:55:22,SELL,1.3000,0.0000,1
2025.06.02 13:22:02,SELL,1.4000,0.0000,0
2025.06.02 13:29:08,BUY,1.4000,-0.1000,1
2025.06.02 13:34:08,BUY,1.2000,0.1000,1
2025.06.02 13:43:38,SELL,1.2000,0.1000,0
2025.06.02 14:09:20,SELL,1.2000,0.1000,0
2025.06.02 14:34:00,BUY,1.2000,-0.1000,1
2025.06.02 14:44:17,BUY,1.3000,0.1000,1
2025.06.02 14:57:42,SELL,1.3000,0.0000,0
2025.06.02 15:03:12,SELL,1.2000,0.1000,1
2025.06.02 15:08:20,SELL,1.3000,-0.1000,0
2025.06.02 15:13:24,BUY,1.3000,-0.2000,0
2025.06.02 15:34:58,SELL,1.2000,0.0000,0
2025.06.02 15:44:44,BUY,1.2000,0.1000,0
2025.06.02 16:04:48,BUY,1.3000,-0.2000,0
2025.06.02 16:18:29,BUY,1.3000,-0.1000,0
2025.06.02 16:25:40,BUY,1.2000,-0.3000,0
2025.06.02 16:43:33,SELL,1.2000,-0.1000,0
2025.06.02 16:52:32,SELL,1.3000,-0.2000,0
2025.06.02 17:00:00,SELL,0.8000,0.3000,1
2025.06.02 17:05:44,SELL,1.2000,-0.3000,0
2025.06.02 17:13:01,BUY,0.8000,-0.5000,1
2025.06.02 17:31:05,SELL,1.3000,-0.1000,1
2025.06.02 17:39:54,BUY,1.3000,-0.1000,0
2025.06.02 18:44:58,SELL,1.3000,-0.1000,1
2025.06.02 18:51:24,BUY,1.4000,0.1000,0
2025.06.02 18:56:24,BUY,1.3000,0.1000,0
2025.06.02 19:02:35,BUY,1.3000,0.0000,0
2025.06.02 19:08:31,BUY,1.2000,0.4000,1
2025.06.02 19:27:25,BUY,1.3000,0.2000,0
2025.06.02 19:43:17,BUY,1.3000,-0.4000,2
2025.06.02 20:08:59,SELL,1.4000,0.1000,0
2025.06.02 22:03:08,BUY,1.3000,0.2000,0
2025.06.03 00:01:29,SELL,1.8000,4.4000,0
2025.06.03 03:04:02,BUY,1.5000,0.0000,0
2025.06.03 03:56:07,SELL,1.0000,-0.2000,1
2025.06.03 04:03:18,BUY,1.4000,0.1000,1
2025.06.03 04:45:58,BUY,1.4000,0.2000,0
2025.06.03 08:27:05,BUY,1.3000,-0.2000,0
2025.06.03 08:53:17,SELL,1.3000,0.0000,2
2025.06.03 09:09:59,BUY,1.1000,-0.2000,0
2025.06.03 09:17:03,SELL,1.2000,0.1000,1
2025.06.03 09:34:43,BUY,1.3000,-0.1000,0
2025.06.03 09:49:26,SELL,1.2000,0.0000,0
2025.06.03 10:03:31,BUY,1.3000,-0.2000,0
2025.06.03 10:18:16,SELL,1.3000,-0.1000,0
2025.06.03 10:32:01,BUY,1.2000,0.1000,1
2025.06.03 11:02:31,BUY,1.4000,-0.5000,0
2025.06.03 11:16:17,BUY,1.3000,0.0000,1
2025.06.03 12:01:54,BUY,1.3000,0.4000,0
2025.06.03 12:09:00,SELL,1.1000,0.0000,0
2025.06.03 12:14:06,SELL,1.2000,0.1000,3
2025.06.03 13:06:29,BUY,1.2000,0.0000,0
2025.06.03 13:30:48,BUY,0.9000,0.0000,0
2025.06.03 13:48:49,BUY,1.4000,0.0000,0
2025.06.03 13:53:59,BUY,1.3000,0.0000,0
2025.06.03 14:06:26,BUY,1.3000,0.0000,0
2025.06.03 14:23:12,BUY,1.4000,0.3000,0
2025.06.03 14:33:55,SELL,1.3000,-0.1000,1
2025.06.03 15:06:35,BUY,1.3000,0.1000,0
2025.06.03 15:14:38,BUY,1.3000,-0.1000,0
2025.06.03 15:32:07,BUY,1.2000,0.2000,0
2025.06.03 15:37:35,SELL,1.4000,0.0000,0
2025.06.03 16:29:09,BUY,1.3000,-0.1000,0
2025.06.03 16:37:40,SELL,0.9000,0.2000,0
2025.06.03 16:42:40,BUY,1.3000,0.0000,0
2025.06.03 16:47:40,BUY,1.2000,0.1000,0
2025.06.03 17:00:01,BUY,5.5000,-0.4000,0
2025.06.03 17:05:17,BUY,1.3000,0.0000,0
2025.06.03 17:11:56,SELL,1.2000,0.1000,0
2025.06.03 17:17:51,SELL,1.2000,0.0000,0
2025.06.03 17:26:25,BUY,1.2000,0.1000,0
2025.06.03 17:31:26,SELL,1.3000,0.0000,0
2025.06.03 17:48:05,BUY,1.2000,-0.5000,0
2025.06.03 18:23:15,BUY,1.3000,0.2000,1
2025.06.03 18:37:02,SELL,1.3000,0.0000,0
2025.06.03 18:46:09,SELL,0.8000,-1.0000,0
2025.06.03 18:52:20,BUY,1.3000,-0.1000,0
2025.06.03 19:30:44,BUY,1.3000,0.0000,0
2025.06.03 20:13:10,SELL,1.2000,-0.5000,1
2025.06.03 21:44:41,BUY,1.2000,1.2000,0
2025.06.04 03:32:45,BUY,1.3000,-0.3000,0
2025.06.04 04:00:38,BUY,1.3000,-0.4000,0
2025.06.04 04:23:43,SELL,1.4000,0.0000,0
2025.06.04 06:32:10,BUY,1.3000,0.1000,1
2025.06.04 07:06:24,SELL,1.3000,0.0000,2
2025.06.04 08:34:09,BUY,1.2000,-0.3000,1
2025.06.04 08:54:32,BUY,1.3000,-0.1000,2
2025.06.04 09:07:02,BUY,1.4000,0.0000,0
2025.06.04 09:29:14,SELL,1.1000,0.1000,1
2025.06.04 10:05:53,SELL,1.2000,0.1000,0
2025.06.04 10:24:35,SELL,1.2000,0.1000,0
2025.06.04 11:31:43,SELL,1.3000,0.1000,1
2025.06.04 12:38:46,BUY,1.4000,0.1000,0
2025.06.04 15:01:56,SELL,1.2000,0.2000,0
2025.06.04 15:15:01,SELL,2.6000,0.1000,0
2025.06.04 15:21:01,SELL,1.3000,-0.1000,1
2025.06.04 15:27:16,BUY,1.3000,-0.1000,0
2025.06.04 15:34:06,BUY,1.2000,0.1000,0
2025.06.04 15:42:02,SELL,1.3000,0.2000,0
2025.06.04 15:47:53,SELL,1.3000,-0.1000,0
2025.06.04 15:53:49,BUY,1.2000,0.1000,0
2025.06.04 15:58:50,SELL,1.4000,-0.1000,1
2025.06.04 16:03:53,BUY,1.1000,-0.2000,2
2025.06.04 16:13:23,BUY,1.1000,-0.1000,0
2025.06.04 16:32:03,BUY,1.3000,-0.1000,0
2025.06.04 16:47:05,BUY,1.3000,0.2000,0
2025.06.04 16:53:57,SELL,1.2000,0.1000,0
2025.06.04 17:00:00,SELL,2.9000,0.2000,0
2025.06.04 17:07:21,SELL,1.1000,0.0000,0
2025.06.04 17:32:59,SELL,1.2000,-0.1000,1
2025.06.04 17:38:04,SELL,1.2000,0.0000,1
2025.06.04 17:43:04,SELL,1.2000,0.2000,0
2025.06.04 18:03:49,BUY,1.3000,0.0000,0
2025.06.04 18:09:01,BUY,1.3000,0.0000,0
2025.06.04 18:36:25,BUY,1.4000,0.1000,1
2025.06.04 19:18:42,BUY,1.3000,0.1000,0
2025.06.04 19:44:14,BUY,1.3000,0.1000,0
2025.06.04 23:59:37,BUY,7.4000,0.2000,2
2025.06.05 03:14:45,SELL,1.2000,0.3000,0
2025.06.05 03:19:45,BUY,1.2000,0.0000,1
2025.06.05 04:04:18,SELL,1.3000,0.2000,0
2025.06.05 04:18:48,BUY,1.3000,-0.1000,0
2025.06.05 04:34:13,BUY,1.3000,-0.1000,0
2025.06.05 06:24:00,SELL,1.1000,-0.3000,1
2025.06.05 06:38:40,BUY,1.3000,0.1000,0
2025.06.05 06:51:26,BUY,1.3000,-0.1000,1
2025.06.05 09:39:05,BUY,1.4000,-0.1000,0
2025.06.05 10:12:40,SELL,1.3000,0.0000,1
2025.06.05 10:57:47,BUY,1.2000,-0.1000,0
2025.06.05 11:54:14,SELL,1.2000,0.2000,0
2025.06.05 12:08:11,SELL,1.3000,-0.3000,0
2025.06.05 13:49:07,BUY,1.2000,0.1000,1
2025.06.05 14:19:33,BUY,1.2000,0.1000,0
2025.06.05 14:34:57,BUY,1.2000,-0.1000,0
2025.06.05 14:57:19,SELL,1.2000,-0.1000,0
2025.06.05 15:15:11,SELL,0.8000,-0.3000,0
2025.06.05 15:20:36,BUY,1.2000,0.0000,0
2025.06.05 15:26:34,SELL,1.2000,0.1000,0
2025.06.05 15:31:34,SELL,1.5000,0.2000,0
2025.06.05 15:42:41,SELL,1.2000,0.0000,0
2025.06.05 15:47:41,BUY,1.3000,0.2000,0
2025.06.05 15:52:41,BUY,1.3000,0.2000,0
2025.06.05 15:57:41,BUY,1.5000,0.2000,1
2025.06.05 16:02:41,BUY,1.2000,0.0000,0
2025.06.05 16:07:41,SELL,1.3000,-0.2000,0
2025.06.05 16:12:41,SELL,1.3000,-0.1000,0
2025.06.05 16:19:20,SELL,1.2000,-0.6000,0
2025.06.05 16:24:20,SELL,1.3000,0.1000,0
2025.06.05 16:29:20,SELL,1.2000,0.8000,0
2025.06.05 16:36:59,BUY,1.2000,0.0000,0
2025.06.05 16:42:00,BUY,1.4000,0.0000,0
2025.06.05 16:48:37,BUY,1.3000,0.0000,0
2025.06.05 16:53:39,SELL,1.2000,-0.4000,0
2025.06.05 17:04:04,BUY,1.1000,0.0000,0
2025.06.05 17:09:52,SELL,1.2000,-0.2000,1
2025.06.05 17:22:14,BUY,1.3000,-0.3000,0
2025.06.05 17:30:44,SELL,1.2000,0.1000,1
2025.06.05 17:37:51,BUY,1.2000,0.0000,0
2025.06.05 17:43:49,BUY,1.4000,0.0000,0
2025.06.05 17:48:49,BUY,1.2000,0.1000,0
2025.06.05 18:05:54,BUY,1.2000,-0.2000,1
2025.06.05 18:12:41,SELL,1.4000,0.1000,0
2025.06.05 18:21:26,SELL,1.3000,-0.1000,1
2025.06.05 18:32:01,BUY,1.3000,-0.1000,0
2025.06.05 18:56:41,BUY,1.2000,0.0000,1
2025.06.05 19:01:41,BUY,1.2000,0.1000,1
2025.06.05 19:17:17,SELL,1.2000,-0.2000,0
2025.06.05 19:23:57,SELL,1.2000,0.1000,0
2025.06.05 19:37:38,BUY,1.2000,0.1000,1
2025.06.05 19:53:25,SELL,1.2000,0.1000,0
2025.06.05 20:13:42,BUY,1.4000,-0.1000,0
2025.06.05 20:28:32,BUY,1.2000,-0.2000,1
2025.06.05 20:58:08,SELL,1.2000,-0.5000,0
2025.06.05 21:44:53,BUY,1.3000,0.0000,0
2025.06.05 21:52:09,SELL,1.3000,-0.2000,1
2025.06.05 22:11:58,BUY,1.3000,-0.2000,1
2025.06.05 22:32:49,BUY,1.2000,0.3000,0
2025.06.06 00:06:33,SELL,3.9000,0.0000,9
2025.06.06 01:01:24,SELL,1.3000,-0.1000,7
2025.06.06 04:33:04,BUY,1.4000,-0.4000,1
2025.06.06 08:23:32,BUY,1.4000,0.0000,0
2025.06.06 09:14:24,BUY,1.3000,0.3000,2
2025.06.06 09:19:24,BUY,1.3000,0.0000,3
2025.06.06 09:48:11,SELL,1.2000,0.2000,1
2025.06.06 09:58:20,BUY,1.3000,-0.1000,0
2025.06.06 10:03:20,BUY,1.4000,-0.1000,0
2025.06.06 10:08:21,SELL,1.3000,-0.1000,1
2025.06.06 10:28:21,BUY,1.3000,-0.1000,0
2025.06.06 11:47:22,BUY,1.3000,-0.2000,1
2025.06.06 14:33:20,SELL,1.1000,0.3000,0
2025.06.06 14:51:55,BUY,1.2000,0.1000,1
2025.06.06 15:09:15,BUY,1.2000,-0.4000,2
2025.06.06 15:14:18,BUY,1.3000,0.1000,0
2025.06.06 15:19:42,SELL,1.4000,0.2000,0
2025.06.06 15:28:53,BUY,1.4000,-0.1000,0
2025.06.06 15:33:53,SELL,1.4000,0.1000,0
2025.06.06 15:38:53,BUY,1.4000,0.1000,0
2025.06.06 15:44:37,SELL,1.4000,0.0000,0
2025.06.06 15:49:37,SELL,1.4000,-0.1000,0
2025.06.06 15:55:38,BUY,1.3000,0.2000,1
2025.06.06 16:02:05,SELL,1.2000,0.0000,0
2025.06.06 16:07:40,BUY,1.2000,0.0000,1
2025.06.06 16:12:43,SELL,1.3000,-0.1000,1
2025.06.06 16:18:07,BUY,1.4000,0.0000,0
2025.06.06 16:23:07,BUY,1.3000,0.2000,0
2025.06.06 16:32:56,SELL,1.2000,-0.3000,0
2025.06.06 16:42:18,SELL,0.9000,-0.2000,0
2025.06.06 16:51:22,SELL,0.8000,0.1000,0
2025.06.06 16:56:53,BUY,1.3000,-0.1000,0
2025.06.06 17:04:02,SELL,0.9000,-0.2000,0
2025.06.06 17:11:21,SELL,1.2000,0.0000,0
2025.06.06 17:16:57,SELL,0.9000,-0.1000,0
2025.06.06 17:23:02,SELL,1.3000,0.0000,0
2025.06.06 17:29:02,SELL,1.2000,0.0000,0
2025.06.06 17:34:02,BUY,1.2000,0.0000,1
2025.06.06 17:40:30,BUY,1.3000,0.0000,0
2025.06.06 17:45:36,BUY,1.3000,0.0000,1
2025.06.06 17:55:27,BUY,1.3000,-0.1000,1
2025.06.06 18:09:31,BUY,1.4000,0.2000,0
2025.06.06 18:28:59,SELL,1.2000,-0.1000,0
2025.06.06 18:37:40,SELL,1.3000,-0.1000,1
2025.06.06 19:37:29,BUY,1.2000,0.0000,2
2025.06.06 19:43:41,SELL,1.3000,-0.1000,0
2025.06.06 19:53:42,BUY,1.3000,-0.2000,2
2025.06.06 20:35:48,BUY,1.3000,0.1000,0
2025.06.06 20:49:10,SELL,1.2000,0.1000,0
2025.06.09 01:09:31,SELL,1.5000,0.4000,21
2025.06.09 04:04:29,SELL,1.2000,0.0000,0
2025.06.09 04:24:04,SELL,1.2000,-0.3000,1
2025.06.09 05:09:29,SELL,0.8000,-0.4000,0
2025.06.09 10:04:25,BUY,1.2000,0.0000,0
2025.06.09 10:24:00,SELL,1.3000,0.2000,0
2025.06.09 11:29:54,SELL,1.3000,0.1000,1
2025.06.09 11:37:06,SELL,1.3000,0.4000,2
2025.06.09 12:04:05,SELL,1.3000,0.1000,1
2025.06.09 12:57:46,BUY,1.3000,0.1000,1
2025.06.09 13:38:50,BUY,1.4000,0.1000,1
2025.06.09 14:33:47,BUY,1.3000,-0.1000,1
2025.06.09 15:49:58,BUY,1.1000,0.4000,1
2025.06.09 15:59:04,SELL,1.2000,0.2000,0
2025.06.09 16:06:11,BUY,1.3000,0.2000,0
2025.06.09 16:22:32,BUY,1.3000,-0.2000,0
2025.06.09 16:27:32,SELL,1.2000,-0.6000,1
2025.06.09 16:52:53,SELL,1.2000,0.0000,1
2025.06.09 17:33:30,BUY,1.4000,0.4000,0
2025.06.09 18:04:25,SELL,0.9000,0.1000,0
2025.06.09 19:04:33,BUY,1.4000,0.4000,1
2025.06.10 00:07:00,SELL,5.5000,0.0000,10
2025.06.10 03:37:34,BUY,1.6000,-0.1000,0
2025.06.10 04:13:01,BUY,1.3000,0.0000,2
2025.06.10 04:26:52,BUY,1.3000,-0.2000,0
2025.06.10 04:37:30,BUY,1.1000,-0.2000,1
2025.06.10 04:49:57,BUY,1.3000,-0.1000,0
2025.06.10 04:54:57,BUY,1.2000,0.1000,0
2025.06.10 05:00:22,BUY,1.1000,-0.2000,0
2025.06.10 05:49:03,SELL,1.2000,0.1000,0
2025.06.10 06:03:17,BUY,1.3000,0.0000,5
2025.06.10 06:08:17,SELL,0.9000,0.5000,1
2025.06.10 07:29:28,BUY,1.3000,-0.2000,0
2025.06.10 08:32:33,SELL,1.0000,0.0000,1
2025.06.10 08:39:00,BUY,1.3000,-0.1000,0
2025.06.10 08:44:00,BUY,1.2000,0.1000,0
2025.06.10 09:00:30,BUY,1.3000,0.1000,1
2025.06.10 09:05:30,SELL,1.3000,0.5000,1
2025.06.10 09:21:08,SELL,1.3000,0.1000,0
2025.06.10 09:48:07,BUY,1.3000,0.0000,0
2025.06.10 10:06:42,BUY,1.2000,-0.2000,1
2025.06.10 10:19:14,SELL,1.3000,0.0000,0
2025.06.10 10:24:14,SELL,1.2000,-0.2000,0
2025.06.10 10:34:50,SELL,0.8000,0.0000,0
2025.06.10 10:47:39,BUY,1.4000,-0.1000,0
2025.06.10 11:01:13,SELL,1.2000,-0.1000,0
2025.06.10 11:10:36,SELL,0.8000,0.5000,0
2025.06.10 11:42:36,SELL,1.2000,0.1000,1
2025.06.10 12:27:48,BUY,1.3000,-0.1000,0
2025.06.10 12:38:12,SELL,1.3000,0.1000,0
2025.06.10 13:26:45,SELL,1.2000,0.1000,0
2025.06.10 14:52:02,SELL,1.2000,0.1000,1
2025.06.10 15:00:52,SELL,1.0000,0.0000,0
2025.06.10 15:09:28,BUY,1.3000,0.2000,0
2025.06.10 15:34:20,SELL,1.2000,0.0000,1
2025.06.10 16:02:33,SELL,1.2000,-0.1000,0
2025.06.10 16:07:33,SELL,1.2000,0.0000,0
2025.06.10 16:44:40,SELL,1.3000,-0.1000,0
2025.06.10 17:09:40,BUY,1.2000,0.4000,1
2025.06.10 17:14:43,BUY,1.4000,0.0000,0
2025.06.10 17:22:35,SELL,1.3000,0.1000,0
2025.06.10 17:46:30,BUY,1.2000,0.0000,1
2025.06.10 18:18:19,BUY,1.3000,0.1000,1
2025.06.10 19:07:53,BUY,1.5000,-0.4000,1
2025.06.10 19:18:03,BUY,1.3000,0.0000,0
2025.06.11 00:06:30,BUY,18.2000,-2.5000,1
2025.06.11 00:25:14,BUY,14.1000,-7.4000,10
2025.06.11 02:15:52,BUY,1.4000,0.0000,0
2025.06.11 03:04:06,BUY,1.2000,0.0000,0
2025.06.11 03:11:04,SELL,1.2000,0.1000,0
2025.06.11 03:16:28,SELL,1.3000,-0.6000,0
2025.06.11 03:27:38,BUY,1.3000,0.0000,1
2025.06.11 03:43:24,BUY,1.4000,-0.1000,0
2025.06.11 04:49:41,BUY,1.3000,0.0000,2
2025.06.11 04:57:26,BUY,1.1000,0.0000,1
2025.06.11 09:13:17,BUY,1.4000,0.0000,1
2025.06.11 09:27:28,BUY,1.3000,0.3000,1
2025.06.11 09:34:10,SELL,1.2000,0.2000,0
2025.06.11 09:56:12,BUY,1.3000,0.1000,1
2025.06.11 10:07:20,BUY,1.3000,-0.1000,0
2025.06.11 11:07:34,SELL,1.2000,0.2000,0
2025.06.11 11:13:00,BUY,1.3000,-0.1000,3
2025.06.11 11:41:48,SELL,1.2000,0.1000,0
2025.06.11 12:04:35,SELL,1.5000,-0.2000,0
2025.06.11 12:13:45,SELL,1.3000,-0.4000,0
2025.06.11 13:22:05,SELL,1.1000,-0.3000,0
2025.06.11 14:57:05,SELL,1.1000,-0.3000,1
2025.06.11 15:04:36,SELL,0.8000,-0.3000,1
2025.06.11 15:30:01,SELL,9.3000,-8.7000,0
2025.06.11 15:35:41,SELL,1.2000,-0.5000,0
2025.06.11 15:43:21,BUY,1.3000,0.2000,0
2025.06.11 15:49:53,BUY,1.3000,0.1000,0
2025.06.11 16:03:56,BUY,1.4000,0.3000,0
2025.06.11 16:09:54,SELL,0.8000,0.0000,1
2025.06.11 16:14:56,SELL,1.1000,-0.3000,0
2025.06.11 16:22:33,BUY,1.3000,-0.1000,0
2025.06.11 16:29:20,BUY,1.3000,0.1000,1
2025.06.11 16:52:15,SELL,1.3000,-0.2000,1
2025.06.11 17:03:27,SELL,1.2000,0.3000,1
2025.06.11 17:13:18,BUY,1.3000,0.3000,0
2025.06.11 17:18:18,SELL,1.2000,0.0000,0
2025.06.11 17:24:11,SELL,0.8000,0.1000,0
2025.06.11 17:44:56,SELL,1.3000,0.0000,0
2025.06.11 18:04:19,BUY,1.3000,0.0000,1
2025.06.11 18:46:37,BUY,1.2000,0.0000,0
2025.06.11 19:34:16,SELL,1.3000,0.2000,1
2025.06.11 20:04:48,SELL,1.3000,0.1000,1
2025.06.11 21:18:28,BUY,1.2000,0.0000,0
2025.06.12 01:03:08,SELL,1.6000,0.0000,1
2025.06.12 01:58:09,SELL,0.9000,-0.5000,1
2025.06.12 02:03:12,SELL,0.8000,-0.4000,0
2025.06.12 03:04:52,BUY,1.3000,0.2000,1
2025.06.12 03:27:28,SELL,1.7000,0.1000,1
2025.06.12 03:33:53,BUY,1.5000,0.1000,4
2025.06.12 03:38:56,SELL,1.4000,0.0000,0
2025.06.12 03:44:13,SELL,0.8000,-0.1000,1
2025.06.12 03:49:50,SELL,1.3000,-0.7000,0
2025.06.12 04:01:49,BUY,1.4000,0.0000,0
2025.06.12 04:11:58,SELL,1.4000,0.0000,0
2025.06.12 04:19:08,SELL,1.3000,0.0000,0
2025.06.12 04:42:32,BUY,1.5000,0.1000,0
2025.06.12 05:04:09,BUY,1.6000,-0.2000,0
2025.06.12 05:53:02,BUY,1.4000,0.1000,0
2025.06.12 08:24:04,SELL,1.2000,0.1000,0
2025.06.12 09:18:03,BUY,1.4000,-0.5000,1
2025.06.12 09:23:06,SELL,1.4000,0.1000,1
2025.06.12 09:41:50,BUY,1.3000,0.0000,0
2025.06.12 09:52:16,BUY,1.4000,0.0000,1
2025.06.12 09:57:52,SELL,1.3000,-0.1000,0
2025.06.12 10:04:59,BUY,1.3000,0.0000,1
2025.06.12 10:37:43,BUY,1.3000,0.0000,0
2025.06.12 10:43:00,BUY,1.3000,-0.1000,0
2025.06.12 10:48:00,SELL,1.2000,0.7000,0
2025.06.12 10:54:54,SELL,1.3000,0.0000,0
2025.06.12 10:59:54,SELL,1.4000,0.5000,1
2025.06.12 11:11:18,BUY,1.3000,-0.1000,1
2025.06.12 11:16:19,SELL,1.4000,-0.9000,0
2025.06.12 11:53:21,SELL,0.8000,-0.5000,1
2025.06.12 12:07:19,SELL,1.3000,0.1000,0
2025.06.12 12:13:21,SELL,1.3000,0.6000,0
2025.06.12 12:19:59,BUY,1.3000,0.0000,1
2025.06.12 12:24:59,SELL,1.3000,0.1000,0
2025.06.12 12:29:59,BUY,1.4000,-0.1000,0
2025.06.12 12:48:47,SELL,1.0000,-0.3000,0
2025.06.12 12:53:47,SELL,1.6000,0.0000,0
2025.06.12 12:58:47,BUY,1.4000,0.0000,0
2025.06.12 13:11:10,SELL,1.4000,0.1000,1
2025.06.12 13:17:41,SELL,1.3000,0.1000,1
2025.06.12 13:22:41,BUY,1.4000,0.0000,1
2025.06.12 13:27:50,SELL,1.3000,-0.1000,0
2025.06.12 13:36:21,SELL,1.3000,0.1000,0
2025.06.12 13:48:20,SELL,1.3000,0.1000,0
2025.06.12 13:53:34,SELL,1.3000,0.1000,0
2025.06.12 14:02:06,SELL,1.3000,-0.2000,1
2025.06.12 14:11:48,BUY,1.3000,0.0000,0
2025.06.12 14:29:12,BUY,1.2000,0.1000,0
2025.06.12 14:34:12,SELL,1.2000,0.0000,1
2025.06.12 14:39:12,BUY,1.4000,0.1000,0
2025.06.12 15:03:16,SELL,1.4000,0.1000,0
2025.06.12 15:09:01,SELL,1.1000,-0.3000,0
2025.06.12 15:16:11,SELL,1.2000,0.3000,0
2025.06.12 15:28:58,BUY,1.2000,0.1000,1
2025.06.12 15:33:58,SELL,1.6000,-0.1000,0
2025.06.12 15:39:30,SELL,1.3000,0.3000,1
2025.06.12 15:45:55,BUY,1.0000,0.0000,0
2025.06.12 16:00:55,SELL,1.2000,0.1000,1
2025.06.12 16:08:01,BUY,1.3000,-0.3000,0
2025.06.12 16:13:01,BUY,1.3000,0.0000,0
2025.06.12 16:23:02,BUY,1.2000,0.1000,0
2025.06.12 16:34:40,SELL,0.9000,-0.5000,1
2025.06.12 16:43:12,SELL,1.3000,0.1000,0
2025.06.12 16:48:12,BUY,1.2000,0.1000,0
2025.06.12 16:54:24,BUY,1.2000,0.6000,0
2025.06.12 17:08:51,SELL,1.4000,1.0000,1
2025.06.12 17:20:27,BUY,1.3000,0.0000,0
2025.06.12 17:48:35,SELL,1.2000,-0.2000,0
2025.06.12 18:04:51,BUY,1.2000,0.0000,0
2025.06.12 18:17:01,BUY,1.2000,0.3000,0
2025.06.12 18:22:54,SELL,1.5000,0.3000,0
2025.06.12 18:27:54,SELL,1.5000,0.0000,0
2025.06.12 18:32:54,SELL,1.3000,-0.1000,0
2025.06.12 18:41:32,BUY,1.3000,-0.2000,1
2025.06.12 19:54:48,SELL,1.3000,-0.1000,0
2025.06.12 20:13:15,BUY,1.2000,0.1000,0
2025.06.12 20:43:45,SELL,1.4000,-0.1000,1
2025.06.12 23:38:06,SELL,1.2000,0.1000,2
2025.06.12 23:59:59,BUY,10.9000,1.1000,0
2025.06.13 00:09:25,BUY,13.0000,-0.2000,1
2025.06.13 02:59:27,SELL,1.2000,0.1000,0
2025.06.13 03:06:27,BUY,1.5000,-0.3000,0
2025.06.13 03:11:27,BUY,1.4000,0.0000,0
2025.06.13 03:16:27,SELL,1.5000,0.1000,0
2025.06.13 03:24:17,BUY,1.6000,-0.1000,0
2025.06.13 03:29:17,SELL,1.5000,-0.3000,0
2025.06.13 03:34:17,BUY,1.4000,0.4000,0
2025.06.13 03:39:17,BUY,1.6000,0.0000,0
2025.06.13 03:44:18,BUY,1.4000,0.0000,0
2025.06.13 03:49:18,SELL,1.8000,0.4000,0
2025.06.13 03:54:50,SELL,1.5000,-0.2000,0
2025.06.13 03:59:50,BUY,1.4000,0.4000,0
2025.06.13 04:04:50,BUY,1.4000,0.0000,0
2025.06.13 04:09:50,SELL,1.4000,0.0000,1
2025.06.13 04:14:50,BUY,1.2000,0.0000,0
2025.06.13 04:19:50,BUY,1.2000,0.1000,0
2025.06.13 04:26:21,SELL,1.5000,0.1000,0
2025.06.13 04:36:09,BUY,1.5000,0.1000,0
2025.06.13 04:44:03,SELL,1.5000,0.1000,0
2025.06.13 04:49:09,SELL,1.1000,-0.1000,0
2025.06.13 04:56:54,BUY,1.4000,0.1000,0
2025.06.13 05:12:01,BUY,1.5000,-0.2000,1
2025.06.13 05:19:01,SELL,1.3000,0.0000,1
2025.06.13 05:24:34,BUY,1.5000,-0.3000,0
2025.06.13 05:31:52,SELL,1.6000,0.0000,0
2025.06.13 05:36:52,BUY,1.4000,0.1000,0
2025.06.13 05:44:22,BUY,1.5000,-0.1000,0
2025.06.13 05:51:47,SELL,1.4000,0.0000,0
2025.06.13 05:59:34,SELL,1.3000,-0.2000,0
2025.06.13 06:04:34,BUY,1.7000,0.0000,0
2025.06.13 06:14:05,BUY,1.5000,-0.1000,1
2025.06.13 06:46:47,SELL,1.3000,-0.5000,1
2025.06.13 06:54:04,SELL,1.3000,0.0000,0
2025.06.13 06:59:08,BUY,1.6000,0.0000,0
2025.06.13 07:09:21,BUY,1.6000,0.0000,0
2025.06.13 07:14:24,BUY,1.7000,-0.1000,1
2025.06.13 07:23:00,BUY,1.4000,0.1000,0
2025.06.13 07:28:00,BUY,1.4000,-0.5000,0
2025.06.13 07:33:00,SELL,1.4000,0.0000,0
2025.06.13 08:04:36,SELL,1.5000,0.1000,0
2025.06.13 08:09:38,SELL,1.4000,-0.1000,0
2025.06.13 08:23:24,BUY,1.4000,-0.4000,1
2025.06.13 08:28:24,BUY,1.5000,0.1000,0
2025.06.13 08:36:23,SELL,1.3000,-0.1000,0
2025.06.13 08:46:49,SELL,0.8000,-0.2000,0
2025.06.13 08:52:54,SELL,1.5000,0.0000,0
2025.06.13 09:01:46,SELL,1.3000,-0.1000,0
2025.06.13 09:06:46,SELL,1.2000,0.1000,0
2025.06.13 09:11:46,BUY,1.5000,-0.2000,0
2025.06.13 09:24:26,SELL,1.5000,-0.2000,0
2025.06.13 09:29:27,BUY,1.2000,0.1000,0
2025.06.13 09:34:28,SELL,1.3000,-0.4000,1
2025.06.13 09:41:29,BUY,1.4000,0.2000,0
2025.06.13 09:53:32,SELL,1.1000,0.2000,1
2025.06.13 09:58:32,SELL,1.3000,0.2000,1
2025.06.13 10:04:05,SELL,1.1000,0.0000,0
2025.06.13 10:09:24,SELL,1.3000,-0.2000,0
2025.06.13 10:14:24,SELL,1.4000,-0.1000,0
2025.06.13 10:19:25,BUY,1.3000,-0.1000,1
2025.06.13 10:24:25,BUY,1.3000,0.4000,0
2025.06.13 10:33:55,SELL,1.2000,0.1000,0
2025.06.13 10:42:57,BUY,1.6000,0.0000,0
2025.06.13 10:51:22,BUY,1.4000,0.0000,1
2025.06.13 10:58:57,BUY,1.3000,-0.1000,0
2025.06.13 11:14:09,SELL,1.5000,-0.1000,1
2025.06.13 11:19:09,BUY,1.7000,-0.1000,0
2025.06.13 11:24:09,SELL,1.6000,-0.3000,1
2025.06.13 11:34:27,BUY,1.3000,0.0000,1
2025.06.13 11:39:28,BUY,1.6000,-0.1000,1
2025.06.13 11:49:40,SELL,1.3000,0.1000,0
2025.06.13 11:58:31,BUY,1.4000,0.0000,0
2025.06.13 12:06:38,SELL,0.8000,-0.4000,0
2025.06.13 12:21:26,BUY,1.4000,-0.1000,0
2025.06.13 12:44:33,BUY,1.5000,0.1000,0
2025.06.13 12:53:09,SELL,1.6000,-0.4000,3
2025.06.13 12:58:57,BUY,1.3000,-0.1000,1
2025.06.13 13:08:24,BUY,0.9000,0.1000,0
2025.06.13 13:16:59,BUY,1.3000,0.7000,0
2025.06.13 13:37:04,BUY,1.5000,0.0000,0
2025.06.13 13:42:04,SELL,1.4000,-0.1000,0
2025.06.13 13:47:04,BUY,1.3000,0.2000,0
2025.06.13 13:52:05,SELL,1.3000,-0.1000,2
2025.06.13 14:06:22,BUY,1.4000,0.0000,1
2025.06.13 14:11:23,SELL,1.4000,0.0000,0
2025.06.13 14:24:01,SELL,1.4000,0.0000,0
2025.06.13 14:49:32,BUY,1.3000,-0.1000,1
2025.06.13 14:55:53,SELL,1.3000,0.0000,0
2025.06.13 15:22:42,SELL,1.2000,0.1000,2
2025.06.13 15:46:35,BUY,1.3000,-0.1000,0
2025.06.13 16:09:58,BUY,1.3000,-0.1000,0
2025.06.13 16:26:40,BUY,1.3000,0.0000,0
2025.06.13 16:36:26,SELL,1.2000,0.1000,1
2025.06.13 16:57:42,SELL,1.2000,-0.3000,0
2025.06.13 17:02:44,SELL,1.3000,-0.1000,1
2025.06.13 17:11:47,SELL,1.1000,-0.2000,0
2025.06.13 17:17:13,BUY,1.3000,-0.1000,1
2025.06.13 17:22:41,SELL,0.8000,-0.2000,0
2025.06.13 17:32:05,BUY,1.2000,0.1000,0
2025.06.13 18:06:22,BUY,1.2000,0.0000,0
2025.06.13 18:17:01,SELL,1.2000,0.1000,0
2025.06.13 18:24:56,SELL,1.3000,0.0000,1
2025.06.13 18:35:27,SELL,1.3000,0.1000,1
2025.06.13 19:18:50,SELL,1.2000,0.2000,0
2025.06.13 20:07:20,BUY,1.3000,0.1000,1
2025.06.13 20:51:52,SELL,1.2000,-0.4000,0
2025.06.13 21:29:19,BUY,1.3000,0.0000,1
2025.06.13 21:34:42,SELL,1.3000,0.1000,0
2025.06.13 21:39:43,BUY,1.3000,-0.1000,0
2025.06.13 21:48:01,SELL,1.3000,-0.2000,0
2025.06.13 22:56:53,SELL,1.2000,0.1000,0
2025.06.13 23:03:39,BUY,1.3000,-0.1000,0
2025.06.13 23:44:13,SELL,1.4000,-0.4000,3
2025.06.16 00:01:06,BUY,5.5000,0.4000,1
2025.06.16 00:54:30,SELL,2.3000,1.6000,10
2025.06.16 00:59:50,BUY,9.4000,-2.0000,4
2025.06.16 01:09:29,BUY,1.9000,0.0000,1
2025.06.16 01:21:42,SELL,1.8000,-0.1000,0
2025.06.16 01:48:22,SELL,1.6000,0.3000,0
2025.06.16 01:54:54,BUY,1.8000,0.2000,1
2025.06.16 02:11:33,BUY,1.4000,0.3000,1
2025.06.16 03:12:45,SELL,1.3000,0.0000,1
2025.06.16 03:23:46,SELL,1.4000,0.1000,1
2025.06.16 03:51:32,BUY,1.5000,-0.4000,3
2025.06.16 04:04:54,SELL,1.4000,-0.3000,1
2025.06.16 04:09:54,BUY,1.7000,0.0000,1
2025.06.16 04:14:54,SELL,1.6000,0.3000,1
2025.06.16 04:31:37,SELL,1.3000,0.1000,1
2025.06.16 04:36:39,BUY,1.6000,-0.5000,1
2025.06.16 05:06:31,BUY,1.6000,-0.1000,1
2025.06.16 05:58:09,BUY,1.5000,0.0000,0
2025.06.16 08:03:03,SELL,1.3000,0.0000,0
2025.06.16 08:23:55,SELL,1.4000,-0.5000,2
2025.06.16 09:19:47,BUY,1.2000,-0.1000,1
2025.06.16 09:28:31,BUY,1.3000,0.1000,1
2025.06.16 09:33:31,SELL,1.4000,0.0000,0
2025.06.16 09:44:16,SELL,1.3000,0.1000,0
2025.06.16 09:50:15,SELL,0.8000,0.1000,0
2025.06.16 10:19:00,SELL,1.2000,-0.1000,0
2025.06.16 10:24:00,SELL,1.3000,0.3000,0
2025.06.16 13:18:27,BUY,1.4000,-0.1000,1
2025.06.16 13:53:34,BUY,1.5000,0.1000,1
2025.06.16 14:39:19,BUY,1.3000,0.1000,0
2025.06.16 14:53:45,SELL,1.2000,-0.1000,0
2025.06.16 14:58:51,BUY,1.2000,0.1000,0
2025.06.16 15:05:54,BUY,1.6000,0.0000,0
2025.06.16 15:19:07,SELL,1.1000,0.0000,0
2025.06.16 15:32:24,SELL,1.4000,0.1000,0
2025.06.16 15:41:42,BUY,1.0000,-0.2000,0
2025.06.16 15:59:11,SELL,1.3000,-0.1000,0
2025.06.16 16:06:06,SELL,1.2000,0.1000,0
2025.06.16 16:24:38,SELL,1.3000,-0.1000,0
2025.06.16 16:42:45,BUY,1.3000,0.0000,1
2025.06.16 16:52:19,BUY,1.3000,0.1000,1
2025.06.16 16:57:19,SELL,1.3000,0.2000,0
2025.06.16 17:02:19,SELL,1.4000,0.2000,0
2025.06.16 17:07:20,SELL,1.3000,0.0000,1
2025.06.16 17:21:44,BUY,1.2000,-0.1000,0
2025.06.16 17:42:24,BUY,1.2000,0.1000,1
2025.06.16 17:47:24,BUY,1.3000,0.2000,1
2025.06.16 17:52:39,SELL,1.3000,0.2000,0
2025.06.16 18:11:15,BUY,1.2000,-0.2000,0
2025.06.16 18:18:22,BUY,0.8000,-0.4000,1
2025.06.16 18:24:17,SELL,1.3000,0.0000,0
2025.06.16 18:33:56,BUY,1.3000,-0.1000,0
2025.06.16 20:09:58,BUY,1.2000,-0.1000,0
2025.06.16 22:17:32,BUY,1.2000,-0.1000,0
2025.06.16 22:41:29,BUY,1.3000,0.1000,1
2025.06.16 23:03:54,SELL,1.5000,-0.3000,0
2025.06.17 00:06:19,SELL,6.9000,1.6000,1
2025.06.17 00:24:46,BUY,10.8000,-3.0000,5
2025.06.17 03:00:52,BUY,1.5000,0.0000,0
2025.06.17 05:52:38,SELL,1.4000,-0.1000,0
2025.06.17 07:39:45,SELL,1.2000,0.1000,1
2025.06.17 08:16:25,BUY,1.4000,-0.4000,1
2025.06.17 09:03:08,BUY,1.3000,0.0000,0
2025.06.17 09:21:50,SELL,1.3000,0.1000,1
2025.06.17 09:54:08,BUY,1.3000,0.1000,0
2025.06.17 10:01:24,BUY,1.3000,-0.1000,0
2025.06.17 10:13:37,BUY,1.3000,0.1000,0
2025.06.17 10:33:32,BUY,1.3000,0.2000,1
2025.06.17 10:43:59,SELL,1.3000,-0.6000,0
2025.06.17 10:49:00,SELL,1.3000,0.0000,0
2025.06.17 12:00:49,SELL,1.5000,0.0000,0
2025.06.17 12:18:00,BUY,1.4000,-0.1000,0
2025.06.17 13:12:15,SELL,1.1000,-0.1000,1
2025.06.17 15:30:01,SELL,0.8000,-2.4000,0
2025.06.17 15:36:56,BUY,1.3000,-0.2000,0
2025.06.17 15:49:42,BUY,1.2000,0.0000,0
2025.06.17 15:57:18,BUY,1.2000,0.0000,0
2025.06.17 16:02:21,SELL,1.3000,0.0000,1
2025.06.17 16:17:22,SELL,1.1000,0.0000,0
2025.06.17 16:41:13,BUY,1.3000,-0.1000,1
2025.06.17 17:08:27,BUY,1.5000,0.1000,2
2025.06.17 17:18:26,BUY,1.3000,0.1000,1
2025.06.17 17:23:26,BUY,1.3000,0.0000,0
2025.06.17 17:28:27,BUY,1.3000,0.2000,2
2025.06.17 17:33:27,BUY,1.5000,0.1000,0
2025.06.17 17:38:27,BUY,1.2000,0.1000,0
2025.06.17 17:46:27,SELL,1.2000,0.1000,1
2025.06.17 17:51:27,SELL,1.2000,0.1000,1
2025.06.17 18:03:12,BUY,1.3000,-0.1000,0
2025.06.17 18:14:44,SELL,1.3000,-0.1000,0
2025.06.17 18:21:15,BUY,1.4000,0.1000,0
2025.06.17 18:28:38,BUY,1.2000,-0.2000,0
2025.06.17 18:43:01,SELL,1.2000,0.1000,1
2025.06.17 19:09:30,BUY,1.2000,0.7000,0
2025.06.17 19:24:17,BUY,1.2000,-0.1000,0
2025.06.17 19:29:18,BUY,1.2000,0.0000,0
2025.06.17 19:41:57,BUY,1.3000,0.0000,1
2025.06.17 19:48:09,BUY,1.3000,-0.1000,0
2025.06.17 20:10:13,BUY,1.4000,-0.1000,0
2025.06.17 20:16:24,BUY,1.3000,0.0000,0
2025.06.17 20:23:59,SELL,1.2000,-0.2000,1
2025.06.17 20:29:01,SELL,1.3000,0.0000,0
2025.06.17 20:34:50,SELL,1.3000,-0.1000,0
2025.06.17 20:39:51,BUY,1.1000,-0.1000,0
2025.06.17 20:44:51,BUY,1.1000,0.3000,0
2025.06.17 20:49:51,BUY,1.3000,0.1000,0
2025.06.17 20:58:15,SELL,1.2000,0.1000,0
2025.06.17 21:29:58,BUY,1.3000,-0.1000,0
2025.06.17 21:47:37,BUY,1.3000,0.1000,0
2025.06.17 23:04:57,BUY,1.3000,-0.3000,1
2025.06.17 23:22:20,SELL,1.3000,-0.1000,0
2025.06.17 23:49:57,SELL,1.4000,0.1000,1
2025.06.17 23:59:33,BUY,3.4000,-0.4000,0
2025.06.18 00:04:41,BUY,15.1000,0.0000,5
2025.06.18 00:09:41,SELL,5.6000,-0.1000,4
2025.06.18 03:07:12,SELL,0.8000,-1.1000,1
2025.06.18 03:44:52,SELL,1.3000,-0.1000,0
2025.06.18 04:23:59,SELL,1.1000,-0.2000,0
2025.06.18 09:23:25,SELL,1.3000,0.3000,1
2025.06.18 09:34:07,BUY,1.3000,0.1000,0
2025.06.18 09:57:50,BUY,1.5000,0.0000,0
2025.06.18 10:02:50,SELL,1.3000,-0.1000,1
2025.06.18 11:18:46,BUY,1.3000,-0.1000,0
2025.06.18 11:49:52,SELL,1.1000,-0.3000,0
2025.06.18 11:54:52,BUY,1.3000,0.0000,1
2025.06.18 12:13:51,SELL,1.3000,0.1000,0
2025.06.18 13:04:24,SELL,1.2000,0.5000,1
2025.06.18 13:30:44,BUY,1.3000,0.0000,2
2025.06.18 13:54:08,BUY,1.3000,0.0000,0
2025.06.18 14:08:16,SELL,1.4000,0.1000,0
2025.06.18 14:27:38,BUY,1.3000,-0.1000,0
2025.06.18 14:48:43,SELL,1.2000,0.1000,3
2025.06.18 16:07:39,SELL,1.3000,0.1000,0
2025.06.18 16:34:13,BUY,1.3000,0.0000,0
2025.06.18 17:02:56,SELL,1.2000,0.1000,0
2025.06.18 17:07:56,BUY,1.3000,-0.5000,1
2025.06.18 17:14:07,SELL,1.1000,-0.8000,0
2025.06.18 17:19:07,BUY,1.5000,0.3000,1
2025.06.18 17:24:07,SELL,1.3000,0.1000,0
2025.06.18 17:29:07,BUY,1.3000,0.2000,0
2025.06.18 17:47:47,BUY,1.3000,0.0000,1
2025.06.18 17:53:07,SELL,1.3000,0.1000,0
2025.06.18 18:03:43,SELL,1.3000,0.0000,1
2025.06.18 18:23:15,SELL,1.3000,-0.3000,1
2025.06.18 18:28:39,SELL,0.8000,-0.1000,1
2025.06.18 18:33:39,BUY,1.3000,-0.1000,2
2025.06.18 18:39:22,SELL,1.4000,0.0000,0
2025.06.18 19:13:52,BUY,1.3000,0.2000,0
2025.06.18 20:23:46,BUY,1.3000,0.1000,1
2025.06.18 20:34:52,BUY,1.3000,0.0000,2
2025.06.18 20:41:40,BUY,1.4000,-0.1000,0
2025.06.18 21:00:01,SELL,1.7000,3.6000,0
2025.06.18 21:06:20,SELL,1.3000,0.0000,0
2025.06.18 21:16:53,BUY,1.3000,0.5000,0
2025.06.18 21:23:50,SELL,1.4000,0.3000,1
2025.06.18 21:32:23,SELL,1.3000,0.0000,1
2025.06.18 21:37:23,BUY,1.5000,-0.4000,1
2025.06.18 21:42:31,SELL,1.3000,-0.1000,0
2025.06.18 21:48:04,BUY,1.5000,0.0000,1
2025.06.18 21:53:40,BUY,1.3000,0.3000,0
2025.06.18 22:01:24,BUY,1.3000,0.0000,1
2025.06.18 22:08:26,BUY,1.2000,0.1000,1
2025.06.18 22:13:35,SELL,1.1000,0.1000,0
2025.06.18 22:18:35,BUY,1.3000,0.0000,0
2025.06.18 22:27:54,BUY,1.3000,0.0000,1
2025.06.18 22:32:54,SELL,1.2000,-0.2000,0
2025.06.18 22:45:33,BUY,1.3000,0.0000,1
2025.06.18 22:50:33,SELL,1.5000,0.0000,0
2025.06.18 22:56:59,SELL,1.4000,-0.1000,1
2025.06.18 23:38:43,SELL,1.3000,0.1000,2
2025.06.19 00:01:28,SELL,2.1000,6.0000,0
2025.06.19 01:52:35,BUY,1.9000,0.0000,1
2025.06.19 02:24:52,BUY,1.3000,0.1000,0
2025.06.19 04:04:39,BUY,1.4000,0.5000,0
2025.06.19 04:09:39,BUY,1.3000,0.0000,0
2025.06.19 04:17:10,SELL,1.3000,-0.1000,1
2025.06.19 04:23:33,BUY,1.3000,-0.1000,1
2025.06.19 04:38:46,BUY,1.2000,0.1000,0
2025.06.19 04:57:10,BUY,1.3000,0.1000,1
2025.06.19 06:28:47,SELL,0.8000,-1.2000,0
2025.06.19 06:54:25,SELL,1.3000,0.1000,1
2025.06.19 08:48:45,BUY,1.3000,0.0000,0
2025.06.19 08:57:19,SELL,1.2000,-0.2000,0
2025.06.19 09:08:12,BUY,1.3000,0.1000,0
2025.06.19 09:32:49,BUY,1.3000,0.1000,0
2025.06.19 09:37:49,SELL,1.3000,-0.1000,0
2025.06.19 09:42:49,SELL,1.5000,0.0000,0
2025.06.19 09:48:39,SELL,1.3000,-0.1000,1
2025.06.19 10:21:53,SELL,1.3000,-0.2000,0
2025.06.19 10:33:33,BUY,1.3000,0.1000,2
2025.06.19 10:57:40,BUY,1.6000,0.1000,0
2025.06.19 11:03:43,SELL,1.2000,0.1000,0
2025.06.19 11:17:25,SELL,1.3000,0.1000,0
2025.06.19 11:23:08,SELL,1.4000,0.0000,1
2025.06.19 11:53:59,SELL,1.4000,0.0000,1
2025.06.19 12:09:46,BUY,1.2000,0.0000,0
2025.06.19 14:24:17,SELL,0.8000,-0.3000,1
2025.06.19 14:38:25,BUY,1.3000,-0.2000,0
2025.06.19 15:09:21,BUY,1.3000,0.0000,2
2025.06.19 15:14:35,BUY,1.3000,-0.1000,0
2025.06.19 15:58:23,BUY,1.3000,-0.1000,1
2025.06.19 16:07:27,SELL,1.3000,-0.1000,0
2025.06.19 16:37:02,BUY,1.4000,-0.2000,0
2025.06.19 16:48:06,SELL,1.3000,0.0000,1
2025.06.19 17:03:32,SELL,1.5000,-0.2000,1
2025.06.19 17:22:02,BUY,1.3000,-0.3000,1
2025.06.19 17:28:32,BUY,1.3000,0.1000,1
2025.06.19 17:48:57,BUY,1.2000,0.0000,0
2025.06.19 17:54:47,SELL,1.2000,0.1000,0
2025.06.19 18:29:45,BUY,1.3000,0.2000,0
2025.06.19 18:59:34,BUY,1.3000,0.1000,1
2025.06.19 20:32:49,SELL,1.2000,-0.2000,0
2025.06.19 20:44:44,SELL,1.4000,0.1000,1
2025.06.19 23:59:56,BUY,6.8000,-0.7000,0
2025.06.20 03:03:59,SELL,1.3000,0.4000,1
2025.06.20 03:08:59,BUY,1.4000,0.0000,0
2025.06.20 03:42:20,SELL,1.4000,-0.1000,0
2025.06.20 04:17:59,SELL,1.3000,-0.1000,0
2025.06.20 04:59:15,BUY,1.2000,0.4000,0
2025.06.20 05:04:20,SELL,1.4000,-0.2000,0
2025.06.20 05:33:36,SELL,1.3000,-0.2000,0
2025.06.20 06:48:14,SELL,1.0000,0.0000,0
2025.06.20 09:00:18,BUY,1.4000,-0.1000,0
2025.06.20 09:07:30,BUY,1.3000,0.0000,1
2025.06.20 10:01:12,BUY,1.3000,0.1000,0
2025.06.20 10:27:27,SELL,1.3000,0.4000,2
2025.06.20 13:12:09,SELL,1.2000,0.1000,0
2025.06.20 14:03:48,BUY,1.3000,0.0000,0
2025.06.20 14:45:26,SELL,1.5000,0.0000,0
2025.06.20 15:08:09,BUY,1.2000,0.1000,0
2025.06.20 15:34:35,SELL,1.3000,0.1000,0
2025.06.20 15:42:40,BUY,1.5000,0.0000,1
2025.06.20 15:47:40,BUY,1.3000,-0.2000,0
2025.06.20 15:52:41,SELL,1.2000,0.1000,0
2025.06.20 16:06:04,BUY,1.3000,-0.2000,1
2025.06.20 16:36:05,BUY,1.3000,-0.1000,0
2025.06.20 16:43:03,BUY,1.3000,-0.1000,1
2025.06.20 16:54:23,SELL,1.3000,0.1000,0
2025.06.20 17:19:19,BUY,1.3000,0.0000,0
2025.06.20 17:27:39,SELL,1.2000,0.0000,1
2025.06.20 17:50:58,SELL,1.2000,0.1000,0
2025.06.20 17:56:33,SELL,1.4000,-0.2000,0
2025.06.20 18:04:23,SELL,1.2000,0.3000,1
2025.06.20 18:12:08,SELL,1.3000,0.2000,1
2025.06.20 18:24:37,SELL,1.3000,-0.1000,2
2025.06.20 18:29:38,BUY,1.2000,-0.1000,0
2025.06.20 18:39:29,SELL,1.2000,0.1000,1
2025.06.20 19:02:19,SELL,1.2000,0.1000,1
2025.06.20 19:07:54,SELL,1.2000,0.2000,0
2025.06.20 19:31:10,SELL,0.8000,0.2000,0
2025.06.20 20:18:38,SELL,1.3000,0.0000,1
2025.06.20 22:52:47,BUY,1.4000,0.0000,1
2025.06.20 23:53:39,SELL,1.2000,0.3000,0
2025.06.23 00:01:42,BUY,12.6000,-0.5000,0
2025.06.23 00:08:12,SELL,10.8000,-0.1000,3
2025.06.23 00:17:41,SELL,2.4000,-0.1000,0
2025.06.23 01:00:04,SELL,3.9000,-4.8000,1
2025.06.23 01:06:08,BUY,2.4000,0.1000,0
2025.06.23 01:15:25,BUY,1.8000,0.1000,0
2025.06.23 01:25:43,BUY,1.8000,-0.1000,2
2025.06.23 01:44:36,SELL,1.3000,0.0000,0
2025.06.23 02:12:26,SELL,1.5000,0.1000,0
2025.06.23 02:19:12,SELL,1.2000,0.1000,1
2025.06.23 02:32:49,SELL,1.4000,0.0000,0
2025.06.23 02:49:16,BUY,1.2000,0.1000,0
2025.06.23 03:01:29,SELL,1.5000,-0.1000,0
2025.06.23 03:06:29,BUY,1.5000,0.0000,0
2025.06.23 03:14:27,BUY,1.2000,0.1000,0
2025.06.23 03:31:20,BUY,1.4000,0.1000,1
2025.06.23 04:07:07,BUY,1.3000,0.0000,0
2025.06.23 04:28:34,BUY,1.4000,-0.3000,1
2025.06.23 04:33:38,SELL,1.3000,0.0000,0
2025.06.23 04:39:47,SELL,1.4000,-0.1000,0
2025.06.23 05:00:42,SELL,1.2000,0.1000,1
2025.06.23 05:14:01,SELL,1.3000,0.0000,0
2025.06.23 07:18:19,SELL,1.3000,0.2000,1
2025.06.23 07:44:26,BUY,1.4000,-0.1000,0
2025.06.23 08:04:13,SELL,1.5000,0.0000,0
2025.06.23 08:18:04,SELL,1.2000,0.1000,0
2025.06.23 08:47:08,SELL,1.2000,0.0000,0
2025.06.23 09:01:04,SELL,1.3000,0.3000,0
2025.06.23 09:07:19,BUY,1.2000,0.0000,0
2025.06.23 09:33:39,SELL,1.3000,0.2000,1
2025.06.23 09:39:02,SELL,1.5000,-0.1000,0
2025.06.23 09:44:16,BUY,1.4000,-0.1000,0
2025.06.23 10:00:12,SELL,1.3000,-0.1000,1
2025.06.23 10:14:10,BUY,1.3000,0.0000,0
2025.06.23 10:26:13,BUY,1.4000,0.0000,0
2025.06.23 10:31:13,SELL,1.5000,0.0000,0
2025.06.23 10:36:49,SELL,1.2000,0.1000,0
2025.06.23 10:41:54,BUY,1.3000,0.0000,0
2025.06.23 10:46:56,SELL,1.3000,-0.1000,1
2025.06.23 10:51:56,SELL,1.4000,0.0000,1
2025.06.23 11:09:00,BUY,1.3000,0.1000,0
2025.06.23 12:03:57,BUY,1.4000,-0.4000,0
2025.06.23 12:09:14,BUY,0.8000,0.1000,0
2025.06.23 12:23:52,BUY,1.5000,-0.1000,0
2025.06.23 12:29:08,BUY,1.0000,-0.1000,0
2025.06.23 12:37:37,SELL,1.4000,0.1000,0
2025.06.23 12:54:08,SELL,1.5000,-0.1000,1
2025.06.23 13:18:06,SELL,1.4000,0.0000,0
2025.06.23 14:03:12,SELL,1.2000,0.2000,0
2025.06.23 14:23:46,BUY,1.4000,0.0000,1
2025.06.23 14:44:37,SELL,1.1000,-0.1000,0
2025.06.23 14:49:51,BUY,1.3000,0.0000,1
2025.06.23 14:57:01,SELL,0.8000,0.0000,0
2025.06.23 15:03:21,BUY,1.3000,-0.1000,1
2025.06.23 15:34:35,BUY,1.4000,0.4000,0
2025.06.23 15:39:57,SELL,1.2000,0.1000,1
2025.06.23 15:52:36,SELL,1.1000,-0.1000,1
2025.06.23 16:13:33,BUY,1.3000,0.1000,0
2025.06.23 16:33:34,SELL,1.2000,0.5000,0
2025.06.23 16:38:34,SELL,1.3000,0.1000,0
2025.06.23 16:44:41,SELL,1.0000,-0.1000,0
2025.06.23 16:54:17,SELL,1.2000,0.4000,1
2025.06.23 17:00:13,SELL,1.4000,0.0000,0
2025.06.23 17:08:13,SELL,1.3000,0.0000,0
2025.06.23 17:13:13,SELL,1.1000,-1.1000,0
2025.06.23 17:20:28,SELL,0.8000,0.3000,0
2025.06.23 17:26:02,SELL,0.8000,-0.6000,0
2025.06.23 17:44:25,SELL,0.8000,-0.2000,0
2025.06.23 17:49:28,BUY,1.2000,-0.7000,1
2025.06.23 17:54:52,SELL,1.2000,-0.2000,0
2025.06.23 18:03:10,SELL,1.2000,0.1000,0
2025.06.23 18:10:48,SELL,1.2000,0.2000,1
2025.06.23 18:17:29,SELL,1.2000,-0.3000,0
2025.06.23 18:22:49,BUY,1.4000,-0.1000,1
2025.06.23 18:27:50,SELL,1.4000,0.0000,2
2025.06.23 19:07:16,BUY,1.3000,0.1000,1
2025.06.23 19:31:49,BUY,1.2000,0.0000,0
2025.06.23 19:37:05,BUY,1.3000,0.0000,2
2025.06.23 19:42:05,SELL,1.2000,0.1000,0
2025.06.23 19:47:05,SELL,1.5000,0.0000,0
2025.06.23 19:58:53,BUY,1.2000,0.0000,0
2025.06.23 20:11:55,SELL,1.3000,-0.1000,0
2025.06.23 20:19:35,SELL,1.2000,-0.3000,0
2025.06.23 20:28:02,SELL,1.4000,0.0000,1
2025.06.23 20:33:03,SELL,0.9000,-0.4000,0
2025.06.23 20:53:07,SELL,1.3000,-0.1000,2
2025.06.23 21:01:42,SELL,1.3000,-0.1000,0
2025.06.23 21:29:35,BUY,1.4000,-0.1000,1
2025.06.23 21:36:29,SELL,1.2000,-0.1000,0
2025.06.23 21:43:33,SELL,1.3000,-0.1000,0
2025.06.23 21:54:33,BUY,1.3000,0.2000,0
2025.06.23 22:17:04,BUY,1.4000,0.0000,0
2025.06.24 01:03:35,SELL,1.7000,-0.1000,0
2025.06.24 01:08:36,SELL,1.7000,-0.1000,1
2025.06.24 01:32:54,BUY,1.3000,0.0000,0
2025.06.24 01:44:24,BUY,1.2000,-0.1000,1
2025.06.24 02:00:53,BUY,1.4000,0.1000,0
2025.06.24 02:09:44,SELL,1.5000,-0.2000,0
2025.06.24 02:18:52,SELL,0.9000,-0.4000,0
2025.06.24 02:28:48,BUY,1.3000,0.0000,0
2025.06.24 02:37:52,SELL,1.3000,-0.4000,0
2025.06.24 02:53:17,BUY,1.2000,0.1000,1
2025.06.24 03:18:02,BUY,1.3000,-0.1000,1
2025.06.24 03:32:13,SELL,1.2000,0.1000,0
2025.06.24 03:49:26,BUY,1.3000,0.2000,0
2025.06.24 03:56:22,SELL,1.3000,-0.1000,1
2025.06.24 04:06:42,SELL,1.4000,0.1000,0
2025.06.24 07:47:09,SELL,0.8000,0.1000,0
2025.06.24 07:53:48,BUY,1.3000,0.0000,0
2025.06.24 08:14:44,BUY,1.3000,0.0000,1
2025.06.24 08:31:31,SELL,1.2000,0.1000,1
2025.06.24 08:56:42,SELL,1.3000,-0.3000,0
2025.06.24 09:16:02,SELL,1.3000,0.1000,1
2025.06.24 09:23:26,SELL,1.2000,-0.5000,1
2025.06.24 09:29:50,BUY,1.3000,0.0000,1
2025.06.24 09:34:51,BUY,1.3000,-0.1000,0
2025.06.24 09:53:55,BUY,1.5000,-0.1000,0
2025.06.24 10:11:17,SELL,1.3000,-0.1000,0
2025.06.24 10:23:55,BUY,1.4000,0.0000,0
2025.06.24 10:30:22,BUY,1.2000,-0.1000,0
2025.06.24 10:39:55,SELL,1.2000,0.1000,0
2025.06.24 10:53:05,BUY,1.2000,-0.4000,1
2025.06.24 10:58:05,SELL,1.3000,-0.1000,0
2025.06.24 11:07:03,SELL,1.0000,0.0000,0
2025.06.24 11:22:46,SELL,0.9000,-0.2000,0
2025.06.24 11:36:51,BUY,1.3000,-0.1000,0
2025.06.24 12:14:14,SELL,1.2000,-0.1000,0
2025.06.24 12:19:19,SELL,1.2000,0.0000,1
2025.06.24 12:52:06,BUY,1.2000,-0.1000,1
2025.06.24 13:09:38,BUY,1.3000,0.3000,1
2025.06.24 13:18:36,BUY,1.1000,-0.1000,0
2025.06.24 14:24:00,SELL,1.2000,0.1000,0
2025.06.24 14:31:21,SELL,1.3000,-0.1000,2
2025.06.24 15:01:41,BUY,1.2000,0.8000,0
2025.06.24 15:30:10,BUY,1.8000,0.1000,0
2025.06.24 15:36:58,SELL,1.4000,0.0000,2
2025.06.24 15:43:12,BUY,1.4000,-0.8000,1
2025.06.24 16:14:46,BUY,1.3000,-0.1000,0
2025.06.24 16:24:20,BUY,1.3000,-0.1000,0
2025.06.24 16:45:18,SELL,0.8000,-0.5000,1
2025.06.24 17:06:40,SELL,1.2000,-0.2000,0
2025.06.24 17:15:29,SELL,0.8000,0.0000,0
2025.06.24 17:22:40,SELL,0.8000,0.3000,0
2025.06.24 17:31:40,BUY,1.2000,0.1000,0
2025.06.24 17:36:40,BUY,1.5000,-0.2000,0
2025.06.24 17:43:47,SELL,1.2000,0.2000,0
2025.06.24 17:48:54,BUY,1.2000,-0.1000,0
2025.06.24 17:53:54,BUY,1.2000,0.2000,0
2025.06.24 18:04:02,SELL,1.3000,-0.1000,0
2025.06.24 18:17:11,SELL,1.2000,0.1000,0
2025.06.24 18:22:15,SELL,1.0000,0.8000,1
2025.06.24 18:34:53,BUY,1.3000,0.1000,1
2025.06.24 18:56:58,BUY,1.3000,0.1000,0
2025.06.24 19:53:59,SELL,1.3000,0.0000,1
2025.06.25 00:00:39,BUY,23.8000,0.0000,21
2025.06.25 00:06:00,SELL,18.1000,0.0000,0
2025.06.25 03:02:19,SELL,1.2000,0.2000,0
2025.06.25 03:54:44,SELL,1.2000,-0.1000,0
2025.06.25 04:12:00,SELL,1.1000,0.0000,0
2025.06.25 04:29:46,BUY,1.2000,0.1000,1
2025.06.25 04:39:02,SELL,1.3000,0.1000,0
2025.06.25 05:08:51,BUY,1.3000,0.1000,0
2025.06.25 05:44:09,BUY,1.3000,0.2000,5
2025.06.25 06:49:23,BUY,1.2000,0.4000,1
2025.06.25 09:03:34,BUY,1.3000,-0.1000,0
2025.06.25 09:27:05,SELL,1.3000,0.2000,0
2025.06.25 09:52:18,BUY,1.3000,0.0000,0
2025.06.25 09:57:18,BUY,1.4000,0.1000,0
2025.06.25 10:02:18,BUY,1.3000,-0.1000,0
2025.06.25 10:51:55,BUY,0.8000,-0.9000,0
2025.06.25 10:58:07,SELL,1.3000,0.1000,0
2025.06.25 11:03:32,BUY,1.3000,-0.1000,0
2025.06.25 11:24:11,SELL,1.3000,0.0000,0
2025.06.25 13:17:52,SELL,1.4000,0.0000,1
2025.06.25 15:48:08,BUY,1.3000,-0.1000,0
2025.06.25 17:02:05,SELL,1.2000,-0.2000,0
2025.06.25 17:14:29,BUY,1.2000,0.0000,0
2025.06.25 17:29:46,SELL,0.8000,-0.6000,0
2025.06.25 17:36:59,SELL,1.3000,0.0000,0
2025.06.25 18:02:58,SELL,1.0000,0.0000,0
2025.06.25 18:13:38,SELL,1.3000,0.0000,0
2025.06.25 18:49:36,BUY,1.3000,-0.1000,1
2025.06.25 19:00:38,SELL,1.2000,0.0000,1
2025.06.25 20:50:47,SELL,1.2000,0.1000,1
2025.06.26 00:00:32,BUY,10.9000,0.5000,1
2025.06.26 02:00:39,SELL,1.3000,0.2000,1
2025.06.26 02:14:33,SELL,0.8000,0.3000,0
2025.06.26 02:34:13,SELL,1.6000,-0.5000,1
2025.06.26 02:53:04,SELL,1.3000,0.1000,3
2025.06.26 04:41:04,SELL,1.0000,-0.2000,0
2025.06.26 04:47:43,SELL,1.3000,-0.5000,0
2025.06.26 05:50:36,SELL,0.8000,0.9000,1
2025.06.26 05:57:27,BUY,1.3000,0.0000,0
2025.06.26 06:04:54,SELL,0.8000,0.3000,0
2025.06.26 06:13:19,BUY,1.3000,-0.1000,0
2025.06.26 06:18:55,SELL,1.2000,0.0000,0
2025.06.26 06:29:20,BUY,1.3000,-0.1000,0
2025.06.26 07:02:25,BUY,1.2000,-0.3000,0
2025.06.26 09:03:10,BUY,1.3000,-0.2000,0
2025.06.26 09:12:46,SELL,0.8000,-0.4000,0
2025.06.26 09:39:05,SELL,1.3000,0.1000,0
2025.06.26 09:53:20,SELL,0.8000,-0.1000,1
2025.06.26 09:58:20,SELL,1.5000,-0.1000,0
2025.06.26 10:04:27,BUY,1.2000,0.0000,1
2025.06.26 10:14:16,SELL,1.3000,0.0000,0
2025.06.26 10:19:16,SELL,1.2000,0.1000,1
2025.06.26 10:25:46,BUY,1.3000,0.1000,0
2025.06.26 10:33:20,BUY,1.2000,0.1000,0
2025.06.26 10:44:45,SELL,1.3000,-0.2000,1
2025.06.26 10:49:51,SELL,1.2000,0.0000,0
2025.06.26 11:05:58,SELL,1.2000,-0.1000,1
2025.06.26 11:13:05,SELL,0.8000,-0.4000,0
2025.06.26 11:18:05,BUY,1.2000,-0.1000,0
2025.06.26 11:27:58,SELL,1.3000,-0.1000,1
2025.06.26 11:33:23,SELL,1.2000,0.0000,1
2025.06.26 11:46:00,BUY,1.4000,-0.1000,0
2025.06.26 11:51:25,BUY,1.3000,0.0000,1
2025.06.26 12:19:41,BUY,1.3000,0.1000,1
2025.06.26 13:08:15,BUY,1.3000,-0.1000,0
2025.06.26 13:34:08,BUY,1.2000,-0.4000,2
2025.06.26 14:07:53,BUY,1.3000,0.0000,1
2025.06.26 14:18:52,BUY,1.3000,-0.2000,1
2025.06.26 14:38:26,BUY,1.3000,-0.1000,0
2025.06.26 14:44:04,SELL,1.3000,0.1000,2
2025.06.26 15:19:08,SELL,1.2000,0.1000,0
2025.06.26 15:30:45,BUY,1.2000,0.6000,0
2025.06.26 15:36:10,BUY,1.2000,0.0000,0
2025.06.26 15:44:23,SELL,1.3000,0.1000,0
2025.06.26 16:04:00,BUY,1.4000,0.0000,1
2025.06.26 16:09:00,BUY,1.0000,-0.5000,0
2025.06.26 16:14:00,SELL,1.3000,-0.1000,0
2025.06.26 16:22:45,SELL,1.3000,-0.1000,0
2025.06.26 16:27:47,SELL,1.2000,0.1000,1
2025.06.26 16:33:12,BUY,1.5000,-0.2000,1
2025.06.26 16:49:30,SELL,1.2000,0.0000,1
2025.06.26 17:00:34,BUY,1.2000,0.2000,1
2025.06.26 17:07:11,SELL,0.9000,-0.2000,0
2025.06.26 17:24:16,BUY,1.3000,0.0000,0
2025.06.26 17:31:32,SELL,1.2000,0.1000,0
2025.06.26 17:42:46,SELL,1.3000,-0.8000,0
2025.06.26 17:51:40,BUY,1.2000,0.2000,1
2025.06.26 18:06:31,BUY,1.3000,0.1000,0
2025.06.26 18:12:09,BUY,1.3000,0.1000,0
2025.06.26 18:20:33,BUY,1.3000,0.1000,0
2025.06.26 18:32:39,SELL,1.2000,0.1000,0
2025.06.26 18:52:50,SELL,1.2000,-0.3000,1
2025.06.26 19:16:58,BUY,1.3000,0.0000,1
2025.06.26 19:23:36,SELL,1.3000,0.0000,0
2025.06.26 19:28:36,SELL,1.0000,-0.1000,0
2025.06.26 19:37:56,SELL,1.3000,0.0000,0
2025.06.26 19:54:10,BUY,1.3000,0.1000,1
2025.06.26 20:17:40,BUY,1.3000,0.0000,0
2025.06.26 22:06:35,BUY,1.4000,0.2000,1
2025.06.27 00:00:38,BUY,12.2000,0.1000,22
2025.06.27 00:11:37,BUY,5.9000,0.7000,0
2025.06.27 00:16:43,BUY,15.0000,-4.5000,13
2025.06.27 00:42:54,SELL,4.7000,-0.1000,0
2025.06.27 00:47:54,SELL,4.5000,0.7000,0
2025.06.27 01:03:00,BUY,1.4000,0.3000,1
2025.06.27 01:37:44,BUY,1.6000,-0.1000,1
2025.06.27 02:02:52,SELL,0.8000,-0.2000,0
2025.06.27 03:57:59,BUY,1.3000,0.0000,1
2025.06.27 04:18:38,SELL,1.3000,0.1000,0
2025.06.27 04:24:07,BUY,1.5000,-0.1000,0
2025.06.27 04:48:51,SELL,1.3000,0.0000,2
2025.06.27 04:53:51,SELL,1.4000,-0.1000,0
2025.06.27 05:38:53,BUY,1.2000,0.1000,0
2025.06.27 06:51:34,BUY,1.4000,0.1000,0
2025.06.27 09:14:09,SELL,1.2000,0.0000,0
2025.06.27 09:19:10,SELL,1.2000,0.6000,1
2025.06.27 09:24:28,SELL,1.4000,0.0000,0
2025.06.27 09:38:10,SELL,1.2000,0.0000,1
2025.06.27 09:45:00,SELL,1.9000,0.4000,0
2025.06.27 09:51:37,SELL,1.2000,0.0000,0
2025.06.27 09:57:08,SELL,1.3000,0.1000,0
2025.06.27 10:12:44,SELL,1.2000,0.1000,0
2025.06.27 10:18:17,BUY,1.3000,0.0000,0
2025.06.27 11:06:37,SELL,1.4000,0.0000,0
2025.06.27 11:23:49,BUY,1.3000,-0.1000,0
2025.06.27 11:47:59,SELL,1.1000,-0.2000,0
2025.06.27 11:54:04,BUY,1.3000,-0.4000,0
2025.06.27 12:04:34,BUY,1.3000,-0.1000,0
2025.06.27 13:04:38,SELL,1.3000,0.2000,1
2025.06.27 13:18:20,BUY,1.4000,-0.2000,1
2025.06.27 13:59:36,SELL,1.2000,0.2000,0
2025.06.27 15:03:00,BUY,1.2000,0.0000,0
2025.06.27 15:09:59,BUY,1.3000,0.1000,0
2025.06.27 15:14:59,SELL,1.2000,-0.1000,0
2025.06.27 15:21:31,SELL,1.3000,-0.1000,1
2025.06.27 15:30:10,SELL,1.1000,-1.5000,0
2025.06.27 15:36:25,BUY,1.3000,-0.3000,0
2025.06.27 15:44:10,BUY,1.2000,-0.1000,0
2025.06.27 15:49:21,SELL,1.2000,-0.3000,0
2025.06.27 15:54:43,SELL,1.3000,-0.1000,2
2025.06.27 15:59:43,SELL,1.3000,0.1000,0
2025.06.27 16:04:44,BUY,1.4000,0.1000,0
2025.06.27 16:24:12,BUY,1.3000,0.0000,0
2025.06.27 16:29:14,BUY,1.5000,-0.1000,0
2025.06.27 16:37:46,SELL,1.3000,-0.1000,1
2025.06.27 16:52:09,BUY,1.3000,0.2000,1
2025.06.27 16:57:09,SELL,1.4000,0.1000,0
2025.06.27 17:04:00,SELL,1.3000,-0.2000,0
2025.06.27 17:11:31,BUY,1.4000,-0.1000,1
2025.06.27 17:22:05,BUY,1.2000,0.1000,0
2025.06.27 17:28:07,SELL,1.2000,0.1000,1
2025.06.27 17:38:06,SELL,0.8000,-0.8000,0
2025.06.27 17:46:49,BUY,1.3000,-0.1000,0
2025.06.27 17:56:04,SELL,1.2000,0.2000,1
2025.06.27 18:37:38,SELL,1.3000,-0.1000,1
2025.06.27 19:13:09,SELL,1.3000,-0.1000,1
2025.06.27 19:19:13,BUY,1.5000,-0.1000,0
2025.06.27 20:24:07,BUY,1.6000,-0.1000,1
2025.06.27 20:43:19,BUY,1.6000,-0.1000,1
2025.06.27 20:48:52,BUY,1.4000,0.0000,1
2025.06.27 21:08:00,BUY,1.2000,-2.0000,0
2025.06.27 21:32:25,BUY,1.4000,-0.1000,0
2025.06.27 21:54:15,SELL,1.0000,0.1000,0
2025.06.27 22:03:40,SELL,1.2000,0.1000,1
2025.06.27 23:58:40,BUY,7.9000,0.0000,0
2025.06.30 00:01:10,SELL,5.1000,-0.9000,18
2025.06.30 00:06:24,BUY,11.3000,0.0000,19
2025.06.30 00:11:34,SELL,4.6000,0.0000,1
2025.06.30 00:17:15,BUY,6.3000,0.0000,5
2025.06.30 00:39:35,SELL,2.3000,0.0000,0
2025.06.30 01:32:24,SELL,1.3000,0.0000,0
2025.06.30 02:02:03,SELL,1.3000,0.3000,1
2025.06.30 04:17:29,SELL,1.3000,0.0000,1
2025.06.30 04:52:26,BUY,1.4000,0.0000,0
2025.06.30 05:02:02,SELL,1.2000,0.0000,1
2025.06.30 05:17:32,SELL,1.6000,-0.2000,0
2025.06.30 05:54:13,BUY,1.3000,-0.1000,1
2025.06.30 07:52:38,SELL,1.2000,-0.2000,0
2025.06.30 09:07:01,SELL,1.3000,0.0000,0
2025.06.30 09:17:20,BUY,1.6000,0.0000,1
2025.06.30 09:26:15,SELL,1.3000,0.2000,3
2025.06.30 09:41:24,SELL,1.2000,-0.1000,1
2025.06.30 09:52:12,SELL,1.2000,-0.4000,0
2025.06.30 09:57:17,SELL,1.3000,0.1000,0
2025.06.30 10:02:17,BUY,1.4000,-0.2000,0
2025.06.30 10:11:33,SELL,1.3000,0.2000,0
2025.06.30 10:23:52,BUY,1.3000,0.1000,0
2025.06.30 10:28:53,BUY,1.2000,0.1000,1
2025.06.30 10:39:00,SELL,1.4000,0.1000,0
2025.06.30 10:53:45,BUY,1.2000,0.1000,0
2025.06.30 11:00:01,BUY,1.5000,-0.1000,0
2025.06.30 11:14:16,BUY,1.3000,-0.1000,1
2025.06.30 11:27:45,BUY,1.2000,-0.2000,1
2025.06.30 12:37:01,BUY,1.3000,-0.1000,0
2025.06.30 14:24:07,SELL,1.0000,-0.2000,0
2025.06.30 15:11:10,BUY,1.3000,0.0000,1
2025.06.30 15:19:50,BUY,1.3000,0.3000,0
2025.06.30 16:06:23,SELL,0.8000,-0.1000,0
2025.06.30 16:58:35,SELL,1.2000,0.0000,1
2025.06.30 17:03:35,BUY,1.3000,-0.1000,0
2025.06.30 17:10:29,SELL,1.3000,-0.2000,0
2025.06.30 17:17:26,SELL,1.2000,0.1000,0
2025.06.30 17:24:20,SELL,1.2000,0.1000,0
2025.06.30 17:34:56,SELL,1.2000,-0.7000,1
2025.06.30 17:39:57,SELL,1.0000,0.5000,0
2025.06.30 17:49:47,BUY,1.2000,0.1000,1
2025.06.30 17:54:47,BUY,1.3000,0.0000,0
2025.06.30 17:59:47,SELL,1.2000,0.0000,0
2025.06.30 18:05:55,SELL,1.2000,0.1000,0
2025.06.30 18:16:47,SELL,1.0000,0.7000,1
2025.06.30 18:22:42,BUY,1.1000,0.0000,0
2025.06.30 18:42:18,SELL,1.2000,0.0000,0
2025.06.30 18:47:19,SELL,1.3000,-0.1000,1
2025.06.30 19:14:16,BUY,1.4000,0.1000,0
2025.06.30 19:24:18,BUY,1.2000,0.1000,0
2025.06.30 19:34:39,BUY,1.3000,-0.1000,0
2025.06.30 19:42:45,SELL,0.8000,-1.0000,1
2025.06.30 19:53:56,BUY,1.3000,0.0000,1
2025.06.30 19:59:20,SELL,1.2000,0.1000,0
2025.06.30 20:04:41,SELL,1.2000,0.0000,1
2025.06.30 20:33:44,BUY,1.2000,0.0000,0
2025.06.30 21:17:56,SELL,0.8000,-1.7000,0
2025.06.30 21:37:27,BUY,1.5000,0.0000,0
2025.06.30 23:53:21,BUY,1.8000,-0.3000,0
2025.06.30 23:58:22,SELL,1.1000,0.2000,0
2025.07.01 00:03:57,BUY,6.7000,0.0000,4
2025.07.01 00:12:44,BUY,10.3000,0.0000,1
2025.07.01 01:01:13,SELL,1.9000,0.8000,0
2025.07.01 03:23:56,BUY,1.3000,0.1000,0
2025.07.01 04:20:01,SELL,1.7000,-0.1000,0
2025.07.01 09:01:57,BUY,1.2000,0.1000,1
2025.07.01 10:02:09,BUY,1.4000,-0.1000,1
2025.07.01 10:11:37,SELL,0.8000,-0.2000,1
2025.07.01 11:01:26,BUY,1.2000,-0.1000,1
2025.07.01 11:11:21,BUY,1.0000,-0.3000,0
2025.07.01 11:24:17,SELL,1.4000,0.1000,0
2025.07.01 11:33:59,SELL,1.2000,0.0000,1
2025.07.01 11:39:23,SELL,1.2000,0.1000,0
2025.07.01 11:48:34,SELL,1.0000,0.0000,0
2025.07.01 11:53:34,SELL,1.3000,0.2000,0
2025.07.01 11:58:36,BUY,1.2000,0.0000,3
2025.07.01 12:08:22,BUY,1.3000,0.1000,1
2025.07.01 12:17:04,SELL,1.2000,0.1000,0
2025.07.01 12:30:35,SELL,1.1000,-0.8000,0
2025.07.01 13:19:01,BUY,1.4000,0.3000,0
2025.07.01 13:59:52,BUY,1.4000,-0.1000,1
2025.07.01 14:41:08,SELL,1.4000,-0.1000,0
2025.07.01 15:09:09,BUY,1.2000,0.1000,0
2025.07.01 15:27:46,BUY,1.3000,-0.1000,0
2025.07.01 16:24:47,BUY,1.3000,0.1000,0
2025.07.01 16:37:32,SELL,1.2000,-0.5000,0
2025.07.01 16:42:41,BUY,1.3000,0.0000,0
2025.07.01 16:47:41,BUY,1.4000,0.1000,1
2025.07.01 16:54:43,BUY,0.8000,-0.1000,0
2025.07.01 16:59:56,SELL,1.8000,0.3000,0
2025.07.01 17:04:56,BUY,1.1000,0.6000,0
2025.07.01 17:13:58,SELL,1.2000,-0.2000,0
2025.07.01 17:22:36,SELL,0.9000,-0.3000,0
2025.07.01 17:36:33,BUY,1.0000,0.0000,0
2025.07.01 17:41:35,BUY,1.3000,0.0000,1
2025.07.01 17:50:15,SELL,1.0000,-0.1000,0
2025.07.01 17:55:52,BUY,1.2000,0.2000,1
2025.07.01 18:02:47,BUY,1.3000,0.1000,0
2025.07.01 18:22:44,BUY,1.4000,-0.3000,0
2025.07.01 18:34:34,SELL,1.3000,0.2000,0
2025.07.01 18:55:49,BUY,1.3000,0.0000,0
2025.07.01 19:03:19,BUY,1.3000,0.1000,0
2025.07.01 19:13:42,SELL,1.2000,-0.1000,0
2025.07.01 20:19:37,SELL,1.1000,-0.1000,0
2025.07.01 22:09:29,SELL,1.2000,0.1000,0
2025.07.02 00:03:35,BUY,13.7000,-2.4000,1
2025.07.02 04:47:42,BUY,1.3000,0.0000,0
2025.07.02 09:23:05,BUY,1.3000,0.0000,0
2025.07.02 09:49:26,BUY,1.3000,0.0000,1
2025.07.02 10:14:27,SELL,1.2000,0.1000,0
2025.07.02 10:38:57,BUY,1.2000,0.0000,0
2025.07.02 11:22:27,BUY,1.2000,-0.3000,0
2025.07.02 11:53:09,BUY,1.2000,0.1000,0
2025.07.02 12:11:08,BUY,1.3000,-0.1000,1
2025.07.02 12:27:53,BUY,1.3000,0.0000,0
2025.07.02 12:58:26,BUY,1.4000,-0.1000,1
2025.07.02 13:04:01,SELL,1.3000,0.1000,1
2025.07.02 13:47:19,BUY,1.2000,0.1000,1
2025.07.02 14:29:41,BUY,1.3000,-0.1000,1
2025.07.02 14:34:44,BUY,1.2000,-0.1000,0
2025.07.02 14:54:30,SELL,1.3000,0.0000,0
2025.07.02 14:59:32,BUY,1.3000,-0.1000,1
2025.07.02 15:15:10,SELL,0.8000,-6.6000,0
2025.07.02 15:22:23,SELL,1.2000,0.0000,0
2025.07.02 15:27:30,BUY,1.1000,0.2000,0
2025.07.02 15:32:30,BUY,0.9000,0.3000,1
2025.07.02 15:37:30,BUY,1.3000,-0.1000,1
2025.07.02 15:42:30,BUY,1.5000,0.0000,0
2025.07.02 15:53:52,BUY,1.2000,0.0000,0
2025.07.02 15:58:52,BUY,1.3000,-0.1000,0
2025.07.02 16:06:55,SELL,0.8000,-0.5000,0
2025.07.02 16:13:50,BUY,1.3000,-0.1000,1
2025.07.02 16:19:15,BUY,1.5000,-0.1000,0
2025.07.02 16:24:20,BUY,1.4000,-0.1000,0
2025.07.02 16:34:17,BUY,1.4000,-0.1000,0
2025.07.02 16:39:17,SELL,1.3000,0.0000,0
2025.07.02 16:48:47,BUY,1.3000,0.0000,0
2025.07.02 16:54:29,BUY,1.3000,-0.4000,0
2025.07.02 17:00:47,SELL,1.3000,0.1000,0
2025.07.02 17:06:48,BUY,1.2000,0.0000,0
2025.07.02 17:22:25,SELL,1.3000,-0.1000,1
2025.07.02 17:27:25,SELL,1.2000,0.0000,0
2025.07.02 17:38:04,BUY,1.3000,-0.2000,1
2025.07.02 17:47:06,SELL,1.3000,-0.4000,0
2025.07.02 17:52:06,SELL,1.3000,-0.1000,0
2025.07.02 17:57:06,SELL,1.3000,-0.2000,0
2025.07.02 18:11:00,SELL,1.2000,-0.5000,1
2025.07.02 19:08:29,SELL,0.8000,0.0000,0
2025.07.02 19:14:23,BUY,1.2000,-0.1000,2
2025.07.02 20:03:16,SELL,1.3000,0.0000,0
2025.07.02 20:24:12,BUY,1.3000,-0.1000,0
2025.07.02 20:34:01,SELL,1.2000,0.1000,1
2025.07.03 00:57:13,SELL,3.2000,0.0000,0
2025.07.03 10:48:54,BUY,1.3000,0.2000,0
2025.07.03 11:23:03,BUY,1.2000,0.0000,1
2025.07.03 11:38:13,BUY,1.3000,0.0000,0
2025.07.03 12:03:26,BUY,1.3000,0.1000,0
2025.07.03 14:57:43,BUY,1.2000,-0.4000,0
2025.07.03 15:30:01,BUY,0.8000,-18.0000,0
2025.07.03 15:35:24,SELL,0.9000,-0.7000,1
2025.07.03 15:40:36,SELL,0.9000,-0.1000,1
2025.07.03 15:45:36,BUY,1.3000,0.8000,0
2025.07.03 15:51:58,SELL,1.3000,-0.1000,0
2025.07.03 15:56:58,SELL,1.3000,0.2000,0
2025.07.03 16:02:29,SELL,1.2000,-0.2000,0
2025.07.03 16:08:15,SELL,1.3000,0.0000,0
2025.07.03 16:13:51,SELL,1.2000,-0.2000,2
2025.07.03 16:18:51,SELL,1.2000,0.4000,0
2025.07.03 16:40:25,SELL,1.1000,0.2000,0
2025.07.03 16:52:32,SELL,1.0000,-0.2000,0
2025.07.03 17:00:15,SELL,1.0000,-0.4000,0
2025.07.03 17:13:32,BUY,1.3000,-0.1000,0
2025.07.03 17:18:39,BUY,1.3000,-0.1000,1
2025.07.03 17:26:46,SELL,1.6000,-0.2000,0
2025.07.03 17:32:14,BUY,1.2000,0.2000,0
2025.07.03 17:38:24,SELL,0.8000,-0.1000,0
2025.07.03 17:43:25,BUY,1.3000,0.0000,0
2025.07.03 18:12:39,SELL,1.4000,0.0000,1
2025.07.03 18:22:52,SELL,1.3000,-0.2000,0
2025.07.03 19:53:28,SELL,1.3000,-0.1000,0
2025.07.03 19:59:17,SELL,1.3000,-0.1000,0
2025.07.04 02:31:13,SELL,0.9000,-0.1000,0
2025.07.04 10:28:22,SELL,1.3000,0.1000,1
2025.07.04 10:33:23,BUY,1.3000,0.0000,0
2025.07.04 10:48:05,SELL,1.3000,-0.1000,0
2025.07.04 10:58:08,BUY,1.3000,0.0000,0
2025.07.04 11:03:28,SELL,1.3000,0.0000,0
2025.07.04 11:20:50,BUY,1.3000,0.0000,1
2025.07.04 14:52:54,BUY,1.3000,0.0000,2
2025.07.04 14:59:14,BUY,1.3000,-0.1000,0
2025.07.04 16:39:05,SELL,1.2000,0.1000,0
2025.07.04 17:02:47,SELL,1.2000,0.0000,1
2025.07.04 23:09:40,SELL,2.3000,-0.8000,1
2025.07.04 23:45:29,BUY,13.8000,0.0000,12
2025.07.04 23:52:56,BUY,7.4000,0.0000,4
2025.07.04 23:58:59,BUY,18.0000,9.3000,172961
2025.07.07 00:01:40,SELL,13.2000,6.2000,80
2025.07.07 01:08:12,BUY,1.9000,0.0000,0
2025.07.07 03:03:46,SELL,1.3000,0.1000,1
2025.07.07 04:18:54,SELL,1.3000,0.0000,0
2025.07.07 04:44:14,BUY,1.6000,0.1000,0
2025.07.07 05:31:50,BUY,1.3000,-0.1000,1
2025.07.07 05:39:30,SELL,1.4000,-0.1000,1
2025.07.07 07:09:40,BUY,1.2000,0.0000,0
2025.07.07 09:07:04,BUY,1.3000,0.5000,2
2025.07.07 09:32:49,BUY,1.3000,0.1000,1
2025.07.07 10:09:31,BUY,1.3000,-0.1000,1
2025.07.07 10:14:31,SELL,1.1000,0.4000,0
2025.07.07 10:29:23,BUY,1.3000,-0.5000,1
2025.07.07 10:42:44,BUY,1.2000,0.1000,0
2025.07.07 11:08:00,BUY,1.2000,0.1000,1
2025.07.07 11:44:06,BUY,1.4000,0.0000,0
2025.07.07 11:52:44,BUY,1.2000,0.0000,0
2025.07.07 13:32:03,BUY,1.3000,0.0000,1
2025.07.07 14:48:09,SELL,1.2000,-0.2000,1
2025.07.07 15:24:57,BUY,1.3000,0.0000,3
2025.07.07 16:27:43,SELL,1.2000,-0.1000,1
2025.07.07 16:53:59,BUY,1.2000,0.2000,0
2025.07.07 17:52:39,BUY,1.3000,-0.1000,1
2025.07.07 18:28:20,SELL,1.3000,0.0000,1
2025.07.07 18:44:28,BUY,1.3000,-0.2000,3
2025.07.07 19:21:05,BUY,1.4000,0.0000,0
2025.07.07 19:26:05,SELL,1.2000,0.1000,0
2025.07.07 19:31:56,BUY,1.1000,-0.4000,1
2025.07.07 19:47:54,BUY,0.8000,-0.4000,1
2025.07.07 19:54:22,BUY,1.1000,0.0000,0
2025.07.07 19:59:22,BUY,1.2000,0.1000,0
2025.07.07 20:04:24,BUY,1.4000,0.0000,2
2025.07.07 20:09:24,SELL,1.2000,-0.1000,0
2025.07.07 20:30:17,SELL,1.3000,-1.0000,0
2025.07.07 21:08:08,SELL,1.3000,0.0000,0
2025.07.07 21:13:08,BUY,1.2000,0.1000,1
2025.07.07 21:18:08,BUY,1.2000,0.1000,0
2025.07.07 21:36:43,SELL,1.3000,0.0000,0
2025.07.07 21:42:24,SELL,1.2000,0.1000,0
2025.07.07 23:11:14,BUY,1.5000,-0.1000,0
2025.07.08 01:01:03,SELL,1.3000,-0.1000,5
2025.07.08 01:39:51,SELL,1.1000,-0.3000,0
2025.07.08 01:44:51,SELL,1.2000,0.0000,0
2025.07.08 03:04:52,SELL,1.2000,-0.2000,0
2025.07.08 04:12:08,BUY,1.3000,0.0000,1
2025.07.08 04:37:14,SELL,1.2000,0.0000,2
2025.07.08 05:04:28,SELL,1.3000,-0.1000,0
2025.07.08 05:57:02,BUY,1.3000,-0.1000,1
2025.07.08 06:24:11,SELL,1.2000,0.1000,0
2025.07.08 08:09:50,BUY,1.2000,0.0000,1
2025.07.08 08:58:09,BUY,1.3000,0.1000,0
2025.07.08 09:07:27,SELL,0.9000,0.1000,1
2025.07.08 09:54:45,SELL,1.2000,-0.1000,0
2025.07.08 10:00:45,SELL,1.3000,0.0000,2
2025.07.08 10:13:53,SELL,1.2000,0.2000,0
2025.07.08 10:24:48,SELL,1.1000,-0.1000,0
2025.07.08 10:52:14,SELL,1.2000,0.0000,0
2025.07.08 14:54:32,BUY,1.4000,-0.2000,1
2025.07.08 15:03:34,BUY,1.3000,-0.2000,0
2025.07.08 15:42:44,BUY,1.2000,0.1000,0
2025.07.08 16:07:11,BUY,1.3000,0.2000,1
2025.07.08 16:22:20,BUY,1.3000,-0.4000,1
2025.07.08 16:32:53,BUY,1.1000,0.3000,0
2025.07.08 16:37:54,SELL,1.3000,-0.4000,1
2025.07.08 16:47:46,SELL,1.3000,0.2000,2
2025.07.08 16:59:47,BUY,1.3000,-0.1000,0
2025.07.08 17:06:24,BUY,1.3000,0.1000,0
2025.07.08 17:22:41,BUY,1.2000,0.4000,0
2025.07.08 17:27:41,SELL,1.2000,-0.4000,0
2025.07.08 17:36:42,BUY,1.2000,-0.2000,0
2025.07.08 17:47:04,SELL,1.3000,0.3000,0
2025.07.08 18:08:12,SELL,1.3000,0.3000,0
2025.07.08 18:14:48,SELL,1.2000,0.0000,0
2025.07.08 18:19:51,SELL,1.2000,0.1000,1
2025.07.08 19:14:38,SELL,1.3000,-0.1000,0
2025.07.08 19:31:34,BUY,1.4000,-0.2000,0
2025.07.08 19:54:09,BUY,1.3000,-0.4000,1
2025.07.08 19:59:09,SELL,1.3000,0.1000,0
2025.07.08 20:04:09,SELL,1.3000,-0.3000,1
2025.07.08 20:43:54,SELL,1.3000,0.0000,1
2025.07.08 21:39:18,SELL,1.3000,0.2000,0
2025.07.09 00:01:28,BUY,17.2000,-4.5000,32
2025.07.09 00:08:23,SELL,7.3000,1.3000,1
2025.07.09 00:20:00,BUY,13.5000,-2.4000,0
2025.07.09 00:25:15,SELL,7.3000,-0.6000,5
2025.07.09 01:00:09,SELL,3.0000,-0.1000,1
2025.07.09 05:39:47,BUY,1.2000,-0.2000,0
2025.07.09 06:04:53,BUY,1.2000,0.1000,0
2025.07.09 09:48:47,SELL,1.3000,0.2000,0
2025.07.09 10:09:45,BUY,1.3000,0.6000,1
2025.07.09 10:38:52,BUY,1.2000,0.1000,1
2025.07.09 10:57:20,SELL,1.2000,0.1000,1
2025.07.09 11:18:27,BUY,1.2000,0.1000,0
2025.07.09 11:52:55,BUY,1.3000,0.0000,1
2025.07.09 13:38:23,BUY,1.3000,0.1000,4
2025.07.09 14:53:31,BUY,1.2000,0.1000,0
2025.07.09 14:58:31,BUY,1.2000,0.0000,0
2025.07.09 15:04:25,SELL,0.9000,-0.1000,0
2025.07.09 15:17:45,SELL,1.2000,-0.3000,0
2025.07.09 15:52:24,SELL,1.2000,-0.4000,0
2025.07.09 16:13:27,SELL,1.2000,-0.1000,1
2025.07.09 16:39:23,BUY,1.1000,-0.2000,1
2025.07.09 16:47:07,BUY,1.3000,0.0000,1
2025.07.09 16:53:11,BUY,1.3000,-0.1000,0
2025.07.09 17:08:23,SELL,1.3000,0.3000,0
2025.07.09 17:13:40,SELL,1.3000,-0.3000,0
2025.07.09 17:18:42,SELL,1.2000,0.0000,0
2025.07.09 17:42:48,BUY,1.2000,-0.5000,0
2025.07.09 23:23:54,BUY,1.3000,0.0000,1
2025.07.10 00:04:55,BUY,14.9000,0.5000,0
2025.07.10 02:58:39,SELL,1.3000,0.5000,0
2025.07.10 03:53:40,BUY,1.1000,0.1000,0
2025.07.10 09:09:46,BUY,1.3000,0.3000,0
2025.07.10 09:23:29,BUY,1.3000,0.0000,0
2025.07.10 09:34:52,BUY,1.3000,0.0000,0
2025.07.10 10:43:37,BUY,1.3000,-0.1000,1
2025.07.10 14:12:53,BUY,1.2000,0.1000,1
2025.07.10 14:33:28,BUY,1.2000,-0.1000,0
2025.07.10 14:54:40,BUY,1.3000,-0.2000,1
2025.07.10 15:30:21,BUY,1.3000,0.1000,0
2025.07.10 16:04:55,SELL,1.2000,0.1000,1
2025.07.10 16:34:03,BUY,0.9000,-0.1000,1
2025.07.10 16:39:03,SELL,1.3000,0.0000,0
2025.07.10 16:48:12,BUY,1.3000,0.1000,0
2025.07.10 16:53:12,BUY,1.3000,0.1000,1
2025.07.10 17:01:08,BUY,1.3000,-0.3000,1
2025.07.10 17:07:53,BUY,1.3000,0.2000,1
2025.07.10 17:22:53,BUY,1.2000,0.0000,0
2025.07.10 17:28:45,BUY,1.3000,0.0000,0
2025.07.10 17:33:46,SELL,1.2000,0.1000,1
2025.07.10 17:38:46,BUY,1.3000,0.0000,0
2025.07.10 17:47:02,SELL,1.3000,0.4000,0
2025.07.10 17:55:40,BUY,1.3000,-0.1000,1
2025.07.10 18:31:26,BUY,1.2000,0.1000,0
2025.07.10 18:42:42,SELL,1.2000,0.1000,0
2025.07.10 20:39:05,SELL,1.2000,-0.1000,1
2025.07.11 00:03:07,BUY,9.1000,-0.7000,1
2025.07.11 03:07:01,BUY,0.8000,-0.3000,0
2025.07.11 03:16:33,BUY,1.1000,0.0000,1
2025.07.11 03:23:41,BUY,1.3000,0.2000,0
2025.07.11 03:30:27,BUY,1.2000,0.2000,1
2025.07.11 03:37:26,BUY,1.0000,-0.1000,0
2025.07.11 03:56:47,SELL,1.2000,0.2000,0
2025.07.11 09:03:04,BUY,1.3000,0.1000,1
2025.07.11 09:58:02,BUY,1.2000,0.1000,0
2025.07.11 10:03:08,SELL,1.2000,0.1000,1
2025.07.11 10:08:11,SELL,1.3000,0.3000,1
2025.07.11 10:15:55,SELL,1.1000,0.0000,0
2025.07.11 11:13:12,SELL,1.2000,-0.1000,1
2025.07.11 12:39:45,SELL,1.3000,0.2000,0
2025.07.11 15:09:59,BUY,1.1000,0.0000,0
2025.07.11 15:34:14,SELL,1.3000,-0.4000,0
2025.07.11 15:43:40,BUY,1.3000,0.3000,1
2025.07.11 16:24:42,SELL,1.3000,-0.1000,1
2025.07.11 16:39:50,SELL,1.3000,-0.2000,0
2025.07.11 16:48:55,BUY,1.3000,0.0000,1
2025.07.11 17:15:20,BUY,1.3000,-0.3000,0
2025.07.11 17:22:39,SELL,1.1000,0.2000,0
2025.07.11 17:33:24,SELL,1.3000,0.0000,0
2025.07.11 18:30:53,SELL,1.2000,-0.2000,1
2025.07.11 20:24:13,BUY,1.3000,0.2000,1
2025.07.11 23:52:43,SELL,1.2000,0.1000,1
2025.07.14 00:02:20,BUY,20.0000,0.0000,60
2025.07.14 00:07:21,SELL,5.7000,0.0000,9
2025.07.14 00:12:35,BUY,6.2000,0.0000,9
2025.07.14 00:18:02,BUY,4.2000,-0.1000,0
2025.07.14 00:42:00,SELL,1.2000,0.0000,0
2025.07.14 01:00:46,SELL,3.1000,0.3000,1
2025.07.14 01:12:25,BUY,0.9000,0.0000,0
2025.07.14 01:21:05,BUY,1.3000,-0.1000,1
2025.07.14 04:58:41,BUY,1.3000,0.1000,0
2025.07.14 05:24:10,BUY,1.3000,-0.1000,0
2025.07.14 06:50:41,SELL,1.2000,0.1000,0
2025.07.14 09:22:53,BUY,1.2000,0.0000,1
2025.07.14 12:13:46,SELL,1.2000,0.0000,0
2025.07.14 12:34:14,SELL,1.2000,0.1000,0
2025.07.14 12:58:28,SELL,1.2000,-0.1000,0
2025.07.14 13:57:44,SELL,1.2000,-0.1000,1
2025.07.14 14:32:29,BUY,1.3000,-0.2000,1
2025.07.14 16:08:11,BUY,1.3000,0.0000,2
2025.07.14 17:18:09,SELL,1.3000,-0.1000,1
2025.07.14 17:52:49,BUY,1.2000,-0.3000,0
2025.07.14 18:47:20,BUY,1.2000,-0.3000,0
2025.07.14 18:54:25,BUY,1.3000,-0.1000,0
2025.07.14 19:17:23,BUY,0.9000,0.1000,0
2025.07.15 03:03:44,SELL,1.3000,0.0000,0
2025.07.15 04:03:57,BUY,1.3000,0.0000,0
2025.07.15 04:59:07,BUY,1.3000,0.0000,0
2025.07.15 09:54:43,BUY,0.9000,-0.1000,1
2025.07.15 10:03:49,BUY,0.9000,0.1000,0
2025.07.15 10:21:07,SELL,1.2000,0.1000,0
2025.07.15 10:32:32,SELL,1.2000,0.1000,0
2025.07.15 12:44:55,BUY,1.3000,-0.1000,0
2025.07.15 15:30:01,SELL,2.2000,10.3000,0
2025.07.15 15:35:27,BUY,0.8000,-0.9000,1
2025.07.15 15:42:18,SELL,1.2000,0.1000,1
2025.07.15 15:52:53,SELL,1.2000,0.0000,1
2025.07.15 16:09:35,BUY,1.2000,0.0000,0
2025.07.15 16:19:02,BUY,1.3000,-0.1000,0
2025.07.15 16:33:48,BUY,1.3000,0.0000,2
2025.07.15 16:47:48,BUY,1.2000,0.1000,0
2025.07.15 16:54:05,BUY,1.2000,-0.3000,0
2025.07.15 17:00:30,BUY,1.2000,0.2000,0
2025.07.15 17:06:16,SELL,1.2000,0.0000,0
2025.07.15 17:12:54,BUY,1.3000,-0.1000,0
2025.07.15 17:22:32,BUY,1.2000,0.3000,0
2025.07.15 17:32:29,BUY,1.3000,-0.1000,1
2025.07.15 17:44:41,BUY,1.3000,0.0000,0
2025.07.15 18:03:33,BUY,1.3000,0.0000,0
2025.07.15 18:27:56,SELL,1.3000,-0.1000,0
2025.07.15 18:33:11,BUY,1.3000,0.0000,0
2025.07.15 18:43:56,SELL,1.2000,0.0000,0
2025.07.15 18:49:25,SELL,1.2000,0.1000,0
2025.07.15 18:59:31,SELL,1.2000,0.1000,0
2025.07.15 19:07:54,BUY,1.3000,0.0000,1
2025.07.16 00:00:50,BUY,7.6000,0.3000,9
2025.07.16 03:39:10,SELL,1.2000,0.0000,1
2025.07.16 09:58:03,SELL,1.2000,0.0000,1
2025.07.16 11:14:01,SELL,0.8000,-0.5000,0
2025.07.16 14:57:32,BUY,1.3000,-0.1000,1
2025.07.16 15:30:01,SELL,0.8000,-2.4000,0
2025.07.16 15:40:24,BUY,1.3000,0.1000,2
2025.07.16 15:54:25,BUY,1.3000,-0.1000,0
2025.07.16 15:59:25,BUY,1.3000,0.2000,0
2025.07.16 16:12:11,BUY,1.2000,0.1000,0
2025.07.16 16:19:46,BUY,1.2000,0.1000,0
2025.07.16 16:29:07,BUY,0.8000,0.1000,0
2025.07.16 16:34:07,BUY,1.3000,-0.2000,0
2025.07.16 16:41:32,SELL,1.2000,0.1000,1
2025.07.16 16:47:43,BUY,1.2000,0.0000,1
2025.07.16 16:53:39,SELL,1.3000,0.0000,0
2025.07.16 17:00:53,SELL,1.3000,-0.3000,1
2025.07.16 17:43:30,SELL,1.2000,0.0000,0
2025.07.16 17:53:19,SELL,0.8000,-0.2000,0
2025.07.16 17:58:57,SELL,1.3000,0.0000,0
2025.07.16 18:03:57,SELL,1.2000,0.0000,0
2025.07.16 18:10:16,SELL,0.8000,-0.3000,0
2025.07.16 18:15:47,SELL,1.2000,0.1000,0
2025.07.16 18:20:47,SELL,1.4000,0.0000,0
2025.07.16 18:25:47,SELL,1.4000,-0.1000,0
2025.07.16 18:30:47,SELL,0.9000,0.5000,0
2025.07.16 18:35:47,BUY,0.8000,0.1000,0
2025.07.16 18:40:47,SELL,1.2000,0.7000,0
2025.07.16 18:46:21,BUY,1.3000,0.2000,0
2025.07.16 18:51:21,BUY,1.3000,0.3000,0
2025.07.16 18:56:21,BUY,0.9000,-1.8000,0
2025.07.16 19:01:59,BUY,1.3000,-1.2000,0
2025.07.16 19:06:59,SELL,1.3000,0.1000,0
2025.07.16 19:11:59,SELL,1.3000,0.3000,0
2025.07.16 19:16:59,BUY,1.4000,-0.1000,0
2025.07.16 19:22:02,BUY,1.3000,0.0000,0
2025.07.16 19:29:15,BUY,1.3000,0.2000,0
2025.07.16 19:34:34,BUY,1.3000,-0.7000,0
2025.07.16 19:46:56,SELL,1.3000,-0.2000,0
2025.07.16 19:52:21,BUY,1.3000,-0.1000,1
2025.07.16 20:07:13,SELL,1.4000,0.0000,1
2025.07.16 20:14:06,SELL,1.2000,0.1000,0
2025.07.16 20:22:04,BUY,1.2000,0.1000,0
2025.07.16 20:48:43,SELL,1.3000,-0.3000,0
2025.07.16 20:53:43,BUY,1.3000,0.4000,0
2025.07.16 23:59:31,BUY,17.0000,-1.4000,1
2025.07.17 00:06:35,SELL,5.5000,-0.3000,0
2025.07.17 01:00:31,SELL,2.7000,0.1000,0
2025.07.17 03:02:31,BUY,1.3000,-0.3000,0
2025.07.17 03:37:34,BUY,1.3000,-0.1000,1
2025.07.17 08:57:45,BUY,1.3000,0.3000,1
2025.07.17 09:14:23,BUY,1.2000,-0.1000,0
2025.07.17 09:19:23,BUY,1.3000,-0.1000,0
2025.07.17 09:24:23,BUY,1.3000,-0.1000,0
2025.07.17 09:34:43,BUY,1.3000,0.0000,0
2025.07.17 09:44:29,BUY,1.2000,0.0000,0
2025.07.17 10:02:23,BUY,1.3000,0.0000,0
2025.07.17 10:08:24,SELL,1.2000,-0.3000,0
2025.07.17 10:13:40,SELL,1.2000,0.1000,0
2025.07.17 10:21:41,BUY,1.3000,0.1000,0
2025.07.17 11:14:32,SELL,1.3000,0.0000,1
2025.07.17 11:29:46,SELL,1.2000,0.1000,0
2025.07.17 14:23:53,BUY,1.2000,0.2000,1
2025.07.17 14:49:54,BUY,1.4000,-0.1000,1
2025.07.17 15:12:44,SELL,1.2000,0.1000,0
2025.07.17 15:29:50,BUY,2.2000,0.1000,1
2025.07.17 15:36:38,SELL,1.2000,-0.1000,0
2025.07.17 15:44:07,SELL,1.0000,0.5000,1
2025.07.17 15:49:08,SELL,1.3000,0.2000,0
2025.07.17 16:06:09,SELL,1.3000,-0.2000,0
2025.07.17 16:14:41,BUY,1.3000,-0.1000,0
2025.07.17 16:49:19,BUY,1.3000,0.0000,0
2025.07.17 16:54:41,BUY,1.2000,0.0000,0
2025.07.17 17:08:14,BUY,1.2000,-0.1000,0
2025.07.17 17:17:13,SELL,1.3000,0.1000,0
2025.07.17 17:31:16,BUY,1.2000,0.0000,0
2025.07.17 17:37:29,SELL,1.3000,0.1000,0
2025.07.17 18:29:26,SELL,1.2000,0.0000,1
2025.07.17 18:53:03,SELL,1.3000,0.0000,0
2025.07.17 18:58:03,BUY,1.2000,-0.1000,1
2025.07.17 19:37:41,BUY,1.2000,0.1000,0
2025.07.17 20:09:11,SELL,1.2000,0.0000,0
2025.07.18 01:32:15,SELL,1.4000,-0.1000,0
2025.07.18 01:38:08,SELL,1.3000,0.1000,0
2025.07.18 01:47:44,SELL,1.2000,-0.3000,1
2025.07.18 04:47:18,SELL,0.8000,0.8000,1
2025.07.18 10:04:08,SELL,1.2000,0.1000,0
2025.07.18 10:13:30,BUY,1.2000,-0.1000,0
2025.07.18 10:57:27,SELL,1.2000,0.1000,0
2025.07.18 11:02:28,SELL,1.1000,0.1000,0
2025.07.18 15:09:28,SELL,1.3000,-0.1000,1
2025.07.18 15:14:29,SELL,1.3000,-0.3000,0
2025.07.18 15:27:15,BUY,1.1000,0.0000,0
2025.07.18 16:02:51,BUY,1.2000,0.0000,2
2025.07.18 16:23:44,SELL,1.3000,0.0000,0
2025.07.18 16:33:20,BUY,1.3000,-0.1000,0
2025.07.18 16:38:54,BUY,1.2000,0.2000,0
2025.07.18 16:56:07,SELL,1.2000,0.4000,0
2025.07.18 17:06:35,SELL,0.8000,-0.1000,0
2025.07.18 17:13:06,BUY,1.3000,0.1000,1
2025.07.18 17:18:45,BUY,1.2000,0.1000,0
2025.07.18 17:38:26,BUY,1.3000,0.1000,1
2025.07.18 17:52:43,BUY,1.2000,0.1000,0
2025.07.18 18:11:38,SELL,1.2000,0.1000,0
2025.07.18 18:44:10,BUY,1.2000,0.1000,0
2025.07.18 18:57:33,BUY,1.3000,-0.1000,0
2025.07.18 19:22:23,BUY,1.2000,-0.3000,1
2025.07.18 19:41:59,BUY,1.3000,0.0000,1
2025.07.18 23:47:44,BUY,1.2000,0.1000,0
2025.07.21 00:06:01,SELL,1.9000,1.1000,4
2025.07.21 00:11:32,BUY,7.5000,-0.1000,0
2025.07.21 00:39:30,SELL,2.0000,0.0000,0
2025.07.21 01:00:58,BUY,4.1000,-0.2000,0
2025.07.21 10:03:43,SELL,1.3000,-0.1000,0
2025.07.21 10:42:41,SELL,1.3000,0.1000,0
2025.07.21 11:04:15,BUY,1.3000,-0.2000,0
2025.07.21 11:33:10,SELL,1.2000,0.2000,0
2025.07.21 11:53:27,BUY,1.3000,0.0000,0
2025.07.21 12:43:57,SELL,1.2000,0.1000,1
2025.07.21 14:04:06,SELL,1.3000,-0.1000,2
2025.07.21 14:09:27,SELL,1.3000,0.0000,0
2025.07.21 14:24:41,SELL,1.2000,0.0000,0
2025.07.21 14:58:33,SELL,1.2000,0.1000,0
2025.07.21 15:12:54,SELL,1.3000,-0.4000,0
2025.07.21 16:38:54,BUY,1.2000,0.1000,0
2025.07.21 16:44:57,SELL,1.2000,0.0000,0
2025.07.21 17:01:41,SELL,1.2000,-0.3000,1
2025.07.21 17:18:08,SELL,1.2000,0.2000,1
2025.07.21 17:27:00,SELL,0.8000,-0.3000,0
2025.07.21 17:32:18,SELL,1.2000,0.1000,1
2025.07.21 17:37:19,SELL,1.3000,-0.1000,0
2025.07.21 17:55:55,SELL,1.2000,0.0000,0
2025.07.21 18:03:50,SELL,1.3000,0.1000,0
2025.07.21 18:14:39,SELL,1.3000,-0.2000,0
2025.07.21 18:19:43,SELL,1.3000,-0.3000,0
2025.07.21 18:24:43,SELL,1.3000,-0.1000,0
2025.07.21 18:44:03,BUY,1.3000,0.5000,1
2025.07.21 19:11:47,SELL,1.3000,0.0000,1
2025.07.21 19:17:19,BUY,1.0000,-0.2000,1
2025.07.21 20:02:58,BUY,1.3000,0.0000,1
2025.07.21 23:59:56,BUY,10.5000,0.5000,0
2025.07.22 03:04:07,BUY,1.4000,-0.1000,1
2025.07.22 09:58:24,SELL,1.3000,0.1000,0
2025.07.22 10:09:36,BUY,1.3000,-0.1000,0
2025.07.22 10:53:45,BUY,1.3000,-0.1000,0
2025.07.22 11:32:34,SELL,1.2000,0.2000,0
2025.07.22 11:38:41,SELL,1.0000,-0.2000,0
2025.07.22 14:57:55,SELL,1.2000,0.0000,1
2025.07.22 15:18:34,BUY,1.3000,0.0000,0
2025.07.22 15:51:20,BUY,1.3000,0.1000,0
2025.07.22 16:01:19,SELL,1.2000,-0.2000,1
2025.07.22 16:08:18,BUY,0.9000,-0.1000,0
2025.07.22 16:22:17,SELL,1.3000,0.0000,1
2025.07.22 16:42:39,SELL,1.3000,0.0000,0
2025.07.22 16:54:39,SELL,1.2000,-0.1000,1
2025.07.22 17:03:27,BUY,1.2000,0.0000,0
2025.07.22 17:09:32,BUY,1.2000,0.2000,0
2025.07.22 17:14:32,SELL,1.3000,0.0000,0
2025.07.22 17:43:33,SELL,0.9000,0.5000,0
2025.07.22 17:48:33,SELL,1.2000,0.2000,0
2025.07.22 17:53:52,SELL,1.0000,0.0000,0
2025.07.22 18:04:53,BUY,1.3000,0.2000,1
2025.07.22 18:11:31,SELL,0.8000,-0.1000,0
2025.07.22 18:18:11,SELL,1.3000,0.1000,0
2025.07.22 18:36:26,SELL,1.3000,-0.1000,1
2025.07.22 18:54:41,SELL,1.2000,0.0000,0
2025.07.22 19:07:18,SELL,1.3000,-0.4000,0
2025.07.22 19:57:46,SELL,1.2000,0.1000,2
2025.07.23 00:17:25,BUY,4.2000,-0.1000,3
2025.07.23 02:13:47,SELL,1.2000,0.3000,0
2025.07.23 02:18:52,BUY,1.3000,0.0000,1
2025.07.23 02:23:54,BUY,1.3000,-0.1000,1
2025.07.23 03:15:35,SELL,0.8000,-0.1000,0
2025.07.23 03:54:35,SELL,1.2000,0.1000,1
2025.07.23 04:04:43,BUY,1.2000,-0.1000,0
2025.07.23 04:54:56,SELL,0.9000,0.2000,0
2025.07.23 09:02:23,SELL,1.2000,-0.3000,0
2025.07.23 09:58:44,SELL,1.2000,-0.1000,0
2025.07.23 10:09:11,SELL,1.3000,-0.1000,0
2025.07.23 10:24:25,BUY,1.2000,0.1000,0
2025.07.23 10:39:36,BUY,1.3000,-0.1000,0
2025.07.23 10:58:26,SELL,1.3000,0.0000,0
2025.07.23 13:02:40,BUY,1.2000,0.0000,1
2025.07.23 13:54:26,BUY,1.1000,-0.2000,0
2025.07.23 15:32:01,BUY,1.2000,0.0000,0
2025.07.23 16:04:11,BUY,1.1000,-0.1000,0
2025.07.23 16:19:14,SELL,1.1000,0.0000,0
2025.07.23 16:33:36,BUY,1.3000,0.1000,0
2025.07.23 16:42:34,SELL,1.3000,0.0000,1
2025.07.23 16:54:05,SELL,0.8000,-0.3000,0
2025.07.23 17:04:14,SELL,1.2000,0.2000,1
2025.07.23 17:39:55,SELL,1.3000,-0.1000,1
2025.07.23 17:54:23,SELL,1.2000,0.0000,0
2025.07.23 18:09:48,SELL,1.2000,0.1000,0
2025.07.23 18:34:22,BUY,1.3000,0.1000,0
2025.07.23 18:54:50,SELL,0.8000,-0.5000,0
2025.07.23 18:59:50,SELL,1.2000,0.1000,0
2025.07.23 19:04:50,SELL,1.3000,0.1000,0
2025.07.23 19:11:09,BUY,1.1000,0.0000,1
2025.07.23 19:16:54,SELL,1.3000,0.4000,1
2025.07.23 19:38:36,SELL,1.3000,0.4000,1
2025.07.23 19:52:21,BUY,1.2000,0.1000,0
2025.07.23 20:03:50,SELL,0.9000,0.1000,0
2025.07.23 20:16:08,SELL,1.3000,0.0000,0
2025.07.23 20:50:58,BUY,0.8000,-2.4000,1
2025.07.23 20:56:42,SELL,1.3000,0.1000,2
2025.07.23 23:52:59,BUY,1.4000,0.1000,1
2025.07.24 00:21:11,BUY,9.6000,-0.5000,9
2025.07.24 01:01:13,SELL,1.1000,-0.5000,1
2025.07.24 03:31:52,BUY,1.3000,-0.2000,0
2025.07.24 03:54:07,SELL,1.2000,0.1000,0
2025.07.24 04:03:49,SELL,1.3000,-0.1000,0
2025.07.24 05:19:19,SELL,1.3000,0.0000,1
2025.07.24 09:07:23,BUY,1.3000,0.0000,0
2025.07.24 11:55:56,BUY,1.1000,-0.2000,0
2025.07.24 13:08:40,BUY,1.3000,0.1000,0
2025.07.24 14:49:45,SELL,1.2000,-0.4000,0
2025.07.24 15:17:26,SELL,1.3000,-0.2000,0
2025.07.24 15:31:30,BUY,1.3000,-0.1000,0
2025.07.24 15:38:34,BUY,1.3000,-0.1000,1
2025.07.24 16:02:15,BUY,1.3000,-0.3000,0
2025.07.24 16:07:15,SELL,1.3000,-0.1000,0
2025.07.24 16:12:45,SELL,0.8000,-0.4000,0
2025.07.24 16:17:45,BUY,1.3000,0.0000,0
2025.07.24 16:24:30,SELL,1.2000,0.1000,0
2025.07.24 16:29:30,SELL,1.3000,-0.3000,0
2025.07.24 16:34:30,BUY,1.3000,-0.2000,0
2025.07.24 16:45:26,BUY,1.3000,-0.8000,0
2025.07.24 16:54:54,SELL,1.0000,0.5000,0
2025.07.24 16:59:55,BUY,1.3000,0.0000,0
2025.07.24 17:04:55,SELL,1.2000,0.1000,0
2025.07.24 17:14:24,SELL,1.3000,-0.1000,0
2025.07.24 17:19:45,BUY,1.3000,-0.3000,1
2025.07.24 17:24:45,BUY,1.2000,0.0000,0
2025.07.24 17:51:28,BUY,1.1000,0.3000,0
2025.07.24 18:12:57,BUY,1.3000,-0.1000,0
2025.07.24 18:19:03,SELL,1.2000,0.4000,2
2025.07.24 18:24:05,SELL,0.9000,0.0000,0
2025.07.24 18:29:59,SELL,1.2000,-0.3000,1
2025.07.24 18:36:32,BUY,1.3000,0.1000,0
2025.07.24 18:42:51,SELL,1.3000,-0.1000,0
2025.07.24 18:59:41,BUY,1.3000,-0.1000,1
2025.07.24 19:09:24,SELL,0.8000,-0.3000,0
2025.07.24 19:14:24,BUY,1.3000,-0.1000,0
2025.07.24 19:56:24,BUY,1.3000,-0.1000,0
2025.07.24 23:46:58,BUY,1.4000,-0.1000,0
2025.07.24 23:56:39,SELL,1.4000,0.1000,0
2025.07.25 00:02:05,BUY,7.8000,-0.4000,0
2025.07.25 04:13:44,BUY,1.3000,-0.1000,1
2025.07.25 09:34:09,SELL,1.2000,-0.1000,1
2025.07.25 11:04:43,SELL,1.2000,0.1000,0
2025.07.25 11:14:17,BUY,1.2000,0.0000,1
2025.07.25 12:07:44,BUY,1.2000,0.1000,0
2025.07.25 13:28:31,SELL,1.2000,0.1000,1
2025.07.25 13:51:00,BUY,1.2000,0.3000,1
2025.07.25 14:13:25,BUY,1.3000,-0.3000,1
2025.07.25 14:22:50,BUY,1.3000,0.0000,1
2025.07.25 15:48:40,BUY,0.1000,0.5000,1
2025.07.25 16:05:30,BUY,1.3000,-0.6000,0
2025.07.25 16:11:45,BUY,1.2000,0.1000,0
2025.07.25 16:16:46,SELL,1.3000,0.0000,0
2025.07.25 16:23:12,SELL,1.2000,0.1000,0
2025.07.25 16:33:49,BUY,1.2000,0.1000,1
2025.07.25 16:42:26,BUY,1.2000,0.1000,0
2025.07.25 16:47:26,SELL,1.3000,-0.1000,0
2025.07.25 16:53:11,SELL,1.3000,0.1000,0
2025.07.25 17:02:37,SELL,1.3000,0.2000,0
2025.07.25 17:07:37,SELL,1.2000,0.1000,0
2025.07.25 17:34:28,BUY,1.3000,0.1000,1
2025.07.25 18:07:10,BUY,1.1000,0.1000,1
2025.07.25 18:36:43,BUY,1.3000,-0.1000,0
2025.07.28 00:01:01,SELL,7.4000,0.3000,0
2025.07.28 00:06:03,SELL,1.6000,-0.2000,2
2025.07.28 00:32:22,SELL,2.4000,2.0000,3
2025.07.28 01:01:17,SELL,1.2000,0.1000,0
2025.07.28 01:06:19,BUY,1.7000,0.1000,1
2025.07.28 01:15:58,SELL,1.3000,0.1000,1
2025.07.28 01:24:57,SELL,1.1000,0.0000,1
2025.07.28 03:01:30,SELL,1.0000,-1.3000,0
2025.07.28 03:07:54,BUY,1.1000,-0.1000,1
2025.07.28 03:15:38,SELL,1.3000,0.1000,0
2025.07.28 03:32:28,BUY,1.2000,0.1000,0
2025.07.28 03:57:17,SELL,1.0000,0.0000,1
2025.07.28 04:03:52,SELL,1.2000,-0.1000,1
2025.07.28 09:18:33,BUY,1.3000,0.0000,0
2025.07.28 09:23:33,BUY,1.3000,-0.5000,0
2025.07.28 09:28:33,BUY,1.3000,-0.1000,0
2025.07.28 09:33:38,BUY,1.2000,-0.1000,0
2025.07.28 10:02:37,BUY,1.1000,-0.2000,1
2025.07.28 10:07:37,SELL,1.3000,0.2000,0
2025.07.28 10:27:16,BUY,1.2000,0.1000,0
2025.07.28 10:32:16,BUY,1.2000,-0.5000,0
2025.07.28 10:39:53,BUY,0.8000,-0.4000,0
2025.07.28 10:48:05,BUY,1.4000,-0.5000,1
2025.07.28 10:57:45,BUY,1.3000,-0.8000,0
2025.07.28 11:02:46,SELL,1.2000,0.1000,0
2025.07.28 11:19:40,SELL,1.3000,-0.5000,0
2025.07.28 11:38:16,BUY,1.3000,0.1000,0
2025.07.28 11:43:18,BUY,1.2000,0.0000,0
2025.07.28 11:58:19,SELL,1.3000,-0.1000,0
2025.07.28 12:26:54,BUY,1.3000,-0.1000,0
2025.07.28 12:35:43,BUY,1.3000,-0.3000,1
2025.07.28 13:22:07,BUY,1.3000,0.0000,0
2025.07.28 13:48:06,BUY,1.2000,0.0000,1
2025.07.28 14:02:18,BUY,1.3000,0.2000,0
2025.07.28 14:17:40,BUY,1.2000,0.1000,0
2025.07.28 14:33:02,BUY,1.3000,-0.1000,2
2025.07.28 14:55:22,SELL,1.3000,-0.8000,0
2025.07.28 15:00:22,SELL,1.2000,0.1000,0
2025.07.28 15:08:35,BUY,1.3000,0.3000,1
2025.07.28 15:15:45,SELL,1.3000,0.1000,2
2025.07.28 15:27:59,SELL,1.3000,0.1000,0
2025.07.28 15:37:43,SELL,1.2000,0.0000,0
2025.07.28 15:48:25,BUY,1.2000,-0.9000,1
2025.07.28 15:57:48,SELL,1.3000,0.1000,0
2025.07.28 16:11:33,BUY,1.3000,-0.1000,1
2025.07.28 16:16:54,BUY,1.2000,0.1000,0
2025.07.28 16:21:58,BUY,1.2000,0.1000,0
2025.07.28 16:28:10,BUY,1.2000,0.1000,0
2025.07.28 16:39:37,BUY,0.8000,0.1000,0
2025.07.28 16:49:16,BUY,0.8000,0.2000,1
2025.07.28 16:59:19,SELL,1.2000,0.0000,0
2025.07.28 17:06:35,SELL,1.1000,-0.1000,0
2025.07.28 17:26:35,SELL,1.3000,-0.1000,0
2025.07.28 17:53:04,BUY,1.3000,-0.1000,1
2025.07.28 18:05:52,BUY,1.3000,0.1000,0
2025.07.28 18:21:55,BUY,1.2000,-0.1000,0
2025.07.28 18:26:58,SELL,1.2000,0.0000,0
2025.07.28 18:42:12,BUY,1.3000,-0.1000,1
2025.07.28 18:49:08,BUY,1.3000,0.0000,0
2025.07.28 20:19:12,BUY,1.3000,0.1000,0
2025.07.29 04:17:05,SELL,1.2000,0.0000,3
2025.07.29 06:37:02,BUY,1.3000,-0.2000,1
2025.07.29 07:18:40,BUY,1.3000,0.1000,0
2025.07.29 07:57:06,SELL,1.2000,0.0000,1
2025.07.29 09:13:26,SELL,1.2000,0.1000,1
2025.07.29 09:27:24,BUY,1.2000,0.1000,0
2025.07.29 09:33:40,BUY,1.3000,-0.1000,1
2025.07.29 09:47:53,BUY,1.2000,0.3000,1
2025.07.29 09:55:05,BUY,0.8000,-0.2000,0
2025.07.29 10:00:12,SELL,1.2000,-0.3000,0
2025.07.29 10:07:27,BUY,1.3000,0.0000,0
2025.07.29 10:14:02,BUY,1.2000,0.0000,0
2025.07.29 10:19:08,SELL,1.2000,0.1000,0
2025.07.29 10:24:19,SELL,1.3000,0.1000,2
2025.07.29 10:29:19,BUY,1.1000,0.0000,0
2025.07.29 10:38:00,BUY,1.3000,-0.3000,1
2025.07.29 10:44:34,SELL,1.2000,0.0000,0
2025.07.29 10:49:34,SELL,1.3000,0.0000,1
2025.07.29 10:57:45,SELL,1.2000,0.1000,0
2025.07.29 11:03:08,SELL,1.1000,-0.5000,1
2025.07.29 11:14:29,SELL,1.2000,0.1000,1
2025.07.29 11:53:19,SELL,1.2000,0.2000,0
2025.07.29 12:00:04,SELL,1.3000,-0.1000,0
2025.07.29 12:07:46,BUY,1.3000,0.0000,1
2025.07.29 12:22:23,SELL,1.0000,0.1000,0
2025.07.29 12:29:18,SELL,1.3000,-0.1000,1
2025.07.29 12:47:47,BUY,1.3000,-0.1000,0
2025.07.29 13:29:12,SELL,1.3000,-0.2000,1
2025.07.29 13:34:37,BUY,1.3000,-0.1000,0
2025.07.29 14:04:50,BUY,1.2000,0.2000,0
2025.07.29 14:18:47,BUY,1.2000,-0.1000,0
2025.07.29 14:37:30,BUY,1.2000,0.0000,1
2025.07.29 14:42:30,BUY,1.3000,0.1000,0
2025.07.29 15:12:12,SELL,1.2000,0.1000,0
2025.07.29 15:56:35,BUY,1.3000,0.0000,1
2025.07.29 16:11:48,BUY,1.3000,0.0000,1
2025.07.29 16:22:19,SELL,1.3000,-0.1000,0
2025.07.29 16:33:46,BUY,1.2000,0.1000,1
2025.07.29 16:41:16,SELL,1.2000,0.1000,0
2025.07.29 16:47:09,SELL,1.1000,0.0000,0
2025.07.29 16:56:49,SELL,0.9000,-0.5000,1
2025.07.29 17:01:59,BUY,1.3000,0.2000,1
2025.07.29 17:08:43,BUY,1.3000,-0.7000,1
2025.07.29 17:17:00,BUY,1.3000,0.1000,1
2025.07.29 17:22:00,SELL,1.3000,0.1000,0
2025.07.29 17:27:20,BUY,1.3000,0.0000,4
2025.07.29 17:32:49,SELL,1.2000,-0.1000,0
2025.07.29 17:39:52,SELL,1.0000,-0.1000,1
2025.07.29 17:44:52,BUY,1.3000,0.0000,0
2025.07.29 17:50:43,BUY,1.3000,-0.2000,1
2025.07.29 17:57:48,BUY,1.3000,0.0000,1
2025.07.29 18:08:42,SELL,1.3000,-0.1000,0
2025.07.29 18:18:18,SELL,1.3000,0.0000,0
2025.07.29 18:29:42,SELL,1.3000,0.0000,3
2025.07.29 18:57:15,BUY,1.3000,0.0000,1
2025.07.29 19:03:18,SELL,1.2000,0.1000,4
2025.07.29 19:16:42,SELL,1.2000,0.1000,1
2025.07.29 20:12:46,SELL,1.2000,-0.1000,0
2025.07.29 20:17:46,SELL,1.3000,-0.1000,2
2025.07.29 20:28:40,BUY,1.3000,-0.1000,0
2025.07.29 20:57:59,BUY,1.3000,0.1000,1
2025.07.30 04:23:40,BUY,1.3000,-0.1000,5
2025.07.30 06:37:36,BUY,1.2000,0.2000,0
2025.07.30 07:03:09,BUY,1.3000,-0.1000,1
2025.07.30 09:04:04,BUY,1.1000,0.1000,0
2025.07.30 09:13:19,SELL,1.3000,-0.1000,1
2025.07.30 09:53:37,SELL,1.0000,-0.2000,1
2025.07.30 10:06:57,SELL,1.3000,0.2000,0
2025.07.30 10:37:29,BUY,1.1000,-0.2000,0
2025.07.30 10:43:00,BUY,1.2000,0.1000,0
2025.07.30 12:57:59,SELL,1.3000,-0.1000,1
2025.07.30 13:23:05,BUY,1.2000,0.0000,0
2025.07.30 13:37:38,BUY,1.2000,0.0000,0
2025.07.30 14:08:45,BUY,1.3000,0.1000,0
2025.07.30 15:09:33,BUY,1.3000,0.0000,0
2025.07.30 15:14:33,BUY,1.3000,0.1000,0
2025.07.30 15:21:17,SELL,0.8000,0.2000,0
2025.07.30 15:26:41,BUY,1.2000,0.2000,1
2025.07.30 15:31:41,BUY,1.3000,0.0000,0
2025.07.30 15:36:41,BUY,1.3000,-0.1000,0
2025.07.30 15:41:51,BUY,1.0000,-0.4000,0
2025.07.30 15:50:06,BUY,1.3000,-0.2000,1
2025.07.30 15:57:22,BUY,1.3000,0.0000,1
2025.07.30 16:02:22,SELL,1.2000,0.0000,0
2025.07.30 16:11:37,BUY,1.3000,-0.1000,0
2025.07.30 16:19:05,SELL,1.3000,0.1000,1
2025.07.30 16:24:08,BUY,1.3000,-0.1000,0
2025.07.30 16:33:47,SELL,1.3000,0.0000,1
2025.07.30 16:43:12,BUY,1.2000,0.0000,1
2025.07.30 16:52:17,BUY,1.3000,-0.1000,1
2025.07.30 16:59:02,SELL,1.3000,-0.3000,0
2025.07.30 17:07:16,SELL,1.3000,0.0000,0
2025.07.30 17:13:20,SELL,1.2000,0.1000,0
2025.07.30 17:47:33,SELL,0.8000,0.2000,0
2025.07.30 18:07:07,BUY,1.2000,0.1000,1
2025.07.30 18:12:07,SELL,1.2000,0.1000,0
2025.07.30 18:32:49,BUY,1.3000,-0.1000,3
2025.07.30 19:09:52,BUY,1.4000,-0.2000,0
2025.07.30 21:00:07,SELL,1.1000,-0.1000,0
2025.07.30 21:05:42,BUY,1.3000,0.0000,1
2025.07.30 21:10:44,SELL,1.3000,-0.2000,0
2025.07.30 21:27:19,SELL,1.2000,0.0000,1
2025.07.30 21:33:30,BUY,1.3000,0.1000,0
2025.07.30 21:38:30,BUY,1.4000,-0.2000,0
2025.07.30 21:43:30,BUY,1.4000,0.3000,0
2025.07.30 21:48:35,BUY,0.9000,1.1000,1
2025.07.30 21:53:35,BUY,1.2000,0.0000,0
2025.07.30 21:58:35,BUY,1.3000,0.2000,0
2025.07.30 22:07:08,SELL,1.3000,0.3000,1
2025.07.30 22:12:08,SELL,1.2000,-0.1000,0
2025.07.30 22:18:00,BUY,1.3000,-0.4000,0
2025.07.30 22:23:00,BUY,1.4000,0.4000,0
2025.07.30 22:28:35,BUY,0.9000,-0.1000,1
2025.07.30 22:33:35,SELL,1.3000,0.2000,0
2025.07.30 22:38:42,BUY,1.2000,0.1000,0
2025.07.30 23:06:00,SELL,1.2000,0.1000,0
2025.07.30 23:11:00,BUY,1.2000,-0.7000,1
2025.07.30 23:23:04,BUY,0.8000,-0.6000,0
2025.07.30 23:33:14,SELL,1.2000,0.1000,1
2025.07.30 23:59:37,BUY,9.1000,-0.3000,0
2025.07.31 01:02:12,SELL,1.4000,-0.3000,1
2025.07.31 01:22:32,BUY,1.2000,0.4000,0
2025.07.31 03:00:48,SELL,1.2000,-0.1000,0
2025.07.31 04:06:55,BUY,1.3000,-0.2000,0
2025.07.31 04:17:03,BUY,1.4000,0.0000,1
2025.07.31 04:46:52,BUY,1.3000,0.1000,1
2025.07.31 06:03:31,SELL,1.4000,0.1000,0
2025.07.31 06:08:37,BUY,1.3000,0.1000,0
2025.07.31 06:25:19,BUY,1.3000,0.0000,1
2025.07.31 06:43:46,SELL,1.3000,0.0000,0
2025.07.31 08:22:50,SELL,1.2000,0.0000,2
2025.07.31 08:32:33,BUY,1.3000,-0.1000,0
2025.07.31 08:46:25,BUY,1.2000,0.4000,1
2025.07.31 09:17:28,SELL,1.3000,0.1000,1
2025.07.31 09:24:48,SELL,1.1000,-0.2000,0
2025.07.31 09:38:32,BUY,1.3000,-0.2000,1
2025.07.31 09:43:32,SELL,1.0000,0.2000,0
2025.07.31 10:02:55,BUY,1.3000,-0.1000,0
2025.07.31 10:17:39,BUY,1.3000,-0.1000,0
2025.07.31 10:25:56,BUY,1.2000,0.0000,0
2025.07.31 10:48:28,SELL,1.2000,0.1000,0
2025.07.31 10:56:17,SELL,1.2000,0.0000,0
2025.07.31 11:07:54,SELL,1.3000,-0.3000,1
2025.07.31 11:32:26,SELL,1.2000,0.1000,0
2025.07.31 11:57:08,SELL,1.2000,0.0000,1
2025.07.31 12:02:48,BUY,1.2000,0.0000,1
2025.07.31 13:34:43,BUY,1.3000,0.1000,0
2025.07.31 13:39:45,SELL,1.3000,-0.1000,0
2025.07.31 13:54:41,SELL,1.2000,0.0000,0
2025.07.31 14:12:37,SELL,1.2000,-0.1000,1
2025.07.31 14:22:34,BUY,1.3000,0.0000,3
2025.07.31 14:32:42,SELL,1.2000,0.1000,0
2025.07.31 14:58:07,SELL,1.3000,-0.1000,1
2025.07.31 15:08:34,BUY,1.3000,-0.1000,2
2025.07.31 15:18:37,BUY,1.3000,0.3000,0
2025.07.31 15:29:46,BUY,3.1000,-0.1000,0
2025.07.31 15:39:39,SELL,1.2000,-0.4000,0
2025.07.31 15:44:57,BUY,1.2000,0.0000,0
2025.07.31 15:49:57,BUY,1.3000,0.0000,0
2025.07.31 15:57:52,SELL,1.3000,0.1000,2
2025.07.31 16:04:14,BUY,1.3000,0.0000,0
2025.07.31 16:09:15,BUY,1.3000,0.0000,0
2025.07.31 16:17:17,BUY,1.3000,-1.0000,0
2025.07.31 16:29:03,BUY,1.2000,0.4000,0
2025.07.31 16:39:30,SELL,1.2000,0.1000,1
2025.07.31 17:11:35,SELL,0.8000,0.5000,0
2025.07.31 17:22:11,BUY,1.3000,0.0000,0
2025.07.31 17:29:04,SELL,1.0000,-0.1000,0
2025.07.31 17:34:37,SELL,1.2000,0.0000,1
2025.07.31 17:39:38,SELL,1.2000,0.1000,0
2025.07.31 17:44:47,SELL,1.2000,-0.1000,0
2025.07.31 17:50:55,SELL,1.2000,0.0000,1
2025.07.31 17:57:24,BUY,1.2000,-0.1000,1
2025.07.31 18:11:21,BUY,1.1000,0.4000,0
2025.07.31 18:23:57,BUY,1.2000,0.0000,1
2025.07.31 18:33:23,SELL,1.2000,-0.1000,1
2025.07.31 18:42:03,BUY,0.8000,-1.0000,1
2025.07.31 18:59:46,BUY,1.3000,0.1000,0
2025.07.31 19:11:34,BUY,1.3000,0.0000,1
2025.07.31 20:22:05,BUY,1.3000,0.0000,1
2025.07.31 21:08:04,SELL,1.2000,0.4000,1
2025.07.31 22:53:16,BUY,1.2000,-0.2000,0
2025.07.31 22:58:23,BUY,1.3000,-0.1000,0
2025.08.01 02:29:25,SELL,1.3000,-0.1000,0
2025.08.01 02:44:43,SELL,1.3000,0.0000,0
2025.08.01 03:01:24,BUY,1.2000,0.0000,3
2025.08.01 04:32:18,BUY,1.3000,0.0000,0
2025.08.01 04:41:53,BUY,1.3000,0.1000,0
2025.08.01 04:47:01,BUY,1.3000,0.1000,0
2025.08.01 05:02:41,SELL,1.3000,-0.1000,0
2025.08.01 06:06:42,SELL,0.8000,-0.3000,0
2025.08.01 08:54:31,SELL,1.2000,-0.3000,0
2025.08.01 10:14:52,BUY,1.2000,-0.1000,0
2025.08.01 10:29:49,SELL,1.3000,0.1000,0
2025.08.01 10:38:59,BUY,1.3000,0.3000,1
2025.08.01 10:53:00,BUY,1.3000,-0.3000,0
2025.08.01 10:59:55,SELL,1.3000,0.1000,1
2025.08.01 11:07:09,BUY,1.2000,-0.2000,0
2025.08.01 11:49:29,BUY,1.3000,0.1000,1
2025.08.01 12:23:10,BUY,1.2000,-0.1000,1
2025.08.01 12:49:31,BUY,1.3000,0.0000,0
2025.08.01 12:54:32,SELL,0.8000,-0.1000,1
2025.08.01 13:02:28,SELL,0.8000,-0.2000,0
2025.08.01 13:32:30,SELL,0.8000,-0.1000,0
2025.08.01 13:58:15,BUY,1.2000,0.2000,0
2025.08.01 14:13:01,SELL,1.2000,0.1000,0
2025.08.01 14:18:06,BUY,1.2000,0.1000,0
2025.08.01 14:29:36,BUY,1.3000,-0.1000,1
2025.08.01 14:58:51,BUY,1.2000,-0.2000,1
2025.08.01 15:19:02,BUY,1.2000,0.1000,0
2025.08.01 15:27:15,BUY,1.3000,0.3000,0
2025.08.01 15:32:15,SELL,1.4000,0.5000,0
2025.08.01 15:37:15,SELL,1.3000,0.3000,0
2025.08.01 15:42:27,SELL,1.3000,-0.3000,0
2025.08.01 15:47:29,SELL,1.1000,-0.4000,1
2025.08.01 15:52:34,BUY,1.4000,-0.2000,0
2025.08.01 15:57:34,BUY,1.2000,0.5000,0
2025.08.01 16:03:54,BUY,1.3000,-0.1000,0
2025.08.01 16:09:34,SELL,1.4000,0.1000,0
2025.08.01 16:14:34,SELL,0.8000,0.5000,0
2025.08.01 16:19:34,BUY,1.2000,0.1000,0
2025.08.01 16:24:38,SELL,1.3000,-0.4000,0
2025.08.01 16:29:38,SELL,1.3000,-0.1000,0
2025.08.01 16:34:50,SELL,1.1000,0.0000,1
2025.08.01 16:41:22,BUY,1.3000,-0.1000,0
2025.08.01 16:46:24,BUY,1.4000,-0.4000,0
2025.08.01 16:51:27,BUY,1.4000,-0.3000,0
2025.08.01 16:59:48,SELL,1.2000,0.3000,0
2025.08.01 17:05:09,SELL,1.4000,-0.1000,1
2025.08.01 17:12:30,SELL,1.3000,-0.2000,0
2025.08.01 17:17:30,SELL,1.3000,0.1000,0
2025.08.01 17:22:30,SELL,1.3000,-0.3000,0
2025.08.01 17:27:30,BUY,1.4000,-0.5000,0
2025.08.01 17:35:34,BUY,1.2000,0.1000,1
2025.08.01 17:41:25,BUY,1.4000,-0.1000,0
2025.08.01 17:47:32,BUY,1.3000,-0.1000,1
2025.08.01 17:52:32,BUY,1.2000,0.1000,0
2025.08.01 18:01:18,BUY,1.0000,0.0000,0
2025.08.01 18:10:57,SELL,0.8000,-0.7000,1
2025.08.01 18:20:52,SELL,1.8000,-0.1000,1
2025.08.01 18:26:38,BUY,1.3000,0.0000,1
2025.08.01 18:31:52,SELL,1.3000,0.0000,0
2025.08.01 18:37:58,SELL,1.2000,0.1000,0
2025.08.01 18:48:13,SELL,1.2000,0.1000,1
2025.08.01 18:54:17,SELL,1.1000,0.1000,0
2025.08.01 18:59:17,BUY,1.2000,-0.3000,0
2025.08.01 19:19:23,SELL,1.2000,0.1000,0
2025.08.01 19:24:49,BUY,1.4000,0.1000,0
2025.08.01 19:29:53,BUY,1.3000,-0.1000,2
2025.08.01 19:55:48,BUY,1.3000,0.0000,1
2025.08.01 20:02:03,BUY,1.3000,0.0000,0
2025.08.01 20:14:00,BUY,1.2000,0.1000,0
2025.08.01 20:21:57,SELL,1.2000,0.3000,1
2025.08.01 20:26:57,BUY,1.3000,-0.1000,0
2025.08.01 20:38:01,BUY,1.2000,0.0000,1
2025.08.01 21:13:45,SELL,1.3000,-0.1000,0
2025.08.01 21:27:27,SELL,1.2000,-0.3000,1
2025.08.01 21:34:49,SELL,1.2000,0.1000,0
2025.08.01 21:53:33,BUY,1.2000,0.1000,1
2025.08.01 21:58:33,BUY,1.3000,-0.1000,0
2025.08.01 22:04:05,SELL,1.2000,0.0000,1
2025.08.01 22:09:17,SELL,1.1000,0.0000,0
2025.08.01 22:14:19,SELL,1.3000,-0.1000,1
2025.08.01 22:30:11,SELL,0.8000,-2.0000,0
2025.08.01 22:39:21,SELL,1.3000,-0.2000,0
2025.08.01 22:44:22,SELL,1.3000,0.1000,0
2025.08.01 22:51:01,BUY,1.3000,-0.5000,0
2025.08.01 22:57:36,BUY,1.3000,0.0000,1
2025.08.01 23:02:55,SELL,1.2000,-0.1000,1
2025.08.01 23:08:35,SELL,1.3000,-0.1000,0
2025.08.01 23:34:29,SELL,0.8000,-0.2000,0
2025.08.01 23:41:44,BUY,1.4000,-0.2000,1
2025.08.01 23:47:26,SELL,1.4000,-0.2000,0
2025.08.01 23:55:34,BUY,1.4000,0.1000,0
2025.08.04 01:00:30,SELL,1.8000,-0.4000,0
2025.08.04 01:09:20,BUY,1.8000,0.1000,1
2025.08.04 01:26:31,BUY,1.7000,0.2000,0
2025.08.04 01:31:51,BUY,1.7000,0.0000,5
2025.08.04 01:42:30,BUY,1.8000,-0.1000,1
2025.08.04 01:57:01,SELL,1.8000,0.3000,1
2025.08.04 02:48:53,SELL,0.2000,-0.1000,1
2025.08.04 03:02:36,BUY,0.3000,-0.1000,1
2025.08.04 03:11:46,BUY,0.3000,0.6000,0
2025.08.04 03:19:39,BUY,0.2000,0.0000,1
2025.08.04 03:32:18,BUY,0.3000,0.3000,0
2025.08.04 03:37:50,SELL,0.2000,-0.3000,0
2025.08.04 03:44:58,BUY,0.2000,0.6000,0
2025.08.04 04:09:42,BUY,0.3000,-0.1000,1
2025.08.04 04:23:24,BUY,0.3000,0.0000,1
2025.08.04 04:33:53,SELL,0.2000,-0.1000,0
2025.08.04 04:46:09,SELL,0.3000,0.1000,0
2025.08.04 06:01:40,SELL,0.2000,-0.4000,0
2025.08.04 09:13:16,SELL,0.2000,-0.9000,0
2025.08.04 09:18:40,SELL,0.2000,0.1000,3
2025.08.04 09:23:41,BUY,0.2000,-0.3000,0
2025.08.04 09:28:49,BUY,0.2000,0.7000,0
2025.08.04 09:43:30,SELL,0.1000,0.4000,0
2025.08.04 10:03:20,SELL,0.1000,0.3000,0
2025.08.04 10:08:20,BUY,0.1000,-0.1000,1
2025.08.04 10:13:29,SELL,0.1000,0.1000,0
2025.08.04 10:19:28,BUY,0.1000,-0.3000,1
2025.08.04 10:39:45,BUY,0.1000,0.2000,0
2025.08.04 10:52:00,SELL,0.1000,-0.4000,1
2025.08.04 11:02:26,BUY,0.1000,-0.4000,0
2025.08.04 11:11:12,SELL,0.1000,-0.3000,0
2025.08.04 11:33:53,BUY,0.1000,-0.2000,1
2025.08.04 11:49:41,SELL,0.1000,0.4000,1
2025.08.04 12:07:29,SELL,0.1000,-0.1000,0
2025.08.04 12:23:11,BUY,0.1000,0.3000,0
2025.08.04 12:38:43,SELL,0.1000,-0.2000,1
2025.08.04 12:51:49,BUY,0.1000,0.1000,4
2025.08.04 13:41:49,SELL,0.1000,0.4000,0
2025.08.04 13:52:24,SELL,0.1000,0.1000,1
2025.08.04 14:04:03,SELL,0.1000,0.5000,0
2025.08.04 14:14:36,SELL,0.1000,-0.4000,0
2025.08.04 14:32:55,BUY,0.1000,0.1000,2
2025.08.04 15:02:58,BUY,0.1000,0.5000,0
2025.08.04 15:16:47,SELL,0.1000,0.1000,1
2025.08.04 15:23:24,SELL,0.0000,-0.3000,0
2025.08.04 15:29:50,SELL,0.1000,0.5000,0
2025.08.04 15:37:24,BUY,0.1000,-0.2000,1
2025.08.04 15:54:08,BUY,0.1000,-0.1000,0
2025.08.04 16:03:07,SELL,0.1000,0.0000,1
2025.08.04 16:34:15,BUY,0.1000,-0.2000,1
2025.08.04 16:42:59,BUY,0.1000,-0.3000,0
2025.08.04 17:00:52,SELL,0.0000,-0.3000,0
2025.08.04 17:08:03,SELL,0.1000,0.0000,0
2025.08.04 17:19:22,BUY,0.1000,0.5000,1
2025.08.04 17:24:22,SELL,0.0000,-0.5000,0
2025.08.04 17:39:25,BUY,0.1000,0.0000,0
2025.08.04 17:44:30,BUY,0.1000,-0.2000,1
2025.08.04 17:50:54,BUY,0.1000,0.5000,0
2025.08.04 18:09:33,SELL,0.1000,0.1000,0
2025.08.04 18:37:56,SELL,0.1000,-0.1000,1
2025.08.04 18:54:06,BUY,0.1000,-0.3000,1
2025.08.04 19:18:06,BUY,0.2000,0.6000,1
2025.08.04 19:28:44,SELL,0.2000,0.1000,4
2025.08.04 20:47:30,SELL,0.2000,0.1000,1
2025.08.04 21:24:32,SELL,0.2000,0.3000,1
2025.08.04 22:09:23,SELL,0.2000,-0.1000,7
2025.08.04 23:12:58,SELL,1.8000,0.3000,0
2025.08.05 00:01:28,BUY,8.6000,0.0000,58
2025.08.05 00:27:16,BUY,6.7000,2.9000,0
2025.08.05 01:02:34,SELL,1.7000,0.0000,20
2025.08.05 04:04:56,BUY,0.2000,-0.6000,0
2025.08.05 04:11:31,BUY,0.3000,-0.1000,0
2025.08.05 04:19:09,SELL,0.2000,-0.1000,2
2025.08.05 04:46:42,SELL,0.3000,0.0000,1
2025.08.05 04:56:52,BUY,0.2000,0.7000,0
2025.08.05 05:03:11,BUY,0.3000,0.5000,0
2025.08.05 06:22:18,BUY,0.2000,0.3000,0
2025.08.05 08:37:05,BUY,0.2000,-0.4000,0
2025.08.05 09:00:44,BUY,0.2000,0.4000,0
2025.08.05 09:24:30,SELL,0.2000,-0.3000,0
2025.08.05 10:16:21,SELL,0.1000,0.3000,0
2025.08.05 10:46:35,BUY,0.1000,0.3000,1
2025.08.05 10:51:35,BUY,0.1000,-0.4000,1
2025.08.05 10:58:35,SELL,0.1000,-0.1000,1
2025.08.05 11:08:46,SELL,0.1000,-0.1000,1
2025.08.05 11:13:47,BUY,0.1000,-0.1000,1
2025.08.05 11:18:47,BUY,0.1000,0.7000,0
2025.08.05 11:23:47,SELL,0.1000,-0.2000,0
2025.08.05 12:04:09,BUY,0.1000,0.4000,0
2025.08.05 12:09:12,SELL,0.1000,0.1000,0
2025.08.05 12:47:34,SELL,0.1000,0.1000,0
2025.08.05 13:09:21,BUY,0.1000,-0.4000,0
2025.08.05 13:22:43,BUY,0.1000,-0.3000,2
2025.08.05 13:34:47,SELL,0.1000,0.4000,1
2025.08.05 14:23:26,SELL,0.1000,0.0000,1
2025.08.05 14:37:07,BUY,0.1000,-0.4000,0
2025.08.05 14:59:44,SELL,0.1000,0.2000,0
2025.08.05 15:07:54,SELL,0.0000,0.1000,1
2025.08.05 15:13:28,BUY,0.0000,-0.4000,0
2025.08.05 15:18:28,BUY,0.0000,0.1000,0
2025.08.05 15:32:27,BUY,0.1000,-0.2000,0
2025.08.05 15:37:27,SELL,0.0000,0.5000,1
2025.08.05 15:42:55,SELL,0.0000,0.5000,1
2025.08.05 15:50:49,BUY,0.1000,0.4000,0
2025.08.05 16:02:06,SELL,0.1000,0.1000,1
2025.08.05 16:14:55,SELL,0.1000,0.3000,1
2025.08.05 16:23:12,SELL,0.1000,0.4000,1
2025.08.05 16:50:35,BUY,0.1000,0.3000,0
2025.08.05 17:00:00,SELL,0.0000,1.0000,0
2025.08.05 17:05:30,BUY,0.1000,0.5000,0
2025.08.05 17:10:30,BUY,0.1000,-0.4000,0
2025.08.05 17:16:47,SELL,0.1000,0.4000,0
2025.08.05 17:22:12,BUY,0.0000,0.1000,0
2025.08.05 17:42:09,SELL,0.0000,0.4000,0
2025.08.05 17:47:41,BUY,0.1000,-0.1000,1
2025.08.05 17:53:27,SELL,0.1000,0.4000,0
2025.08.05 18:06:00,SELL,0.1000,0.5000,0
2025.08.05 18:22:17,SELL,0.1000,-0.1000,1
2025.08.05 18:48:14,BUY,0.1000,-0.2000,0
2025.08.05 19:18:22,BUY,0.2000,0.5000,0
2025.08.05 19:23:45,SELL,0.2000,0.6000,1
2025.08.05 20:49:57,BUY,0.2000,0.6000,0
2025.08.05 21:48:16,BUY,0.2000,0.1000,3
2025.08.06 03:04:49,SELL,0.2000,0.1000,1
2025.08.06 03:12:32,BUY,0.3000,0.2000,3
2025.08.06 09:38:13,BUY,0.1000,0.1000,1
2025.08.06 10:15:41,BUY,0.1000,0.1000,0
2025.08.06 11:19:00,BUY,0.1000,-0.3000,0
2025.08.06 11:44:30,SELL,0.1000,0.4000,2
2025.08.06 11:49:35,BUY,0.1000,0.4000,1
2025.08.06 13:07:31,SELL,0.1000,-0.4000,0
2025.08.06 13:12:31,SELL,0.1000,0.5000,0
2025.08.06 13:24:13,BUY,0.1000,-0.1000,0
2025.08.06 13:53:58,SELL,0.1000,-0.2000,0
2025.08.06 14:01:31,BUY,0.1000,0.1000,0
2025.08.06 14:23:22,SELL,0.1000,-0.2000,0
2025.08.06 14:33:18,BUY,0.0000,0.5000,0
2025.08.06 15:46:31,SELL,0.1000,-0.4000,0
2025.08.06 15:56:39,SELL,0.1000,0.1000,0
2025.08.06 16:14:55,SELL,0.1000,0.3000,0
2025.08.06 16:26:22,BUY,0.1000,0.5000,0
2025.08.06 16:34:59,BUY,1.3000,0.0000,0
2025.08.06 16:58:28,SELL,1.3000,-0.1000,0
2025.08.06 17:03:29,BUY,1.2000,-0.3000,0
2025.08.06 17:13:07,SELL,1.2000,0.1000,1
2025.08.06 17:24:56,SELL,1.2000,0.0000,1
2025.08.06 17:33:33,BUY,1.2000,0.0000,0
2025.08.06 17:39:20,SELL,1.1000,-0.1000,0
2025.08.06 17:44:20,BUY,1.2000,0.2000,1
2025.08.06 18:03:55,SELL,1.3000,-0.1000,1
2025.08.06 18:16:54,SELL,1.2000,0.0000,3
2025.08.06 18:21:54,BUY,1.2000,0.0000,0
2025.08.06 18:36:51,BUY,1.3000,-1.0000,0
2025.08.06 18:49:58,SELL,1.2000,0.2000,1
2025.08.06 19:22:36,BUY,1.3000,-0.1000,1
2025.08.06 19:32:28,BUY,1.0000,-0.1000,0
2025.08.06 19:46:49,BUY,1.2000,0.0000,0
2025.08.06 20:03:32,SELL,1.0000,-1.0000,0
2025.08.06 21:09:44,SELL,1.2000,0.0000,0
2025.08.06 23:37:50,BUY,1.2000,-0.4000,0
2025.08.07 00:01:28,BUY,8.2000,0.0000,49
2025.08.07 00:57:52,SELL,4.2000,-0.1000,0
2025.08.07 01:02:55,SELL,1.0000,0.3000,1
2025.08.07 03:03:47,BUY,1.2000,0.2000,1
2025.08.07 04:43:23,SELL,1.3000,0.1000,3
2025.08.07 09:17:17,SELL,1.1000,0.1000,0
2025.08.07 09:48:09,SELL,1.2000,0.2000,1
2025.08.07 10:36:04,SELL,1.3000,0.0000,1
2025.08.07 11:04:05,SELL,1.2000,0.3000,1
2025.08.07 11:09:05,BUY,1.3000,-0.1000,0
2025.08.07 11:14:05,BUY,1.3000,-0.3000,0
2025.08.07 11:19:07,BUY,1.2000,0.0000,0
2025.08.07 11:34:56,SELL,1.3000,0.2000,0
2025.08.07 11:42:09,BUY,1.2000,0.1000,0
2025.08.07 14:00:19,SELL,1.0000,-0.2000,0
2025.08.07 14:08:39,BUY,1.3000,0.1000,0
2025.08.07 14:13:39,BUY,1.3000,-0.2000,1
2025.08.07 14:34:45,BUY,1.3000,-0.1000,0
2025.08.07 14:40:59,BUY,1.3000,-0.1000,0
2025.08.07 15:17:08,SELL,1.2000,-0.7000,0
2025.08.07 15:24:40,SELL,1.2000,-0.4000,1
2025.08.07 15:29:40,BUY,1.3000,0.4000,0
2025.08.07 15:34:40,SELL,1.3000,-0.7000,1
2025.08.07 15:41:17,BUY,1.3000,-0.4000,0
2025.08.07 15:48:09,SELL,1.3000,-0.1000,1
2025.08.07 16:07:41,BUY,1.2000,0.0000,0
2025.08.07 16:22:47,BUY,1.3000,-0.4000,0
2025.08.07 16:27:47,SELL,1.1000,-0.7000,0
2025.08.07 16:34:53,BUY,1.3000,-0.2000,1
2025.08.07 16:58:45,BUY,1.2000,0.1000,0
2025.08.07 17:04:27,BUY,1.2000,0.1000,1
2025.08.07 17:09:56,BUY,1.3000,-0.3000,1
2025.08.07 17:14:56,SELL,1.4000,-0.1000,0
2025.08.07 17:19:57,BUY,1.4000,-0.1000,0
2025.08.07 17:24:57,BUY,1.2000,0.0000,0
2025.08.07 17:30:31,SELL,0.8000,-0.2000,0
2025.08.07 17:38:28,BUY,1.0000,-0.6000,0
2025.08.07 18:02:58,BUY,1.3000,0.1000,0
2025.08.07 18:12:54,SELL,1.2000,-0.2000,0
2025.08.07 20:18:40,BUY,1.3000,0.1000,1
2025.08.07 21:23:15,BUY,1.2000,0.1000,0
2025.08.07 21:44:55,BUY,1.2000,0.1000,0
2025.08.07 22:30:04,SELL,1.3000,0.4000,1
2025.08.07 22:37:47,SELL,1.4000,-0.1000,1
2025.08.07 22:42:48,SELL,1.4000,0.1000,1
2025.08.07 22:50:26,BUY,1.3000,0.0000,3
2025.08.07 22:55:58,SELL,1.3000,0.1000,1
2025.08.07 23:08:24,SELL,0.8000,-0.4000,0
2025.08.07 23:18:52,SELL,1.3000,0.1000,3
2025.08.07 23:32:10,BUY,1.3000,-0.1000,0
2025.08.07 23:51:35,SELL,1.3000,0.1000,0
2025.08.08 00:24:12,SELL,1.3000,0.0000,0
2025.08.08 01:02:18,SELL,1.1000,0.0000,6
2025.08.08 04:04:58,BUY,1.0000,0.0000,0
2025.08.08 08:14:19,BUY,1.3000,0.1000,0
2025.08.08 10:33:21,SELL,1.3000,0.1000,0
2025.08.08 11:28:13,BUY,1.2000,0.2000,0
2025.08.08 11:33:30,BUY,1.4000,0.1000,0
2025.08.08 11:49:31,BUY,1.4000,-0.1000,1
2025.08.08 12:03:20,SELL,1.3000,0.2000,0
2025.08.08 14:24:32,BUY,1.2000,0.0000,0
2025.08.08 15:43:09,BUY,1.3000,0.0000,0
2025.08.08 15:51:24,BUY,1.3000,-0.1000,0
2025.08.08 16:09:38,SELL,1.2000,-0.3000,1
2025.08.08 17:01:31,SELL,1.2000,0.1000,1
2025.08.08 17:13:07,BUY,1.3000,0.0000,1
2025.08.08 17:27:48,BUY,1.3000,-0.2000,0
2025.08.08 18:09:57,SELL,0.8000,0.0000,0
2025.08.08 18:37:42,BUY,1.4000,0.0000,2
2025.08.08 19:09:34,BUY,1.3000,0.6000,3
2025.08.08 21:48:16,BUY,1.3000,0.0000,0
2025.08.08 21:53:16,SELL,1.3000,-0.1000,2
2025.08.08 22:04:13,BUY,1.2000,0.0000,0
2025.08.08 22:23:08,BUY,1.0000,-0.1000,1
2025.08.08 22:28:08,BUY,1.3000,0.3000,1
2025.08.11 00:08:51,SELL,5.3000,0.0000,9
2025.08.11 00:21:28,BUY,6.6000,-0.1000,4
2025.08.11 00:35:29,BUY,5.6000,1.2000,2
2025.08.11 00:40:42,BUY,5.2000,1.6000,4
2025.08.11 00:58:33,BUY,13.2000,-0.4000,2
2025.08.11 05:02:10,SELL,1.2000,0.0000,0
2025.08.11 10:01:14,BUY,1.2000,0.0000,0
2025.08.11 11:09:18,SELL,1.2000,0.1000,0
2025.08.11 12:14:52,BUY,1.3000,0.1000,0
2025.08.11 12:27:58,BUY,1.3000,0.0000,0
2025.08.11 14:26:55,BUY,1.2000,-0.1000,0
2025.08.11 15:14:32,BUY,1.2000,0.2000,1
2025.08.11 15:23:43,SELL,1.3000,0.0000,0
2025.08.11 16:13:49,SELL,1.3000,0.1000,0
2025.08.11 16:24:17,BUY,1.3000,0.1000,1
2025.08.11 16:42:36,SELL,1.1000,-0.4000,0
2025.08.11 17:00:56,BUY,1.2000,-0.3000,0
2025.08.11 17:06:49,SELL,1.3000,-0.1000,1
2025.08.11 17:32:18,BUY,1.1000,0.0000,0
2025.08.11 18:09:22,BUY,1.3000,0.0000,1
2025.08.11 18:28:34,SELL,1.2000,0.2000,0
2025.08.11 19:34:52,BUY,1.3000,0.0000,0
2025.08.11 19:44:09,BUY,1.1000,-0.3000,0
2025.08.11 22:27:38,BUY,1.3000,-0.1000,1
2025.08.12 00:01:28,BUY,12.6000,0.0000,44
2025.08.12 04:39:03,SELL,1.2000,0.1000,1
2025.08.12 08:17:55,BUY,1.2000,0.0000,4
2025.08.12 09:43:01,SELL,1.2000,0.0000,0
2025.08.12 09:57:44,BUY,1.3000,0.0000,0
2025.08.12 10:31:46,SELL,0.8000,0.1000,1
2025.08.12 11:38:32,BUY,1.3000,0.0000,0
2025.08.12 15:03:11,SELL,1.2000,0.1000,0
2025.08.12 15:30:01,SELL,7.4000,3.0000,0
2025.08.12 15:35:21,BUY,1.4000,-0.1000,1
2025.08.12 15:41:17,SELL,1.3000,-0.1000,0
2025.08.12 15:46:34,BUY,1.4000,0.0000,0
2025.08.12 15:51:34,BUY,1.4000,0.2000,0
2025.08.12 15:57:01,BUY,1.3000,-0.3000,0
2025.08.12 16:02:01,BUY,1.3000,0.1000,0
2025.08.12 16:07:01,BUY,1.4000,-0.1000,0
2025.08.12 16:16:19,SELL,1.3000,0.1000,1
2025.08.12 16:23:22,BUY,1.4000,-0.1000,1
2025.08.12 16:31:31,BUY,1.2000,-0.3000,1
2025.08.12 16:42:28,SELL,1.3000,0.0000,1
2025.08.12 16:47:28,BUY,1.0000,-0.2000,0
2025.08.12 16:52:32,BUY,1.4000,-0.4000,1
2025.08.12 16:57:37,SELL,1.2000,0.0000,0
2025.08.12 17:02:37,SELL,1.4000,0.0000,0
2025.08.12 17:09:43,BUY,1.3000,0.0000,0
2025.08.12 17:14:43,BUY,1.3000,0.2000,1
2025.08.12 17:23:28,SELL,1.3000,-0.1000,0
2025.08.12 17:32:50,SELL,1.2000,0.0000,1
2025.08.12 17:56:28,SELL,1.2000,0.2000,0
2025.08.12 18:03:40,SELL,1.2000,0.3000,0
2025.08.12 18:24:01,SELL,0.8000,-0.3000,0
2025.08.12 18:29:01,SELL,1.3000,0.1000,0
2025.08.12 18:34:01,BUY,1.2000,0.1000,1
2025.08.12 18:39:01,SELL,1.2000,0.1000,0
2025.08.12 18:44:02,SELL,1.2000,-0.1000,0
2025.08.12 18:49:02,BUY,1.2000,0.1000,2
2025.08.12 18:56:38,BUY,1.2000,0.0000,1
2025.08.12 19:24:22,SELL,1.3000,0.0000,2
2025.08.12 19:44:32,BUY,1.2000,0.5000,0
2025.08.12 19:49:37,SELL,1.3000,-0.2000,0
2025.08.12 20:00:12,BUY,1.3000,0.6000,0
2025.08.13 03:07:34,BUY,1.4000,-0.1000,1
2025.08.13 05:09:37,BUY,1.3000,0.1000,0
2025.08.13 09:02:57,SELL,1.1000,-0.1000,1
2025.08.13 09:21:19,SELL,1.0000,0.0000,0
2025.08.13 09:39:00,SELL,1.2000,0.1000,0
2025.08.13 10:09:25,SELL,1.2000,0.0000,0
2025.08.13 10:14:25,SELL,1.2000,-0.2000,3
2025.08.13 10:39:56,SELL,1.2000,0.1000,0
2025.08.13 10:44:58,BUY,1.3000,-0.1000,0
2025.08.13 11:19:01,SELL,1.3000,-0.3000,0
2025.08.13 11:38:03,BUY,1.2000,0.1000,5
2025.08.13 12:04:55,SELL,1.2000,-0.1000,0
2025.08.13 14:43:46,SELL,1.2000,0.0000,0
2025.08.13 15:03:28,BUY,1.3000,0.2000,1
2025.08.13 15:14:20,SELL,1.3000,0.0000,1
2025.08.13 15:22:10,SELL,1.2000,0.0000,2
2025.08.13 15:33:25,BUY,1.3000,0.0000,2
2025.08.13 15:49:21,BUY,1.3000,-0.1000,3
2025.08.13 16:04:53,BUY,0.8000,0.1000,0
2025.08.13 16:43:12,SELL,1.2000,-0.4000,0
2025.08.13 17:21:45,SELL,1.3000,0.2000,0
2025.08.13 17:27:48,SELL,1.2000,0.1000,1
2025.08.13 17:47:54,BUY,0.9000,-0.1000,0
2025.08.13 18:04:38,BUY,1.3000,-0.2000,2
2025.08.13 18:34:56,SELL,0.8000,-0.2000,0
2025.08.13 18:48:15,BUY,1.3000,0.0000,1
2025.08.13 21:17:51,BUY,1.2000,0.4000,0
2025.08.14 00:11:23,BUY,8.5000,0.0000,0
2025.08.14 00:18:17,BUY,9.1000,-0.5000,1
2025.08.14 00:23:19,BUY,14.8000,-2.2000,1
2025.08.14 00:39:24,BUY,5.8000,0.1000,1
2025.08.14 05:19:11,BUY,1.1000,0.0000,0
2025.08.14 05:34:28,BUY,1.3000,0.1000,1
2025.08.14 09:07:55,SELL,1.3000,-0.1000,1
2025.08.14 09:22:39,BUY,1.3000,0.0000,2
2025.08.14 09:31:52,BUY,1.3000,-0.1000,0
2025.08.14 09:44:51,BUY,0.8000,-0.2000,1
2025.08.14 09:59:04,BUY,1.3000,0.0000,0
2025.08.14 10:04:04,SELL,1.2000,0.1000,1
2025.08.14 10:09:24,BUY,1.2000,-0.2000,0
2025.08.14 10:23:32,BUY,0.8000,0.2000,0
2025.08.14 11:09:12,BUY,1.3000,0.1000,1
2025.08.14 11:14:12,SELL,1.3000,0.2000,1
2025.08.14 12:02:03,SELL,1.0000,0.0000,0
2025.08.14 13:24:52,SELL,1.2000,0.5000,2
2025.08.14 13:43:27,BUY,1.2000,0.1000,0
2025.08.14 14:27:47,BUY,1.2000,0.0000,0
2025.08.14 14:51:57,SELL,1.2000,0.0000,0
2025.08.14 14:56:57,BUY,1.4000,-0.1000,0
2025.08.14 15:18:01,BUY,1.3000,-0.1000,1
2025.08.14 15:23:31,SELL,1.2000,0.0000,0
2025.08.14 15:28:41,BUY,1.3000,0.1000,0
2025.08.14 15:33:41,BUY,1.2000,0.2000,0
2025.08.14 15:38:41,SELL,1.2000,0.0000,0
2025.08.14 15:46:21,SELL,1.2000,0.1000,1
2025.08.14 15:53:26,BUY,1.4000,0.1000,0
2025.08.14 15:58:57,BUY,1.2000,-0.1000,1
2025.08.14 16:08:07,BUY,1.2000,0.1000,0
2025.08.14 16:13:07,SELL,1.3000,-0.1000,0
2025.08.14 16:18:38,SELL,1.3000,0.0000,0
2025.08.14 16:23:39,BUY,1.2000,-0.2000,1
2025.08.14 16:35:58,SELL,1.1000,-0.1000,0
2025.08.14 16:44:38,BUY,1.2000,-0.3000,0
2025.08.14 16:59:43,BUY,1.2000,0.2000,0
2025.08.14 17:05:46,BUY,1.3000,-0.1000,4
2025.08.14 17:13:30,SELL,1.3000,-0.1000,0
2025.08.14 17:18:30,SELL,1.3000,0.0000,2
2025.08.14 17:29:52,SELL,1.3000,-0.3000,1
2025.08.14 17:47:12,SELL,1.2000,0.0000,1
2025.08.14 17:53:31,BUY,1.3000,0.0000,1
2025.08.14 18:06:12,BUY,1.2000,-0.1000,0
2025.08.14 18:36:52,BUY,1.3000,-0.2000,0
2025.08.14 19:13:51,BUY,1.3000,0.2000,0
2025.08.15 09:33:02,SELL,1.1000,-0.1000,0
2025.08.15 13:49:48,SELL,1.2000,0.0000,3
2025.08.15 14:00:53,SELL,1.2000,0.1000,0
2025.08.15 15:31:02,BUY,1.4000,0.2000,0
2025.08.15 15:36:40,SELL,1.3000,-0.1000,0
2025.08.15 15:54:16,BUY,1.3000,0.2000,0
2025.08.15 15:59:16,SELL,1.3000,0.1000,1
2025.08.15 16:07:39,SELL,1.0000,0.2000,0
2025.08.15 16:13:13,BUY,1.3000,0.1000,0
2025.08.15 16:18:14,BUY,1.3000,-0.1000,1
2025.08.15 16:29:37,SELL,1.2000,0.0000,1
2025.08.15 16:42:21,SELL,1.2000,0.1000,0
2025.08.15 16:48:17,SELL,1.2000,-0.2000,1
2025.08.15 17:01:48,SELL,1.2000,-0.2000,0
2025.08.15 17:33:13,BUY,1.3000,-0.2000,1
2025.08.15 17:53:44,BUY,1.3000,-0.1000,1
2025.08.15 18:14:49,BUY,1.2000,0.2000,0
2025.08.15 21:07:27,BUY,1.2000,0.0000,1
2025.08.18 10:13:16,SELL,1.2000,-0.3000,0
2025.08.18 10:23:08,SELL,1.3000,-0.1000,3
2025.08.18 10:49:26,BUY,1.2000,0.1000,0
2025.08.18 10:54:26,BUY,1.2000,0.0000,1
2025.08.18 10:59:50,BUY,1.3000,0.0000,1
2025.08.18 11:04:50,BUY,1.2000,-0.1000,0
2025.08.18 11:24:27,SELL,1.3000,-0.1000,0
2025.08.18 11:58:38,BUY,1.3000,0.1000,1
2025.08.18 12:08:54,SELL,1.3000,0.1000,1
2025.08.18 12:56:41,SELL,1.3000,-0.1000,1
2025.08.18 14:55:45,BUY,1.3000,0.1000,0
2025.08.18 15:09:26,BUY,1.3000,-0.3000,0
2025.08.18 15:36:37,BUY,1.3000,0.3000,1
2025.08.18 16:03:53,BUY,1.3000,-0.1000,1
2025.08.18 17:06:52,SELL,1.3000,-0.1000,1
2025.08.18 17:12:51,BUY,1.3000,-0.2000,1
2025.08.18 17:21:33,BUY,1.3000,0.2000,0
2025.08.18 17:32:18,BUY,1.2000,-0.1000,0
2025.08.18 17:47:11,BUY,1.2000,0.2000,0
2025.08.18 18:22:06,SELL,1.2000,0.2000,0
2025.08.18 19:01:10,BUY,1.2000,0.2000,0
2025.08.18 19:44:58,BUY,1.3000,0.2000,0
2025.08.19 01:04:57,SELL,1.0000,0.2000,1
2025.08.19 01:09:59,SELL,1.4000,0.1000,0
2025.08.19 04:29:38,BUY,0.8000,-0.3000,0
2025.08.19 08:49:08,BUY,1.3000,0.0000,1
2025.08.19 09:33:22,SELL,1.3000,0.0000,1
2025.08.19 09:46:37,SELL,0.8000,0.1000,0
2025.08.19 10:06:30,SELL,1.3000,0.0000,1
2025.08.19 11:34:23,BUY,1.3000,0.1000,1
2025.08.19 15:22:52,BUY,1.2000,0.1000,0
2025.08.19 15:31:26,BUY,1.2000,0.0000,0
2025.08.19 16:12:27,BUY,1.3000,0.0000,0
2025.08.19 16:43:35,BUY,1.3000,-0.1000,1
2025.08.19 16:49:27,SELL,1.2000,0.1000,0
2025.08.19 16:54:32,BUY,1.3000,-0.1000,1
2025.08.19 17:24:31,SELL,1.3000,0.1000,3
2025.08.19 18:04:10,BUY,1.3000,-0.3000,1
2025.08.19 18:09:24,SELL,1.2000,0.1000,1
2025.08.19 18:39:08,BUY,1.3000,0.2000,1
2025.08.19 18:59:51,BUY,1.3000,-0.1000,0
2025.08.20 00:01:28,BUY,11.6000,0.0000,137
2025.08.20 04:26:56,BUY,1.3000,-0.1000,0
2025.08.20 06:03:32,SELL,1.3000,-0.1000,0
2025.08.20 09:03:44,BUY,1.2000,0.0000,0
2025.08.20 09:08:45,BUY,1.2000,0.0000,0
2025.08.20 09:17:00,SELL,1.2000,-0.1000,0
2025.08.20 09:22:00,BUY,1.2000,0.1000,0
2025.08.20 09:33:56,SELL,1.3000,0.0000,2
2025.08.20 10:56:25,SELL,1.2000,0.2000,1
2025.08.20 11:29:07,BUY,1.3000,0.2000,0
2025.08.20 11:43:26,BUY,1.2000,-0.5000,0
2025.08.20 13:14:59,SELL,1.3000,0.0000,0
2025.08.20 13:43:49,BUY,1.3000,0.0000,1
2025.08.20 15:01:35,SELL,1.3000,0.0000,1
2025.08.20 15:32:01,SELL,1.0000,-2.1000,0
2025.08.20 16:08:00,BUY,1.3000,-0.1000,1
2025.08.20 16:44:35,SELL,1.2000,0.1000,0
2025.08.20 16:49:35,BUY,1.2000,0.0000,0
2025.08.20 17:08:31,BUY,1.3000,0.0000,1
2025.08.20 17:23:31,BUY,1.3000,-0.1000,1
2025.08.20 17:46:55,SELL,1.3000,-0.1000,0
2025.08.20 18:02:58,BUY,1.3000,0.0000,0
2025.08.20 18:54:56,BUY,1.1000,-0.1000,0
2025.08.20 19:04:36,SELL,1.3000,-0.1000,1
2025.08.20 19:18:04,SELL,1.2000,-0.1000,1
2025.08.20 20:54:13,SELL,1.3000,0.0000,0
2025.08.20 21:00:13,BUY,1.1000,-0.1000,0
2025.08.21 01:01:11,SELL,2.7000,0.0000,0
2025.08.21 09:22:19,BUY,0.8000,-0.4000,0
2025.08.21 10:15:00,SELL,2.3000,0.0000,0
2025.08.21 10:30:10,SELL,1.4000,0.1000,0
2025.08.21 10:37:52,SELL,0.8000,-0.3000,0
2025.08.21 14:34:25,BUY,1.3000,0.1000,0
2025.08.21 15:30:00,SELL,5.0000,-0.1000,0
2025.08.21 15:43:03,BUY,1.3000,0.1000,1
2025.08.21 15:48:09,SELL,1.2000,0.0000,0
2025.08.21 15:53:35,BUY,1.2000,0.0000,1
2025.08.21 16:07:49,BUY,1.2000,0.1000,1
2025.08.21 16:33:14,BUY,1.3000,0.0000,0
2025.08.21 16:43:03,BUY,1.3000,0.0000,1
2025.08.21 16:48:03,BUY,1.2000,0.1000,0
2025.08.21 16:53:03,BUY,1.2000,0.2000,0
2025.08.21 16:58:04,BUY,1.3000,-0.1000,1
2025.08.21 17:19:13,BUY,1.3000,0.0000,0
2025.08.21 17:41:22,BUY,1.1000,0.1000,0
2025.08.21 17:52:51,SELL,1.2000,0.0000,1
2025.08.21 18:10:59,BUY,1.3000,-0.1000,0
2025.08.21 18:16:21,BUY,1.3000,0.0000,0
2025.08.21 18:23:25,SELL,1.3000,0.0000,1
2025.08.21 18:29:15,SELL,1.2000,0.1000,0
2025.08.21 18:36:46,SELL,1.2000,0.0000,1
2025.08.21 18:41:46,BUY,1.2000,0.0000,0
2025.08.21 18:52:28,BUY,1.2000,0.2000,1
2025.08.21 19:18:19,SELL,1.3000,0.1000,0
2025.08.21 19:43:08,SELL,1.3000,0.0000,0
2025.08.22 01:03:47,SELL,0.8000,0.1000,1
2025.08.22 06:38:02,BUY,0.9000,0.1000,0
2025.08.22 07:28:15,BUY,1.2000,-0.4000,0
2025.08.22 09:44:43,SELL,1.2000,0.4000,3
2025.08.22 10:01:55,SELL,1.3000,0.1000,1
2025.08.22 14:36:58,SELL,1.3000,0.0000,1
2025.08.22 16:04:10,SELL,1.1000,-0.1000,0
2025.08.22 16:37:30,BUY,1.3000,0.1000,1
2025.08.22 16:58:38,BUY,1.3000,0.0000,0
2025.08.22 17:03:38,SELL,0.8000,1.4000,0
2025.08.22 17:08:38,SELL,1.3000,0.2000,0
2025.08.22 17:14:03,SELL,1.2000,0.9000,0
2025.08.22 17:19:03,SELL,1.2000,0.1000,0
2025.08.22 17:24:03,BUY,1.4000,0.4000,0
2025.08.22 17:29:03,BUY,1.4000,0.1000,0
2025.08.22 17:34:05,SELL,1.1000,-0.1000,0
2025.08.22 17:39:09,SELL,1.1000,0.1000,0
2025.08.22 17:48:06,SELL,1.3000,0.0000,0
2025.08.22 17:53:06,SELL,1.4000,-0.5000,0
2025.08.22 18:04:17,SELL,1.2000,0.0000,1
2025.08.22 18:17:28,BUY,1.2000,-0.4000,0
2025.08.22 18:22:28,SELL,1.4000,-0.3000,0
2025.08.22 18:32:28,SELL,1.3000,0.1000,0
2025.08.22 18:58:16,BUY,1.3000,-0.2000,1
2025.08.22 19:04:04,SELL,0.9000,0.1000,0
2025.08.22 19:31:36,SELL,1.3000,0.3000,1
2025.08.22 19:42:36,BUY,1.2000,0.2000,0
2025.08.22 19:54:00,BUY,1.2000,0.0000,0
2025.08.22 19:59:11,SELL,1.2000,0.0000,2
2025.08.22 20:08:01,SELL,1.3000,0.1000,0
2025.08.22 20:38:17,SELL,1.2000,0.1000,0
2025.08.22 23:50:44,BUY,1.3000,0.2000,1
2025.08.25 00:23:42,SELL,1.2000,0.0000,3
2025.08.25 03:02:38,BUY,1.3000,-0.2000,0
2025.08.25 04:17:40,SELL,1.3000,0.1000,0
2025.08.25 04:29:04,BUY,1.3000,0.3000,3
2025.08.25 09:01:01,SELL,1.1000,0.3000,1
2025.08.25 09:19:54,SELL,1.3000,-0.1000,2
2025.08.25 10:54:52,BUY,1.2000,0.1000,1
2025.08.25 12:51:26,BUY,1.3000,-0.1000,0
2025.08.25 13:23:32,BUY,1.3000,-0.1000,0
2025.08.25 14:51:23,SELL,1.2000,0.0000,0
2025.08.25 14:59:02,SELL,1.2000,0.0000,1
2025.08.25 16:18:19,SELL,1.3000,0.0000,0
2025.08.25 16:24:11,BUY,1.2000,0.0000,0
2025.08.25 16:57:55,BUY,1.3000,0.0000,1
2025.08.25 17:27:03,BUY,1.3000,-0.1000,1
2025.08.25 17:38:22,SELL,1.2000,0.1000,1
2025.08.25 17:43:22,BUY,1.3000,-0.1000,0
2025.08.25 17:52:20,BUY,1.2000,0.1000,0
2025.08.25 18:03:54,BUY,0.9000,-0.2000,1
2025.08.25 18:35:57,BUY,1.3000,0.0000,0
2025.08.25 18:52:55,BUY,1.4000,-0.1000,0
2025.08.25 19:37:51,BUY,0.8000,-0.5000,0
2025.08.25 19:51:27,BUY,1.1000,0.0000,0
2025.08.25 20:41:47,BUY,1.0000,0.0000,0
2025.08.25 21:11:44,BUY,1.3000,0.1000,0
2025.08.25 21:23:35,BUY,1.3000,-0.4000,0
2025.08.25 21:39:50,BUY,1.3000,0.0000,0
2025.08.25 21:58:58,BUY,1.2000,0.1000,0
2025.08.25 22:04:46,BUY,1.3000,0.2000,0
2025.08.25 22:09:47,BUY,1.2000,0.0000,0
2025.08.26 03:03:36,SELL,0.8000,0.5000,1
2025.08.26 03:11:31,SELL,1.2000,-0.8000,0
2025.08.26 03:17:57,BUY,1.4000,-0.1000,2
2025.08.26 03:27:44,SELL,0.9000,0.0000,0
2025.08.26 03:34:03,SELL,1.3000,0.0000,1
2025.08.26 03:39:03,SELL,1.2000,0.1000,1
2025.08.26 03:47:33,SELL,1.3000,-0.3000,0
2025.08.26 03:52:33,BUY,1.0000,-0.1000,0
2025.08.26 04:08:13,BUY,1.3000,0.0000,1
2025.08.26 04:31:01,BUY,1.3000,0.0000,0
2025.08.26 05:13:02,BUY,1.3000,-0.3000,0
2025.08.26 05:33:17,BUY,1.3000,0.1000,1
2025.08.26 06:03:32,BUY,1.2000,0.1000,0
2025.08.26 08:44:14,SELL,0.8000,-0.1000,1
2025.08.26 08:49:14,BUY,1.3000,0.1000,7
2025.08.26 09:03:01,BUY,1.4000,-0.2000,1
2025.08.26 09:15:44,BUY,1.3000,-0.1000,0
2025.08.26 09:20:44,BUY,1.3000,0.1000,0
2025.08.26 09:26:34,SELL,1.3000,0.0000,0
2025.08.26 09:59:30,BUY,1.2000,0.1000,0
2025.08.26 10:09:07,BUY,1.3000,-0.1000,0
2025.08.26 10:14:07,BUY,1.3000,-0.1000,1
2025.08.26 10:19:07,BUY,1.3000,-0.1000,1
2025.08.26 10:24:07,SELL,1.2000,0.1000,0
2025.08.26 10:29:07,SELL,1.2000,0.4000,0
2025.08.26 10:34:07,SELL,1.3000,0.0000,0
2025.08.26 11:22:01,BUY,1.2000,0.2000,0
2025.08.26 11:27:16,SELL,1.3000,-0.3000,1
2025.08.26 12:08:22,SELL,1.0000,-0.3000,0
2025.08.26 12:18:07,SELL,1.3000,-0.4000,0
2025.08.26 12:34:40,BUY,1.3000,0.1000,0
2025.08.26 12:57:52,SELL,1.2000,0.0000,2
2025.08.26 14:31:15,SELL,1.2000,0.1000,1
2025.08.26 14:36:19,SELL,1.3000,0.0000,4
2025.08.26 14:58:56,BUY,1.2000,0.0000,3
2025.08.26 15:21:00,BUY,1.3000,0.1000,0
2025.08.26 15:30:05,BUY,1.3000,0.1000,0
2025.08.26 15:37:29,BUY,1.2000,-0.4000,1
2025.08.26 16:03:55,BUY,1.3000,0.0000,1
2025.08.26 16:19:06,BUY,1.3000,-0.1000,0
2025.08.26 16:34:32,SELL,1.3000,-0.1000,1
2025.08.26 16:43:43,SELL,1.3000,0.0000,0
2025.08.26 16:52:07,SELL,1.2000,0.1000,1
2025.08.26 17:08:38,BUY,1.2000,0.0000,0
2025.08.26 17:21:49,SELL,1.2000,0.0000,0
2025.08.26 17:57:35,BUY,1.2000,0.0000,0
2025.08.26 18:17:50,BUY,1.2000,-0.2000,1
2025.08.26 18:32:20,BUY,1.3000,0.0000,1
2025.08.26 19:34:04,BUY,1.3000,-0.2000,1
2025.08.26 23:03:52,BUY,1.3000,0.3000,1
2025.08.27 10:01:51,BUY,1.3000,0.1000,1
2025.08.27 10:14:02,BUY,1.2000,-0.1000,0
2025.08.27 10:29:40,BUY,1.2000,-0.3000,0
2025.08.27 10:36:37,BUY,1.2000,-0.2000,0
2025.08.27 10:54:40,SELL,1.2000,0.1000,0
2025.08.27 11:14:39,BUY,1.2000,0.1000,0
2025.08.27 11:31:49,BUY,0.8000,0.1000,0
2025.08.27 11:39:42,SELL,1.4000,-0.1000,0
2025.08.27 14:02:57,BUY,1.2000,-0.1000,1
2025.08.27 14:13:28,SELL,1.3000,0.1000,3
2025.08.27 14:33:01,SELL,1.2000,0.1000,0
2025.08.27 14:48:42,SELL,1.1000,-0.1000,0
2025.08.27 15:07:24,SELL,1.3000,-0.1000,1
2025.08.27 15:43:53,BUY,1.3000,0.3000,0
2025.08.27 15:48:56,SELL,1.2000,0.0000,0
2025.08.27 15:55:38,BUY,1.2000,-0.2000,0
2025.08.27 16:03:17,SELL,1.2000,0.1000,1
2025.08.27 16:08:18,SELL,1.2000,-0.1000,1
2025.08.27 16:17:54,BUY,1.3000,-0.2000,0
2025.08.27 16:39:50,BUY,1.2000,0.0000,1
2025.08.27 16:47:58,SELL,1.2000,-0.3000,0
2025.08.27 16:52:58,SELL,1.1000,0.4000,0
2025.08.27 17:06:43,BUY,0.8000,0.0000,1
2025.08.27 17:37:10,BUY,1.3000,0.1000,0
2025.08.27 17:51:20,SELL,1.2000,0.3000,1
2025.08.27 17:56:23,BUY,1.3000,0.0000,0
2025.08.27 18:03:02,SELL,1.4000,0.0000,1
2025.08.27 19:47:35,SELL,1.2000,-0.3000,1
2025.08.27 20:07:16,BUY,1.3000,0.1000,0
2025.08.27 21:08:39,BUY,1.3000,-0.1000,1
2025.08.28 00:03:18,BUY,9.5000,1.5000,10
2025.08.28 04:22:19,BUY,1.3000,0.2000,9
2025.08.28 09:28:07,BUY,1.2000,0.0000,0
2025.08.28 10:04:15,SELL,1.3000,0.3000,1
2025.08.28 10:19:48,BUY,1.2000,0.1000,3
2025.08.28 10:59:26,SELL,1.2000,0.1000,1
2025.08.28 11:07:28,BUY,1.2000,0.0000,1
2025.08.28 11:12:29,BUY,1.2000,0.1000,1
2025.08.28 11:29:34,BUY,1.2000,-0.2000,0
2025.08.28 11:42:15,SELL,1.3000,0.0000,0
2025.08.28 13:27:46,SELL,1.3000,0.0000,1
2025.08.28 13:43:05,SELL,1.2000,0.1000,0
2025.08.28 15:04:01,SELL,1.1000,0.0000,1
2025.08.28 15:09:34,SELL,1.3000,0.2000,0
2025.08.28 15:30:29,BUY,1.4000,-0.4000,0
2025.08.28 15:39:18,SELL,1.2000,0.1000,1
2025.08.28 15:44:18,SELL,1.2000,0.0000,0
2025.08.28 15:51:52,BUY,1.3000,0.1000,1
2025.08.28 15:57:24,BUY,1.3000,0.1000,1
2025.08.28 16:02:30,BUY,1.2000,0.1000,1
2025.08.28 16:07:42,BUY,1.3000,0.1000,0
2025.08.28 16:27:25,BUY,1.3000,0.0000,0
2025.08.28 16:52:19,SELL,1.2000,0.2000,0
2025.08.28 16:57:53,SELL,1.3000,0.1000,1
2025.08.28 17:03:22,SELL,1.0000,0.2000,0
2025.08.28 17:43:24,BUY,1.3000,0.0000,0
2025.08.28 18:09:55,BUY,1.3000,0.0000,0
2025.08.28 18:23:46,BUY,1.2000,0.0000,1
2025.08.28 18:34:51,SELL,1.2000,0.0000,0
2025.08.28 19:48:23,SELL,1.3000,-0.3000,1
2025.08.28 19:53:53,SELL,1.3000,0.3000,2
2025.08.28 20:04:31,SELL,0.9000,-0.1000,1
2025.08.29 04:08:23,BUY,1.3000,-0.3000,1
2025.08.29 04:21:14,BUY,1.2000,0.3000,1
2025.08.29 04:44:34,SELL,1.2000,0.0000,0
2025.08.29 09:57:42,SELL,1.2000,0.1000,0
2025.08.29 10:19:55,BUY,1.1000,0.1000,1
2025.08.29 10:53:56,SELL,0.9000,0.0000,0
2025.08.29 11:08:34,BUY,1.3000,-0.1000,0
2025.08.29 11:28:37,SELL,1.3000,0.0000,0
2025.08.29 11:33:37,SELL,1.3000,0.1000,0
2025.08.29 11:42:46,BUY,1.3000,-0.1000,0
2025.08.29 11:53:06,BUY,1.3000,0.0000,0
2025.08.29 12:33:46,BUY,1.3000,0.2000,1
2025.08.29 12:42:58,BUY,1.3000,-0.1000,0
2025.08.29 13:14:31,BUY,1.2000,0.1000,1
2025.08.29 15:30:13,SELL,1.3000,0.1000,0
2025.08.29 15:42:44,BUY,1.2000,0.1000,0
2025.08.29 15:51:51,SELL,1.2000,0.4000,0
2025.08.29 16:01:05,SELL,0.8000,-0.2000,1
2025.08.29 16:08:03,BUY,1.4000,-0.1000,0
2025.08.29 16:13:42,SELL,1.3000,0.0000,1
2025.08.29 16:30:50,BUY,1.3000,0.1000,1
2025.08.29 16:44:32,SELL,0.8000,0.1000,0
2025.08.29 16:56:00,SELL,1.3000,0.1000,1
2025.08.29 17:01:09,SELL,0.9000,0.0000,1
2025.08.29 17:08:35,SELL,1.3000,0.1000,0
2025.08.29 17:16:25,SELL,1.3000,0.5000,0
2025.08.29 17:31:19,SELL,1.3000,-0.2000,0
2025.08.29 17:52:04,BUY,1.3000,0.0000,1
2025.08.29 17:57:06,SELL,1.2000,0.0000,1
2025.08.29 18:06:11,BUY,1.3000,0.1000,1
2025.08.29 19:07:01,SELL,1.2000,0.2000,0
2025.08.29 19:54:54,SELL,1.2000,0.1000,1
2025.08.29 23:47:24,BUY,1.3000,-0.2000,3
2025.09.01 00:01:29,SELL,4.3000,0.1000,1
2025.09.01 00:42:03,BUY,7.3000,0.0000,0
2025.09.01 04:48:39,SELL,1.2000,0.1000,1
2025.09.01 09:05:46,SELL,0.9000,0.0000,0
2025.09.01 09:37:35,SELL,1.2000,0.1000,0
2025.09.01 10:33:45,BUY,1.4000,-0.1000,3
2025.09.01 10:54:15,SELL,1.3000,0.1000,1
2025.09.01 11:04:20,BUY,1.2000,0.1000,0
2025.09.01 11:49:31,SELL,1.2000,0.1000,10
2025.09.01 12:09:50,BUY,1.3000,-0.3000,1
2025.09.01 14:04:07,SELL,1.2000,-0.1000,0
2025.09.01 14:55:55,BUY,1.3000,-0.1000,1
2025.09.01 16:14:13,SELL,1.3000,0.2000,0
2025.09.01 16:39:42,BUY,1.2000,0.0000,0
2025.09.02 00:04:01,BUY,7.1000,0.3000,0
2025.09.02 03:09:34,BUY,1.2000,0.1000,0
2025.09.02 04:32:05,BUY,1.3000,0.2000,1
2025.09.02 05:04:40,BUY,1.4000,0.0000,0
2025.09.02 08:24:34,BUY,1.4000,0.0000,0
2025.09.02 08:31:47,SELL,1.1000,-0.1000,0
2025.09.02 09:34:26,SELL,1.3000,0.0000,1
2025.09.02 10:09:14,BUY,1.3000,-0.1000,0
2025.09.02 10:14:14,BUY,1.3000,0.1000,0
2025.09.02 10:22:27,BUY,1.3000,0.1000,0
2025.09.02 10:34:04,BUY,1.2000,0.3000,0
2025.09.02 10:44:07,SELL,1.3000,0.0000,0
2025.09.02 10:51:17,BUY,1.2000,-0.1000,0
2025.09.02 10:57:41,BUY,1.3000,0.2000,0
2025.09.02 11:06:23,BUY,1.4000,0.0000,1
2025.09.02 11:13:59,SELL,1.2000,0.1000,0
2025.09.02 11:19:22,BUY,1.3000,-0.1000,0
2025.09.02 11:26:09,BUY,1.3000,-0.2000,1
2025.09.02 11:37:43,SELL,1.2000,0.0000,2
2025.09.02 11:42:43,SELL,0.8000,0.8000,0
2025.09.02 12:06:08,BUY,1.3000,0.0000,1
2025.09.02 12:15:42,BUY,1.3000,0.0000,0
2025.09.02 12:21:57,BUY,1.3000,0.1000,0
2025.09.02 12:37:14,SELL,1.2000,0.2000,0
2025.09.02 12:52:29,SELL,1.3000,-0.1000,0
2025.09.02 13:18:07,BUY,1.3000,-0.1000,0
2025.09.02 13:37:27,SELL,1.0000,-0.1000,0
2025.09.02 14:03:46,SELL,1.3000,-0.1000,1
2025.09.02 14:08:47,BUY,1.3000,0.0000,2
2025.09.02 14:38:06,SELL,1.2000,0.1000,1
2025.09.02 14:43:07,SELL,0.9000,-0.1000,0
2025.09.02 15:13:23,BUY,1.2000,0.1000,0
2025.09.02 15:18:59,BUY,1.0000,0.0000,0
2025.09.02 15:24:10,BUY,1.2000,0.0000,0
2025.09.02 15:29:59,BUY,1.2000,-0.3000,0
2025.09.02 15:37:55,BUY,1.3000,-0.4000,0
2025.09.02 15:43:00,SELL,1.2000,1.0000,0
2025.09.02 15:48:11,BUY,1.3000,0.1000,0
2025.09.02 15:57:48,SELL,1.3000,0.2000,1
2025.09.02 16:03:44,SELL,1.0000,0.0000,0
2025.09.02 16:08:44,SELL,1.4000,0.0000,0
2025.09.02 16:47:46,BUY,1.2000,0.1000,0
2025.09.02 16:54:57,SELL,1.2000,0.0000,1
2025.09.02 17:00:01,SELL,0.8000,-0.1000,0
2025.09.02 17:07:31,SELL,1.2000,-0.3000,0
2025.09.02 17:29:11,BUY,1.4000,0.0000,0
2025.09.02 17:41:22,SELL,1.3000,-0.2000,0
2025.09.02 17:49:53,SELL,1.3000,-0.1000,1
2025.09.02 17:59:50,BUY,1.3000,-0.1000,0
2025.09.02 18:11:59,BUY,1.3000,-0.1000,1
2025.09.02 18:19:56,SELL,1.3000,0.1000,1
2025.09.02 18:33:44,BUY,1.2000,0.1000,0
2025.09.02 18:39:58,BUY,1.2000,-0.1000,0
2025.09.02 21:09:07,BUY,1.3000,0.1000,0
2025.09.03 00:01:28,BUY,16.0000,-0.1000,27
2025.09.03 00:06:41,SELL,1.8000,0.0000,2
2025.09.03 03:54:57,SELL,1.3000,0.1000,0
2025.09.03 05:38:07,BUY,1.3000,-0.1000,1
2025.09.03 09:33:15,SELL,1.2000,0.0000,0
2025.09.03 10:17:06,BUY,1.0000,-0.1000,0
2025.09.03 10:22:06,BUY,1.2000,0.1000,0
2025.09.03 10:29:58,SELL,1.3000,0.3000,0
2025.09.03 10:34:59,SELL,1.3000,0.0000,1
2025.09.03 10:43:20,BUY,1.3000,0.2000,1
2025.09.03 10:48:20,SELL,0.8000,-0.5000,0
2025.09.03 11:03:13,SELL,1.3000,-0.1000,0
2025.09.03 11:16:19,SELL,1.2000,0.1000,0
2025.09.03 11:48:10,SELL,1.2000,0.1000,0
2025.09.03 12:37:34,SELL,0.8000,0.2000,0
2025.09.03 13:44:04,BUY,1.2000,0.2000,0
2025.09.03 14:33:39,SELL,1.2000,0.0000,1
2025.09.03 14:52:52,SELL,0.1000,-0.2000,0
2025.09.03 15:37:01,BUY,1.2000,0.1000,1
2025.09.03 15:44:04,BUY,1.2000,0.6000,0
2025.09.03 16:40:35,BUY,1.2000,0.1000,0
2025.09.03 16:48:46,BUY,1.2000,0.1000,0
2025.09.03 16:56:02,SELL,1.0000,0.1000,0
2025.09.03 17:01:02,SELL,1.2000,0.0000,0
2025.09.03 17:09:46,BUY,1.4000,0.0000,0
2025.09.03 17:16:03,SELL,1.2000,0.0000,0
2025.09.03 17:33:16,BUY,1.2000,0.0000,0
2025.09.03 17:38:57,BUY,1.3000,-0.2000,1
2025.09.03 17:49:52,BUY,1.2000,0.1000,0
2025.09.03 18:03:47,SELL,1.3000,-0.1000,1
2025.09.03 18:08:47,SELL,1.3000,0.0000,2
2025.09.03 18:44:56,BUY,1.3000,0.1000,0
2025.09.04 00:03:38,BUY,15.8000,-4.7000,1
2025.09.04 04:34:45,SELL,1.3000,0.1000,0
2025.09.04 09:58:39,BUY,0.1000,-0.1000,1
2025.09.04 10:04:04,SELL,0.1000,-0.4000,0
2025.09.04 10:22:28,BUY,0.1000,-0.5000,0
2025.09.04 10:28:27,SELL,0.1000,0.2000,0
2025.09.04 11:08:45,SELL,0.1000,-0.1000,4
2025.09.04 11:14:05,BUY,0.1000,-0.5000,0
2025.09.04 11:22:37,BUY,0.1000,-0.4000,0
2025.09.04 12:20:30,BUY,0.1000,-0.5000,0
2025.09.04 12:32:24,SELL,0.1000,0.6000,0
2025.09.04 13:09:59,SELL,0.1000,0.4000,1
2025.09.04 13:14:59,SELL,0.1000,0.4000,0
2025.09.04 14:06:41,BUY,0.1000,-0.1000,0
2025.09.04 15:15:01,SELL,0.1000,-0.9000,0
2025.09.04 15:22:11,BUY,0.0000,0.1000,0
2025.09.04 15:30:00,SELL,1.9000,-0.5000,0
2025.09.04 15:38:02,BUY,0.1000,-0.4000,0
2025.09.04 15:57:46,SELL,0.1000,0.4000,0
2025.09.04 16:08:38,BUY,0.1000,0.5000,1
2025.09.04 16:16:30,SELL,0.1000,-0.2000,0
2025.09.04 16:22:19,SELL,0.1000,-0.7000,2
2025.09.04 17:00:00,BUY,0.1000,-0.5000,0
2025.09.04 17:11:07,SELL,0.1000,-0.1000,0
2025.09.04 17:22:18,BUY,0.1000,0.2000,0
2025.09.04 17:33:10,BUY,0.1000,-0.4000,0
2025.09.04 18:07:33,BUY,0.1000,0.0000,0
2025.09.04 19:07:23,BUY,0.2000,-0.5000,0
2025.09.04 22:21:41,BUY,0.2000,0.3000,4
2025.09.05 00:03:00,BUY,12.2000,-2.7000,1
2025.09.05 03:58:32,SELL,0.2000,-0.1000,2
2025.09.05 08:59:01,SELL,0.2000,0.1000,7
2025.09.05 09:11:47,BUY,0.2000,0.6000,0
2025.09.05 09:24:54,BUY,0.2000,0.2000,1
2025.09.05 09:29:55,SELL,0.2000,-0.2000,1
2025.09.05 11:18:58,SELL,0.1000,-0.2000,1
2025.09.05 12:14:54,SELL,0.1000,0.5000,1
2025.09.05 14:57:39,SELL,0.1000,-0.1000,0
2025.09.05 15:03:24,SELL,0.1000,-0.2000,2
2025.09.05 15:08:29,SELL,0.0000,-0.7000,0
2025.09.05 15:30:01,SELL,0.1000,-7.4000,0
2025.09.05 15:36:39,BUY,0.1000,-0.4000,0
2025.09.05 15:41:46,BUY,0.1000,0.2000,1
2025.09.05 15:47:10,BUY,0.0000,0.5000,0
2025.09.05 15:56:33,BUY,0.0000,0.6000,0
2025.09.05 16:01:33,SELL,0.1000,0.5000,0
2025.09.05 16:07:03,BUY,0.1000,-0.3000,0
2025.09.05 16:12:13,SELL,0.0000,0.4000,0
2025.09.05 16:17:13,BUY,0.0000,0.0000,0
2025.09.05 16:22:13,BUY,0.1000,-0.5000,0
2025.09.05 16:28:40,BUY,0.0000,0.1000,0
2025.09.05 16:39:05,SELL,0.1000,0.1000,1
2025.09.05 16:46:40,SELL,0.1000,0.5000,0
2025.09.05 16:52:02,SELL,0.1000,-0.4000,0
2025.09.05 17:02:06,SELL,0.1000,-0.4000,0
2025.09.05 17:07:06,BUY,0.1000,-0.5000,0
2025.09.05 17:23:18,BUY,0.1000,-0.4000,0
2025.09.05 17:37:11,BUY,0.1000,0.6000,0
2025.09.05 17:44:10,SELL,0.1000,-0.1000,0
2025.09.05 17:55:46,SELL,0.0000,0.0000,3
2025.09.05 18:14:12,SELL,0.1000,-0.7000,0
2025.09.05 18:53:17,BUY,0.0000,0.1000,1
2025.09.05 19:03:18,BUY,0.2000,0.1000,1
2025.09.05 19:34:26,BUY,0.2000,0.3000,0
2025.09.05 19:53:19,BUY,0.2000,0.7000,0
2025.09.05 20:02:11,BUY,0.2000,-0.8000,0
2025.09.05 21:41:56,BUY,0.2000,0.1000,1
2025.09.08 00:02:30,BUY,6.1000,-0.1000,60
2025.09.08 01:09:08,BUY,1.7000,-0.2000,0
2025.09.08 03:03:46,BUY,0.2000,-0.1000,0
2025.09.08 04:57:09,SELL,0.3000,0.5000,0
2025.09.08 09:13:52,SELL,0.2000,-0.1000,1
2025.09.08 09:19:27,BUY,0.2000,0.6000,0
2025.09.08 09:32:19,SELL,0.1000,-0.5000,0
2025.09.08 09:43:11,BUY,0.1000,-0.1000,1
2025.09.08 09:51:29,SELL,0.1000,-0.1000,0
2025.09.08 10:07:01,BUY,0.1000,-0.3000,1
2025.09.08 11:02:03,SELL,0.1000,0.7000,0
2025.09.08 11:17:25,BUY,0.1000,0.4000,0
2025.09.08 11:22:33,BUY,0.1000,-0.1000,1
2025.09.08 11:28:16,BUY,0.1000,-0.2000,1
2025.09.08 11:59:29,SELL,0.1000,0.3000,0
2025.09.08 12:09:56,BUY,0.1000,0.4000,0
2025.09.08 14:51:52,BUY,0.1000,0.5000,0
2025.09.08 15:23:57,BUY,0.1000,-0.2000,0
2025.09.08 15:43:13,SELL,0.1000,0.5000,0
2025.09.08 15:54:53,SELL,0.0000,0.5000,0
2025.09.08 16:08:57,SELL,0.1000,-0.1000,0
2025.09.08 16:13:57,SELL,0.0000,0.1000,0
2025.09.08 17:12:12,BUY,0.1000,-0.1000,0
2025.09.08 17:43:41,BUY,0.1000,0.4000,0
2025.09.08 18:54:07,SELL,0.1000,-0.2000,0
2025.09.08 21:56:18,SELL,0.2000,0.4000,0
2025.09.09 00:02:36,BUY,9.0000,-1.2000,1
2025.09.09 09:28:16,BUY,0.2000,-0.7000,0
2025.09.09 09:44:10,BUY,0.1000,0.4000,0
2025.09.09 10:44:17,BUY,0.1000,-0.7000,0
2025.09.09 11:08:34,BUY,0.1000,0.2000,0
2025.09.09 11:15:34,SELL,0.1000,0.4000,0
2025.09.09 11:26:49,SELL,0.1000,-0.4000,0
2025.09.09 11:39:25,SELL,0.1000,0.3000,0
2025.09.09 13:17:26,SELL,0.1000,0.8000,0
2025.09.09 13:34:26,BUY,0.1000,0.2000,2
2025.09.09 15:01:04,BUY,0.1000,-0.6000,0
2025.09.09 15:22:34,BUY,0.0000,0.1000,1
2025.09.09 15:31:34,BUY,0.1000,-0.4000,1
2025.09.09 16:36:42,SELL,0.1000,0.5000,0
2025.09.09 16:53:48,BUY,0.1000,0.5000,1
2025.09.09 17:00:01,SELL,0.1000,-0.5000,0
2025.09.09 17:06:50,BUY,0.1000,0.4000,0
2025.09.09 17:12:00,SELL,0.1000,0.4000,0
2025.09.09 17:24:54,SELL,0.1000,0.5000,0
2025.09.09 17:32:17,BUY,0.1000,-0.2000,0
2025.09.09 17:43:53,SELL,0.0000,0.6000,0
2025.09.09 17:49:06,BUY,0.1000,-0.2000,1
2025.09.09 18:03:15,BUY,0.1000,0.3000,0
2025.09.09 18:27:44,SELL,0.1000,0.5000,2
2025.09.09 19:44:53,BUY,0.2000,-0.3000,2
2025.09.09 20:43:50,BUY,0.2000,-0.4000,0
2025.09.09 20:57:51,BUY,0.2000,0.1000,1
2025.09.09 21:24:23,BUY,0.2000,0.1000,0
2025.09.10 00:01:29,BUY,9.1000,0.0000,7
2025.09.10 00:06:30,SELL,2.5000,0.0000,6
2025.09.10 02:24:34,BUY,0.2000,0.0000,1
2025.09.10 04:04:14,BUY,0.2000,-0.2000,1
2025.09.10 04:38:05,SELL,0.2000,0.0000,0
2025.09.10 04:58:16,BUY,0.3000,-0.5000,0
2025.09.10 08:58:30,SELL,0.2000,0.6000,2
2025.09.10 09:09:19,SELL,0.2000,0.3000,1
2025.09.10 09:34:17,BUY,0.1000,-0.3000,1
2025.09.10 09:54:45,BUY,0.1000,0.4000,0
2025.09.10 09:59:45,BUY,0.1000,0.1000,0
2025.09.10 10:12:40,SELL,0.1000,0.1000,2
2025.09.10 10:18:44,BUY,0.1000,-0.4000,1
2025.09.10 10:26:13,SELL,0.1000,-0.1000,0
2025.09.10 11:03:07,BUY,0.1000,-0.2000,0
2025.09.10 11:08:10,SELL,0.1000,0.4000,0
2025.09.10 11:28:53,BUY,0.1000,-0.1000,0
2025.09.10 12:49:12,SELL,0.1000,0.1000,2
2025.09.10 14:53:38,SELL,0.0000,0.1000,1
2025.09.10 15:13:46,BUY,0.0000,-0.1000,0
2025.09.10 15:21:23,BUY,0.1000,-0.1000,1
2025.09.10 15:30:01,SELL,0.1000,0.0000,0
2025.09.10 15:35:26,BUY,0.1000,-0.2000,0
2025.09.10 15:41:01,BUY,0.1000,-0.2000,0
2025.09.10 15:48:56,BUY,0.1000,0.2000,0
2025.09.10 15:53:57,BUY,0.1000,-0.1000,0
2025.09.10 15:59:01,SELL,0.0000,0.1000,1
2025.09.10 16:05:41,SELL,0.1000,0.5000,1
2025.09.10 16:11:03,BUY,0.1000,0.4000,0
2025.09.10 16:18:51,SELL,0.1000,-0.4000,0
2025.09.10 16:34:21,SELL,0.1000,-0.7000,0
2025.09.10 17:01:36,SELL,0.0000,-0.4000,0
2025.09.10 17:23:06,BUY,0.1000,-0.1000,0
2025.09.10 17:28:06,SELL,0.1000,0.2000,0
2025.09.10 17:33:06,SELL,0.1000,0.2000,0
2025.09.10 17:53:43,BUY,0.1000,-0.2000,1
2025.09.10 17:59:35,SELL,0.1000,0.1000,1
2025.09.10 18:19:34,BUY,0.1000,-0.1000,0
2025.09.10 19:54:55,BUY,0.2000,-0.7000,0
2025.09.11 09:09:48,SELL,0.2000,-0.4000,1
2025.09.11 09:14:48,BUY,0.2000,-0.4000,0
2025.09.11 09:24:21,SELL,0.2000,0.3000,0
2025.09.11 09:56:13,BUY,0.1000,-0.1000,1
2025.09.11 10:18:17,BUY,0.1000,-0.4000,0
2025.09.11 12:04:20,BUY,0.1000,0.4000,0
2025.09.11 12:40:31,BUY,0.1000,-0.4000,0
2025.09.11 12:49:35,SELL,0.1000,0.1000,1
2025.09.11 14:38:51,BUY,0.0000,0.5000,1
2025.09.11 14:52:10,SELL,0.1000,-0.1000,1
2025.09.11 14:57:15,BUY,0.1000,-0.1000,1
2025.09.11 15:15:59,BUY,0.0000,0.0000,1
2025.09.11 15:24:36,SELL,0.0000,-0.4000,0
2025.09.11 15:29:36,SELL,0.0000,0.6000,0
2025.09.11 15:34:36,SELL,0.1000,-0.6000,0
2025.09.11 15:40:33,BUY,0.1000,-0.1000,0
2025.09.11 15:46:37,BUY,0.1000,0.5000,0
2025.09.11 15:51:41,BUY,0.1000,0.5000,0
2025.09.11 15:56:41,SELL,0.1000,-0.1000,0
2025.09.11 16:01:59,SELL,0.1000,-0.5000,0
2025.09.11 16:07:16,SELL,0.0000,0.5000,0
2025.09.11 16:12:16,BUY,0.0000,0.0000,0
2025.09.11 16:17:17,BUY,0.0000,-0.2000,0
2025.09.11 16:22:31,SELL,0.1000,0.2000,0
2025.09.11 16:28:02,BUY,0.1000,-0.1000,1
2025.09.11 16:41:30,SELL,0.1000,0.0000,1
2025.09.11 16:46:36,BUY,0.1000,-0.6000,1
2025.09.11 16:53:10,SELL,0.0000,0.5000,1
2025.09.11 16:58:10,SELL,0.0000,0.1000,0
2025.09.11 17:07:02,SELL,0.1000,-0.1000,2
2025.09.11 17:18:04,SELL,0.0000,0.5000,1
2025.09.11 17:24:05,BUY,0.1000,-0.4000,0
2025.09.11 17:29:17,BUY,0.1000,0.0000,0
2025.09.11 17:34:33,SELL,0.0000,0.0000,1
2025.09.11 17:44:01,BUY,0.0000,0.5000,0
2025.09.11 17:53:23,BUY,0.0000,0.1000,0
2025.09.11 18:07:47,SELL,0.1000,0.1000,0
2025.09.11 18:22:01,SELL,0.0000,0.5000,0
2025.09.11 18:28:34,BUY,0.1000,-0.5000,0
2025.09.11 19:03:06,SELL,0.2000,0.1000,1
2025.09.12 00:03:32,BUY,7.6000,-1.9000,1
2025.09.12 01:01:39,SELL,1.7000,0.1000,0
2025.09.12 09:04:07,BUY,0.2000,0.6000,0
2025.09.12 09:56:19,SELL,0.1000,0.4000,0
2025.09.12 10:02:29,SELL,0.1000,0.4000,0
2025.09.12 10:31:40,BUY,0.1000,0.4000,0
2025.09.12 11:14:34,BUY,0.1000,0.1000,0
2025.09.12 11:19:37,BUY,0.1000,-0.2000,6
2025.09.12 11:42:13,BUY,0.1000,0.3000,0
2025.09.12 11:49:09,BUY,0.1000,0.4000,0
2025.09.12 12:37:55,BUY,0.1000,0.4000,1
2025.09.12 15:23:10,BUY,0.1000,0.5000,2
2025.09.12 15:31:01,BUY,0.0000,0.5000,0
2025.09.12 15:49:13,SELL,0.0000,-0.4000,0
2025.09.12 16:34:40,BUY,0.1000,0.4000,0
2025.09.12 16:42:53,BUY,0.1000,0.1000,0
2025.09.12 16:49:33,SELL,0.1000,-0.4000,0
2025.09.12 17:02:10,SELL,0.1000,0.3000,0
2025.09.12 17:14:07,BUY,0.1000,-0.4000,0
2025.09.12 17:21:34,SELL,0.1000,0.5000,0
2025.09.12 17:42:05,BUY,0.1000,0.4000,1
2025.09.12 17:53:36,SELL,0.0000,0.2000,2
2025.09.12 18:21:48,BUY,0.0000,0.0000,1
2025.09.15 00:01:28,BUY,14.1000,-0.2000,31
2025.09.15 00:07:00,SELL,4.2000,-0.9000,1
2025.09.15 00:12:00,SELL,1.9000,7.3000,1
2025.09.15 10:08:59,SELL,0.1000,0.1000,1
2025.09.15 10:33:14,SELL,0.1000,0.4000,1
2025.09.15 10:44:24,BUY,0.1000,0.4000,1
2025.09.15 10:49:43,BUY,0.1000,-0.2000,2
2025.09.15 11:42:21,BUY,0.1000,0.3000,1
2025.09.15 13:04:14,SELL,0.1000,0.4000,2
2025.09.15 13:21:54,SELL,0.1000,0.7000,0
2025.09.15 13:38:31,BUY,0.1000,0.1000,0
2025.09.15 15:01:42,SELL,0.0000,0.5000,0
2025.09.15 15:34:23,SELL,0.1000,0.1000,1
2025.09.15 17:42:04,BUY,0.1000,-0.8000,0
2025.09.15 18:49:40,SELL,0.0000,0.5000,0
2025.09.15 19:14:50,BUY,0.2000,-0.1000,1
2025.09.16 04:46:08,SELL,0.2000,0.4000,0
2025.09.16 06:32:01,SELL,0.2000,-0.1000,0
2025.09.16 07:02:52,BUY,0.2000,0.6000,0
2025.09.16 09:00:57,SELL,0.2000,-0.2000,1
2025.09.16 09:18:13,SELL,0.2000,0.2000,0
2025.09.16 10:02:52,SELL,0.1000,0.2000,1
2025.09.16 10:13:51,SELL,0.1000,-0.3000,0
2025.09.16 10:53:46,SELL,0.1000,0.4000,0
2025.09.16 11:18:35,SELL,0.1000,0.4000,0
2025.09.16 11:23:42,BUY,0.1000,0.1000,1
2025.09.16 12:10:27,SELL,0.1000,-0.1000,1
2025.09.16 14:05:54,BUY,0.1000,0.5000,0
2025.09.16 14:42:43,SELL,0.1000,0.5000,0
2025.09.16 14:52:58,SELL,0.1000,0.5000,0
2025.09.16 14:59:35,BUY,0.0000,0.1000,0
2025.09.16 15:09:27,BUY,0.1000,0.5000,0
2025.09.16 15:30:01,BUY,0.1000,-0.7000,0
2025.09.16 15:35:51,SELL,0.0000,-0.2000,1
2025.09.16 15:41:29,BUY,0.0000,0.0000,0
2025.09.16 15:46:41,SELL,0.0000,0.2000,0
2025.09.16 16:01:50,SELL,0.1000,-0.6000,0
2025.09.16 16:22:07,SELL,0.1000,0.5000,0
2025.09.16 16:38:38,SELL,0.1000,0.6000,0
2025.09.16 16:44:27,BUY,0.1000,-0.4000,0
2025.09.16 17:04:01,SELL,0.1000,0.4000,0
2025.09.16 17:16:46,SELL,0.1000,-0.4000,0
2025.09.16 17:30:54,SELL,0.1000,-0.1000,1
2025.09.16 17:57:32,SELL,0.1000,-0.5000,1
2025.09.16 18:02:32,BUY,0.1000,0.4000,0
2025.09.16 18:29:16,BUY,0.0000,0.2000,1
2025.09.16 18:52:58,SELL,0.1000,-0.4000,1
2025.09.16 19:12:52,SELL,0.2000,0.3000,0
2025.09.16 19:19:46,SELL,0.2000,0.6000,0
2025.09.16 19:25:17,SELL,0.2000,-0.2000,1
2025.09.16 19:31:42,SELL,0.2000,-0.4000,0
2025.09.16 20:14:36,SELL,0.2000,0.7000,0
2025.09.16 21:59:05,SELL,0.2000,-0.1000,14
2025.09.17 00:01:00,BUY,11.7000,-0.2000,2
2025.09.17 00:06:34,BUY,14.6000,0.0000,1
2025.09.17 00:27:42,SELL,2.2000,4.9000,35
2025.09.17 09:07:21,BUY,0.2000,0.6000,1
2025.09.17 10:02:19,BUY,0.1000,-0.5000,0
2025.09.17 13:12:57,BUY,0.1000,-0.5000,1
2025.09.17 14:42:16,SELL,0.0000,0.0000,1
2025.09.17 15:48:57,SELL,0.1000,0.5000,1
2025.09.17 16:12:11,BUY,0.1000,-0.1000,1
2025.09.17 18:09:01,SELL,0.1000,-0.3000,0
2025.09.17 19:18:52,SELL,0.2000,-0.2000,1
2025.09.17 20:53:36,BUY,0.2000,0.1000,4
2025.09.17 21:00:01,SELL,1.9000,0.5000,0
2025.09.17 21:05:10,BUY,0.2000,-0.5000,0
2025.09.17 21:10:48,BUY,0.2000,-0.1000,0
2025.09.17 21:17:07,SELL,0.2000,-0.1000,1
2025.09.17 21:22:07,BUY,0.2000,-0.1000,0
2025.09.17 21:28:32,BUY,0.2000,0.9000,1
2025.09.17 21:33:32,BUY,0.2000,0.3000,0
2025.09.17 21:38:32,BUY,0.2000,0.4000,0
2025.09.17 21:43:32,BUY,0.2000,0.4000,0
2025.09.17 21:50:01,BUY,0.2000,-0.7000,0
2025.09.17 21:55:13,SELL,0.2000,-0.1000,1
2025.09.17 22:01:47,SELL,0.2000,0.6000,0
2025.09.17 22:06:47,BUY,0.2000,-0.1000,0
2025.09.17 22:11:47,BUY,0.2000,-0.4000,0
2025.09.17 22:16:52,SELL,0.2000,-0.4000,0
2025.09.17 22:22:18,SELL,0.2000,0.3000,0
2025.09.17 22:28:28,BUY,0.2000,0.2000,0
2025.09.17 22:33:28,BUY,0.2000,-0.1000,1
2025.09.17 22:38:28,BUY,0.2000,-0.1000,1
2025.09.17 22:43:30,SELL,0.2000,-0.6000,1
2025.09.17 22:48:49,BUY,0.2000,-0.4000,0
2025.09.17 22:53:53,SELL,0.2000,0.6000,1
2025.09.17 23:16:35,BUY,1.8000,0.6000,0
2025.09.17 23:22:58,BUY,1.8000,-0.1000,0
2025.09.18 01:48:07,BUY,1.8000,0.1000,1
2025.09.18 03:03:11,BUY,0.3000,0.1000,3
2025.09.18 03:53:16,SELL,0.2000,0.2000,0
2025.09.18 04:15:35,BUY,0.3000,-0.1000,1
2025.09.18 04:37:38,BUY,0.3000,0.4000,0
2025.09.18 04:58:32,SELL,0.3000,0.5000,0
2025.09.18 07:34:28,BUY,0.3000,0.0000,0
2025.09.18 07:57:43,BUY,0.3000,0.6000,0
2025.09.18 08:09:01,BUY,0.3000,-0.1000,0
2025.09.18 09:04:15,BUY,0.2000,0.6000,0
2025.09.18 09:16:41,SELL,0.2000,-0.4000,0
2025.09.18 09:44:33,SELL,0.1000,0.4000,0
2025.09.18 09:57:54,BUY,0.1000,0.1000,1
2025.09.18 10:03:37,SELL,0.1000,-0.5000,0
2025.09.18 10:09:55,SELL,0.2000,0.4000,0
2025.09.18 10:14:56,SELL,0.1000,0.1000,1
2025.09.18 10:29:02,SELL,0.1000,0.4000,0
2025.09.18 10:39:13,SELL,0.1000,-0.3000,1
2025.09.18 10:44:14,SELL,0.1000,0.4000,1
2025.09.18 11:13:30,BUY,0.1000,-0.4000,0
2025.09.18 11:19:05,BUY,0.1000,0.5000,0
2025.09.18 11:44:44,SELL,0.1000,0.4000,0
2025.09.18 12:13:23,SELL,0.1000,-0.1000,2
2025.09.18 12:37:19,SELL,0.1000,0.3000,0
2025.09.18 12:48:47,BUY,0.1000,-0.4000,0
2025.09.18 13:23:17,SELL,0.1000,-0.2000,0
2025.09.18 14:02:29,BUY,0.0000,0.0000,1
2025.09.18 14:36:12,SELL,0.1000,0.3000,0
2025.09.18 14:56:16,SELL,0.1000,0.5000,0
2025.09.18 15:30:00,BUY,1.9000,-1.2000,0
2025.09.18 15:38:42,SELL,0.0000,-0.2000,1
2025.09.18 15:43:42,BUY,0.0000,-0.3000,3
2025.09.18 15:51:29,BUY,0.1000,-0.5000,0
2025.09.18 15:58:22,BUY,0.1000,0.3000,0
2025.09.18 16:06:59,BUY,0.1000,-0.3000,0
2025.09.18 16:11:59,BUY,0.1000,0.0000,1
2025.09.18 16:19:27,BUY,0.1000,-0.1000,0
2025.09.18 16:33:19,BUY,0.1000,-0.7000,0
2025.09.18 16:38:19,BUY,0.1000,0.0000,0
2025.09.18 16:43:19,BUY,0.1000,-0.5000,0
2025.09.18 16:48:19,SELL,0.1000,0.1000,0
2025.09.18 16:57:39,SELL,0.1000,-0.2000,0
2025.09.18 17:04:27,SELL,0.0000,0.5000,0
2025.09.18 17:12:48,SELL,0.0000,0.2000,0
2025.09.18 17:31:57,SELL,0.0000,0.5000,0
2025.09.18 17:37:13,BUY,0.1000,-0.3000,0
2025.09.18 17:47:26,SELL,0.0000,0.4000,0
2025.09.18 17:53:19,BUY,0.1000,0.5000,1
2025.09.18 17:58:22,SELL,0.0000,0.2000,3
2025.09.18 18:03:22,SELL,0.1000,-0.5000,0
2025.09.18 18:08:22,BUY,0.1000,-0.1000,0
2025.09.18 18:17:28,SELL,0.0000,0.5000,0
2025.09.18 18:34:27,BUY,0.1000,0.3000,0
2025.09.18 18:41:10,BUY,0.1000,-0.1000,1
2025.09.18 18:58:50,SELL,0.0000,-0.2000,1
2025.09.18 19:04:08,SELL,0.2000,0.3000,1
2025.09.18 19:09:09,BUY,0.2000,0.1000,2
2025.09.18 19:53:38,SELL,0.2000,0.1000,0
2025.09.19 03:07:00,BUY,0.2000,0.6000,0
2025.09.19 03:54:10,SELL,0.3000,0.0000,1
2025.09.19 04:03:51,BUY,0.3000,-0.2000,1
2025.09.19 06:04:43,SELL,0.2000,0.0000,13
2025.09.19 07:03:17,SELL,0.3000,0.5000,0
2025.09.19 07:33:10,BUY,0.2000,0.6000,0
2025.09.19 09:01:48,BUY,0.2000,0.3000,0
2025.09.19 09:12:58,SELL,0.2000,0.6000,0
2025.09.19 09:33:17,BUY,0.1000,0.3000,0
2025.09.19 09:38:42,SELL,0.1000,0.4000,2
2025.09.19 09:50:35,BUY,0.1000,0.2000,2
2025.09.19 10:06:09,BUY,0.1000,0.2000,1
2025.09.19 10:12:08,SELL,0.1000,-0.1000,0
2025.09.19 10:17:10,SELL,0.1000,-0.4000,0
2025.09.19 10:28:00,BUY,0.1000,0.5000,1
2025.09.19 10:52:08,SELL,0.1000,0.2000,0
2025.09.19 11:01:38,BUY,0.1000,-0.2000,0
2025.09.19 11:06:39,BUY,0.1000,-0.1000,2
2025.09.19 11:31:27,SELL,0.1000,0.1000,1
2025.09.19 11:37:34,BUY,0.1000,-0.5000,1
2025.09.19 12:47:59,BUY,0.1000,0.4000,1
2025.09.19 14:04:31,BUY,0.0000,-0.7000,0
2025.09.19 14:43:45,BUY,0.1000,-0.1000,1
2025.09.19 14:56:19,BUY,0.0000,0.5000,0
2025.09.19 15:02:55,SELL,0.1000,0.4000,0
2025.09.19 15:08:08,BUY,0.1000,-0.4000,1
2025.09.19 15:14:48,SELL,0.0000,0.6000,0
2025.09.19 15:21:54,BUY,0.0000,0.5000,0
2025.09.19 15:32:44,BUY,0.0000,0.3000,0
2025.09.19 15:38:08,SELL,0.0000,0.6000,0
2025.09.19 15:49:03,BUY,0.1000,0.3000,0
2025.09.19 16:03:59,SELL,0.1000,0.5000,0
2025.09.19 16:12:02,SELL,0.1000,0.7000,0
2025.09.19 16:17:16,SELL,0.0000,0.4000,1
2025.09.19 16:22:20,BUY,0.0000,0.6000,0
2025.09.19 16:48:25,SELL,0.0000,-0.3000,0
2025.09.19 17:04:39,SELL,0.0000,0.6000,1
2025.09.19 17:12:12,BUY,0.0000,0.1000,1
2025.09.19 17:23:24,SELL,0.1000,-0.4000,1
2025.09.19 17:46:34,BUY,0.0000,-0.3000,0
2025.09.19 17:52:59,SELL,0.0000,-0.1000,0
2025.09.19 18:19:28,BUY,0.0000,0.3000,1
2025.09.19 18:36:16,BUY,0.1000,0.5000,0
2025.09.19 18:43:11,SELL,0.1000,0.4000,1
2025.09.19 19:07:35,BUY,0.2000,0.1000,1
2025.09.19 19:44:50,SELL,0.2000,-0.4000,0
2025.09.19 19:58:11,SELL,0.2000,0.7000,0
2025.09.22 00:02:39,BUY,21.0000,1.8000,6
2025.09.22 00:09:51,SELL,6.8000,0.0000,4
2025.09.22 03:58:36,SELL,0.3000,0.4000,0
2025.09.22 06:04:35,SELL,0.2000,-0.8000,1
2025.09.22 09:57:54,BUY,0.1000,0.1000,0
2025.09.22 10:19:57,SELL,0.1000,0.4000,0
2025.09.22 10:25:59,SELL,0.1000,-0.1000,1
2025.09.22 10:34:25,BUY,0.1000,0.4000,0
2025.09.22 11:04:58,SELL,0.1000,0.1000,1
2025.09.22 11:13:49,SELL,0.1000,0.2000,0
2025.09.22 11:18:49,SELL,0.1000,-0.6000,0
2025.09.22 12:57:38,SELL,0.1000,-0.1000,1
2025.09.22 13:18:25,BUY,0.1000,0.1000,0
2025.09.22 13:33:56,BUY,0.1000,-0.2000,4
2025.09.22 14:52:19,SELL,0.1000,0.4000,0
2025.09.22 15:04:06,SELL,0.1000,0.1000,1
2025.09.22 15:13:13,SELL,0.1000,-0.1000,1
2025.09.22 15:18:13,BUY,0.1000,-0.2000,0
2025.09.22 15:34:04,SELL,0.1000,-0.2000,1
2025.09.22 15:39:08,SELL,0.0000,0.3000,1
2025.09.22 16:00:03,BUY,0.1000,-0.5000,0
2025.09.22 16:56:25,BUY,0.1000,-0.1000,1
2025.09.22 17:03:23,BUY,0.1000,-0.2000,0
2025.09.22 17:18:53,BUY,0.1000,-0.6000,0
2025.09.22 18:14:57,BUY,0.1000,-0.2000,1
2025.09.22 18:19:57,SELL,0.1000,-0.1000,0
2025.09.22 19:11:38,SELL,0.2000,0.6000,1
2025.09.22 19:18:31,SELL,0.2000,-0.1000,3
2025.09.23 00:01:00,BUY,13.3000,0.0000,0
2025.09.23 00:08:38,SELL,5.8000,1.1000,3
2025.09.23 00:24:21,SELL,2.1000,1.4000,0
2025.09.23 03:34:12,SELL,0.2000,-0.4000,0
2025.09.23 05:13:23,BUY,0.3000,-0.2000,1
2025.09.23 06:08:59,BUY,0.3000,0.6000,0
2025.09.23 09:14:27,BUY,0.2000,0.7000,1
2025.09.23 09:44:54,SELL,0.1000,0.4000,0
2025.09.23 09:49:55,SELL,0.1000,-0.1000,0
2025.09.23 10:04:17,BUY,0.1000,0.1000,1
2025.09.23 10:15:00,BUY,0.1000,-0.7000,0
2025.09.23 10:22:41,BUY,0.1000,0.3000,1
2025.09.23 10:30:00,SELL,0.2000,0.4000,0
2025.09.23 10:46:52,SELL,0.1000,0.5000,0
2025.09.23 11:08:58,BUY,0.1000,0.3000,1
2025.09.23 11:24:55,SELL,0.1000,0.1000,3
2025.09.23 12:22:31,SELL,0.1000,-0.6000,0
2025.09.23 13:29:11,BUY,0.1000,0.4000,0
2025.09.23 14:57:30,BUY,0.1000,-0.1000,1
2025.09.23 16:00:25,SELL,0.0000,-0.4000,0
2025.09.23 16:48:07,BUY,0.0000,-0.5000,1
2025.09.23 16:55:52,SELL,0.0000,0.0000,0
2025.09.23 17:02:03,SELL,0.1000,0.5000,0
2025.09.23 17:23:51,BUY,0.0000,-0.3000,0
2025.09.23 17:48:19,BUY,0.1000,-0.1000,1
2025.09.23 18:58:42,SELL,0.1000,0.1000,1
2025.09.23 19:09:44,SELL,0.2000,0.4000,1
2025.09.23 19:35:02,BUY,0.4000,0.6000,0
2025.09.23 20:27:57,SELL,0.2000,-0.2000,1
2025.09.23 20:37:59,SELL,0.2000,0.0000,1
2025.09.24 00:02:00,BUY,14.1000,-4.2000,0
2025.09.24 03:04:48,BUY,0.3000,0.2000,0
2025.09.24 04:17:44,BUY,0.2000,0.6000,0
2025.09.24 09:04:50,SELL,0.2000,0.1000,1
2025.09.24 09:26:10,BUY,0.2000,0.6000,1
2025.09.24 10:02:10,SELL,0.1000,-0.1000,2
2025.09.24 10:13:41,BUY,0.1000,-0.4000,0
2025.09.24 11:00:12,BUY,0.1000,0.4000,0
2025.09.24 11:13:43,BUY,0.1000,0.4000,0
2025.09.24 12:52:31,SELL,0.1000,-0.1000,0
2025.09.24 13:13:39,BUY,0.1000,-0.4000,0
2025.09.24 14:33:57,SELL,0.0000,0.6000,0
2025.09.24 15:31:23,BUY,0.1000,-0.1000,0
2025.09.24 16:12:18,BUY,0.1000,0.0000,1
2025.09.24 16:33:55,BUY,0.1000,0.0000,0
2025.09.24 16:44:00,BUY,0.1000,-0.1000,0
2025.09.24 16:49:01,SELL,0.0000,0.2000,1
2025.09.24 17:01:07,BUY,0.1000,-0.1000,1
2025.09.24 17:28:45,SELL,0.0000,-0.1000,1
2025.09.24 17:53:52,BUY,0.0000,0.5000,0
2025.09.24 18:07:38,BUY,0.1000,-0.3000,1
2025.09.24 18:28:18,BUY,0.1000,-0.1000,1
2025.09.24 18:39:47,SELL,0.0000,0.1000,0
2025.09.24 18:59:12,BUY,0.1000,0.0000,2
2025.09.24 19:34:11,BUY,0.2000,-0.2000,0
2025.09.25 03:58:30,SELL,0.2000,-0.1000,0
2025.09.25 09:16:35,SELL,0.2000,0.7000,0
2025.09.25 09:24:29,BUY,0.2000,-0.1000,0
2025.09.25 10:33:05,SELL,0.1000,0.2000,1
2025.09.25 10:46:16,BUY,0.1000,-0.4000,0
2025.09.25 11:24:20,BUY,0.1000,-0.5000,0
2025.09.25 12:08:32,SELL,0.1000,0.1000,0
2025.09.25 14:38:46,BUY,0.0000,0.5000,0
2025.09.25 15:04:23,SELL,0.1000,-0.1000,1
2025.09.25 15:12:42,BUY,0.0000,0.1000,1
2025.09.25 15:30:00,BUY,0.1000,0.7000,0
2025.09.25 15:35:37,BUY,0.1000,-0.4000,0
2025.09.25 15:40:40,BUY,0.1000,-0.4000,0
2025.09.25 15:48:15,BUY,0.1000,0.6000,1
2025.09.25 15:53:15,BUY,0.1000,-0.3000,0
2025.09.25 15:58:15,SELL,0.0000,0.4000,0
2025.09.25 16:07:03,SELL,0.0000,0.7000,1
2025.09.25 16:13:14,SELL,0.1000,0.0000,0
2025.09.25 16:19:00,SELL,0.1000,0.5000,0
2025.09.25 16:24:44,BUY,0.1000,0.1000,2
2025.09.25 16:43:06,BUY,0.1000,0.5000,0
2025.09.25 16:53:25,BUY,0.0000,0.5000,0
2025.09.25 17:03:22,BUY,0.1000,0.1000,0
2025.09.25 17:08:22,SELL,0.0000,0.0000,2
2025.09.25 17:20:49,SELL,0.0000,0.5000,0
2025.09.25 17:37:41,BUY,0.0000,-0.3000,0
2025.09.25 17:52:04,BUY,0.1000,0.1000,1
2025.09.25 18:04:08,BUY,0.1000,-0.1000,0
2025.09.25 18:19:50,SELL,0.1000,0.4000,0
2025.09.25 18:31:23,BUY,0.1000,0.1000,0
2025.09.25 19:07:43,SELL,0.2000,0.3000,0
2025.09.25 19:16:33,BUY,0.2000,0.7000,0
2025.09.25 19:24:49,SELL,0.2000,0.5000,0
2025.09.25 19:38:54,BUY,0.2000,-0.2000,2
2025.09.25 20:22:14,BUY,0.2000,0.8000,0
2025.09.25 20:29:22,BUY,0.2000,0.6000,1
2025.09.25 21:08:41,BUY,0.2000,-0.1000,0
2025.09.26 00:01:00,BUY,11.9000,0.0000,0
2025.09.26 00:25:00,BUY,8.8000,-0.3000,2
2025.09.26 00:33:28,SELL,2.1000,0.1000,1
2025.09.26 00:41:16,BUY,6.5000,-2.3000,0
2025.09.26 00:58:23,BUY,8.4000,0.4000,0
2025.09.26 01:03:23,SELL,1.7000,-0.2000,1
2025.09.26 03:59:17,SELL,0.2000,0.6000,5
2025.09.26 09:08:07,SELL,0.2000,0.6000,0
2025.09.26 09:44:53,BUY,0.1000,-0.1000,1
2025.09.26 11:04:29,SELL,0.1000,0.1000,1
2025.09.26 14:27:20,BUY,0.1000,0.1000,1
2025.09.26 14:54:18,SELL,0.1000,0.4000,0
2025.09.26 14:59:18,BUY,0.1000,0.5000,0
2025.09.26 15:04:18,SELL,0.1000,0.6000,4
2025.09.26 15:18:53,SELL,0.1000,0.5000,2
2025.09.26 15:30:24,BUY,0.1000,-0.4000,0
2025.09.26 15:37:04,SELL,0.0000,0.6000,0
2025.09.26 15:49:14,SELL,0.1000,0.7000,1
2025.09.26 15:54:30,BUY,0.1000,-0.2000,0
2025.09.26 15:59:31,SELL,0.0000,0.0000,2
2025.09.26 16:04:31,SELL,0.0000,-0.2000,0
2025.09.26 16:13:13,BUY,0.1000,0.3000,0
2025.09.26 16:24:19,BUY,0.1000,0.5000,0
2025.09.26 16:49:48,BUY,0.1000,0.3000,0
2025.09.26 17:00:12,SELL,0.0000,0.1000,1
2025.09.26 17:06:52,SELL,0.0000,0.5000,1
2025.09.26 17:12:23,SELL,0.1000,0.3000,0
2025.09.26 17:42:39,SELL,0.0000,0.2000,1
2025.09.26 17:53:13,BUY,0.1000,0.0000,0
2025.09.26 17:58:18,BUY,0.1000,0.1000,0
2025.09.26 18:03:34,SELL,0.1000,-0.1000,0
2025.09.26 18:08:54,BUY,0.1000,-0.4000,0
2025.09.26 18:38:50,BUY,0.1000,0.5000,3
2025.09.26 19:39:37,BUY,0.2000,0.5000,2
2025.09.29 03:01:40,SELL,0.2000,-0.3000,1
2025.09.29 04:38:27,SELL,0.3000,0.5000,0
2025.09.29 07:54:19,SELL,0.2000,0.5000,0
2025.09.29 07:59:21,BUY,0.3000,0.0000,8
2025.09.29 09:01:16,BUY,0.2000,-0.5000,1
2025.09.29 10:12:11,SELL,0.1000,0.2000,0
2025.09.29 11:18:58,BUY,0.1000,-0.1000,2
2025.09.29 11:24:00,BUY,0.1000,0.1000,2
2025.09.29 14:29:18,BUY,0.1000,0.5000,0
2025.09.29 14:55:57,SELL,0.0000,-0.1000,0
2025.09.29 15:23:51,BUY,0.0000,0.1000,1
2025.09.29 15:35:54,SELL,0.1000,-0.4000,0
2025.09.29 15:42:15,BUY,0.1000,-0.3000,1
2025.09.29 15:48:40,SELL,0.1000,-0.1000,1
2025.09.29 15:57:32,SELL,0.0000,0.5000,0
2025.09.29 16:02:47,BUY,0.1000,-0.3000,1
2025.09.29 16:34:26,SELL,0.1000,0.5000,0
2025.09.29 16:41:04,SELL,0.0000,0.0000,0
2025.09.29 16:53:42,BUY,0.1000,-0.4000,0
2025.09.29 16:58:57,BUY,0.1000,0.5000,1
2025.09.29 17:19:46,BUY,0.0000,-0.1000,0
2025.09.30 00:01:00,BUY,25.8000,-10.6000,1
2025.09.30 03:47:39,BUY,0.3000,-0.1000,1
2025.09.30 04:57:50,BUY,0.2000,-0.3000,0
2025.09.30 09:22:04,SELL,0.2000,-0.2000,3
2025.09.30 10:08:05,SELL,0.1000,-0.1000,0
2025.09.30 10:41:48,BUY,0.1000,-0.2000,0
2025.09.30 11:02:59,SELL,0.1000,0.1000,1
2025.09.30 11:32:10,SELL,0.1000,-0.4000,1
2025.09.30 11:42:57,SELL,0.1000,-0.4000,0
2025.09.30 12:23:21,BUY,0.1000,-0.4000,0
2025.09.30 13:53:02,SELL,0.1000,0.1000,1
2025.09.30 14:09:32,BUY,0.1000,0.5000,0
2025.09.30 15:34:58,BUY,0.0000,0.0000,0
2025.09.30 16:03:04,BUY,0.1000,0.6000,0
2025.09.30 16:08:04,BUY,0.1000,0.1000,1
2025.09.30 16:13:09,SELL,0.1000,-0.1000,0
2025.09.30 16:24:57,BUY,0.0000,0.3000,3
2025.09.30 16:32:28,SELL,0.0000,-0.3000,1
2025.09.30 16:38:19,SELL,0.0000,0.2000,0
2025.09.30 16:48:49,SELL,0.1000,-0.1000,1
2025.09.30 16:57:08,BUY,0.1000,-0.1000,1
2025.09.30 17:05:54,SELL,0.0000,-0.4000,0
2025.09.30 17:13:41,SELL,0.0000,0.5000,0
2025.09.30 17:18:44,BUY,0.0000,0.1000,1
2025.09.30 17:23:44,BUY,0.1000,0.0000,1
2025.09.30 17:33:14,SELL,0.1000,0.1000,1
2025.09.30 17:39:49,SELL,0.1000,-0.6000,0
2025.09.30 18:02:48,BUY,0.1000,-0.1000,1
2025.09.30 18:14:02,BUY,0.1000,-0.1000,1
2025.09.30 18:28:03,BUY,0.1000,0.5000,1
2025.09.30 18:59:42,SELL,0.1000,0.5000,0
2025.09.30 19:34:10,SELL,0.2000,-0.1000,0
2025.09.30 20:49:54,BUY,0.2000,0.6000,0
2025.09.30 21:04:37,BUY,0.2000,0.4000,0
2025.09.30 21:33:49,BUY,0.2000,0.3000,0
2025.10.01 01:03:45,SELL,1.8000,-0.5000,0
2025.10.01 02:03:44,SELL,0.2000,0.0000,1
2025.10.01 03:19:39,SELL,0.2000,-0.2000,1
2025.10.01 07:49:02,SELL,0.2000,0.8000,0
2025.10.01 08:00:10,SELL,0.2000,0.6000,0
2025.10.01 08:12:09,BUY,0.2000,0.4000,0
2025.10.01 08:17:14,SELL,0.2000,0.3000,1
2025.10.01 09:07:02,SELL,0.2000,0.6000,1
2025.10.01 09:37:29,SELL,0.1000,0.1000,3
2025.10.01 09:42:33,SELL,0.1000,0.1000,1
2025.10.01 10:01:07,SELL,0.1000,-0.1000,0
2025.10.01 10:08:52,BUY,0.1000,-0.1000,1
2025.10.01 10:14:04,SELL,0.1000,-0.2000,0
2025.10.01 10:21:50,BUY,0.1000,0.2000,1
2025.10.01 10:27:09,BUY,0.1000,-0.1000,1
2025.10.01 10:32:09,BUY,0.1000,-0.1000,0
2025.10.01 10:39:38,SELL,0.1000,-0.1000,0
2025.10.01 10:44:41,BUY,0.1000,-0.4000,0
2025.10.01 10:49:41,SELL,0.1000,-0.1000,1
2025.10.01 10:58:05,BUY,0.1000,-0.3000,0
2025.10.01 11:03:38,SELL,0.1000,-0.4000,2
2025.10.01 11:08:42,SELL,0.1000,-0.4000,2
2025.10.01 11:14:05,BUY,0.1000,-0.1000,0
2025.10.01 11:19:17,SELL,0.1000,-0.1000,1
2025.10.01 11:37:53,SELL,0.1000,0.4000,0
2025.10.01 11:42:53,BUY,0.1000,-0.1000,0
2025.10.01 11:51:42,BUY,0.1000,-0.3000,1
2025.10.01 11:59:59,BUY,0.2000,0.5000,0
2025.10.01 12:07:56,BUY,0.1000,0.4000,0
2025.10.01 12:18:15,BUY,0.1000,-0.1000,1
2025.10.01 12:45:32,BUY,0.1000,-0.2000,0
2025.10.01 12:50:34,BUY,0.1000,0.4000,0
2025.10.01 13:09:37,BUY,0.1000,0.4000,1
2025.10.01 13:19:49,BUY,0.1000,-0.4000,1
2025.10.01 13:29:52,BUY,0.1000,0.5000,1
2025.10.01 13:55:38,BUY,0.1000,0.4000,0
2025.10.01 14:59:00,BUY,0.0000,0.3000,1
2025.10.01 15:05:36,BUY,0.0000,0.1000,1
2025.10.01 15:15:47,SELL,0.1000,0.9000,0
2025.10.01 15:20:47,BUY,0.0000,0.1000,1
2025.10.01 15:25:51,SELL,0.1000,0.1000,0
2025.10.01 15:30:54,SELL,0.0000,0.3000,0
2025.10.01 15:37:27,BUY,0.1000,-0.4000,0
2025.10.01 15:44:43,SELL,0.0000,-0.2000,1
2025.10.01 15:52:59,BUY,0.0000,0.1000,0
2025.10.01 16:03:10,SELL,0.0000,0.4000,0
2025.10.01 16:19:11,BUY,0.0000,0.1000,1
2025.10.01 16:24:23,SELL,0.0000,0.1000,0
2025.10.01 16:50:38,BUY,0.0000,0.5000,0
2025.10.01 17:00:04,BUY,0.1000,0.4000,0
2025.10.01 17:07:32,BUY,0.0000,0.0000,0
2025.10.01 17:12:32,BUY,0.0000,0.2000,1
2025.10.01 17:21:37,BUY,0.1000,-0.3000,1
2025.10.01 17:28:46,SELL,0.0000,-0.3000,0
2025.10.01 17:33:46,SELL,0.0000,-0.2000,1
2025.10.01 17:46:56,BUY,0.1000,0.3000,0
2025.10.01 17:51:56,SELL,0.0000,0.4000,0
2025.10.01 18:01:21,BUY,0.1000,0.5000,0
2025.10.01 18:17:19,BUY,0.0000,-0.2000,0
2025.10.01 18:29:58,BUY,0.1000,-0.1000,1
2025.10.01 18:37:05,SELL,0.0000,0.5000,2
2025.10.01 18:42:24,SELL,0.0000,0.5000,0
2025.10.01 19:01:03,BUY,0.2000,0.6000,1
2025.10.01 19:47:07,SELL,0.2000,-0.2000,1
2025.10.01 19:59:08,SELL,0.2000,-0.1000,0
2025.10.01 20:38:11,BUY,0.2000,0.6000,0
2025.10.01 21:14:07,SELL,0.2000,-0.4000,0
2025.10.01 22:58:20,BUY,0.2000,0.1000,2
2025.10.02 00:01:10,BUY,8.5000,0.0000,14
2025.10.02 03:09:30,BUY,0.2000,-0.3000,0
2025.10.02 04:03:39,BUY,0.3000,-0.1000,0
2025.10.02 09:01:19,SELL,0.2000,-0.6000,0
2025.10.02 09:37:08,SELL,0.1000,-0.1000,1
2025.10.02 09:42:43,BUY,0.1000,-0.1000,0
2025.10.02 09:54:46,SELL,0.1000,0.4000,1
2025.10.02 10:04:44,SELL,0.1000,-0.6000,0
2025.10.02 11:03:26,SELL,0.1000,0.3000,0
2025.10.02 11:42:17,BUY,0.1000,-0.1000,0
2025.10.02 13:01:50,BUY,0.1000,-0.4000,0
2025.10.02 14:37:07,SELL,0.1000,-0.1000,1
2025.10.02 15:03:41,SELL,0.0000,0.1000,1
2025.10.02 15:09:13,BUY,0.1000,0.5000,0
2025.10.02 15:42:38,BUY,0.1000,0.4000,1
2025.10.02 15:57:36,BUY,0.1000,-0.1000,1
2025.10.02 16:13:44,BUY,0.1000,-0.1000,1
2025.10.02 16:38:30,BUY,0.1000,0.4000,0
2025.10.02 16:43:30,BUY,0.1000,-0.4000,0
2025.10.02 16:51:46,BUY,0.1000,0.4000,0
2025.10.02 17:02:48,BUY,0.1000,-0.2000,1
2025.10.02 17:11:21,BUY,0.0000,0.1000,1
2025.10.02 17:27:56,SELL,0.1000,0.3000,0
2025.10.02 17:57:52,SELL,0.1000,0.5000,0
2025.10.02 18:03:58,BUY,0.1000,0.2000,2
2025.10.02 18:14:12,BUY,0.1000,-0.4000,0
2025.10.02 18:19:13,BUY,0.1000,-0.5000,3
2025.10.02 18:24:33,SELL,0.1000,0.2000,2
2025.10.02 18:37:17,BUY,0.1000,0.5000,1
2025.10.02 18:42:53,SELL,0.1000,0.1000,0
2025.10.02 18:51:53,BUY,0.1000,0.3000,0
2025.10.02 18:57:15,SELL,0.1000,0.4000,0
2025.10.02 19:18:01,SELL,0.2000,0.3000,1
2025.10.03 04:06:55,BUY,0.2000,-0.4000,0
2025.10.03 08:23:58,BUY,0.2000,0.7000,0
2025.10.03 09:08:20,SELL,0.2000,-0.1000,1
2025.10.03 09:32:18,SELL,0.1000,0.1000,2
2025.10.03 09:48:55,BUY,0.1000,-0.1000,1
2025.10.03 10:03:26,SELL,0.1000,0.1000,0
2025.10.03 11:53:35,SELL,0.1000,0.4000,1
2025.10.03 12:04:16,BUY,0.1000,0.4000,0
2025.10.03 14:58:18,BUY,0.1000,0.8000,0
2025.10.03 15:37:24,BUY,0.1000,0.3000,1
2025.10.03 16:16:52,SELL,0.1000,0.4000,0
2025.10.03 16:51:24,BUY,0.0000,0.1000,1
2025.10.03 17:00:00,SELL,0.1000,-2.4000,0
2025.10.03 17:05:44,SELL,0.1000,-0.8000,0
2025.10.03 17:11:43,SELL,0.0000,0.2000,0
2025.10.03 17:16:43,SELL,0.0000,0.1000,0
2025.10.03 17:28:07,BUY,0.1000,-0.1000,1
2025.10.03 17:41:00,BUY,0.1000,0.1000,0
2025.10.03 20:52:40,BUY,0.2000,0.1000,0
2025.10.03 21:08:16,BUY,0.2000,-0.6000,0
2025.10.06 00:00:48,BUY,14.8000,1.0000,3
2025.10.06 00:07:55,BUY,11.6000,0.0000,5
2025.10.06 00:15:00,SELL,1.6000,1.0000,0
2025.10.06 00:21:54,BUY,3.0000,-0.5000,0
2025.10.06 01:02:12,BUY,1.8000,0.6000,0
2025.10.06 01:07:12,BUY,1.7000,0.4000,0
2025.10.06 02:03:37,BUY,0.2000,-0.4000,1
2025.10.06 03:04:46,SELL,0.2000,-0.3000,0
2025.10.06 03:13:05,BUY,0.3000,0.0000,6
2025.10.06 03:28:19,BUY,0.2000,-0.1000,0
2025.10.06 04:32:10,SELL,0.2000,0.1000,2
2025.10.06 07:23:57,SELL,0.2000,-0.1000,4
2025.10.06 08:14:30,BUY,0.3000,0.1000,0
2025.10.06 09:12:34,BUY,0.2000,0.6000,0
2025.10.06 09:41:49,BUY,0.1000,0.1000,0
2025.10.06 09:49:19,BUY,0.1000,-0.4000,1
2025.10.06 10:04:49,SELL,0.1000,0.1000,1
2025.10.06 10:40:41,BUY,0.1000,0.5000,1
2025.10.06 10:45:41,SELL,0.1000,0.2000,1
2025.10.06 11:01:21,BUY,0.1000,0.2000,0
2025.10.06 11:09:32,BUY,0.1000,-0.7000,0
2025.10.06 11:19:57,SELL,0.1000,0.3000,1
2025.10.06 11:28:52,SELL,0.1000,0.1000,1
2025.10.06 11:37:42,SELL,0.1000,0.4000,0
2025.10.06 11:53:45,BUY,0.1000,0.4000,1
2025.10.06 12:13:25,SELL,0.1000,0.3000,0
2025.10.06 12:43:49,BUY,0.1000,0.1000,1
2025.10.06 12:49:03,SELL,0.1000,0.2000,3
2025.10.06 13:03:03,BUY,0.1000,-0.1000,1
2025.10.06 13:08:05,BUY,0.1000,-0.1000,0
2025.10.06 14:02:45,BUY,0.1000,0.5000,1
2025.10.06 14:14:17,SELL,0.1000,0.5000,1
2025.10.06 14:21:52,SELL,0.0000,0.5000,0
2025.10.06 15:00:56,SELL,0.1000,0.2000,1
2025.10.06 15:11:20,SELL,0.0000,0.1000,1
2025.10.06 15:22:13,BUY,0.1000,-0.1000,0
2025.10.06 15:28:50,SELL,0.1000,0.0000,2
2025.10.06 15:48:21,SELL,0.0000,0.5000,0
2025.10.06 16:07:32,SELL,0.0000,0.0000,0
2025.10.06 16:39:11,SELL,0.1000,-0.2000,1
2025.10.06 16:44:30,SELL,0.1000,-0.1000,0
2025.10.06 17:09:55,SELL,0.1000,-0.5000,1
2025.10.06 17:43:21,SELL,0.0000,0.5000,0
2025.10.06 17:52:11,SELL,0.0000,0.1000,1
2025.10.06 17:57:53,SELL,0.1000,0.0000,0
2025.10.06 18:04:34,SELL,0.1000,0.0000,0
2025.10.06 18:39:22,BUY,0.0000,0.5000,0
2025.10.07 00:01:28,BUY,11.9000,0.9000,4
2025.10.07 00:11:54,BUY,5.8000,-0.1000,4
2025.10.07 00:19:21,SELL,2.1000,1.5000,0
2025.10.07 05:12:44,SELL,0.3000,0.6000,1
2025.10.07 09:04:05,BUY,0.2000,-0.5000,0
2025.10.07 10:04:32,BUY,0.1000,-0.1000,1
2025.10.07 13:08:49,SELL,0.1000,-0.4000,1
2025.10.07 14:08:30,BUY,0.1000,-0.3000,0
2025.10.07 14:22:27,BUY,0.0000,0.5000,0
2025.10.07 14:48:55,BUY,0.0000,0.5000,0
2025.10.07 14:58:38,SELL,0.0000,0.6000,0
2025.10.07 15:14:39,BUY,0.1000,0.5000,1
2025.10.07 15:25:27,SELL,0.0000,0.1000,0
2025.10.07 15:35:40,SELL,0.0000,0.5000,0
2025.10.07 15:50:57,BUY,0.1000,0.2000,0
2025.10.07 16:14:36,BUY,0.1000,-0.4000,0
2025.10.07 16:19:50,SELL,0.1000,-0.1000,1
2025.10.07 16:43:14,SELL,0.0000,-0.3000,0
2025.10.07 16:52:57,BUY,0.0000,-0.2000,1
2025.10.07 17:16:55,SELL,0.1000,0.3000,0
2025.10.07 17:29:35,BUY,0.1000,-0.1000,0
2025.10.07 17:58:04,SELL,0.1000,-0.1000,0
2025.10.07 18:11:26,SELL,0.1000,0.5000,0
2025.10.07 18:43:24,SELL,0.1000,0.4000,0
2025.10.07 20:02:19,SELL,0.2000,0.5000,0
2025.10.07 20:59:50,BUY,0.2000,-0.4000,0
2025.10.07 21:58:16,BUY,0.2000,0.6000,0
2025.10.08 00:02:00,BUY,9.9000,-1.3000,0
2025.10.08 03:09:30,BUY,0.3000,0.1000,0
2025.10.08 04:00:05,BUY,0.2000,-0.3000,0
2025.10.08 04:27:21,BUY,0.2000,-0.4000,0
2025.10.08 05:00:40,BUY,0.2000,-0.4000,0
2025.10.08 05:17:57,BUY,0.3000,-0.1000,1
2025.10.08 05:24:31,SELL,0.2000,0.1000,3
2025.10.08 09:13:42,BUY,0.2000,0.5000,1
2025.10.08 10:37:04,SELL,0.1000,0.1000,0
2025.10.08 10:48:20,SELL,0.1000,0.2000,1
2025.10.08 11:24:58,BUY,0.1000,-0.2000,1
2025.10.08 11:57:00,BUY,0.1000,-0.5000,0
2025.10.08 12:07:11,SELL,0.1000,0.6000,2
2025.10.08 12:33:57,BUY,0.1000,0.4000,0
2025.10.08 12:39:07,SELL,0.1000,0.1000,0
2025.10.08 12:44:07,BUY,0.1000,0.4000,0
2025.10.08 13:57:52,SELL,0.1000,0.4000,0
2025.10.08 15:12:58,SELL,0.0000,0.1000,1
2025.10.08 15:37:47,BUY,0.1000,0.5000,0
2025.10.08 16:15:52,SELL,0.0000,0.5000,0
2025.10.08 16:22:03,BUY,0.0000,0.0000,1
2025.10.08 16:43:34,SELL,0.1000,-0.4000,0
2025.10.08 16:48:34,BUY,0.1000,-0.1000,2
2025.10.08 17:52:23,BUY,0.1000,-0.4000,0
2025.10.08 18:03:37,BUY,0.1000,0.3000,0
2025.10.08 18:49:27,BUY,0.0000,-0.3000,0
2025.10.08 18:54:28,BUY,0.1000,0.3000,0
2025.10.08 19:43:59,SELL,0.2000,0.1000,1
2025.10.08 21:00:36,BUY,0.2000,0.1000,1
2025.10.08 21:16:13,SELL,0.2000,-0.4000,0
2025.10.08 21:29:00,SELL,0.2000,-0.4000,0
2025.10.08 22:01:11,SELL,0.2000,0.6000,0
2025.10.09 00:30:09,SELL,2.1000,0.3000,0
2025.10.09 00:36:38,SELL,2.2000,0.6000,0
2025.10.09 09:09:36,BUY,0.2000,-0.8000,0
2025.10.09 09:28:22,BUY,0.2000,-0.4000,0
2025.10.09 09:44:35,BUY,0.1000,0.4000,0
2025.10.09 11:32:15,BUY,0.1000,0.1000,1
2025.10.09 11:41:53,SELL,0.1000,0.7000,0
2025.10.09 11:49:11,BUY,0.1000,0.3000,0
2025.10.09 12:04:42,SELL,0.1000,0.7000,0
2025.10.09 12:09:42,BUY,0.1000,0.1000,1
2025.10.09 13:58:02,SELL,0.1000,0.4000,0
2025.10.09 14:03:14,BUY,0.1000,-0.4000,0
2025.10.09 14:56:45,BUY,0.1000,-0.2000,0
2025.10.09 15:33:47,SELL,0.0000,0.5000,0
2025.10.09 16:02:35,BUY,0.0000,0.1000,1
2025.10.09 16:07:35,SELL,0.0000,0.5000,0
2025.10.09 16:12:35,SELL,0.0000,0.3000,0
2025.10.09 16:18:46,BUY,0.1000,-0.1000,2
2025.10.09 16:37:11,BUY,0.1000,0.5000,0
2025.10.09 16:42:11,BUY,0.1000,0.5000,0
2025.10.09 16:49:28,SELL,0.1000,0.5000,1
2025.10.09 17:00:16,BUY,0.1000,0.5000,0
2025.10.09 17:07:19,SELL,0.0000,-0.3000,1
2025.10.09 17:22:31,BUY,0.1000,-0.7000,0
2025.10.09 17:27:31,BUY,0.1000,-0.1000,0
2025.10.09 17:36:51,BUY,0.1000,0.6000,0
2025.10.09 17:51:33,SELL,0.0000,0.5000,0
2025.10.09 17:57:50,BUY,0.1000,0.4000,0
2025.10.09 18:03:36,BUY,0.1000,0.1000,1
2025.10.09 18:08:36,BUY,0.0000,0.0000,0
2025.10.09 18:17:39,SELL,0.1000,0.7000,0
2025.10.09 18:22:39,BUY,0.1000,0.0000,0
2025.10.09 18:28:03,BUY,0.1000,-0.5000,0
2025.10.09 18:38:58,BUY,0.1000,0.1000,1
2025.10.09 18:44:14,BUY,0.1000,-0.4000,0
2025.10.09 19:57:04,BUY,0.2000,0.2000,0
2025.10.09 20:02:56,SELL,0.2000,-0.1000,0
2025.10.09 20:42:35,BUY,0.2000,0.6000,0
2025.10.09 21:49:52,BUY,0.2000,-0.1000,2
2025.10.10 00:00:49,BUY,13.7000,0.0000,1
2025.10.10 00:08:17,SELL,2.4000,3.6000,1
2025.10.10 05:03:39,SELL,0.2000,-0.2000,3
2025.10.10 09:35:45,SELL,0.1000,0.5000,0
2025.10.10 09:53:01,SELL,0.1000,0.3000,1
2025.10.10 10:19:32,BUY,0.1000,-0.3000,1
2025.10.10 10:28:35,SELL,0.1000,0.5000,0
2025.10.10 10:33:38,SELL,0.1000,0.1000,4
2025.10.10 11:24:26,SELL,0.1000,-0.1000,4
2025.10.10 12:59:31,BUY,0.1000,0.2000,1
2025.10.10 14:28:22,BUY,0.0000,-0.1000,1
2025.10.10 14:33:28,BUY,0.1000,-0.1000,2
2025.10.10 15:02:36,SELL,0.1000,0.5000,0
2025.10.10 16:12:46,BUY,0.1000,0.1000,0
2025.10.10 16:18:45,SELL,0.1000,0.5000,0
2025.10.10 16:40:45,SELL,0.1000,0.1000,1
2025.10.10 17:09:51,SELL,0.1000,-0.5000,1
2025.10.10 17:17:34,BUY,0.0000,0.5000,0
2025.10.10 17:57:51,SELL,0.0000,0.1000,0
2025.10.10 18:02:51,SELL,0.0000,0.1000,0
2025.10.10 18:07:51,SELL,0.1000,0.4000,0
2025.10.10 18:12:51,BUY,0.1000,-0.1000,0
2025.10.10 18:20:52,SELL,0.1000,-0.2000,0
2025.10.10 18:33:18,BUY,0.0000,-0.2000,1
2025.10.10 18:44:58,BUY,0.0000,0.5000,0
2025.10.10 18:51:22,BUY,0.1000,0.1000,1
2025.10.10 19:03:24,SELL,0.2000,-0.1000,1
2025.10.10 19:18:01,BUY,0.2000,0.1000,0
2025.10.10 20:05:53,BUY,0.2000,0.6000,0
2025.10.10 20:24:58,SELL,0.2000,-0.1000,2
2025.10.10 21:28:42,SELL,0.2000,0.2000,0
2025.10.10 22:01:01,BUY,0.2000,-0.4000,0
2025.10.10 23:50:33,SELL,1.7000,-0.3000,0
2025.10.10 23:57:53,BUY,2.7000,-0.1000,0
2025.10.13 00:01:00,BUY,20.8000,-1.3000,25
2025.10.13 00:44:06,SELL,3.0000,0.7000,1
2025.10.13 01:02:23,BUY,1.8000,0.1000,2
2025.10.13 01:09:26,BUY,1.8000,0.1000,1
2025.10.13 01:38:51,SELL,1.7000,0.0000,0
2025.10.13 02:03:50,SELL,0.2000,-0.5000,0
2025.10.13 02:42:51,BUY,0.2000,-0.4000,0
2025.10.13 04:33:35,SELL,0.3000,0.1000,3
2025.10.13 05:04:13,SELL,0.2000,-0.4000,0
2025.10.13 09:12:49,SELL,0.2000,-0.2000,0
2025.10.13 09:19:36,SELL,0.2000,-0.1000,0
2025.10.13 09:44:27,SELL,0.1000,0.3000,4
2025.10.13 09:49:27,BUY,0.1000,-0.1000,1
2025.10.13 10:03:18,BUY,0.1000,-0.3000,1
2025.10.13 10:44:26,BUY,0.1000,0.1000,1
2025.10.13 10:57:36,BUY,0.1000,0.2000,2
2025.10.13 11:03:15,SELL,0.1000,0.4000,0
2025.10.13 11:08:21,BUY,0.1000,-0.1000,4
2025.10.13 11:17:37,BUY,0.1000,0.4000,0
2025.10.13 11:27:06,BUY,0.1000,0.3000,0
2025.10.13 11:34:52,BUY,0.1000,0.4000,1
2025.10.13 12:02:19,SELL,0.1000,0.4000,0
2025.10.13 13:12:46,BUY,0.1000,-0.1000,0
2025.10.13 13:22:46,BUY,0.1000,-0.4000,0
2025.10.13 13:28:09,SELL,0.1000,0.4000,0
2025.10.13 14:02:11,SELL,0.0000,0.5000,0
2025.10.13 14:07:17,SELL,0.1000,-0.4000,0
2025.10.13 14:28:00,BUY,0.1000,0.3000,0
2025.10.13 14:37:45,BUY,0.1000,-0.1000,0
2025.10.13 14:52:18,BUY,0.1000,-0.1000,1
2025.10.13 14:57:28,BUY,0.0000,0.2000,1
2025.10.13 15:04:35,SELL,0.0000,0.1000,1
2025.10.13 15:10:45,SELL,0.1000,0.4000,0
2025.10.13 15:22:43,BUY,0.1000,0.1000,1
2025.10.13 15:49:01,BUY,0.1000,-0.1000,1
2025.10.13 15:56:28,SELL,0.1000,0.2000,0
2025.10.13 16:09:11,SELL,0.1000,-0.1000,0
2025.10.13 16:43:39,BUY,0.1000,-0.5000,0
2025.10.13 16:49:17,SELL,0.1000,-0.1000,1
2025.10.13 17:13:25,BUY,0.1000,0.6000,0
2025.10.13 17:54:58,BUY,0.1000,0.4000,1
2025.10.13 18:03:00,SELL,0.1000,0.5000,0
2025.10.13 18:08:30,BUY,0.1000,0.5000,1
2025.10.14 00:02:00,BUY,16.7000,-5.1000,1
2025.10.14 03:01:53,BUY,0.3000,0.6000,0
2025.10.14 07:14:33,SELL,0.2000,0.6000,0
2025.10.14 07:19:52,SELL,0.2000,0.6000,0
2025.10.14 09:06:24,SELL,0.2000,0.1000,0
2025.10.14 09:13:27,BUY,0.2000,0.5000,0
2025.10.14 09:24:00,BUY,0.2000,0.6000,0
2025.10.14 09:29:17,BUY,0.2000,0.6000,1
2025.10.14 09:35:35,BUY,0.1000,0.6000,0
2025.10.14 09:40:53,SELL,0.1000,0.1000,1
2025.10.14 10:07:18,SELL,0.1000,0.1000,1
2025.10.14 10:13:48,BUY,0.1000,0.4000,1
2025.10.14 10:26:26,BUY,0.1000,0.4000,0
2025.10.14 10:37:33,BUY,0.1000,-0.1000,0
2025.10.14 10:42:49,BUY,0.1000,0.4000,1
2025.10.14 10:51:34,SELL,0.1000,-0.1000,1
2025.10.14 10:58:45,BUY,0.1000,0.1000,1
2025.10.14 11:03:45,SELL,0.1000,-0.2000,2
2025.10.14 11:32:15,SELL,0.1000,-0.4000,0
2025.10.14 11:49:22,BUY,0.1000,0.4000,1
2025.10.14 12:00:16,BUY,0.1000,-0.5000,0
2025.10.14 12:46:27,BUY,0.1000,0.4000,1
2025.10.14 12:53:49,BUY,0.1000,0.1000,0
2025.10.14 14:03:48,BUY,0.1000,-0.1000,1
2025.10.14 15:14:09,SELL,0.1000,-0.4000,0
2025.10.14 15:48:56,BUY,0.0000,0.1000,1
2025.10.14 16:14:09,SELL,0.1000,0.5000,0
2025.10.14 16:25:16,SELL,0.1000,-0.6000,0
2025.10.14 16:39:47,SELL,0.1000,0.4000,0
2025.10.14 17:19:50,BUY,0.1000,0.3000,0
2025.10.14 17:24:50,SELL,0.0000,0.4000,0
2025.10.14 17:34:49,SELL,0.0000,0.4000,1
2025.10.14 17:47:49,SELL,0.0000,-0.4000,0
2025.10.14 17:53:08,SELL,0.0000,0.0000,0
2025.10.14 18:07:02,BUY,0.1000,0.5000,0
2025.10.14 18:21:44,BUY,0.0000,0.0000,2
2025.10.14 18:51:52,SELL,0.1000,0.4000,1
2025.10.14 18:58:36,SELL,0.0000,0.4000,0
2025.10.14 19:19:37,SELL,0.2000,-0.5000,1
2025.10.14 19:24:39,BUY,0.2000,0.6000,0
2025.10.14 19:39:53,SELL,0.2000,0.6000,0
2025.10.14 20:22:39,SELL,0.2000,0.5000,0
2025.10.15 04:21:44,SELL,0.2000,0.1000,0
2025.10.15 04:39:55,BUY,0.2000,0.0000,2
2025.10.15 05:09:41,SELL,0.3000,0.6000,0
2025.10.15 05:54:38,SELL,0.2000,0.6000,1
2025.10.15 09:04:17,SELL,0.2000,0.6000,0
2025.10.15 09:11:45,SELL,0.2000,0.4000,0
2025.10.15 09:28:36,BUY,0.2000,0.1000,1
2025.10.15 09:44:46,SELL,0.2000,0.1000,0
2025.10.15 10:06:02,SELL,0.1000,0.5000,0
2025.10.15 10:24:33,BUY,0.1000,-0.1000,0
2025.10.15 10:34:19,SELL,0.1000,0.4000,0
2025.10.15 10:46:44,SELL,0.1000,0.4000,0
2025.10.15 11:53:14,BUY,0.1000,-0.3000,0
2025.10.15 12:33:08,SELL,0.1000,-0.2000,1
2025.10.15 13:58:40,SELL,0.1000,0.7000,0
2025.10.15 14:34:01,BUY,0.1000,0.5000,0
2025.10.15 14:49:57,BUY,0.0000,-0.3000,0
2025.10.15 15:04:01,SELL,0.1000,0.5000,0
2025.10.15 15:34:36,BUY,0.0000,0.0000,1
2025.10.15 15:51:53,BUY,0.1000,0.1000,0
2025.10.15 16:03:41,BUY,0.1000,0.6000,0
2025.10.15 16:08:44,SELL,0.1000,-0.1000,1
2025.10.15 16:39:21,SELL,0.1000,0.5000,0
2025.10.15 17:03:29,BUY,0.0000,0.0000,0
2025.10.15 17:48:09,SELL,0.1000,-0.4000,1
2025.10.15 18:18:31,SELL,0.1000,0.5000,0
2025.10.15 18:41:25,SELL,0.1000,-0.1000,0
2025.10.15 18:49:01,BUY,0.1000,-0.2000,1
2025.10.15 18:54:01,BUY,0.0000,0.5000,0
2025.10.15 19:04:02,BUY,0.2000,-0.2000,0
2025.10.15 19:16:19,SELL,0.2000,-0.1000,1
2025.10.15 19:49:00,SELL,0.2000,0.1000,3
2025.10.15 20:14:50,BUY,0.2000,0.6000,3
2025.10.15 22:57:49,SELL,0.2000,0.6000,0
2025.10.16 00:01:06,BUY,14.4000,-0.2000,0
2025.10.16 01:03:59,SELL,0.4000,1.0000,0
2025.10.16 03:23:29,SELL,0.2000,0.4000,1
2025.10.16 03:34:47,SELL,0.3000,0.1000,2
2025.10.16 04:23:12,SELL,0.2000,0.2000,1
2025.10.16 09:08:57,SELL,0.2000,0.1000,1
2025.10.16 09:33:46,BUY,0.1000,-0.2000,0
2025.10.16 10:44:23,SELL,0.1000,0.4000,1
2025.10.16 10:57:27,BUY,0.1000,-0.4000,0
2025.10.16 12:41:31,SELL,0.1000,0.2000,1
2025.10.16 15:10:51,SELL,0.1000,-0.1000,0
2025.10.16 15:52:21,SELL,0.1000,0.5000,0
2025.10.16 16:04:26,BUY,0.1000,0.5000,0
2025.10.16 16:33:57,BUY,0.1000,0.4000,0
2025.10.16 16:39:05,SELL,0.1000,0.2000,1
2025.10.16 16:49:04,SELL,0.1000,0.5000,0
2025.10.16 17:14:00,SELL,0.1000,-0.1000,1
2025.10.16 17:19:00,SELL,0.1000,-0.1000,0
2025.10.16 17:52:16,SELL,0.0000,0.5000,0
2025.10.16 18:19:36,BUY,0.1000,-0.2000,0
2025.10.16 18:32:25,BUY,0.0000,0.6000,0
2025.10.16 18:52:07,BUY,0.0000,-0.1000,0
2025.10.16 19:03:05,SELL,0.2000,0.6000,0
2025.10.16 19:34:46,SELL,0.2000,0.6000,0
2025.10.16 19:46:51,SELL,0.2000,-0.4000,0
2025.10.16 20:07:23,SELL,0.2000,-0.4000,1
2025.10.16 20:14:34,SELL,0.2000,0.4000,0
2025.10.16 20:19:34,BUY,0.2000,0.1000,2
2025.10.16 20:26:57,SELL,0.2000,0.6000,0
2025.10.16 20:34:48,BUY,0.2000,0.1000,1
2025.10.16 21:17:06,BUY,0.2000,0.2000,1
2025.10.16 21:58:38,SELL,0.2000,0.7000,1
2025.10.17 00:01:28,BUY,9.1000,-0.8000,1
2025.10.17 00:09:50,SELL,3.4000,0.0000,11
2025.10.17 03:54:01,SELL,0.3000,0.6000,0
2025.10.17 04:31:05,SELL,0.2000,0.1000,0
2025.10.17 08:52:26,SELL,0.2000,-0.6000,0
2025.10.17 09:06:29,BUY,0.2000,0.1000,0
2025.10.17 09:18:03,SELL,0.2000,0.4000,0
2025.10.17 09:23:13,BUY,0.2000,-0.1000,1
2025.10.17 09:31:26,BUY,0.1000,0.1000,1
2025.10.17 09:49:03,BUY,0.1000,0.2000,0
2025.10.17 10:03:58,BUY,0.1000,0.3000,0
2025.10.17 10:11:12,BUY,0.1000,0.4000,0
2025.10.17 10:16:12,SELL,0.1000,-0.4000,0
2025.10.17 10:21:50,BUY,0.1000,0.3000,1
2025.10.17 10:28:02,SELL,0.1000,-0.4000,1
2025.10.17 10:59:12,SELL,0.1000,0.4000,0
2025.10.17 11:07:02,BUY,0.1000,0.1000,0
2025.10.17 11:23:29,BUY,0.1000,-0.4000,0
2025.10.17 11:28:47,SELL,0.1000,-0.1000,0
2025.10.17 11:53:52,BUY,0.1000,0.2000,0
2025.10.17 12:07:54,SELL,0.1000,-0.4000,0
2025.10.17 12:36:56,BUY,0.1000,0.4000,0
2025.10.17 13:03:48,BUY,0.1000,0.4000,0
2025.10.17 13:51:22,BUY,0.1000,0.1000,0
2025.10.17 14:13:16,BUY,0.0000,0.7000,0
2025.10.17 14:56:31,BUY,0.1000,0.2000,1
2025.10.17 15:13:49,BUY,0.0000,0.7000,0
2025.10.17 15:27:41,BUY,0.0000,0.5000,0
2025.10.17 15:38:58,BUY,0.1000,0.3000,1
2025.10.17 16:28:15,BUY,0.0000,-0.1000,0
2025.10.17 16:54:19,BUY,0.1000,0.0000,3
2025.10.17 17:03:28,BUY,0.1000,0.5000,0
2025.10.17 17:08:28,BUY,0.0000,-0.1000,0
2025.10.17 17:14:14,BUY,0.1000,-0.3000,1
2025.10.17 17:19:15,SELL,0.1000,-0.1000,0
2025.10.17 18:04:34,BUY,0.1000,-0.1000,1
2025.10.17 18:38:27,SELL,0.0000,0.0000,1
2025.10.17 19:13:00,SELL,0.2000,-0.2000,0
2025.10.17 19:59:27,BUY,0.2000,-0.1000,5
2025.10.17 20:59:59,BUY,0.2000,0.1000,0
2025.10.17 23:12:21,BUY,1.8000,0.6000,0
2025.10.17 23:51:56,BUY,1.7000,-0.8000,0
2025.10.20 00:01:00,SELL,7.1000,0.1000,8
2025.10.20 09:00:37,BUY,0.2000,0.1000,0
2025.10.20 09:43:43,SELL,0.1000,-0.3000,1
2025.10.20 09:49:16,BUY,0.1000,-0.1000,0
2025.10.20 13:18:40,BUY,0.1000,0.4000,0
2025.10.20 14:32:59,BUY,0.1000,0.0000,1
2025.10.20 14:40:54,BUY,0.0000,0.5000,0
2025.10.20 17:37:56,SELL,0.1000,-0.4000,0
2025.10.20 19:23:03,BUY,0.2000,0.1000,1
2025.10.21 03:03:54,SELL,0.2000,0.6000,0
2025.10.21 03:08:56,SELL,0.2000,0.6000,0
2025.10.21 05:38:40,BUY,0.2000,-0.6000,0
2025.10.21 09:03:32,BUY,0.2000,0.6000,0
2025.10.21 10:08:46,BUY,0.1000,0.4000,0
2025.10.21 10:59:08,BUY,0.1000,0.3000,0
2025.10.21 11:04:59,BUY,0.1000,-0.1000,1
2025.10.21 11:46:41,BUY,0.1000,-0.4000,0
2025.10.21 11:57:01,SELL,0.1000,0.1000,1
2025.10.21 12:34:59,SELL,0.1000,0.0000,1
2025.10.21 13:07:23,BUY,0.1000,-0.4000,0
2025.10.21 13:18:13,BUY,0.1000,0.3000,1
2025.10.21 13:24:23,SELL,0.1000,-0.1000,1
2025.10.21 13:59:33,SELL,0.1000,0.3000,0
2025.10.21 14:57:20,BUY,0.1000,-0.2000,0
2025.10.21 15:27:00,BUY,0.1000,0.3000,1
2025.10.21 15:36:26,SELL,0.1000,0.6000,0
2025.10.21 15:57:38,SELL,0.0000,0.5000,0
2025.10.21 16:37:46,SELL,0.1000,-0.2000,1
2025.10.21 16:48:09,BUY,0.1000,0.4000,0
2025.10.21 17:03:56,BUY,0.0000,-0.3000,1
2025.10.21 17:23:36,SELL,0.1000,-0.4000,1
2025.10.21 17:39:22,BUY,0.1000,-0.1000,1
2025.10.21 17:44:34,BUY,0.1000,-0.1000,0
2025.10.21 17:53:35,BUY,0.1000,0.5000,0
2025.10.21 17:59:11,SELL,0.1000,0.1000,4
2025.10.21 18:04:33,SELL,0.1000,-0.2000,0
2025.10.21 19:00:57,SELL,0.2000,-0.4000,0
2025.10.21 19:11:13,BUY,0.2000,0.2000,1
2025.10.21 19:17:48,BUY,0.2000,0.4000,0
2025.10.21 19:39:58,BUY,0.2000,0.6000,0
2025.10.21 22:58:16,BUY,0.2000,0.6000,2
2025.10.22 09:00:57,BUY,0.2000,0.6000,2
2025.10.22 09:57:50,BUY,0.1000,0.4000,0
2025.10.22 10:09:05,BUY,0.1000,0.2000,0
2025.10.22 11:03:44,BUY,0.1000,-0.3000,0
2025.10.22 11:22:33,SELL,0.1000,0.4000,1
2025.10.22 11:54:20,SELL,0.1000,0.1000,1
2025.10.22 12:17:42,BUY,0.1000,-0.1000,0
2025.10.22 15:03:52,SELL,0.0000,0.6000,0
2025.10.22 15:19:15,BUY,0.0000,0.3000,2
2025.10.22 15:53:28,SELL,0.0000,0.6000,0
2025.10.22 16:28:52,SELL,0.0000,0.1000,0
2025.10.22 17:29:02,SELL,0.1000,0.0000,1
2025.10.22 17:54:14,SELL,0.1000,0.1000,0
2025.10.22 18:03:19,SELL,0.1000,0.2000,1
2025.10.22 19:30:45,SELL,0.2000,-0.4000,0
2025.10.23 11:17:38,SELL,0.1000,0.1000,0
2025.10.23 15:33:23,SELL,0.1000,0.5000,1
2025.10.23 16:34:50,SELL,0.1000,0.1000,0
2025.10.23 17:06:16,SELL,0.1000,0.5000,0
2025.10.23 17:30:31,SELL,0.1000,-0.5000,0
2025.10.23 17:48:00,BUY,0.1000,0.2000,1
2025.10.24 01:00:26,SELL,1.7000,0.1000,0
2025.10.24 10:15:00,BUY,0.1000,0.5000,0
2025.10.24 10:21:48,BUY,0.1000,-0.2000,1
2025.10.24 10:30:00,SELL,0.2000,-0.4000,0
2025.10.24 11:02:05,SELL,0.1000,0.4000,0
2025.10.24 11:24:49,BUY,0.1000,0.4000,0
2025.10.24 14:03:35,BUY,0.1000,-0.1000,0
2025.10.24 14:58:04,SELL,0.0000,-0.4000,0
2025.10.24 15:22:32,BUY,0.1000,0.6000,0
2025.10.24 15:30:01,SELL,0.1000,-6.7000,0
2025.10.24 15:36:47,SELL,0.0000,0.5000,0
2025.10.24 15:44:47,SELL,0.1000,-0.4000,0
2025.10.24 15:49:47,BUY,0.1000,-0.1000,0
2025.10.24 16:03:40,SELL,0.0000,0.2000,0
2025.10.24 16:11:47,BUY,0.1000,0.1000,0
2025.10.24 16:23:29,BUY,0.1000,-0.4000,0
2025.10.24 16:41:51,SELL,0.0000,0.5000,0
2025.10.24 16:46:51,BUY,0.0000,0.1000,1
2025.10.24 17:11:47,SELL,0.1000,0.5000,0
2025.10.24 17:29:28,BUY,0.1000,-0.1000,2
2025.10.24 17:53:40,BUY,0.1000,0.1000,0
2025.10.24 17:58:54,SELL,0.1000,-0.2000,1
2025.10.24 18:48:32,BUY,0.1000,-0.4000,0
2025.10.24 23:44:42,BUY,1.8000,0.0000,1
2025.10.24 23:49:42,SELL,1.8000,0.1000,0
2025.10.27 03:13:07,SELL,0.2000,0.5000,1
2025.10.27 04:09:45,BUY,0.2000,0.1000,1
2025.10.27 09:34:02,SELL,0.1000,0.6000,1
2025.10.27 10:13:54,SELL,0.1000,0.3000,1
2025.10.27 14:04:10,SELL,0.1000,0.1000,1
2025.10.27 15:41:25,BUY,0.1000,0.5000,0
2025.10.27 16:13:02,SELL,0.1000,0.1000,0
2025.10.27 17:07:54,BUY,0.1000,0.3000,0
2025.10.27 20:43:30,SELL,0.2000,0.5000,0
2025.10.28 09:52:15,BUY,0.1000,-0.4000,0
2025.10.28 10:16:20,SELL,0.1000,0.4000,0
2025.10.28 10:33:11,SELL,0.1000,0.2000,2
2025.10.28 10:58:24,BUY,0.1000,0.2000,1
2025.10.28 11:08:15,BUY,0.1000,-0.5000,0
2025.10.28 14:38:30,BUY,0.0000,0.5000,0
2025.10.28 14:56:18,BUY,0.1000,-0.1000,0
2025.10.28 15:02:02,BUY,0.1000,0.4000,0
2025.10.28 15:08:43,BUY,0.1000,0.4000,0
2025.10.28 16:20:57,SELL,0.1000,0.4000,0
2025.10.28 16:38:33,SELL,0.1000,-0.5000,0
2025.10.28 17:01:55,SELL,0.0000,0.5000,0
2025.10.28 17:09:37,BUY,0.1000,-0.2000,0
2025.10.28 17:57:22,SELL,0.0000,0.0000,0
2025.10.28 18:39:41,BUY,0.1000,0.8000,3
2025.10.28 18:52:30,SELL,0.0000,0.2000,0
2025.10.28 18:58:34,SELL,0.0000,0.0000,1
2025.10.29 08:04:34,BUY,0.3000,0.6000,0
2025.10.29 09:34:22,BUY,0.1000,0.4000,1
2025.10.29 11:11:57,BUY,0.1000,-0.1000,1
2025.10.29 11:28:16,SELL,0.1000,0.4000,0
2025.10.29 11:33:55,SELL,0.1000,-0.1000,0
2025.10.29 11:47:31,SELL,0.1000,0.5000,0
2025.10.29 12:07:55,SELL,0.1000,-0.4000,0
2025.10.29 13:23:40,BUY,0.1000,-0.2000,1
2025.10.29 14:59:24,SELL,0.1000,0.1000,1
2025.10.29 15:18:08,SELL,0.1000,0.5000,0
2025.10.29 16:02:57,BUY,0.1000,0.5000,0
2025.10.29 16:58:10,SELL,0.1000,0.5000,0
2025.10.29 17:37:30,SELL,0.1000,0.5000,0
2025.10.29 17:57:09,SELL,0.1000,0.0000,0
2025.10.29 18:07:29,BUY,0.1000,0.2000,1
2025.10.29 20:00:01,BUY,1.9000,3.7000,0
2025.10.29 20:14:46,BUY,0.2000,-0.6000,0
2025.10.29 20:19:52,SELL,0.2000,-0.1000,0
2025.10.29 20:32:35,SELL,0.2000,0.5000,0
2025.10.29 20:37:35,BUY,0.2000,-0.3000,0
2025.10.29 20:43:30,SELL,0.2000,-0.5000,0
2025.10.29 20:48:30,BUY,0.2000,-0.1000,0
2025.10.29 20:53:30,SELL,0.2000,0.4000,1
2025.10.29 20:59:40,BUY,0.2000,0.1000,1
2025.10.29 21:04:40,BUY,0.2000,0.2000,0
2025.10.29 21:09:40,SELL,0.2000,0.2000,0
2025.10.29 21:16:43,BUY,0.2000,0.6000,1
2025.10.29 21:22:57,BUY,0.2000,-0.7000,0
2025.10.29 21:32:32,SELL,0.2000,0.4000,0
2025.10.29 22:04:58,BUY,1.8000,0.0000,1
2025.10.29 22:35:20,SELL,1.8000,0.6000,0
2025.10.30 02:04:08,BUY,0.2000,0.2000,1
2025.10.30 03:34:54,SELL,0.2000,-0.2000,7
2025.10.30 05:15:34,BUY,0.2000,0.7000,1
2025.10.30 05:33:08,BUY,0.2000,0.1000,1
2025.10.30 06:15:51,SELL,0.2000,-0.1000,0
2025.10.30 06:27:54,SELL,0.2000,0.8000,1
2025.10.30 06:35:18,BUY,0.3000,0.8000,0
2025.10.30 08:38:13,BUY,0.2000,-0.2000,0
2025.10.30 09:06:56,SELL,0.2000,-0.1000,0
2025.10.30 09:14:39,BUY,0.2000,-0.1000,0
2025.10.30 09:43:24,BUY,0.1000,-0.1000,0
2025.10.30 09:59:59,SELL,0.1000,0.4000,0
2025.10.30 10:08:19,BUY,0.1000,0.5000,0
2025.10.30 10:13:19,BUY,0.1000,0.4000,1
2025.10.30 10:52:36,SELL,0.1000,-0.1000,0
2025.10.30 14:19:36,BUY,0.1000,0.4000,0
2025.10.30 14:25:51,BUY,0.1000,0.5000,0
2025.10.30 14:43:05,BUY,0.1000,-0.5000,0
2025.10.30 14:58:48,BUY,0.0000,-0.1000,0
2025.10.30 15:12:56,SELL,0.0000,0.6000,0
2025.10.30 15:24:13,SELL,0.1000,0.5000,0
2025.10.30 15:44:06,SELL,0.1000,0.0000,1
2025.10.30 15:49:08,BUY,0.1000,-0.4000,0
2025.10.30 15:54:08,SELL,0.1000,0.4000,1
2025.10.30 16:00:57,BUY,0.1000,-0.1000,0
2025.10.30 16:09:20,SELL,0.0000,0.0000,1
2025.10.30 16:14:35,BUY,0.0000,0.5000,0
2025.10.30 16:27:34,SELL,0.1000,-0.3000,0
2025.10.30 16:33:33,BUY,0.1000,0.0000,1
2025.10.30 16:42:03,BUY,0.1000,-0.2000,0
2025.10.30 16:47:04,BUY,0.1000,-0.1000,0
2025.10.30 17:36:56,BUY,0.1000,0.4000,0
2025.10.30 17:54:49,BUY,0.1000,0.6000,1
2025.10.30 22:58:34,BUY,1.2000,0.3000,0
2025.10.31 08:54:34,BUY,0.2000,0.6000,1
2025.10.31 11:58:41,SELL,0.1000,0.1000,1
2025.10.31 12:04:53,BUY,0.1000,0.4000,1
2025.10.31 13:41:56,BUY,0.1000,0.4000,0
2025.10.31 14:23:48,SELL,0.1000,0.4000,0
2025.10.31 15:19:59,BUY,0.0000,0.1000,0
2025.10.31 15:27:01,BUY,0.1000,0.3000,0
2025.10.31 15:41:11,BUY,0.1000,-0.7000,0
2025.10.31 15:58:13,SELL,0.0000,-0.4000,1
2025.10.31 16:22:02,BUY,0.1000,-0.1000,1
2025.10.31 16:33:01,SELL,0.0000,0.0000,1
2025.10.31 16:53:02,SELL,0.1000,0.5000,0
2025.10.31 17:03:57,BUY,0.1000,0.5000,1
2025.10.31 17:28:02,BUY,0.1000,0.1000,2
2025.10.31 17:51:19,SELL,0.0000,-0.3000,1
2025.10.31 17:56:20,SELL,0.1000,0.5000,0
2025.10.31 18:09:47,BUY,0.1000,-0.5000,0
2025.10.31 18:19:52,BUY,0.1000,0.5000,0
2025.10.31 18:24:58,SELL,0.1000,-0.1000,0
2025.10.31 22:23:47,SELL,1.7000,0.6000,7
2025.11.03 00:01:21,BUY,7.8000,0.0000,4
2025.11.03 00:06:25,SELL,1.9000,0.0000,2
2025.11.03 02:46:23,BUY,0.3000,0.1000,2
2025.11.03 10:03:43,BUY,0.1000,0.1000,0
2025.11.03 10:39:13,BUY,0.1000,0.4000,1
2025.11.03 11:17:43,SELL,0.1000,0.5000,1
2025.11.03 12:08:54,BUY,0.1000,0.4000,0
2025.11.03 12:24:42,SELL,0.1000,0.4000,0
2025.11.03 15:08:50,BUY,0.1000,-0.2000,1
2025.11.03 16:54:03,SELL,0.1000,0.4000,0
2025.11.03 17:00:00,SELL,0.0000,-0.4000,0
2025.11.03 17:21:50,BUY,0.1000,0.4000,0
2025.11.03 17:28:02,BUY,0.1000,0.1000,1
2025.11.03 17:39:00,BUY,0.1000,0.5000,0
2025.11.03 17:44:15,SELL,0.1000,0.1000,0
2025.11.03 17:58:29,SELL,0.1000,0.0000,1
2025.11.03 19:16:30,SELL,0.2000,-0.1000,0
2025.11.04 02:02:32,BUY,0.2000,0.6000,0
2025.11.04 02:09:10,BUY,0.3000,0.0000,1
2025.11.04 03:28:53,BUY,0.2000,0.5000,1
2025.11.04 08:22:44,SELL,0.3000,-0.6000,0
2025.11.04 09:08:06,SELL,0.2000,0.7000,1
2025.11.04 09:42:27,SELL,0.1000,0.4000,0
2025.11.04 10:39:15,BUY,0.1000,0.5000,0
2025.11.04 10:48:49,BUY,0.1000,0.5000,0
2025.11.04 11:22:59,BUY,0.1000,0.4000,0
2025.11.04 11:54:38,BUY,0.1000,-0.5000,0
2025.11.04 12:03:24,SELL,0.1000,0.1000,1
2025.11.04 13:36:12,BUY,0.1000,-0.1000,1
2025.11.04 13:53:11,BUY,0.1000,0.3000,1
2025.11.04 14:23:49,BUY,0.1000,0.4000,0
2025.11.04 14:34:14,BUY,0.1000,-0.4000,0
2025.11.04 15:59:06,BUY,0.1000,0.5000,6
2025.11.04 16:14:03,BUY,0.1000,0.4000,0
2025.11.04 16:52:07,SELL,0.1000,0.0000,1
2025.11.04 17:04:16,BUY,0.1000,0.1000,0
2025.11.04 17:09:49,SELL,0.1000,0.0000,1
2025.11.04 17:34:51,SELL,0.1000,0.5000,0
2025.11.04 18:18:23,SELL,0.1000,0.1000,0
2025.11.05 03:23:45,SELL,0.2000,-0.1000,0
2025.11.05 03:37:11,SELL,0.2000,0.6000,0
2025.11.05 08:33:25,BUY,0.2000,0.6000,0
2025.11.05 10:08:24,SELL,0.1000,0.1000,1
2025.11.05 12:03:15,BUY,0.1000,-0.1000,0
2025.11.05 15:16:53,BUY,0.1000,0.2000,2
2025.11.05 15:33:11,BUY,0.1000,0.5000,0
2025.11.05 15:59:23,BUY,0.1000,0.5000,0
2025.11.05 16:18:09,SELL,0.1000,0.5000,1
2025.11.05 16:54:31,SELL,0.1000,-0.4000,0
2025.11.05 16:59:31,BUY,0.1000,-0.1000,1
2025.11.05 17:04:31,BUY,0.0000,0.0000,0
2025.11.05 17:16:55,SELL,0.0000,0.1000,0
2025.11.05 17:37:30,BUY,0.0000,0.5000,1
2025.11.05 18:04:06,BUY,0.1000,-0.1000,0
2025.11.06 03:03:51,SELL,0.3000,-0.6000,1
2025.11.06 10:04:19,SELL,0.1000,0.4000,0
2025.11.06 10:54:48,SELL,0.1000,0.5000,0
2025.11.06 10:59:49,SELL,0.1000,0.2000,0
2025.11.06 14:03:20,BUY,0.1000,-0.4000,0
2025.11.06 14:08:23,SELL,0.1000,-0.5000,0
2025.11.06 14:37:45,SELL,0.1000,0.2000,5
2025.11.06 15:34:19,SELL,0.1000,0.1000,1
2025.11.06 15:39:30,SELL,0.1000,0.1000,1
2025.11.06 15:49:14,SELL,0.1000,-0.4000,0
2025.11.06 15:59:42,BUY,0.1000,0.5000,1
2025.11.06 16:23:18,BUY,0.1000,0.4000,0
2025.11.06 17:07:00,SELL,0.0000,0.1000,1
2025.11.06 17:18:21,SELL,0.0000,-0.1000,0
2025.11.06 17:37:04,BUY,0.0000,0.1000,0
2025.11.06 17:46:31,SELL,0.1000,0.1000,1
2025.11.06 17:56:55,SELL,0.0000,0.7000,0
2025.11.06 18:07:25,BUY,0.1000,0.0000,0
2025.11.06 18:39:48,SELL,0.1000,-0.5000,1
2025.11.06 19:26:45,BUY,0.2000,0.6000,0
2025.11.06 19:32:35,SELL,0.2000,0.6000,0
2025.11.06 19:48:58,BUY,0.2000,-0.1000,1
2025.11.06 21:38:45,BUY,0.2000,0.1000,1
2025.11.07 00:01:00,BUY,14.3000,-0.4000,27
2025.11.07 00:06:00,SELL,6.2000,0.4000,0
2025.11.07 01:00:09,SELL,0.2000,0.2000,0
2025.11.07 10:07:33,SELL,0.1000,0.1000,1
2025.11.07 14:14:31,SELL,0.1000,-0.4000,0
2025.11.07 14:33:46,BUY,0.1000,-0.1000,2
2025.11.07 15:03:31,SELL,0.0000,0.0000,1
2025.11.07 15:33:32,BUY,0.1000,-0.3000,1
2025.11.07 17:00:18,SELL,0.0000,0.1000,0
2025.11.07 17:33:04,SELL,0.1000,0.5000,1
2025.11.07 17:44:11,BUY,0.1000,0.5000,0
2025.11.07 17:53:29,BUY,0.1000,0.2000,0
2025.11.07 20:14:43,BUY,0.2000,-0.1000,1
2025.11.07 21:49:13,BUY,0.2000,-0.2000,0
2025.11.07 21:54:18,SELL,0.2000,0.3000,6
2025.11.10 00:01:14,BUY,10.0000,-0.4000,15
2025.11.10 01:09:12,BUY,0.3000,0.0000,0
2025.11.10 02:00:51,SELL,0.2000,-0.5000,0
2025.11.10 03:02:21,BUY,0.3000,0.0000,1
2025.11.10 08:47:44,BUY,0.2000,-0.1000,1
2025.11.10 09:34:41,SELL,0.1000,-0.1000,1
2025.11.10 09:52:55,BUY,0.1000,0.4000,0
2025.11.10 10:18:17,SELL,0.1000,0.4000,0
2025.11.10 10:58:53,BUY,0.1000,0.4000,1
2025.11.10 11:43:00,SELL,0.1000,-0.1000,1
2025.11.10 13:04:48,BUY,0.1000,-0.4000,0
2025.11.10 14:49:09,BUY,0.1000,0.5000,0
2025.11.10 14:54:13,SELL,0.1000,0.5000,1
2025.11.10 16:33:17,BUY,0.1000,-0.4000,0
2025.11.10 17:17:12,SELL,0.1000,0.0000,0
2025.11.10 17:32:19,BUY,0.1000,-0.1000,1
2025.11.10 17:47:54,BUY,0.0000,-0.2000,0
2025.11.10 18:14:29,SELL,0.0000,0.6000,0
2025.11.11 00:01:29,BUY,10.1000,2.8000,31
2025.11.11 00:06:39,SELL,5.7000,0.1000,5
2025.11.11 08:44:47,BUY,0.2000,0.6000,2
2025.11.11 10:14:33,BUY,0.1000,0.1000,0
2025.11.11 10:23:25,SELL,0.1000,-0.4000,0
2025.11.11 11:22:02,SELL,0.1000,0.4000,1
2025.11.11 15:01:36,SELL,0.1000,-0.1000,0
2025.11.11 15:13:51,SELL,0.1000,0.3000,1
2025.11.11 15:21:32,SELL,0.1000,0.3000,1
2025.11.11 15:26:32,SELL,0.1000,-0.2000,0
2025.11.11 15:41:39,SELL,0.0000,0.4000,1
2025.11.11 15:49:32,BUY,0.1000,-0.4000,0
2025.11.11 15:56:56,SELL,0.1000,-0.2000,0
2025.11.11 16:08:09,BUY,0.1000,0.3000,0
2025.11.11 16:24:12,SELL,0.1000,-0.1000,0
2025.11.11 17:07:28,BUY,0.1000,0.5000,0
2025.11.11 17:53:15,BUY,0.1000,0.5000,2
2025.11.11 18:27:14,BUY,0.1000,0.5000,0
2025.11.12 10:02:32,BUY,0.1000,0.1000,0
2025.11.12 11:54:44,BUY,0.1000,-0.4000,1
2025.11.12 16:44:47,SELL,0.1000,-0.2000,0
2025.11.12 17:01:40,SELL,0.0000,-0.3000,0
2025.11.12 17:19:28,SELL,0.0000,0.1000,1
2025.11.12 17:58:46,SELL,0.1000,0.5000,0
2025.11.13 01:00:12,SELL,0.2000,0.1000,0
2025.11.13 02:32:41,BUY,0.2000,0.1000,1
2025.11.13 09:32:19,SELL,0.1000,0.1000,6
2025.11.13 09:39:53,SELL,0.1000,0.2000,2
2025.11.13 09:51:08,SELL,0.1000,-0.4000,0
2025.11.13 09:59:17,SELL,0.1000,0.1000,1
2025.11.13 10:09:35,SELL,0.1000,-0.1000,0
2025.11.13 10:19:27,BUY,0.1000,-0.1000,1
2025.11.13 10:38:40,BUY,0.1000,0.4000,0
2025.11.13 10:52:20,SELL,0.1000,0.1000,0
2025.11.13 10:57:27,SELL,0.1000,-0.4000,0
2025.11.13 11:04:44,BUY,0.1000,0.4000,1
2025.11.13 11:09:44,SELL,0.1000,0.1000,0
2025.11.13 11:32:52,BUY,0.1000,0.4000,0
2025.11.13 11:37:52,BUY,0.1000,0.1000,0
2025.11.13 11:47:04,SELL,0.1000,0.4000,0
2025.11.13 12:18:56,SELL,0.1000,-0.1000,1
2025.11.13 12:28:13,BUY,0.1000,0.1000,1
2025.11.13 13:48:23,BUY,0.1000,0.1000,1
2025.11.13 14:38:53,SELL,0.1000,0.6000,1
2025.11.13 15:29:53,BUY,0.1000,0.1000,1
2025.11.13 16:34:20,SELL,0.0000,0.0000,1
2025.11.13 16:39:30,SELL,0.0000,0.0000,2
2025.11.13 17:07:54,BUY,0.0000,0.5000,0
2025.11.13 17:34:58,SELL,0.1000,0.4000,0
2025.11.13 18:59:36,SELL,0.0000,0.6000,0
2025.11.13 19:34:48,BUY,0.2000,0.1000,1
2025.11.14 01:02:16,BUY,0.2000,0.6000,1
2025.11.14 07:53:51,SELL,0.3000,0.6000,0
2025.11.14 08:49:53,BUY,0.2000,0.1000,1
2025.11.14 09:24:15,BUY,0.2000,-0.2000,1
2025.11.14 09:53:05,BUY,0.1000,0.1000,1
2025.11.14 10:22:43,BUY,0.1000,0.1000,2
2025.11.14 10:31:45,SELL,0.1000,0.1000,1
2025.11.14 10:43:13,SELL,0.1000,-0.4000,1
2025.11.14 11:02:38,BUY,0.1000,-0.1000,1
2025.11.14 11:42:24,BUY,0.1000,-0.1000,1
2025.11.14 14:41:30,SELL,0.1000,-0.1000,0
2025.11.14 14:47:12,SELL,0.1000,0.1000,1
2025.11.14 14:53:12,SELL,0.1000,0.2000,4
2025.11.14 15:03:53,BUY,0.1000,-0.3000,1
2025.11.14 15:29:07,BUY,0.1000,0.2000,1
2025.11.14 15:35:46,SELL,0.1000,-0.1000,1
2025.11.14 15:48:36,BUY,0.1000,0.4000,1
2025.11.14 16:07:03,BUY,0.1000,-0.1000,1
2025.11.14 16:37:10,BUY,0.1000,-0.3000,1
2025.11.14 16:42:10,BUY,0.1000,-0.1000,4
2025.11.14 16:54:08,BUY,0.1000,0.0000,1
2025.11.14 17:01:06,BUY,0.0000,0.2000,1
2025.11.14 17:13:36,SELL,0.0000,0.5000,1
2025.11.14 17:29:20,BUY,0.1000,0.1000,3
2025.11.14 17:36:51,BUY,0.0000,0.0000,0
2025.11.14 17:53:08,BUY,0.1000,0.2000,1
2025.11.17 00:01:24,BUY,17.0000,-1.4000,4
2025.11.17 00:06:25,SELL,5.2000,-0.1000,6
2025.11.17 01:54:49,BUY,0.3000,-0.6000,2
2025.11.17 11:04:28,BUY,0.1000,-0.4000,0
2025.11.17 11:14:24,BUY,0.1000,0.1000,0
2025.11.17 11:33:55,SELL,0.1000,0.4000,1
2025.11.17 14:49:39,BUY,0.0000,0.5000,0
2025.11.17 15:09:41,BUY,0.1000,0.5000,1
2025.11.17 16:38:49,BUY,0.0000,0.1000,0
2025.11.17 17:19:36,SELL,0.0000,0.0000,1
2025.11.17 17:57:34,SELL,0.1000,0.6000,0
2025.11.18 06:22:19,SELL,0.2000,0.0000,0
2025.11.18 09:57:54,BUY,0.1000,0.1000,2
2025.11.18 10:02:58,SELL,0.1000,-0.1000,1
2025.11.18 10:34:55,BUY,0.1000,-0.1000,0
2025.11.18 10:57:25,BUY,0.1000,0.4000,0
2025.11.18 11:08:41,BUY,0.1000,0.4000,0
2025.11.18 11:29:29,SELL,0.1000,-0.5000,0
2025.11.18 14:34:37,SELL,0.1000,-0.2000,1
2025.11.18 15:18:39,SELL,0.1000,0.5000,0
2025.11.18 15:26:26,SELL,0.1000,-0.1000,1
2025.11.18 15:33:38,BUY,0.1000,-0.5000,0
2025.11.18 16:56:53,SELL,0.1000,-0.2000,1
2025.11.18 17:04:52,SELL,0.1000,-0.2000,0
2025.11.18 17:09:52,BUY,0.1000,0.1000,0
2025.11.18 17:23:41,BUY,0.1000,0.5000,1
2025.11.18 17:28:41,SELL,0.1000,-0.1000,2
2025.11.18 17:57:33,BUY,0.1000,0.5000,0
2025.11.18 18:03:51,BUY,0.1000,0.2000,1
2025.11.19 00:01:00,BUY,9.9000,-0.2000,2
2025.11.19 00:07:06,SELL,3.9000,1.9000,0
2025.11.19 09:34:03,SELL,0.1000,-0.1000,4
2025.11.19 09:55:27,BUY,0.1000,-0.4000,0
2025.11.19 10:00:30,SELL,0.1000,-0.1000,1
2025.11.19 10:07:13,BUY,0.1000,0.4000,0
2025.11.19 10:32:44,BUY,0.1000,0.4000,0
2025.11.19 11:53:45,SELL,0.1000,0.4000,0
2025.11.19 12:42:45,SELL,0.1000,0.1000,0
2025.11.19 12:48:23,BUY,0.1000,0.4000,0
2025.11.19 13:18:00,SELL,0.1000,0.8000,0
2025.11.19 13:24:26,BUY,0.1000,0.4000,3
2025.11.19 14:57:33,BUY,0.1000,-0.5000,0
2025.11.19 16:07:09,BUY,0.1000,0.1000,2
2025.11.19 16:19:26,BUY,0.1000,0.1000,1
2025.11.19 16:32:51,SELL,0.1000,-0.3000,1
2025.11.19 17:04:45,BUY,0.1000,0.1000,1
2025.11.19 17:13:56,SELL,0.1000,-0.1000,1
2025.11.19 17:43:54,BUY,0.1000,-0.4000,0
2025.11.19 17:53:20,SELL,0.0000,0.2000,1
2025.11.19 18:19:18,BUY,0.1000,-0.6000,0
2025.11.19 19:22:58,BUY,0.2000,0.2000,0
2025.11.19 21:00:30,BUY,0.2000,-0.4000,1
2025.11.19 21:07:28,BUY,0.2000,-0.2000,1
2025.11.19 23:34:13,SELL,1.8000,-0.6000,0
2025.11.20 04:09:22,BUY,0.2000,0.1000,0
2025.11.20 05:44:33,BUY,0.2000,0.6000,0
2025.11.20 10:09:17,BUY,0.1000,0.4000,0
2025.11.20 10:32:09,SELL,0.1000,0.1000,3
2025.11.20 15:30:01,BUY,0.1000,2.0000,0
2025.11.20 15:35:19,SELL,0.1000,-0.4000,0
2025.11.20 15:42:34,BUY,0.1000,-0.2000,0
2025.11.20 15:47:34,BUY,0.1000,0.1000,0
2025.11.20 15:52:47,SELL,0.1000,0.1000,0
2025.11.20 16:01:16,SELL,0.0000,0.1000,1
2025.11.20 16:19:01,SELL,0.1000,-0.2000,1
2025.11.20 16:28:22,SELL,0.1000,0.6000,0
2025.11.20 16:33:32,SELL,0.0000,0.0000,0
2025.11.20 16:56:29,BUY,0.1000,0.1000,1
2025.11.20 17:22:11,BUY,0.1000,0.1000,1
2025.11.20 17:27:14,SELL,0.0000,0.5000,0
2025.11.20 17:32:16,BUY,0.1000,-0.3000,0
2025.11.20 17:44:52,SELL,0.1000,-0.1000,0
2025.11.20 17:49:53,BUY,0.0000,0.0000,0
2025.11.20 18:12:23,SELL,0.1000,0.2000,1
2025.11.20 18:27:48,BUY,0.1000,0.0000,0
2025.11.20 19:29:29,BUY,0.2000,0.6000,0
2025.11.21 00:01:28,BUY,12.4000,-3.4000,32
2025.11.21 00:08:19,SELL,3.4000,0.0000,0
2025.11.21 09:58:12,BUY,0.1000,0.1000,1
2025.11.21 10:03:14,BUY,0.1000,0.1000,1
2025.11.21 10:08:55,SELL,0.1000,0.1000,1
2025.11.21 10:16:57,SELL,0.1000,-0.4000,0
2025.11.21 10:30:00,BUY,0.2000,0.8000,0
2025.11.21 10:52:23,BUY,0.1000,0.2000,0
2025.11.21 10:58:43,BUY,0.1000,0.1000,1
2025.11.21 11:07:48,BUY,0.1000,0.4000,0
2025.11.21 11:59:10,BUY,0.1000,-0.1000,6
2025.11.21 12:07:11,BUY,0.1000,-0.1000,0
2025.11.21 12:19:31,BUY,0.1000,-0.1000,1
2025.11.21 12:24:31,SELL,0.1000,-0.3000,1
2025.11.21 13:54:36,BUY,0.1000,0.4000,0
2025.11.21 14:22:35,BUY,0.1000,-0.4000,0
2025.11.21 14:30:02,SELL,0.1000,-0.6000,0
2025.11.21 14:39:41,SELL,0.1000,0.1000,0
2025.11.21 14:47:09,SELL,0.1000,0.1000,1
2025.11.21 14:53:13,BUY,0.1000,0.5000,0
2025.11.21 14:58:13,SELL,0.1000,0.5000,0
2025.11.21 15:07:06,BUY,0.1000,0.5000,1
2025.11.21 16:03:49,BUY,0.1000,-0.2000,0
2025.11.21 16:49:48,SELL,0.0000,0.5000,0
2025.11.21 17:01:28,SELL,0.1000,-0.5000,0
2025.11.21 17:18:23,BUY,0.1000,-0.1000,1
2025.11.21 17:54:23,BUY,0.1000,0.0000,1
2025.11.21 18:03:16,BUY,0.1000,0.1000,1
2025.11.21 18:39:27,BUY,0.1000,0.1000,0
2025.11.21 19:02:03,SELL,0.2000,-0.1000,0
2025.11.24 00:02:00,BUY,17.5000,0.0000,60
2025.11.24 02:24:13,SELL,0.2000,-0.4000,0
2025.11.24 08:04:40,SELL,0.3000,0.6000,0
2025.11.24 09:07:58,BUY,0.2000,-0.2000,2
2025.11.24 10:03:30,SELL,0.1000,0.4000,1
2025.11.24 10:12:06,SELL,0.1000,0.4000,0
2025.11.24 11:14:36,BUY,0.1000,0.4000,6
2025.11.24 11:38:58,SELL,0.1000,0.0000,2
2025.11.24 12:08:35,SELL,0.1000,0.4000,1
2025.11.24 12:24:58,BUY,0.1000,-0.2000,1
2025.11.24 14:09:19,BUY,0.1000,-0.1000,1
2025.11.24 14:34:23,SELL,0.1000,-0.1000,1
2025.11.24 16:24:24,BUY,0.1000,0.3000,0
2025.11.24 16:44:11,BUY,0.0000,-0.6000,0
2025.11.24 17:54:13,SELL,0.1000,0.1000,1
2025.11.24 18:59:37,BUY,0.1000,-0.1000,1
2025.11.25 00:02:00,BUY,13.1000,-3.0000,0
2025.11.25 00:09:23,SELL,2.8000,0.0000,18
2025.11.25 09:01:25,SELL,0.2000,0.6000,0
2025.11.25 09:58:44,BUY,0.1000,0.1000,1
2025.11.25 10:49:37,SELL,0.1000,-0.1000,1
2025.11.25 14:42:35,SELL,0.1000,0.2000,1
2025.11.25 14:47:35,BUY,0.0000,0.1000,5
2025.11.25 14:52:35,SELL,0.1000,0.2000,0
2025.11.25 14:57:36,SELL,0.1000,-0.1000,0
2025.11.25 15:06:26,SELL,0.0000,0.3000,0
2025.11.25 15:15:44,SELL,0.1000,-0.3000,0
2025.11.25 15:30:01,SELL,0.1000,0.5000,0
2025.11.25 15:46:55,SELL,0.0000,0.5000,0
2025.11.25 16:01:48,SELL,0.0000,0.3000,0
2025.11.25 16:13:25,BUY,0.1000,0.1000,1
2025.11.25 16:18:26,BUY,0.1000,-0.2000,1
2025.11.25 16:24:42,SELL,0.1000,-0.2000,6
2025.11.25 16:32:06,SELL,0.1000,0.1000,1
2025.11.25 16:48:55,SELL,0.1000,0.1000,1
2025.11.25 16:54:10,BUY,0.1000,-0.4000,0
2025.11.25 17:03:01,SELL,0.1000,-0.4000,0
2025.11.25 17:22:27,SELL,0.1000,-0.1000,1
2025.11.25 17:44:02,BUY,0.1000,0.2000,1
2025.11.25 17:49:17,BUY,0.1000,0.5000,1
2025.11.25 18:34:23,BUY,0.1000,-0.2000,1
2025.11.25 18:58:01,BUY,0.1000,-0.1000,1
2025.11.25 19:03:02,SELL,0.2000,-0.4000,1
2025.11.25 19:18:56,SELL,0.2000,-0.4000,0
2025.11.25 19:23:57,SELL,0.2000,-0.2000,1
2025.11.25 19:39:40,BUY,0.2000,0.1000,1
2025.11.25 19:56:49,SELL,0.2000,0.7000,0
2025.11.25 20:10:44,BUY,0.2000,0.3000,0
2025.11.25 21:57:46,SELL,0.2000,-0.1000,2
2025.11.25 22:19:27,BUY,0.2000,0.2000,3
2025.11.25 22:29:52,BUY,0.2000,0.6000,0
2025.11.25 22:48:30,BUY,0.2000,-0.1000,0
2025.11.26 03:32:58,SELL,0.2000,0.0000,0
2025.11.26 04:08:23,SELL,0.2000,0.6000,1
2025.11.26 09:32:52,SELL,0.1000,0.3000,3
2025.11.26 10:24:05,BUY,0.1000,0.1000,1
2025.11.26 10:33:51,BUY,0.1000,0.5000,1
2025.11.26 10:53:33,BUY,0.1000,0.4000,0
2025.11.26 11:31:07,BUY,0.1000,0.1000,0
2025.11.26 11:54:50,BUY,0.1000,-0.1000,1
2025.11.26 12:34:13,BUY,0.1000,0.4000,0
2025.11.26 13:41:21,SELL,0.1000,0.4000,1
2025.11.26 13:48:07,BUY,0.1000,0.1000,0
2025.11.26 13:57:22,SELL,0.1000,0.3000,1
2025.11.26 14:27:19,SELL,0.1000,-0.1000,0
2025.11.26 14:33:38,BUY,0.0000,0.4000,0
2025.11.26 15:04:52,SELL,0.1000,-0.1000,1
2025.11.26 15:30:00,BUY,0.1000,2.5000,0
2025.11.26 15:35:47,BUY,0.1000,0.0000,1
2025.11.26 15:41:22,SELL,0.1000,0.4000,1
2025.11.26 15:46:25,BUY,0.1000,0.5000,0
2025.11.26 16:01:28,BUY,0.1000,-0.4000,0
2025.11.26 16:32:45,SELL,0.0000,0.1000,2
2025.11.26 16:38:28,SELL,0.1000,-0.1000,2
2025.11.26 16:49:17,SELL,0.1000,-0.3000,1
2025.11.26 17:01:47,SELL,0.1000,0.5000,0
2025.11.26 17:24:01,BUY,0.1000,-0.3000,1
2025.11.26 17:32:48,BUY,0.1000,0.5000,0
2025.11.26 18:04:29,SELL,0.0000,0.5000,0
2025.11.26 18:48:57,BUY,0.1000,0.5000,0
2025.11.26 19:10:46,BUY,0.2000,0.6000,1
2025.11.27 00:01:00,BUY,10.1000,-0.1000,2
2025.11.27 00:06:30,SELL,3.0000,3.3000,9
2025.11.27 03:17:45,BUY,0.3000,0.2000,1
2025.11.27 03:29:43,SELL,0.2000,0.6000,0
2025.11.27 03:49:46,SELL,0.3000,0.4000,0
2025.11.27 04:54:09,BUY,0.2000,-0.1000,1
2025.11.27 10:08:54,BUY,0.1000,0.1000,1
2025.11.27 11:08:39,BUY,0.1000,-0.1000,0
2025.11.27 11:13:46,BUY,0.1000,-0.2000,2
2025.11.27 15:32:47,SELL,0.1000,0.1000,2
2025.11.27 15:53:30,SELL,0.1000,0.1000,1
2025.11.28 07:23:24,BUY,0.2000,0.1000,0
2025.11.28 07:41:05,BUY,0.3000,0.6000,0
2025.11.28 08:00:59,BUY,0.3000,-0.3000,0
2025.11.28 08:48:14,BUY,0.2000,0.6000,0
2025.11.28 09:58:19,BUY,0.1000,0.5000,0
2025.11.28 10:31:42,BUY,0.1000,1.1000,0
2025.11.28 11:08:07,SELL,0.1000,0.6000,0
2025.11.28 11:18:11,BUY,0.1000,0.4000,1
2025.11.28 11:28:06,BUY,0.1000,-0.1000,0
2025.11.28 11:59:23,BUY,0.1000,-0.2000,1
2025.11.28 12:54:17,BUY,0.1000,-0.1000,0
2025.11.28 13:53:35,SELL,0.1000,0.1000,1
2025.11.28 14:01:06,BUY,0.1000,0.5000,0
2025.11.28 14:28:12,SELL,0.0000,0.5000,0
2025.11.28 14:59:25,BUY,0.1000,-0.1000,0
2025.11.28 15:34:14,SELL,0.1000,0.1000,0
2025.11.28 16:02:18,SELL,0.1000,-0.1000,1
2025.11.28 17:09:56,BUY,0.0000,0.5000,0
2025.11.28 17:57:30,SELL,0.1000,0.3000,0
2025.11.28 18:02:33,BUY,0.1000,-0.1000,0
2025.11.28 18:12:01,SELL,0.0000,0.3000,0
2025.12.01 00:02:01,BUY,10.7000,0.0000,25
2025.12.01 00:09:41,SELL,3.2000,0.0000,2
2025.12.01 03:08:00,SELL,0.2000,-0.5000,0
2025.12.01 03:33:32,BUY,0.2000,-0.1000,1
2025.12.01 09:53:45,BUY,0.1000,0.4000,0
2025.12.01 10:06:19,SELL,0.1000,0.2000,1
2025.12.01 10:37:38,BUY,0.1000,-0.1000,1
2025.12.01 11:18:56,BUY,0.1000,-0.3000,1
2025.12.01 12:51:55,SELL,0.1000,0.1000,7
2025.12.01 14:39:40,SELL,0.1000,0.5000,0
2025.12.01 15:09:49,BUY,0.1000,0.0000,0
2025.12.01 16:04:45,BUY,0.1000,0.2000,1
2025.12.01 16:14:22,BUY,0.1000,-0.1000,1
2025.12.01 16:22:09,BUY,0.0000,0.2000,2
2025.12.01 16:38:48,BUY,0.0000,0.1000,1
2025.12.01 16:44:37,SELL,0.1000,0.5000,2
2025.12.01 17:00:00,SELL,0.1000,-1.2000,0
2025.12.01 17:11:33,BUY,0.1000,-0.3000,0
2025.12.01 17:27:46,BUY,0.1000,-0.1000,1
2025.12.01 17:34:21,BUY,0.1000,-0.1000,1
2025.12.01 17:54:46,BUY,0.1000,0.4000,0
2025.12.01 18:03:43,SELL,0.1000,0.4000,0
2025.12.01 19:51:35,BUY,0.2000,0.6000,0
2025.12.01 20:23:45,BUY,0.2000,0.6000,0
2025.12.02 11:51:58,SELL,0.1000,0.0000,2
2025.12.02 16:07:52,SELL,0.1000,-0.1000,1
2025.12.02 17:07:13,BUY,0.1000,0.1000,2
2025.12.02 17:22:13,BUY,0.1000,0.5000,0
2025.12.02 17:31:02,SELL,0.1000,0.2000,1
2025.12.02 17:49:03,BUY,0.1000,0.1000,1
2025.12.02 17:54:06,BUY,0.0000,-0.1000,2
2025.12.02 17:59:06,SELL,0.1000,0.5000,1
2025.12.02 18:29:04,SELL,0.1000,-0.1000,2
2025.12.02 18:38:33,BUY,0.1000,-0.1000,1
2025.12.02 18:57:20,BUY,0.0000,0.6000,0
2025.12.02 19:23:49,SELL,0.2000,0.6000,3
2025.12.02 19:33:23,SELL,0.2000,0.4000,0
2025.12.02 21:57:30,SELL,0.2000,0.4000,0
2025.12.02 22:02:56,SELL,0.2000,0.1000,0
2025.12.03 00:01:00,BUY,5.9000,0.2000,5
2025.12.03 09:01:12,SELL,0.2000,0.6000,0
2025.12.03 15:15:00,SELL,0.1000,-0.7000,0
2025.12.03 16:19:52,BUY,0.0000,0.7000,0
2025.12.03 16:32:35,SELL,0.1000,0.2000,1
2025.12.03 16:53:34,BUY,0.1000,-0.4000,0
2025.12.03 16:59:28,SELL,0.1000,-0.1000,1
2025.12.03 17:09:35,SELL,0.1000,0.4000,0
2025.12.03 17:14:59,BUY,0.1000,0.2000,0
2025.12.03 17:24:32,SELL,0.1000,-0.1000,1
2025.12.03 17:37:47,BUY,0.1000,0.1000,1
2025.12.04 00:01:00,BUY,7.9000,0.0000,9
2025.12.04 10:19:11,SELL,0.1000,0.1000,0
2025.12.04 10:24:29,SELL,0.1000,0.4000,0
2025.12.04 10:39:51,SELL,0.1000,0.1000,0
2025.12.04 12:08:02,BUY,0.1000,-0.2000,1
2025.12.04 15:30:00,BUY,0.1000,-0.6000,0
2025.12.04 16:19:10,SELL,0.1000,-0.1000,0
2025.12.04 16:44:34,BUY,0.0000,0.0000,0
2025.12.04 17:04:31,BUY,0.0000,-0.3000,0
2025.12.04 17:13:40,SELL,0.1000,-0.2000,1
2025.12.04 18:04:57,BUY,0.1000,0.1000,1
2025.12.04 22:19:38,BUY,0.2000,0.6000,0
2025.12.04 22:37:02,BUY,0.2000,0.6000,0
2025.12.05 00:00:34,BUY,3.4000,5.2000,7
2025.12.05 09:44:52,BUY,0.1000,0.1000,3
2025.12.05 13:32:29,BUY,0.1000,0.1000,3
2025.12.05 16:04:58,SELL,0.1000,-0.4000,2
2025.12.05 16:30:48,BUY,0.1000,0.5000,1
2025.12.05 16:43:16,SELL,0.1000,0.5000,0
2025.12.05 16:57:24,BUY,0.1000,0.5000,2
2025.12.05 17:42:22,BUY,0.1000,-0.1000,2
2025.12.05 17:53:42,BUY,0.1000,0.5000,0
2025.12.05 18:07:58,BUY,0.1000,0.3000,1
2025.12.05 18:23:38,SELL,0.1000,0.1000,0
2025.12.05 18:44:56,SELL,0.1000,0.5000,0
2025.12.05 19:44:50,SELL,0.2000,0.6000,0
2025.12.08 00:01:10,BUY,13.3000,-0.3000,50
2025.12.08 00:06:24,SELL,2.6000,0.0000,20
2025.12.08 01:04:04,BUY,0.3000,0.6000,0
2025.12.08 02:01:30,SELL,0.2000,0.4000,0
2025.12.08 08:00:14,SELL,0.2000,-0.3000,0
2025.12.08 08:07:39,BUY,0.3000,-0.2000,0
2025.12.08 09:49:13,BUY,0.1000,0.4000,1
2025.12.08 10:14:39,BUY,0.1000,0.2000,1
2025.12.08 16:51:46,BUY,0.1000,-0.3000,0
2025.12.08 17:01:27,BUY,0.1000,0.2000,0
2025.12.08 17:16:54,BUY,0.0000,0.0000,1
2025.12.08 17:39:51,BUY,0.1000,0.1000,0
2025.12.08 18:23:41,BUY,0.1000,0.4000,0
2025.12.08 18:32:19,SELL,0.1000,-0.7000,10
2025.12.08 19:49:43,SELL,0.2000,0.1000,0
2025.12.09 00:00:49,BUY,7.5000,0.0000,11
2025.12.09 10:07:12,BUY,0.1000,-0.2000,1
2025.12.09 10:29:51,SELL,0.1000,-0.1000,1
2025.12.09 11:42:02,SELL,0.1000,0.2000,0
2025.12.09 13:04:20,BUY,0.1000,0.5000,0
2025.12.09 16:32:29,SELL,0.1000,-0.1000,0
2025.12.09 17:00:01,BUY,0.1000,-0.7000,0
2025.12.09 17:06:20,BUY,0.1000,0.3000,0
2025.12.09 17:18:15,SELL,0.1000,0.5000,1
2025.12.09 17:24:57,SELL,0.1000,-0.7000,0
2025.12.09 19:19:11,BUY,0.2000,0.2000,0
2025.12.10 00:04:01,BUY,15.0000,-0.4000,1
2025.12.10 00:09:01,SELL,2.2000,3.9000,11
2025.12.10 09:54:57,SELL,0.1000,-0.4000,0
2025.12.10 11:14:01,BUY,0.1000,-0.4000,0
2025.12.10 11:19:01,BUY,0.1000,0.1000,1
2025.12.10 11:53:04,BUY,0.1000,0.5000,1
2025.12.10 12:56:39,SELL,0.1000,-0.4000,0
2025.12.10 15:09:44,BUY,0.1000,0.3000,0
2025.12.10 15:27:29,SELL,0.1000,0.5000,0
2025.12.10 16:12:18,SELL,0.1000,0.5000,0
2025.12.10 17:01:54,SELL,0.1000,0.1000,1
2025.12.10 17:58:26,SELL,0.0000,-0.6000,0
2025.12.10 19:52:35,SELL,0.2000,0.2000,1
2025.12.10 21:00:00,BUY,0.4000,10.6000,0
2025.12.10 21:07:48,SELL,0.2000,0.2000,0
2025.12.10 21:24:11,BUY,0.2000,0.1000,1
2025.12.10 21:32:02,SELL,0.2000,-0.2000,0
2025.12.10 21:37:02,BUY,0.2000,0.2000,0
2025.12.10 21:42:02,BUY,0.2000,0.2000,0
2025.12.10 21:47:37,SELL,0.2000,-0.1000,0
2025.12.10 21:52:37,SELL,0.2000,-0.2000,0
2025.12.10 21:57:37,SELL,0.2000,0.1000,0
2025.12.10 22:04:07,SELL,0.2000,-0.1000,1
2025.12.10 22:09:07,SELL,0.2000,-0.4000,0
2025.12.10 22:18:49,BUY,0.2000,0.5000,1
2025.12.10 22:26:50,SELL,0.2000,0.1000,3
2025.12.10 22:37:58,SELL,0.2000,0.2000,0
2025.12.11 00:04:20,BUY,9.6000,0.0000,4
2025.12.11 03:04:29,SELL,0.2000,0.6000,0
2025.12.11 09:49:32,BUY,0.1000,-0.2000,1
2025.12.11 10:59:02,BUY,0.1000,0.1000,1
2025.12.11 11:09:00,BUY,0.1000,-0.1000,1
2025.12.11 11:49:39,SELL,0.1000,0.1000,1
2025.12.11 14:09:22,SELL,0.0000,-0.1000,0
2025.12.11 15:37:23,SELL,0.0000,-0.1000,2
2025.12.11 15:48:04,SELL,0.1000,0.4000,0
2025.12.11 16:04:13,SELL,0.0000,0.6000,0
2025.12.11 16:37:51,SELL,0.0000,-0.3000,0
2025.12.11 16:54:20,BUY,0.0000,0.1000,2
2025.12.11 17:01:54,BUY,0.1000,0.6000,0
2025.12.11 17:07:08,SELL,0.0000,-0.1000,0
2025.12.11 17:22:58,SELL,0.0000,0.1000,1
2025.12.11 18:13:02,SELL,0.0000,0.6000,0
2025.12.11 18:19:06,BUY,0.0000,0.1000,0
2025.12.11 18:29:04,BUY,0.1000,-0.1000,0
2025.12.11 18:47:55,SELL,0.0000,0.1000,1
2025.12.11 19:31:50,BUY,0.2000,0.6000,2
2025.12.11 19:39:15,SELL,0.2000,0.6000,0
2025.12.12 03:33:47,BUY,0.2000,0.6000,0
2025.12.12 10:18:28,SELL,0.1000,0.2000,6
2025.12.12 10:59:41,BUY,0.3000,-0.1000,0
2025.12.12 15:28:14,SELL,0.2000,0.0000,0
2025.12.12 17:12:56,BUY,0.2000,0.0000,0
2025.12.12 17:24:40,BUY,0.2000,0.0000,0
2025.12.12 18:09:35,BUY,0.3000,0.0000,0
2025.12.12 20:59:15,BUY,0.3000,-0.1000,0
2025.12.12 22:04:50,SELL,0.3000,0.1000,3
2025.12.12 22:45:23,BUY,0.3000,0.1000,1
2025.12.15 00:02:40,BUY,15.7000,0.1000,149
2025.12.15 00:09:47,SELL,10.5000,-2.3000,373
2025.12.15 05:14:09,BUY,0.3000,-0.1000,0
2025.12.15 10:33:30,SELL,0.1000,0.0000,0
2025.12.15 11:04:31,SELL,0.2000,0.1000,0
2025.12.15 14:56:38,BUY,0.3000,-0.1000,1
2025.12.15 15:34:48,SELL,0.1000,0.0000,0
2025.12.15 15:53:39,BUY,0.2000,0.0000,0
2025.12.15 17:19:58,BUY,0.0000,-0.1000,0
2025.12.15 17:24:58,SELL,0.2000,-0.1000,0
2025.12.15 17:29:59,BUY,0.4000,0.0000,0
2025.12.16 00:02:10,BUY,13.6000,-6.5000,8
2025.12.16 10:02:44,SELL,0.1000,0.0000,0
2025.12.16 10:29:28,BUY,0.3000,-0.1000,0
2025.12.16 10:37:13,BUY,0.3000,-0.1000,0
2025.12.16 11:16:45,BUY,0.3000,0.0000,0
2025.12.16 14:57:13,SELL,0.2000,0.1000,0
2025.12.16 15:24:49,SELL,0.2000,0.0000,0
2025.12.16 15:29:51,BUY,1.4000,0.1000,0
2025.12.16 15:34:51,SELL,0.3000,-0.1000,0
2025.12.16 15:43:09,BUY,0.3000,0.1000,0
2025.12.16 15:48:14,BUY,0.3000,-0.1000,0
2025.12.16 15:53:55,SELL,0.2000,-0.1000,0
2025.12.16 15:58:55,SELL,0.2000,0.0000,0
2025.12.16 16:19:05,BUY,0.0000,-0.1000,0
2025.12.16 16:24:06,SELL,0.2000,-0.2000,0
2025.12.16 16:47:56,SELL,0.2000,0.0000,0
2025.12.16 16:57:11,SELL,0.2000,0.2000,0
2025.12.16 17:12:54,BUY,0.3000,0.0000,1
2025.12.16 17:18:07,BUY,0.2000,-0.1000,0
2025.12.16 17:37:12,BUY,0.3000,0.1000,0
2025.12.16 17:56:10,BUY,0.3000,-0.1000,1
2025.12.16 18:08:57,BUY,0.3000,0.1000,0
2025.12.16 18:13:57,SELL,0.2000,-0.2000,1
2025.12.16 18:24:28,SELL,0.3000,-0.1000,0
2025.12.16 18:32:33,BUY,0.3000,0.1000,2
2025.12.16 19:52:47,BUY,0.0000,0.0000,0
2025.12.16 19:57:59,BUY,0.3000,0.1000,0
2025.12.16 20:03:29,BUY,0.0000,-0.1000,0
2025.12.16 20:28:43,BUY,0.3000,0.0000,0
2025.12.16 21:04:16,BUY,0.3000,-0.1000,0
2025.12.16 21:25:40,BUY,0.0000,-0.9000,0
2025.12.16 21:31:38,SELL,0.3000,0.1000,0
2025.12.16 22:18:39,BUY,0.3000,-0.1000,0
2025.12.16 22:54:59,BUY,0.3000,0.0000,1
2025.12.16 22:59:59,BUY,0.5000,0.0000,1
2025.12.17 08:56:32,BUY,0.3000,0.0000,0
2025.12.17 09:18:47,BUY,0.3000,0.0000,0
2025.12.17 09:26:32,SELL,0.1000,0.0000,0
2025.12.17 09:44:04,BUY,0.3000,-0.1000,0
2025.12.17 10:03:11,BUY,0.3000,-0.1000,2
2025.12.17 11:13:44,BUY,0.3000,-0.1000,1
2025.12.17 11:51:34,SELL,0.1000,0.0000,0
2025.12.17 14:57:58,SELL,0.3000,-0.1000,0
2025.12.17 15:16:54,SELL,0.3000,-0.1000,1
2025.12.17 15:49:48,SELL,0.0000,0.0000,0
2025.12.17 16:02:36,SELL,0.2000,0.0000,1
2025.12.17 16:34:29,SELL,0.1000,-0.1000,0
2025.12.17 17:07:19,SELL,0.2000,-0.1000,0
2025.12.17 17:13:51,SELL,0.1000,-0.1000,0
2025.12.17 17:33:09,SELL,0.1000,0.0000,0
2025.12.17 17:39:41,SELL,0.3000,0.1000,0
2025.12.17 17:58:01,SELL,0.1000,0.0000,0
2025.12.17 19:54:18,BUY,0.3000,-0.1000,0
2025.12.17 20:04:56,SELL,0.3000,-0.1000,1
2025.12.18 09:04:42,SELL,0.3000,0.0000,0
2025.12.18 09:55:22,BUY,0.0000,-0.2000,0
2025.12.18 12:12:00,BUY,0.2000,0.0000,0
2025.12.18 14:19:49,BUY,0.3000,0.0000,0
2025.12.18 15:14:32,SELL,0.2000,0.0000,0
2025.12.18 15:19:32,SELL,0.3000,0.1000,1
2025.12.18 15:30:01,SELL,0.0000,-0.6000,0
2025.12.18 15:41:24,SELL,0.3000,0.0000,0
2025.12.18 15:46:32,SELL,0.1000,-0.2000,1
2025.12.18 15:51:32,SELL,0.3000,-0.1000,0
2025.12.18 15:58:23,BUY,0.3000,-0.1000,0
2025.12.18 16:04:27,SELL,0.3000,-0.1000,0
2025.12.18 16:13:03,BUY,0.3000,-0.3000,0
2025.12.18 16:42:28,BUY,0.0000,-0.1000,0
2025.12.18 17:04:00,SELL,0.0000,0.0000,0
2025.12.18 17:17:07,BUY,0.3000,0.1000,1
2025.12.18 17:34:00,BUY,0.1000,0.0000,0
2025.12.18 17:39:11,SELL,0.2000,-0.2000,0
2025.12.18 17:46:30,BUY,0.3000,0.0000,0
2025.12.18 18:03:45,SELL,0.1000,-0.4000,0
2025.12.18 18:14:18,SELL,0.2000,0.1000,0
2025.12.18 18:29:17,BUY,0.3000,-0.1000,0
2025.12.18 18:34:17,BUY,0.3000,0.1000,1
2025.12.18 20:19:34,BUY,0.3000,0.1000,0
2025.12.19 05:22:05,BUY,0.4000,0.0000,1
2025.12.19 09:08:35,BUY,0.4000,0.0000,0
2025.12.19 09:57:40,BUY,0.1000,-0.1000,0
2025.12.19 11:33:52,BUY,0.3000,-0.1000,5
2025.12.19 11:54:37,SELL,0.0000,0.0000,1
2025.12.19 15:16:40,BUY,0.3000,0.0000,0
2025.12.19 16:02:01,SELL,0.1000,0.0000,0
2025.12.19 16:48:00,BUY,0.3000,0.1000,0
2025.12.19 17:43:33,SELL,0.1000,0.0000,0
2025.12.19 17:49:25,SELL,0.1000,0.1000,0
2025.12.19 17:54:25,BUY,0.3000,0.1000,0
2025.12.19 18:21:18,BUY,0.2000,0.0000,0
2025.12.19 19:13:46,BUY,0.3000,-0.1000,1
2025.12.19 22:53:10,BUY,0.3000,-0.1000,0
2025.12.22 14:08:36,SELL,0.0000,-0.1000,0
2025.12.22 15:34:27,SELL,0.3000,-0.1000,0
2025.12.22 15:44:34,SELL,0.2000,0.0000,0
2025.12.22 18:24:20,BUY,0.2000,0.0000,0
2025.12.23 11:54:41,SELL,0.3000,0.0000,2
2025.12.23 14:54:55,BUY,0.3000,0.0000,5
2025.12.23 15:30:27,BUY,0.3000,0.2000,0
2025.12.23 15:52:23,BUY,0.3000,-0.1000,0
2025.12.23 16:19:11,BUY,0.0000,-0.2000,0
2025.12.23 16:38:37,SELL,0.1000,0.0000,0
2025.12.23 17:06:08,SELL,0.2000,0.1000,0
2025.12.23 17:17:39,BUY,0.3000,0.0000,0
2025.12.23 17:55:38,BUY,0.3000,0.1000,0
2025.12.24 00:00:00,BUY,2.7000,3.0000,5
2025.12.24 10:12:47,BUY,0.2000,0.0000,0
2025.12.24 10:32:43,SELL,0.2000,0.1000,0
2025.12.24 12:46:14,BUY,0.3000,0.1000,0
2025.12.24 15:38:23,BUY,0.2000,0.2000,0
2025.12.24 19:58:05,BUY,0.3000,-0.1000,0
2025.12.26 00:08:38,SELL,1.0000,1.5000,0
2025.12.26 02:01:41,BUY,1.3000,0.1000,0
2025.12.26 02:25:58,SELL,0.5000,-0.2000,0
2025.12.26 04:38:44,SELL,0.5000,-0.2000,0
2025.12.26 08:38:32,BUY,0.4000,-0.1000,0
2025.12.26 08:43:32,BUY,0.4000,0.0000,0
2025.12.26 10:02:31,BUY,0.3000,0.1000,0
2025.12.26 10:49:04,SELL,0.2000,0.0000,0
2025.12.26 13:24:55,SELL,0.1000,0.0000,0
2025.12.26 14:57:49,SELL,0.2000,0.1000,0
2025.12.26 15:07:38,SELL,0.0000,-0.1000,0
2025.12.26 17:53:57,BUY,0.2000,0.0000,0
2025.12.26 18:22:50,BUY,0.3000,0.0000,0
2025.12.29 00:06:17,BUY,15.9000,-0.5000,0
2025.12.29 01:10:21,SELL,3.7000,0.4000,31
2025.12.29 08:08:38,BUY,0.4000,-0.1000,3
2025.12.29 08:59:41,SELL,0.3000,0.0000,0
2025.12.29 10:02:03,BUY,0.3000,-0.1000,0
2025.12.29 10:47:54,SELL,0.0000,0.0000,0
2025.12.29 10:56:28,BUY,0.3000,0.0000,0
2025.12.29 11:02:48,BUY,0.3000,0.1000,0
2025.12.29 11:33:42,SELL,0.1000,0.0000,0
2025.12.29 11:38:56,SELL,0.2000,0.0000,0
2025.12.29 11:43:56,BUY,0.3000,-0.1000,1
2025.12.29 12:57:39,BUY,0.0000,0.0000,0
2025.12.29 13:12:42,BUY,0.3000,-0.1000,0
2025.12.29 15:33:09,SELL,0.2000,0.0000,1
2025.12.29 16:33:08,SELL,0.1000,-0.1000,1
2025.12.29 17:34:06,BUY,0.3000,-0.1000,1
2025.12.29 17:42:27,SELL,0.1000,0.0000,0
2025.12.29 17:52:00,BUY,0.3000,-0.2000,1
2025.12.29 17:57:00,BUY,0.3000,-0.1000,0
2025.12.29 18:29:55,BUY,0.3000,0.1000,0
2025.12.30 01:05:58,SELL,0.3000,-1.5000,276
2025.12.30 09:21:22,BUY,0.4000,-0.1000,0
2025.12.30 10:18:08,SELL,0.2000,0.0000,0
2025.12.30 13:08:27,SELL,0.0000,-0.1000,0
2025.12.30 14:44:43,BUY,0.2000,0.0000,0
2025.12.30 15:41:43,BUY,0.3000,0.1000,0
2025.12.30 15:53:42,SELL,0.0000,0.0000,0
2025.12.30 16:03:10,BUY,0.3000,-0.1000,0
2025.12.30 16:13:47,BUY,0.3000,-0.1000,0
2025.12.30 17:17:39,BUY,0.4000,0.0000,0
2025.12.30 17:42:48,BUY,0.2000,-0.1000,0
2025.12.30 17:53:13,SELL,0.3000,0.1000,0
2025.12.30 18:04:49,BUY,0.2000,0.2000,0
2025.12.30 18:17:35,SELL,0.1000,0.0000,1
2025.12.31 10:27:22,BUY,0.3000,0.0000,0
2025.12.31 10:46:55,BUY,0.2000,0.0000,0
2025.12.31 11:24:59,SELL,0.2000,0.0000,0
2025.12.31 12:49:07,SELL,0.1000,-0.1000,0
2025.12.31 15:08:09,BUY,0.3000,-0.2000,1
2025.12.31 15:19:59,SELL,0.3000,0.0000,1
2025.12.31 15:30:32,BUY,0.3000,-0.1000,0
2025.12.31 16:07:49,BUY,0.3000,-0.1000,0
2025.12.31 16:39:51,BUY,0.3000,0.0000,1
2025.12.31 17:02:02,BUY,0.3000,0.0000,0
2025.12.31 17:31:19,SELL,0.1000,0.0000,0
2025.12.31 17:47:38,BUY,0.3000,-0.1000,0
2025.12.31 17:52:46,SELL,0.3000,0.1000,2
2025.12.31 17:57:57,SELL,0.0000,0.0000,0
2025.12.31 18:21:39,BUY,0.0000,0.1000,0
2025.12.31 18:33:00,BUY,0.3000,-0.1000,0
2025.12.31 18:43:54,BUY,0.3000,-0.3000,0
2026.01.02 09:31:22,BUY,0.3000,-0.1000,0
2026.01.02 09:39:56,SELL,0.3000,-0.1000,0
2026.01.02 10:17:59,BUY,0.3000,-0.1000,1
2026.01.02 11:07:44,SELL,0.2000,0.1000,0
2026.01.02 11:54:14,BUY,0.2000,0.0000,0
2026.01.02 12:32:33,SELL,0.2000,0.0000,0
2026.01.02 13:37:58,BUY,0.0000,-0.1000,0
2026.01.02 15:28:20,BUY,0.3000,-0.1000,0
2026.01.02 17:03:02,SELL,0.0000,0.0000,0
2026.01.02 17:39:28,SELL,0.3000,0.0000,1
2026.01.02 17:54:53,SELL,0.1000,0.1000,0
2026.01.05 00:56:49,BUY,6.9000,-0.7000,0
2026.01.05 01:01:49,BUY,0.3000,0.0000,0
2026.01.05 01:06:52,SELL,0.4000,0.0000,4
2026.01.05 04:07:41,BUY,0.4000,0.1000,0
2026.01.05 04:37:18,BUY,0.2000,0.2000,0
2026.01.05 05:09:17,BUY,0.4000,0.1000,0
2026.01.05 05:24:40,BUY,0.4000,-0.3000,2
2026.01.05 09:34:16,BUY,0.2000,-0.1000,0
2026.01.05 09:57:33,BUY,0.3000,0.1000,0
2026.01.05 10:34:59,BUY,0.2000,0.1000,0
2026.01.05 13:29:48,BUY,0.3000,-0.1000,0
2026.01.05 14:42:51,BUY,0.3000,0.1000,0
2026.01.05 14:53:13,BUY,0.3000,0.1000,0
2026.01.05 15:08:36,BUY,0.3000,0.0000,0
2026.01.05 15:39:30,BUY,0.3000,0.1000,0
2026.01.05 15:57:12,SELL,0.2000,0.1000,0
2026.01.05 16:51:36,SELL,0.1000,0.0000,0
2026.01.05 17:02:17,SELL,0.2000,0.1000,0
2026.01.05 17:14:53,SELL,0.2000,0.1000,0
2026.01.05 17:23:32,BUY,0.3000,0.1000,1
2026.01.05 17:37:48,BUY,0.3000,0.1000,1
2026.01.05 17:53:23,SELL,0.0000,0.0000,0
2026.01.05 17:58:25,SELL,0.3000,0.1000,1
2026.01.05 18:32:56,SELL,0.2000,-0.1000,0
2026.01.05 19:19:10,SELL,0.3000,0.1000,0
2026.01.06 04:49:32,SELL,0.0000,-0.2000,0
2026.01.06 09:57:36,BUY,0.3000,0.0000,0
2026.01.06 10:06:32,SELL,0.3000,-0.1000,1
2026.01.06 10:15:30,SELL,0.0000,0.0000,0
2026.01.06 10:21:51,BUY,0.3000,0.0000,0
2026.01.06 10:49:46,SELL,0.1000,0.0000,0
2026.01.06 11:04:36,BUY,0.3000,0.1000,1
2026.01.06 14:42:24,BUY,0.2000,0.1000,0
2026.01.06 15:08:39,SELL,0.0000,-0.1000,0
2026.01.06 15:36:43,SELL,0.2000,0.0000,0
2026.01.06 16:18:27,BUY,0.3000,0.0000,1
2026.01.06 16:24:16,BUY,0.3000,-0.1000,0
2026.01.06 16:39:53,BUY,0.3000,-0.1000,0
2026.01.06 16:44:53,SELL,0.0000,0.2000,0
2026.01.06 16:52:40,SELL,0.1000,0.0000,0
2026.01.06 17:03:17,BUY,0.3000,-0.1000,0
2026.01.06 17:08:18,SELL,0.1000,0.3000,0
2026.01.06 17:13:19,BUY,0.2000,0.0000,0
2026.01.06 17:24:28,BUY,0.1000,0.0000,0
2026.01.06 17:44:03,SELL,0.0000,0.0000,0
2026.01.06 17:58:12,SELL,0.2000,0.0000,0
2026.01.06 18:08:52,BUY,0.0000,-0.2000,0
2026.01.06 18:14:00,SELL,0.2000,0.1000,0
2026.01.07 03:58:40,BUY,0.4000,-0.1000,1
2026.01.07 09:34:01,BUY,0.2000,0.0000,0
2026.01.07 09:47:46,BUY,0.3000,-0.2000,1
2026.01.07 12:02:36,SELL,0.1000,-0.2000,1
2026.01.07 14:09:53,BUY,0.3000,0.1000,0
2026.01.07 15:18:38,SELL,0.3000,-0.3000,0
2026.01.07 15:41:54,SELL,0.3000,0.1000,0
2026.01.07 17:00:00,BUY,0.7000,-1.3000,0
2026.01.07 17:08:24,SELL,0.1000,0.0000,0
2026.01.07 17:14:03,BUY,0.3000,0.0000,0
2026.01.07 17:19:07,BUY,0.3000,-0.1000,0
2026.01.07 17:29:35,SELL,0.3000,-0.2000,0
2026.01.07 17:34:37,SELL,0.1000,0.0000,0
2026.01.07 17:51:03,BUY,0.3000,-0.1000,1
2026.01.07 18:13:24,BUY,0.2000,-0.1000,0
2026.01.07 18:49:00,BUY,0.3000,0.1000,1
2026.01.07 20:58:56,BUY,0.3000,0.1000,0
2026.01.08 11:54:41,SELL,0.2000,0.1000,1
2026.01.08 15:32:49,BUY,0.3000,-0.1000,0
2026.01.08 15:48:39,BUY,0.0000,0.0000,0
2026.01.08 17:43:35,BUY,0.3000,0.1000,0
2026.01.08 18:09:49,BUY,0.3000,0.0000,1
2026.01.09 09:58:25,SELL,0.3000,-0.1000,0
2026.01.09 12:24:09,BUY,0.3000,-0.1000,0
2026.01.09 15:30:01,BUY,0.0000,-5.1000,0
2026.01.09 15:35:47,SELL,0.1000,-0.1000,0
2026.01.09 15:40:47,SELL,0.0000,0.0000,0
2026.01.09 15:48:09,BUY,0.3000,-0.1000,0
2026.01.09 16:03:51,SELL,0.0000,0.0000,0
2026.01.09 16:26:02,BUY,0.3000,0.0000,0
2026.01.09 16:36:03,SELL,0.2000,0.1000,1
2026.01.09 16:44:01,BUY,0.2000,-0.4000,0
2026.01.09 17:03:29,BUY,0.3000,-0.1000,0
2026.01.09 17:08:34,BUY,0.3000,-0.1000,0
2026.01.09 17:17:32,BUY,0.3000,0.1000,0
2026.01.09 17:33:13,SELL,0.2000,0.0000,0
2026.01.09 17:39:39,SELL,0.2000,0.0000,0
2026.01.09 18:22:33,BUY,0.3000,0.1000,0
2026.01.09 23:59:25,SELL,2.5000,0.2000,0
2026.01.12 00:00:00,BUY,15.9000,-0.1000,2
2026.01.12 02:05:34,SELL,0.0000,0.0000,0
2026.01.12 02:11:40,SELL,0.4000,-0.2000,1
2026.01.12 02:24:19,BUY,0.4000,-0.3000,0
2026.01.12 02:30:25,SELL,0.4000,-0.2000,0
2026.01.12 02:39:08,SELL,0.3000,0.0000,0
2026.01.12 03:23:27,SELL,0.0000,0.0000,1
2026.01.12 03:34:42,BUY,0.4000,-0.1000,0
2026.01.12 04:34:51,SELL,0.4000,-0.1000,0
2026.01.12 08:52:49,SELL,0.0000,0.4000,1
2026.01.12 09:08:00,SELL,0.2000,-0.1000,0
2026.01.12 09:57:34,SELL,0.1000,-0.1000,0
2026.01.12 10:13:10,BUY,0.3000,0.1000,0
2026.01.12 10:32:21,SELL,0.1000,0.0000,0
2026.01.12 10:52:12,SELL,0.2000,0.0000,0
2026.01.12 11:07:17,SELL,0.1000,-0.6000,1
2026.01.12 11:19:21,SELL,0.2000,0.1000,0
2026.01.12 11:39:55,BUY,0.3000,-0.2000,2
2026.01.12 13:39:49,BUY,0.3000,-0.1000,0
2026.01.12 14:47:54,BUY,0.3000,-0.1000,0
2026.01.12 15:07:42,SELL,0.0000,0.0000,0
2026.01.12 15:47:33,SELL,0.0000,0.0000,0
2026.01.12 15:54:51,BUY,0.4000,-0.1000,0
2026.01.12 16:04:47,BUY,0.2000,0.2000,0
2026.01.12 16:29:52,BUY,0.2000,0.0000,0
2026.01.12 17:07:52,BUY,0.3000,0.1000,1
2026.01.12 18:08:21,BUY,0.2000,-0.1000,0
2026.01.13 03:38:04,BUY,0.4000,0.0000,0
2026.01.13 15:30:01,SELL,0.9000,-3.3000,0
2026.01.13 15:36:46,BUY,0.3000,-0.4000,0
2026.01.13 15:43:11,SELL,0.3000,-0.1000,1
2026.01.13 15:48:18,BUY,0.3000,0.1000,1
2026.01.13 16:39:48,BUY,0.3000,-0.1000,0
2026.01.13 17:04:37,BUY,0.2000,0.0000,0
2026.01.13 17:18:36,BUY,0.3000,0.0000,0
2026.01.13 17:54:05,SELL,0.2000,0.2000,0
2026.01.13 17:59:05,BUY,0.3000,-0.1000,0
2026.01.13 18:04:44,BUY,0.2000,-0.1000,0
2026.01.13 18:34:09,SELL,0.1000,0.0000,0
2026.01.13 21:03:43,BUY,0.3000,0.1000,0
2026.01.14 14:00:46,SELL,0.3000,-0.1000,0
2026.01.14 14:58:04,SELL,0.2000,0.1000,0
2026.01.14 15:04:36,BUY,0.3000,0.1000,0
2026.01.14 16:04:38,SELL,0.2000,0.0000,0
2026.01.14 16:42:38,SELL,0.3000,-0.1000,0
2026.01.14 17:59:05,SELL,0.3000,0.1000,0
2026.01.14 18:23:58,BUY,0.3000,0.1000,0
2026.01.15 03:34:51,BUY,0.3000,0.0000,0
2026.01.15 15:30:00,BUY,0.0000,1.1000,0
2026.01.15 15:36:05,BUY,0.3000,-0.2000,0
2026.01.15 16:07:17,SELL,0.2000,0.2000,1
2026.01.15 16:42:16,BUY,0.2000,-0.1000,1
2026.01.15 16:48:44,SELL,0.2000,0.0000,0
2026.01.15 20:04:49,SELL,0.2000,-0.1000,1
2026.01.16 10:23:00,BUY,0.3000,0.0000,2
2026.01.16 14:57:31,SELL,0.0000,0.0000,0
2026.01.16 17:04:43,SELL,0.1000,0.0000,0
2026.01.16 17:18:35,BUY,0.0000,-0.7000,0
2026.01.16 17:23:35,BUY,0.4000,0.0000,0
2026.01.16 17:37:21,BUY,0.3000,-0.1000,0
2026.01.16 17:42:30,BUY,0.3000,-0.2000,0
2026.01.16 18:01:49,SELL,0.3000,-0.1000,1
2026.01.16 18:16:43,BUY,0.3000,0.1000,0
2026.01.16 18:41:56,SELL,0.0000,0.0000,0
2026.01.19 00:00:00,BUY,3.4000,-0.1000,30
2026.01.19 01:02:51,SELL,1.4000,0.4000,0
2026.01.19 01:07:53,SELL,0.5000,-0.2000,0
2026.01.19 01:19:06,SELL,0.2000,0.0000,0
2026.01.19 01:32:47,SELL,0.1000,0.0000,0
2026.01.19 01:43:28,SELL,0.5000,-0.2000,0
2026.01.19 01:52:16,BUY,0.2000,0.0000,0
2026.01.19 02:04:06,BUY,0.0000,-0.1000,0
2026.01.19 02:09:06,BUY,0.3000,0.0000,0
2026.01.19 02:16:00,BUY,0.4000,-0.1000,0
2026.01.19 02:22:39,SELL,0.4000,-0.1000,1
2026.01.19 02:28:04,SELL,0.4000,-0.1000,0
2026.01.19 02:34:16,SELL,0.0000,0.3000,0
2026.01.19 03:57:41,BUY,0.4000,0.0000,0
2026.01.19 09:06:38,SELL,0.3000,0.0000,0
2026.01.19 09:13:12,SELL,0.1000,-0.4000,0
2026.01.19 09:19:46,BUY,0.2000,0.0000,0
2026.01.19 09:34:08,BUY,0.2000,0.1000,0
2026.01.19 09:39:08,BUY,0.3000,-0.1000,0
2026.01.19 10:07:32,BUY,0.3000,-0.1000,0
2026.01.19 11:14:33,BUY,0.3000,0.1000,0
2026.01.19 11:24:59,BUY,0.3000,0.0000,1
2026.01.19 15:59:20,BUY,0.3000,-0.1000,0
2026.01.19 16:49:31,SELL,0.3000,0.1000,1
2026.01.20 05:23:13,SELL,0.0000,-0.2000,0
2026.01.20 09:23:33,SELL,0.1000,0.0000,0
2026.01.20 09:33:10,SELL,0.3000,0.0000,0
2026.01.20 09:47:31,BUY,0.2000,0.0000,0
2026.01.20 10:09:53,SELL,0.1000,0.0000,0
2026.01.20 10:31:04,SELL,0.1000,0.0000,0
2026.01.20 10:46:27,SELL,0.3000,0.1000,0
2026.01.20 10:53:28,SELL,0.0000,-0.1000,0
2026.01.20 10:58:30,SELL,0.2000,0.0000,0
2026.01.20 11:07:13,SELL,0.2000,-0.5000,0
2026.01.20 11:14:41,BUY,0.3000,0.1000,0
2026.01.20 11:22:37,SELL,0.2000,0.0000,1
2026.01.20 11:32:44,SELL,0.0000,0.0000,0
2026.01.20 11:38:23,SELL,0.0000,-0.1000,0
2026.01.20 12:11:01,BUY,0.3000,0.0000,0
2026.01.20 12:58:03,SELL,0.2000,0.0000,0
2026.01.20 13:13:56,BUY,0.3000,-0.1000,0
2026.01.20 13:43:12,SELL,0.2000,0.1000,0
2026.01.20 14:34:08,BUY,0.3000,-0.2000,0
2026.01.20 14:49:43,BUY,0.3000,0.1000,1
2026.01.20 14:57:25,BUY,0.3000,0.1000,1
2026.01.20 15:21:36,BUY,0.3000,0.1000,0
2026.01.20 15:33:51,SELL,0.2000,0.1000,0
2026.01.20 15:39:10,BUY,0.3000,-0.1000,0
2026.01.20 15:46:13,SELL,0.3000,0.0000,0
2026.01.20 15:51:59,BUY,0.3000,-0.1000,0
2026.01.20 15:57:26,BUY,0.4000,0.1000,0
2026.01.20 16:09:09,BUY,0.3000,0.1000,0
2026.01.20 16:17:18,SELL,0.3000,-0.1000,0
2026.01.20 16:42:33,BUY,0.3000,0.0000,0
2026.01.20 16:53:36,BUY,0.2000,0.0000,0
2026.01.20 17:04:43,SELL,0.2000,0.1000,1
2026.01.20 17:33:30,SELL,0.3000,0.1000,0
2026.01.20 17:57:40,BUY,0.3000,-0.1000,0
2026.01.20 18:02:40,SELL,0.3000,0.1000,0
2026.01.20 18:33:17,BUY,0.4000,0.1000,0
2026.01.20 18:42:17,SELL,0.3000,0.0000,0
2026.01.20 19:24:27,BUY,0.3000,-0.1000,0
2026.01.20 22:09:22,SELL,0.2000,0.2000,0
2026.01.21 05:14:26,BUY,0.4000,0.0000,0
2026.01.21 05:19:29,BUY,0.4000,0.0000,0
2026.01.21 09:02:06,BUY,0.3000,-0.3000,1
2026.01.21 09:17:36,SELL,0.4000,-0.1000,0
2026.01.21 09:31:43,BUY,0.3000,0.1000,1
2026.01.21 09:39:41,BUY,0.3000,-0.1000,1
2026.01.21 09:49:16,SELL,0.3000,0.1000,0
2026.01.21 13:27:34,SELL,0.3000,-0.1000,0
2026.01.21 13:38:34,SELL,0.3000,-0.1000,0
2026.01.21 13:58:09,BUY,0.3000,0.1000,1
2026.01.21 14:14:29,SELL,0.2000,0.1000,0
2026.01.21 15:09:42,SELL,0.3000,-0.1000,0
2026.01.21 15:54:21,SELL,0.2000,0.0000,0
2026.01.21 16:03:30,BUY,0.3000,-0.1000,0
2026.01.21 16:10:23,BUY,0.3000,-0.4000,1
2026.01.21 16:18:24,BUY,0.3000,0.1000,0
2026.01.21 16:27:18,SELL,0.2000,0.2000,0
2026.01.21 16:56:56,BUY,0.3000,0.0000,0
2026.01.21 17:18:13,BUY,0.4000,0.0000,0
2026.01.21 17:23:13,BUY,0.2000,0.0000,0
2026.01.21 17:34:33,SELL,0.3000,0.0000,0
2026.01.21 17:39:33,BUY,0.3000,-0.1000,0
2026.01.21 17:53:27,BUY,0.2000,0.1000,0
2026.01.21 18:14:05,SELL,0.2000,0.0000,1
2026.01.21 18:19:25,BUY,0.3000,0.0000,0
2026.01.21 18:24:26,BUY,0.3000,0.0000,0
2026.01.21 18:29:26,SELL,0.2000,0.0000,0
2026.01.21 18:34:26,SELL,0.3000,-0.1000,1
2026.01.21 18:43:08,BUY,0.3000,-0.3000,0
2026.01.21 18:52:01,BUY,0.4000,-0.9000,0
2026.01.21 19:32:50,BUY,0.3000,0.0000,0
2026.01.21 21:24:46,SELL,0.2000,0.0000,0
2026.01.21 21:29:46,BUY,0.3000,0.0000,0
2026.01.21 21:36:02,BUY,0.3000,0.0000,0
2026.01.21 21:43:10,BUY,0.2000,0.0000,0
2026.01.21 21:57:33,SELL,0.2000,0.1000,0
2026.01.21 22:02:36,BUY,0.3000,0.1000,1
2026.01.21 22:22:44,BUY,0.3000,-0.2000,0
2026.01.21 23:33:21,SELL,0.5000,0.1000,8
2026.01.21 23:59:59,BUY,2.7000,0.0000,1
2026.01.22 01:32:51,BUY,0.4000,-0.1000,0
2026.01.22 02:32:11,SELL,0.3000,0.0000,0
2026.01.22 04:24:41,BUY,0.4000,-0.2000,4
2026.01.22 11:24:21,SELL,0.1000,-0.2000,0
2026.01.22 12:09:16,BUY,0.3000,0.0000,0
2026.01.22 12:54:39,SELL,0.1000,-0.1000,0
2026.01.22 15:13:30,SELL,0.3000,0.1000,1
2026.01.22 15:18:30,SELL,0.3000,-0.1000,0
2026.01.22 15:30:00,BUY,0.9000,0.3000,0
2026.01.22 15:42:49,BUY,0.4000,-0.2000,0
2026.01.22 16:38:20,SELL,0.2000,-0.1000,0
2026.01.22 18:11:39,SELL,0.1000,0.1000,0
2026.01.22 18:29:08,BUY,0.3000,0.0000,0
2026.01.22 19:08:40,BUY,0.3000,-0.3000,0
2026.01.22 23:24:58,SELL,0.5000,0.0000,2
2026.01.23 00:02:00,BUY,2.7000,1.0000,0
2026.01.23 03:16:21,SELL,0.1000,0.0000,0
2026.01.23 09:43:30,SELL,0.0000,0.3000,0
2026.01.23 09:57:38,BUY,0.3000,-0.2000,0
2026.01.23 10:15:46,BUY,0.3000,-0.1000,0
2026.01.23 10:30:32,SELL,0.3000,0.1000,0
2026.01.23 10:43:31,SELL,0.2000,0.1000,0
2026.01.23 11:08:21,SELL,0.0000,-0.1000,0
2026.01.23 11:24:44,SELL,0.3000,-0.1000,0
2026.01.23 15:49:10,BUY,0.3000,0.0000,0
2026.01.23 16:22:16,SELL,0.3000,-0.1000,0
2026.01.23 16:49:13,SELL,0.1000,0.0000,0
2026.01.23 17:47:16,SELL,0.3000,0.1000,0
2026.01.23 17:52:38,SELL,0.1000,0.0000,0
2026.01.23 18:14:01,BUY,0.3000,0.1000,0
2026.01.23 18:19:01,SELL,0.2000,0.0000,0
2026.01.23 18:29:51,SELL,0.0000,-0.3000,0
2026.01.23 18:48:08,SELL,0.0000,-0.1000,0
2026.01.23 19:04:01,SELL,0.2000,-0.1000,1
2026.01.23 19:13:10,SELL,0.0000,-0.1000,0
2026.01.23 19:24:10,SELL,0.3000,-0.1000,0
2026.01.23 19:29:57,SELL,0.3000,0.1000,1
2026.01.23 19:34:57,BUY,0.2000,0.0000,0
2026.01.23 19:48:27,SELL,0.2000,-0.1000,0
2026.01.23 20:00:52,BUY,0.3000,0.0000,0
2026.01.23 20:11:05,BUY,0.3000,0.0000,1
2026.01.23 20:17:44,SELL,0.2000,-0.1000,0
2026.01.23 20:24:00,SELL,0.1000,0.3000,0
2026.01.23 20:56:41,SELL,0.0000,-0.1000,0
2026.01.23 21:23:43,BUY,0.3000,0.1000,0
2026.01.23 21:52:57,SELL,0.2000,-0.1000,1
2026.01.23 21:57:57,SELL,0.2000,0.0000,0
2026.01.23 22:19:43,SELL,0.3000,0.1000,0
2026.01.23 22:31:19,BUY,0.3000,-0.1000,0
2026.01.23 22:39:26,SELL,0.3000,0.1000,1
2026.01.23 23:08:43,SELL,0.3000,-1.4000,0
2026.01.23 23:27:48,SELL,0.5000,0.1000,0
2026.01.23 23:54:47,SELL,0.7000,0.1000,2
2026.01.26 00:00:00,SELL,3.6000,-1.0000,0
2026.01.26 00:07:43,BUY,7.6000,-0.1000,0
2026.01.26 00:53:36,SELL,2.7000,-1.5000,0
2026.01.26 01:00:30,SELL,0.4000,-0.1000,0
2026.01.26 01:05:36,BUY,0.4000,0.1000,0
2026.01.26 01:10:36,SELL,0.2000,0.0000,0
2026.01.26 01:17:21,BUY,0.4000,-0.1000,0
2026.01.26 01:22:24,BUY,0.1000,0.0000,0
2026.01.26 01:27:24,BUY,0.3000,0.0000,1
2026.01.26 01:46:30,BUY,0.5000,-0.3000,0
2026.01.26 02:00:38,BUY,0.3000,0.0000,0
2026.01.26 02:12:06,BUY,0.4000,-0.1000,0
2026.01.26 02:26:21,SELL,0.3000,0.0000,1
2026.01.26 02:31:56,BUY,0.4000,-0.1000,0
2026.01.26 02:39:42,SELL,0.0000,-0.1000,0
2026.01.26 02:54:05,SELL,0.2000,0.0000,0
2026.01.26 03:06:47,BUY,0.4000,-0.1000,0
2026.01.26 03:36:55,SELL,0.3000,0.0000,0
2026.01.26 03:48:40,SELL,0.2000,0.0000,0
2026.01.26 03:56:56,BUY,0.4000,0.0000,2
2026.01.26 04:09:50,SELL,0.3000,0.0000,0
2026.01.26 04:14:50,SELL,0.4000,-0.1000,0
2026.01.26 04:19:53,BUY,0.4000,-0.2000,0
2026.01.26 06:02:45,BUY,0.4000,0.0000,0
2026.01.26 06:14:59,SELL,0.3000,0.0000,0
2026.01.26 07:27:36,SELL,0.4000,0.1000,0
2026.01.26 08:08:30,BUY,0.4000,0.1000,0
2026.01.26 08:58:36,BUY,0.4000,0.0000,0
2026.01.26 09:03:47,SELL,0.3000,0.1000,1
2026.01.26 09:14:31,BUY,0.3000,-0.1000,0
2026.01.26 09:26:27,SELL,0.0000,0.0000,0
2026.01.26 09:31:28,BUY,0.3000,0.1000,1
2026.01.26 09:53:06,BUY,0.3000,0.1000,0
2026.01.26 09:58:06,BUY,0.1000,0.0000,0
2026.01.26 10:03:06,SELL,0.2000,0.2000,0
2026.01.26 10:12:40,SELL,0.2000,0.1000,0
2026.01.26 10:26:39,SELL,0.2000,0.1000,1
2026.01.26 10:33:30,SELL,0.2000,-0.2000,0
2026.01.26 10:48:11,SELL,0.2000,0.0000,0
2026.01.26 11:12:40,BUY,0.4000,0.0000,0
2026.01.26 11:22:22,SELL,0.3000,0.1000,0
2026.01.26 11:42:44,SELL,0.0000,-0.1000,0
2026.01.26 12:38:29,BUY,0.3000,-0.1000,0
2026.01.26 12:43:30,SELL,0.2000,-0.1000,0
2026.01.26 12:53:15,BUY,0.3000,0.1000,1
2026.01.26 13:02:11,BUY,0.3000,0.0000,0
2026.01.26 14:24:09,BUY,0.2000,0.0000,0
2026.01.26 15:02:38,BUY,0.3000,-0.1000,1
2026.01.26 15:12:11,SELL,0.2000,0.1000,0
2026.01.26 15:48:02,SELL,0.1000,0.0000,0
2026.01.26 16:19:51,SELL,0.3000,0.0000,1
2026.01.26 16:36:48,BUY,0.3000,0.0000,1
2026.01.26 16:47:09,SELL,0.2000,-0.1000,0
2026.01.26 17:03:37,BUY,0.2000,-0.1000,0
2026.01.26 17:37:17,SELL,0.0000,0.2000,0
2026.01.26 17:46:42,SELL,0.2000,-0.1000,0
2026.01.26 18:04:05,SELL,0.0000,-0.8000,0
2026.01.26 18:09:05,BUY,0.0000,0.3000,0
2026.01.26 18:17:18,BUY,0.0000,0.1000,1
2026.01.26 18:29:13,BUY,0.3000,-0.1000,0
2026.01.26 19:14:29,SELL,0.2000,0.1000,1
2026.01.26 19:28:57,BUY,0.3000,-0.1000,1
2026.01.26 20:09:32,SELL,0.0000,0.0000,0
2026.01.26 20:18:34,SELL,0.0000,0.0000,1
2026.01.26 20:43:20,BUY,0.3000,0.0000,0
2026.01.26 21:03:23,BUY,0.3000,-0.1000,0
2026.01.27 00:00:05,BUY,2.7000,0.1000,0
2026.01.27 01:00:23,SELL,0.1000,-0.3000,0
2026.01.27 04:39:15,SELL,0.4000,0.0000,1
2026.01.27 05:03:39,BUY,0.4000,0.0000,1
2026.01.27 09:56:33,BUY,0.2000,0.0000,0
2026.01.27 10:10:42,BUY,0.4000,-0.1000,0
2026.01.27 10:23:10,BUY,0.0000,0.0000,0
2026.01.27 10:48:55,SELL,0.1000,0.0000,0
2026.01.27 11:52:11,SELL,0.2000,0.2000,0
2026.01.27 12:01:36,BUY,0.0000,-0.3000,1
2026.01.27 12:42:58,SELL,0.1000,0.0000,0
2026.01.27 13:53:20,SELL,0.2000,0.0000,0
2026.01.27 14:12:01,SELL,0.2000,0.0000,0
2026.01.27 14:22:45,SELL,0.1000,-0.2000,0
2026.01.27 14:28:33,SELL,0.0000,0.0000,0
2026.01.27 14:42:31,SELL,0.2000,0.2000,0
2026.01.27 14:47:50,SELL,0.0000,-0.1000,0
2026.01.27 14:52:50,SELL,0.3000,0.1000,0
2026.01.27 15:01:02,SELL,0.0000,0.0000,0
2026.01.27 15:09:07,BUY,0.2000,0.0000,0
2026.01.27 15:28:16,BUY,0.3000,-0.1000,0
2026.01.27 15:38:57,SELL,0.2000,0.0000,0
2026.01.27 15:45:54,BUY,0.3000,0.0000,1
2026.01.27 15:52:18,BUY,0.2000,0.0000,0
2026.01.27 16:09:41,SELL,0.0000,-0.1000,0
2026.01.27 16:23:30,SELL,0.1000,-0.3000,0
2026.01.27 16:31:10,SELL,0.3000,0.1000,0
2026.01.27 16:41:29,SELL,0.0000,-0.5000,0
2026.01.27 16:49:47,BUY,0.2000,0.0000,0
2026.01.27 16:56:46,SELL,0.2000,0.1000,1
2026.01.27 17:01:46,SELL,0.2000,0.1000,0
2026.01.27 17:06:46,SELL,0.2000,0.0000,0
2026.01.27 17:14:07,SELL,0.2000,0.0000,0
2026.01.27 17:22:28,BUY,0.3000,-0.1000,1
2026.01.27 17:29:13,BUY,0.3000,0.1000,0
2026.01.27 17:34:13,BUY,0.2000,-0.1000,0
2026.01.27 17:42:20,BUY,0.3000,0.0000,0
2026.01.27 17:47:40,SELL,0.2000,0.0000,0
2026.01.27 17:52:41,SELL,0.3000,-0.1000,0
2026.01.27 17:59:46,BUY,0.2000,0.0000,0
2026.01.27 18:04:46,SELL,0.1000,0.0000,0
2026.01.27 18:18:05,SELL,0.3000,0.0000,0
2026.01.27 18:32:27,SELL,0.0000,-0.4000,0
2026.01.27 18:38:24,SELL,0.2000,0.0000,0
2026.01.27 18:49:20,BUY,0.3000,-0.1000,0
2026.01.27 18:54:20,BUY,0.2000,0.0000,2
2026.01.27 19:02:49,BUY,0.3000,0.0000,0
2026.01.27 19:08:34,BUY,0.0000,-0.4000,0
2026.01.27 19:16:34,BUY,0.3000,0.0000,0
2026.01.27 19:41:58,SELL,0.1000,0.0000,0
2026.01.27 20:03:11,SELL,0.1000,-0.4000,0
2026.01.27 20:08:58,BUY,0.3000,-0.1000,0
2026.01.27 20:13:58,BUY,0.3000,-0.1000,0
2026.01.27 20:23:41,SELL,0.2000,-0.1000,0
2026.01.27 20:52:52,SELL,0.2000,0.0000,0
2026.01.27 20:59:08,BUY,0.2000,-0.1000,0
2026.01.27 21:19:03,BUY,0.3000,0.0000,1
2026.01.27 21:24:04,SELL,0.1000,0.0000,0
2026.01.27 21:46:39,BUY,0.3000,-0.1000,0
2026.01.27 22:22:21,SELL,0.0000,-0.2000,0
2026.01.27 22:39:09,BUY,0.2000,0.0000,0
2026.01.27 22:44:09,BUY,0.2000,0.3000,0
2026.01.27 22:49:09,SELL,1.0000,0.0000,0
2026.01.27 22:54:30,SELL,0.0000,-0.4000,0
2026.01.27 22:59:30,BUY,0.7000,-0.2000,0
2026.01.27 23:05:34,BUY,0.7000,0.0000,0
2026.01.27 23:11:49,SELL,0.6000,0.1000,0
2026.01.27 23:18:00,SELL,0.5000,0.1000,0
2026.01.27 23:23:06,BUY,0.5000,-0.1000,1
2026.01.27 23:28:13,SELL,0.5000,-0.1000,7
2026.01.27 23:33:18,BUY,0.5000,0.0000,0
2026.01.27 23:38:48,SELL,0.7000,0.0000,0
2026.01.27 23:44:14,SELL,0.5000,-0.2000,0
2026.01.27 23:49:14,BUY,0.8000,0.0000,0
2026.01.27 23:54:41,SELL,0.5000,0.0000,0
2026.01.27 23:59:41,BUY,1.6000,-0.1000,0
2026.01.28 01:03:05,BUY,0.5000,-0.2000,1
2026.01.28 01:29:22,BUY,0.2000,0.0000,0
2026.01.28 01:34:29,SELL,0.3000,0.0000,0
2026.01.28 01:57:10,BUY,0.2000,-0.1000,0
2026.01.28 02:02:12,BUY,0.3000,0.1000,0
2026.01.28 02:17:05,SELL,0.1000,0.0000,0
2026.01.28 02:31:10,SELL,0.3000,-0.1000,0
2026.01.28 03:01:01,BUY,0.4000,0.0000,0
2026.01.28 03:31:32,BUY,0.0000,0.0000,0
2026.01.28 03:44:21,SELL,0.3000,0.0000,0
2026.01.28 03:57:19,BUY,0.4000,-0.1000,0
2026.01.28 04:14:27,BUY,0.3000,0.0000,0
2026.01.28 04:19:28,SELL,0.0000,0.0000,0
2026.01.28 05:14:18,SELL,0.3000,0.2000,0
2026.01.28 05:34:27,BUY,0.4000,0.1000,1
2026.01.28 07:01:51,BUY,0.3000,0.0000,0
2026.01.28 07:06:51,BUY,0.0000,0.2000,0
2026.01.28 07:13:34,SELL,0.3000,0.0000,0
2026.01.28 07:28:31,SELL,0.3000,0.0000,0
2026.01.28 07:41:19,SELL,0.4000,-0.1000,1
2026.01.28 08:19:52,SELL,0.1000,0.1000,0
2026.01.28 08:24:53,BUY,0.4000,-0.1000,0
2026.01.28 08:29:53,SELL,0.2000,0.1000,0
2026.01.28 08:48:02,BUY,0.2000,0.0000,0
2026.01.28 09:11:03,SELL,0.2000,0.0000,0
2026.01.28 09:17:16,BUY,0.4000,0.0000,1
2026.01.28 09:22:18,BUY,0.3000,0.0000,0
2026.01.28 09:28:37,BUY,0.4000,-0.1000,1
2026.01.28 09:33:38,BUY,0.3000,0.0000,2
2026.01.28 09:39:24,BUY,0.2000,-0.1000,0
2026.01.28 09:47:07,BUY,0.2000,-0.1000,0
2026.01.28 09:55:20,SELL,0.1000,-0.1000,0
2026.01.28 10:03:19,BUY,0.3000,0.1000,0
2026.01.28 10:08:20,SELL,0.3000,0.1000,0
2026.01.28 10:14:42,BUY,0.3000,-0.3000,0
2026.01.28 10:19:42,SELL,0.3000,-0.1000,0
2026.01.28 10:31:36,BUY,0.3000,-0.2000,0
2026.01.28 10:37:29,BUY,0.1000,0.0000,0
2026.01.28 10:44:41,BUY,0.3000,0.0000,0
2026.01.28 10:49:41,BUY,0.3000,-0.2000,0
2026.01.28 10:57:34,SELL,0.3000,-0.2000,0
2026.01.28 11:03:56,SELL,0.2000,0.0000,0
2026.01.28 11:09:03,BUY,0.3000,0.0000,0
2026.01.28 11:14:03,BUY,0.3000,0.1000,0
2026.01.28 11:34:54,SELL,0.2000,0.1000,0
2026.01.28 11:44:01,BUY,0.3000,0.0000,0
2026.01.28 12:04:05,BUY,0.3000,-0.1000,0
2026.01.28 12:17:04,BUY,0.3000,-0.1000,0
2026.01.28 12:27:41,BUY,0.3000,-0.1000,0
2026.01.28 12:33:17,SELL,0.3000,-0.1000,1
2026.01.28 12:48:41,SELL,0.0000,-0.1000,0
2026.01.28 13:02:41,BUY,0.4000,-0.1000,0
2026.01.28 13:08:46,BUY,0.4000,0.0000,0
2026.01.28 13:17:21,BUY,0.3000,0.0000,0
2026.01.28 13:24:58,SELL,0.0000,-0.1000,0
2026.01.28 13:42:54,SELL,0.3000,0.1000,0
2026.01.28 13:49:18,SELL,0.1000,-0.1000,0
2026.01.28 13:57:43,BUY,0.3000,-0.1000,0
2026.01.28 14:41:44,BUY,0.3000,0.1000,1
2026.01.28 15:04:14,BUY,0.3000,0.0000,0
2026.01.28 15:12:26,BUY,0.3000,-0.1000,0
2026.01.28 15:17:26,BUY,0.3000,0.1000,0
2026.01.28 15:22:33,BUY,0.3000,0.1000,1
2026.01.28 15:27:34,SELL,0.3000,-0.1000,0
2026.01.28 15:32:34,SELL,0.2000,0.0000,1
2026.01.28 15:49:19,BUY,0.3000,0.0000,0
2026.01.28 15:58:34,SELL,0.2000,0.2000,0
2026.01.28 16:13:26,SELL,0.2000,0.2000,0
2026.01.28 16:23:57,SELL,0.2000,0.0000,0
2026.01.28 16:39:48,SELL,0.1000,-0.1000,0
2026.01.28 16:52:28,BUY,0.3000,-0.1000,0
2026.01.28 17:03:10,SELL,0.2000,0.1000,0
2026.01.28 17:08:10,BUY,0.0000,-0.2000,0
2026.01.28 17:13:23,SELL,0.2000,0.1000,0
2026.01.28 17:19:34,SELL,0.0000,-0.2000,0
2026.01.28 17:24:34,BUY,0.3000,-0.1000,0
2026.01.28 17:29:34,SELL,0.2000,0.1000,0
2026.01.28 17:37:49,BUY,0.3000,0.0000,0
2026.01.28 17:42:49,SELL,0.2000,0.0000,0
2026.01.28 17:47:49,BUY,0.2000,0.0000,0
2026.01.28 17:52:49,BUY,0.1000,0.1000,0
2026.01.28 17:58:10,SELL,0.2000,0.0000,0
2026.01.28 18:03:55,SELL,0.1000,0.0000,0
2026.01.28 18:09:34,BUY,0.3000,-0.2000,0
2026.01.28 18:14:34,BUY,0.2000,0.1000,0
2026.01.28 18:19:34,SELL,0.3000,0.1000,0
2026.01.28 18:24:34,BUY,0.3000,0.0000,0
2026.01.28 18:32:07,BUY,0.3000,0.1000,1
2026.01.28 18:39:12,SELL,0.3000,-0.2000,0
2026.01.28 18:58:15,SELL,0.1000,0.1000,0
2026.01.28 19:07:16,BUY,0.3000,-0.2000,0
2026.01.28 19:17:08,BUY,0.2000,0.0000,0
2026.01.28 19:26:03,SELL,0.1000,0.0000,0
2026.01.28 19:58:24,SELL,0.0000,0.0000,0
2026.01.28 20:14:44,BUY,0.2000,0.0000,0
2026.01.28 20:32:59,BUY,0.2000,-0.1000,0
2026.01.28 20:47:01,BUY,0.3000,-0.1000,0
2026.01.28 20:53:32,SELL,0.3000,-0.1000,0
2026.01.28 21:00:14,SELL,0.6000,0.0000,0
2026.01.28 21:06:24,BUY,0.2000,0.1000,0
2026.01.28 21:11:24,BUY,0.1000,0.2000,0
2026.01.28 21:16:45,SELL,0.1000,0.0000,0
2026.01.28 21:21:45,BUY,0.2000,0.0000,0
2026.01.28 21:30:36,SELL,0.0000,0.0000,0
2026.01.28 21:37:08,SELL,0.3000,-0.1000,0
2026.01.28 21:42:55,BUY,0.8000,-0.1000,0
2026.01.28 21:47:58,SELL,0.0000,-0.3000,0
2026.01.28 21:56:42,SELL,0.1000,0.0000,0
2026.01.28 22:02:22,SELL,0.3000,0.1000,0
2026.01.28 22:08:34,BUY,0.7000,-0.1000,0
2026.01.28 22:13:34,BUY,0.3000,0.1000,0
2026.01.28 22:18:34,SELL,0.3000,-0.1000,0
2026.01.28 22:26:20,SELL,0.2000,0.0000,0
2026.01.28 23:29:49,BUY,0.5000,0.3000,1
2026.01.29 01:13:51,SELL,0.2000,0.1000,1
2026.01.29 01:19:38,SELL,0.0000,-0.9000,0
2026.01.29 01:30:51,SELL,0.0000,-0.3000,0
2026.01.29 01:39:09,SELL,0.1000,0.2000,0
2026.01.29 01:44:15,BUY,0.3000,0.0000,0
2026.01.29 01:57:20,SELL,0.4000,-0.2000,0
2026.01.29 02:02:20,BUY,0.5000,-0.1000,0
2026.01.29 02:12:20,SELL,0.0000,-0.1000,0
2026.01.29 02:36:45,BUY,0.4000,-0.2000,0
2026.01.29 03:02:49,BUY,0.2000,0.0000,0
2026.01.29 04:06:31,BUY,0.4000,0.1000,0
2026.01.29 06:12:34,BUY,0.3000,0.0000,0
2026.01.29 06:20:17,BUY,0.0000,-0.3000,0
2026.01.29 07:14:05,BUY,0.4000,-0.2000,0
2026.01.29 07:24:01,BUY,0.4000,0.1000,1
2026.01.29 08:18:57,SELL,0.4000,0.0000,3
2026.01.29 09:02:03,SELL,0.1000,0.2000,0
2026.01.29 09:08:55,BUY,0.4000,-0.1000,1
2026.01.29 09:32:05,BUY,0.3000,0.1000,0
2026.01.29 10:01:18,SELL,0.1000,-0.1000,0
2026.01.29 10:09:49,SELL,0.1000,0.1000,0
2026.01.29 10:17:30,BUY,0.2000,0.0000,0
2026.01.29 10:22:30,SELL,0.1000,0.1000,0
2026.01.29 10:33:44,BUY,0.1000,-0.1000,0
2026.01.29 11:02:20,SELL,0.1000,-0.1000,0
2026.01.29 11:34:21,SELL,0.4000,-0.1000,1
2026.01.29 11:48:01,BUY,0.3000,-0.1000,0
2026.01.29 11:53:01,BUY,0.3000,-0.1000,0
2026.01.29 12:17:01,BUY,0.2000,0.0000,0
2026.01.29 12:23:45,SELL,0.3000,0.1000,0
2026.01.29 12:46:32,BUY,0.3000,-0.3000,0
2026.01.29 12:58:15,BUY,0.3000,0.1000,0
2026.01.29 13:21:38,SELL,0.0000,0.0000,0
2026.01.29 14:12:07,SELL,0.0000,0.0000,1
2026.01.29 14:49:41,SELL,0.2000,0.0000,0
2026.01.29 14:54:41,SELL,0.3000,-0.8000,0
2026.01.29 15:14:21,BUY,0.3000,0.0000,1
2026.01.29 15:30:13,SELL,0.2000,-0.1000,0
2026.01.29 15:38:22,BUY,0.2000,0.0000,0
2026.01.29 15:43:23,SELL,0.3000,0.1000,1
2026.01.29 15:48:23,BUY,0.1000,0.2000,0
2026.01.29 15:53:23,SELL,0.1000,0.2000,0
2026.01.29 16:09:34,SELL,0.0000,0.0000,0
2026.01.29 16:26:48,SELL,0.2000,0.1000,1
2026.01.29 16:34:04,BUY,0.2000,0.1000,0
2026.01.29 16:39:04,SELL,0.3000,-0.3000,0
2026.01.29 16:47:17,BUY,0.3000,-0.1000,1
2026.01.29 17:02:00,BUY,0.2000,-0.1000,0
2026.01.29 17:07:47,BUY,0.3000,0.1000,0
2026.01.29 17:13:17,BUY,0.3000,-0.1000,0
2026.01.29 17:18:17,BUY,0.0000,-0.2000,0
2026.01.29 17:23:34,SELL,0.0000,-0.1000,0
2026.01.29 17:28:34,BUY,0.2000,-0.1000,0
2026.01.29 17:33:34,SELL,0.2000,-0.1000,0
2026.01.29 17:38:34,SELL,0.1000,0.0000,0
2026.01.29 17:43:35,BUY,0.3000,0.0000,0
2026.01.29 17:48:35,SELL,0.4000,-0.1000,0
2026.01.29 17:53:45,SELL,0.2000,-0.1000,0
2026.01.29 18:04:01,SELL,0.0000,-0.1000,0
2026.01.29 18:19:48,BUY,0.3000,-0.2000,0
2026.01.29 18:26:25,SELL,0.1000,-0.1000,0
2026.01.29 18:35:50,BUY,0.3000,-0.1000,0
2026.01.29 18:40:50,SELL,0.0000,0.2000,0
2026.01.29 18:49:23,SELL,0.0000,0.1000,0
2026.01.29 19:01:19,SELL,0.3000,0.1000,0
2026.01.29 19:21:52,SELL,0.3000,0.1000,1
2026.01.29 19:32:00,SELL,0.2000,0.0000,0
2026.01.29 19:41:27,SELL,0.2000,-0.1000,0
2026.01.29 19:47:39,BUY,0.3000,-0.1000,1
2026.01.29 19:52:39,BUY,0.3000,-0.1000,1
2026.01.29 19:57:56,BUY,0.3000,-0.1000,0
2026.01.29 20:06:39,SELL,0.0000,0.0000,0
2026.01.29 20:34:37,SELL,0.3000,-0.1000,0
2026.01.29 20:39:58,SELL,0.1000,-0.2000,0
2026.01.29 21:17:59,SELL,0.3000,0.0000,0
2026.01.29 21:34:38,BUY,0.3000,-0.1000,0
2026.01.29 22:04:33,BUY,0.4000,0.0000,0
2026.01.29 22:10:44,SELL,0.2000,-0.1000,1
2026.01.29 23:14:44,SELL,0.5000,-0.1000,0
2026.01.30 00:00:01,BUY,2.7000,1.2000,0
2026.01.30 01:54:16,BUY,0.5000,-0.1000,0
2026.01.30 02:17:54,BUY,0.3000,0.0000,0
2026.01.30 02:22:54,BUY,0.1000,-0.3000,0
2026.01.30 02:31:18,BUY,0.0000,-0.1000,0
2026.01.30 02:42:19,BUY,0.4000,-0.1000,0
2026.01.30 03:01:25,BUY,0.3000,0.0000,0
2026.01.30 03:09:49,SELL,0.3000,0.0000,1
2026.01.30 03:16:41,SELL,0.3000,0.0000,0
2026.01.30 03:21:41,BUY,0.2000,-0.2000,0
2026.01.30 03:28:14,SELL,0.2000,-0.2000,0
2026.01.30 03:33:51,SELL,0.3000,-0.1000,0
2026.01.30 03:38:55,BUY,0.4000,-0.2000,0
2026.01.30 03:43:57,SELL,0.4000,0.0000,0
2026.01.30 03:48:58,BUY,0.4000,-0.1000,0
2026.01.30 03:56:08,BUY,0.3000,-0.2000,0
2026.01.30 04:02:24,BUY,0.3000,0.0000,0
2026.01.30 04:07:24,SELL,0.4000,-0.1000,0
2026.01.30 04:13:27,SELL,0.3000,0.1000,0
2026.01.30 04:18:27,SELL,0.4000,-0.1000,0
2026.01.30 04:23:27,BUY,0.4000,0.1000,1
2026.01.30 04:30:07,SELL,0.0000,0.0000,0
2026.01.30 04:36:11,SELL,0.0000,0.0000,0
2026.01.30 04:41:53,SELL,0.3000,0.1000,0
2026.01.30 04:47:25,SELL,0.3000,-0.1000,0
2026.01.30 04:53:29,BUY,0.4000,0.1000,0
2026.01.30 05:33:09,SELL,0.3000,0.1000,4
2026.01.30 05:38:50,BUY,0.4000,-0.1000,0
2026.01.30 06:03:04,SELL,0.0000,0.0000,0
2026.01.30 06:08:04,SELL,0.2000,0.2000,0
2026.01.30 06:23:42,BUY,0.4000,-0.1000,0
2026.01.30 07:04:44,SELL,0.4000,-0.1000,0
2026.01.30 07:22:33,BUY,0.4000,-0.1000,0
2026.01.30 07:39:27,BUY,0.2000,0.0000,0
2026.01.30 07:44:28,BUY,0.3000,0.0000,0
2026.01.30 07:57:32,SELL,0.4000,-0.1000,4
2026.01.30 08:04:34,SELL,0.4000,0.0000,0
2026.01.30 08:18:58,BUY,0.4000,-0.1000,0
2026.01.30 08:29:08,BUY,0.2000,0.0000,0
2026.01.30 08:36:48,SELL,0.2000,-0.1000,0
2026.01.30 08:54:55,BUY,0.4000,0.0000,0
2026.01.30 09:06:12,SELL,0.3000,0.1000,0
2026.01.30 09:17:07,SELL,0.2000,0.1000,0
2026.01.30 09:22:07,BUY,0.3000,0.0000,0
2026.01.30 09:27:22,SELL,0.2000,0.0000,0
2026.01.30 09:36:08,BUY,0.3000,0.0000,0
2026.01.30 09:44:53,SELL,0.2000,0.0000,0
2026.01.30 09:56:22,SELL,0.1000,0.0000,0
2026.01.30 10:04:29,SELL,0.1000,0.0000,0
2026.01.30 10:09:50,BUY,0.3000,0.1000,0
2026.01.30 10:36:50,BUY,0.3000,-0.1000,0
2026.01.30 11:03:54,BUY,0.3000,0.1000,0
2026.01.30 11:13:25,BUY,0.3000,0.0000,1
2026.01.30 11:28:13,BUY,0.3000,0.1000,1
2026.01.30 11:33:13,SELL,0.2000,0.0000,0
2026.01.30 11:38:41,BUY,0.3000,-0.1000,1
2026.01.30 11:45:46,BUY,0.3000,0.1000,1
2026.01.30 11:51:52,BUY,0.3000,-0.2000,0
2026.01.30 11:57:08,SELL,0.2000,0.0000,1
2026.01.30 12:46:30,SELL,0.1000,0.0000,0
2026.01.30 13:06:18,SELL,0.0000,0.0000,0
2026.01.30 13:21:34,BUY,0.3000,-1.5000,0
2026.01.30 13:50:42,SELL,0.2000,-0.1000,0
2026.01.30 13:57:07,SELL,0.3000,0.0000,0
2026.01.30 14:02:35,SELL,0.2000,0.0000,0
2026.01.30 14:18:08,BUY,0.3000,0.1000,0
2026.01.30 14:42:51,BUY,0.3000,-0.1000,0
2026.01.30 14:47:51,BUY,0.3000,-0.1000,0
2026.01.30 14:54:57,BUY,0.3000,0.1000,0
2026.01.30 15:06:53,BUY,0.3000,-0.1000,0
2026.01.30 15:18:32,BUY,0.3000,-0.1000,0
2026.01.30 15:25:44,SELL,0.0000,0.0000,0
2026.01.30 15:30:57,BUY,0.0000,-0.4000,0
2026.01.30 15:42:00,SELL,0.0000,0.0000,0
2026.01.30 15:47:00,BUY,0.3000,-0.1000,0
2026.01.30 15:58:09,SELL,0.1000,0.0000,0
2026.01.30 16:03:09,SELL,0.3000,0.1000,0
2026.01.30 16:08:09,BUY,0.3000,-0.3000,0
2026.01.30 16:13:14,BUY,0.3000,-0.1000,0
2026.01.30 16:22:56,BUY,0.3000,-0.2000,0
2026.01.30 16:32:46,SELL,0.1000,0.2000,0
2026.01.30 16:55:12,BUY,0.3000,-0.1000,0
2026.01.30 17:01:05,BUY,0.3000,-0.2000,0
2026.01.30 17:06:08,SELL,0.2000,-0.1000,0
2026.01.30 17:13:50,BUY,0.3000,-0.3000,1
2026.01.30 17:26:31,SELL,0.0000,0.0000,0
2026.01.30 17:31:31,BUY,0.0000,0.2000,0
2026.01.30 17:37:07,SELL,0.0000,0.0000,0
2026.01.30 17:42:18,SELL,0.0000,0.0000,0
2026.01.30 17:47:18,BUY,0.2000,0.0000,0
2026.01.30 17:52:53,SELL,0.0000,0.2000,0
2026.01.30 18:02:49,BUY,0.3000,0.1000,0
2026.01.30 18:12:10,BUY,0.2000,0.0000,0
2026.01.30 18:18:03,BUY,0.2000,-0.1000,0
2026.01.30 18:26:05,SELL,0.3000,0.1000,0
2026.01.30 18:43:28,SELL,0.3000,-0.1000,0
2026.01.30 18:48:52,BUY,0.3000,0.1000,0
2026.01.30 18:53:52,SELL,0.2000,0.0000,0
2026.01.30 18:58:52,SELL,0.3000,-0.1000,1
2026.01.30 19:07:36,BUY,0.3000,-0.1000,1
2026.01.30 19:12:36,BUY,0.3000,-0.1000,0
2026.01.30 19:22:15,SELL,0.2000,0.0000,0
2026.01.30 19:31:08,BUY,0.3000,0.2000,0
2026.01.30 19:39:34,BUY,0.3000,-0.1000,0
2026.01.30 19:54:07,BUY,0.3000,0.0000,0
2026.01.30 20:23:11,BUY,0.2000,0.0000,0
2026.01.30 20:28:39,BUY,0.3000,0.0000,0
2026.01.30 20:33:49,SELL,0.0000,0.0000,0
2026.01.30 20:39:10,BUY,0.3000,-0.2000,1
2026.01.30 20:44:10,SELL,0.2000,-0.1000,0
2026.01.30 20:49:11,SELL,0.3000,-0.1000,1
2026.01.30 20:54:11,SELL,0.2000,-0.2000,0
2026.01.30 21:01:05,SELL,0.0000,0.2000,0
2026.01.30 21:13:26,BUY,0.1000,0.0000,0
2026.01.30 21:49:20,BUY,0.0000,-0.1000,0
2026.01.30 22:02:02,BUY,0.3000,-0.1000,2
2026.01.30 22:19:31,BUY,0.3000,-0.2000,0
2026.01.30 22:58:09,BUY,0.3000,0.1000,0
2026.01.30 23:43:22,SELL,0.5000,-0.1000,1
2026.02.02 01:13:08,SELL,0.4000,0.0000,0
2026.02.02 01:26:54,SELL,0.0000,-0.3000,0
2026.02.02 01:39:21,SELL,0.4000,0.0000,0
2026.02.02 01:47:57,BUY,0.5000,0.1000,0
2026.02.02 01:59:12,BUY,0.5000,0.0000,1
2026.02.02 02:04:12,SELL,0.5000,-0.2000,0
2026.02.02 02:09:29,SELL,0.4000,0.0000,0
2026.02.02 02:14:29,SELL,0.0000,0.1000,0
2026.02.02 03:06:38,BUY,0.5000,-0.4000,0
2026.02.02 03:16:45,SELL,0.0000,-0.3000,0
2026.02.02 03:23:28,BUY,0.3000,0.0000,0
2026.02.02 03:58:20,SELL,0.2000,0.0000,0
2026.02.02 04:32:40,SELL,0.0000,0.0000,0
2026.02.02 04:48:15,BUY,0.4000,-0.1000,1
2026.02.02 04:57:56,BUY,0.4000,-0.1000,0
2026.02.02 06:04:39,SELL,0.3000,0.0000,0
2026.02.02 07:28:10,BUY,0.4000,0.0000,5
2026.02.02 07:48:39,BUY,0.4000,-0.1000,1
2026.02.02 08:13:30,BUY,0.4000,0.1000,3
2026.02.02 08:23:02,BUY,0.4000,0.0000,0
2026.02.02 08:44:25,SELL,0.2000,0.0000,0
2026.02.02 09:03:42,SELL,0.3000,0.1000,0
2026.02.02 09:26:36,SELL,0.1000,-0.1000,0
2026.02.02 09:31:48,BUY,0.3000,-0.1000,0
2026.02.02 09:51:12,BUY,0.3000,0.1000,0
2026.02.02 10:00:24,SELL,0.2000,-0.1000,0
2026.02.02 10:05:58,BUY,0.3000,-0.1000,0
2026.02.02 10:22:18,BUY,0.3000,-0.1000,1
2026.02.02 10:52:13,BUY,0.2000,0.1000,0
2026.02.02 10:58:40,BUY,0.4000,-0.1000,0
2026.02.02 11:27:03,SELL,0.0000,0.0000,0
2026.02.02 11:48:02,SELL,0.1000,0.0000,0
2026.02.02 13:40:44,BUY,0.3000,-0.1000,1
2026.02.02 14:02:56,SELL,0.2000,0.1000,0
2026.02.02 14:13:16,BUY,0.2000,0.0000,0
2026.02.02 14:19:36,BUY,0.2000,-0.1000,1
2026.02.02 14:38:41,BUY,0.3000,-0.2000,0
2026.02.02 14:55:52,BUY,0.2000,0.1000,0
2026.02.02 15:01:48,BUY,0.3000,0.1000,0
2026.02.02 15:14:15,BUY,0.0000,0.3000,0
2026.02.02 15:19:15,BUY,0.2000,0.0000,0
2026.02.02 15:32:52,BUY,0.2000,-0.2000,0
2026.02.02 15:38:45,BUY,0.3000,0.0000,1
2026.02.02 15:58:38,BUY,0.0000,-0.1000,0
2026.02.02 16:09:46,BUY,0.3000,-0.3000,0
2026.02.02 16:14:49,BUY,0.3000,-0.2000,0
2026.02.02 16:28:11,SELL,0.2000,0.1000,0
2026.02.02 16:33:11,SELL,0.0000,0.3000,0
2026.02.02 16:38:12,SELL,0.1000,0.0000,0
2026.02.02 16:52:50,SELL,0.0000,-0.4000,0
2026.02.02 16:58:08,BUY,0.3000,0.0000,0
2026.02.02 17:03:08,BUY,0.0000,0.1000,0
2026.02.02 17:10:52,BUY,0.3000,0.1000,0
2026.02.02 17:18:11,BUY,0.3000,0.1000,0
2026.02.02 17:23:11,SELL,0.3000,0.0000,0
2026.02.02 17:28:11,BUY,0.3000,0.0000,1
2026.02.02 17:36:58,SELL,0.3000,-0.3000,1
2026.02.02 17:42:39,BUY,0.2000,0.0000,0
2026.02.02 18:07:31,SELL,0.3000,0.1000,0
2026.02.02 18:46:34,BUY,0.3000,-0.1000,0
2026.02.02 18:57:47,SELL,0.0000,0.0000,0
2026.02.02 19:24:18,BUY,0.3000,0.1000,0
2026.02.02 19:37:23,BUY,0.2000,0.1000,0
2026.02.02 19:44:05,SELL,0.2000,-0.1000,0
2026.02.02 19:51:34,BUY,0.3000,-0.1000,0
2026.02.02 20:02:28,BUY,0.1000,0.0000,0
2026.02.02 20:07:49,BUY,0.0000,0.1000,0
2026.02.02 20:13:32,BUY,0.3000,0.1000,0
2026.02.02 20:22:27,SELL,0.1000,0.0000,0
2026.02.02 20:52:14,BUY,0.3000,0.0000,0
2026.02.02 21:42:14,SELL,0.1000,0.0000,0
2026.02.02 22:09:12,SELL,0.2000,0.0000,0
2026.02.02 22:19:31,BUY,0.3000,-0.1000,0
2026.02.03 00:00:08,BUY,2.7000,0.7000,1
2026.02.03 09:14:52,SELL,0.1000,0.0000,0
2026.02.03 09:32:15,SELL,0.2000,-0.1000,0
2026.02.03 10:07:21,BUY,0.2000,0.0000,0
2026.02.03 10:13:46,BUY,0.3000,-0.2000,1
2026.02.03 10:19:03,BUY,0.3000,0.0000,0
2026.02.03 10:24:03,SELL,0.3000,-0.1000,1
2026.02.03 10:42:01,SELL,0.3000,0.1000,0
2026.02.03 11:03:16,BUY,0.3000,-0.2000,0
2026.02.03 11:18:26,SELL,0.3000,-0.2000,0
2026.02.03 11:23:30,BUY,0.3000,0.1000,0
2026.02.03 12:17:59,BUY,0.2000,-0.1000,0
2026.02.03 12:26:27,SELL,0.3000,-0.1000,0
2026.02.03 13:05:44,SELL,0.2000,-0.2000,0
2026.02.03 13:19:15,BUY,0.0000,-0.5000,0
2026.02.03 13:29:03,SELL,0.3000,0.0000,1
2026.02.03 13:35:51,BUY,0.3000,0.1000,3
2026.02.03 15:21:48,BUY,0.3000,-0.2000,0
2026.02.03 15:40:45,SELL,0.0000,0.1000,1
2026.02.03 16:01:15,BUY,0.3000,-0.1000,1
2026.02.03 16:29:11,SELL,0.3000,0.0000,2
2026.02.03 16:38:28,BUY,0.2000,0.0000,0
2026.02.03 16:43:28,SELL,0.2000,0.0000,0
2026.02.03 16:54:55,BUY,0.3000,-0.1000,0
2026.02.03 17:06:58,SELL,0.0000,0.0000,0
2026.02.03 17:23:14,SELL,0.1000,0.0000,0
2026.02.03 17:29:37,SELL,0.0000,-0.1000,0
2026.02.03 17:48:16,SELL,0.1000,0.0000,0
2026.02.03 18:23:01,BUY,0.3000,0.1000,0
2026.02.03 18:34:00,SELL,0.2000,-0.1000,0
2026.02.03 19:01:59,SELL,0.1000,0.0000,0
2026.02.03 19:16:05,SELL,0.1000,-0.2000,0
2026.02.03 19:22:55,BUY,0.3000,-0.1000,0
2026.02.03 19:43:31,BUY,0.3000,-0.1000,0
2026.02.03 20:07:45,SELL,0.1000,0.0000,0
2026.02.03 20:44:17,BUY,0.3000,-0.1000,1
2026.02.03 22:34:15,SELL,0.1000,0.0000,0
2026.02.03 23:56:55,BUY,0.8000,0.1000,0
2026.02.04 02:01:20,BUY,0.4000,0.1000,0
2026.02.04 03:12:25,SELL,0.3000,-0.1000,0
2026.02.04 03:44:30,SELL,0.2000,0.0000,0
2026.02.04 03:54:57,BUY,0.4000,0.1000,3
2026.02.04 05:54:38,SELL,0.2000,0.0000,0
2026.02.04 09:13:44,BUY,0.4000,-0.1000,0
2026.02.04 09:23:21,SELL,0.0000,-0.1000,0
2026.02.04 10:09:05,SELL,0.0000,-0.1000,0
2026.02.04 10:53:57,SELL,0.2000,-0.1000,0
2026.02.04 11:12:14,SELL,0.2000,0.0000,0
2026.02.04 11:32:43,BUY,0.3000,0.0000,0
2026.02.04 11:37:43,BUY,0.1000,0.0000,0
2026.02.04 11:48:35,BUY,0.1000,0.0000,0
2026.02.04 11:54:17,SELL,0.1000,0.0000,0
2026.02.04 12:52:14,SELL,0.3000,0.1000,0
2026.02.04 15:15:04,SELL,0.3000,0.0000,0
2026.02.04 15:52:07,SELL,0.2000,0.1000,0
2026.02.04 16:04:40,BUY,0.3000,-0.1000,0
2026.02.04 16:09:40,BUY,0.3000,0.1000,0
2026.02.04 16:19:10,SELL,0.2000,-0.1000,0
2026.02.04 16:26:35,BUY,0.3000,0.1000,0
2026.02.04 16:49:29,SELL,0.1000,0.0000,0
2026.02.04 17:00:56,SELL,0.1000,0.0000,0
2026.02.04 17:19:25,BUY,0.3000,0.1000,0
2026.02.04 17:27:32,BUY,0.3000,-0.2000,0
2026.02.04 17:32:32,BUY,0.2000,-0.1000,0
2026.02.04 17:37:54,SELL,0.0000,0.1000,0
2026.02.04 17:55:28,BUY,0.1000,-0.1000,0
2026.02.04 18:27:44,SELL,0.2000,0.0000,1
2026.02.04 18:52:51,SELL,0.0000,0.0000,0
2026.02.04 19:01:50,SELL,0.3000,0.0000,0
2026.02.04 19:27:08,BUY,0.1000,0.0000,0
2026.02.04 19:32:08,BUY,0.1000,0.1000,0
2026.02.04 19:37:08,BUY,0.3000,-0.1000,0
2026.02.04 21:04:45,BUY,0.0000,-0.1000,0
2026.02.04 21:09:58,SELL,0.3000,0.0000,0
2026.02.04 21:23:00,BUY,0.3000,0.1000,0
2026.02.05 04:07:08,BUY,0.4000,0.0000,1
2026.02.05 04:16:40,BUY,0.4000,-0.1000,1
2026.02.05 04:48:55,BUY,0.4000,0.0000,0
2026.02.05 09:01:22,SELL,0.2000,0.0000,0
2026.02.05 10:03:01,SELL,0.1000,-0.1000,0
2026.02.05 10:49:01,BUY,0.2000,0.1000,1
2026.02.05 10:59:53,SELL,0.2000,0.0000,0
2026.02.05 11:22:42,BUY,0.3000,0.1000,0
2026.02.05 11:28:44,BUY,0.3000,-0.3000,0
2026.02.05 11:44:01,BUY,0.3000,0.0000,0
2026.02.05 14:00:22,BUY,0.2000,0.2000,0
2026.02.05 14:29:19,SELL,0.1000,0.1000,0
2026.02.05 14:46:31,SELL,0.3000,-0.1000,0
2026.02.05 14:58:09,SELL,0.2000,-0.1000,0
2026.02.05 15:16:34,SELL,0.2000,0.0000,0
2026.02.05 15:30:01,SELL,0.7000,0.1000,0
2026.02.05 15:36:17,SELL,0.0000,-0.4000,0
2026.02.05 15:51:26,SELL,0.2000,-0.2000,0
2026.02.05 16:00:45,BUY,0.2000,0.1000,0
2026.02.05 16:12:07,SELL,0.2000,-0.1000,0
2026.02.05 16:17:28,BUY,0.3000,-0.2000,0
2026.02.05 16:24:42,SELL,0.1000,0.0000,0
2026.02.05 16:29:42,BUY,0.2000,0.0000,0
2026.02.05 16:43:42,BUY,0.3000,-0.1000,1
2026.02.05 16:48:43,BUY,0.3000,0.1000,2
2026.02.05 16:58:02,BUY,0.3000,-0.3000,0
2026.02.05 17:03:02,SELL,0.2000,0.0000,0
2026.02.05 17:24:01,BUY,0.3000,-0.1000,0
2026.02.05 17:29:04,BUY,0.3000,-0.1000,0
2026.02.05 18:18:29,SELL,0.3000,0.0000,1
2026.02.05 18:28:54,BUY,0.3000,-0.1000,0
2026.02.05 18:34:07,SELL,0.1000,-0.2000,0
2026.02.05 19:14:27,BUY,0.3000,0.0000,0
2026.02.06 02:18:00,BUY,0.4000,0.0000,0
2026.02.06 02:23:32,SELL,0.3000,0.0000,0
2026.02.06 02:58:56,SELL,0.4000,-0.1000,1
2026.02.06 03:18:57,BUY,0.4000,0.1000,0
2026.02.06 03:57:46,BUY,0.4000,-0.3000,0
2026.02.06 08:11:42,SELL,0.3000,-0.1000,0
2026.02.06 10:33:40,SELL,0.0000,0.0000,0
2026.02.06 13:23:28,SELL,0.1000,-0.1000,0
2026.02.06 13:39:47,BUY,2.6000,0.5000,0
2026.02.06 14:13:11,BUY,3.5000,-0.3000,0
2026.02.06 16:24:25,BUY,2.7000,0.0000,1
2026.02.06 16:31:36,SELL,0.1000,-0.1000,0
2026.02.06 16:59:11,BUY,0.6000,0.0000,0
2026.02.06 17:06:27,SELL,0.2000,0.1000,0
2026.02.06 17:11:54,BUY,1.2000,0.0000,2
2026.02.06 18:12:40,SELL,0.3000,0.0000,1
2026.02.06 18:54:20,BUY,1.0000,0.0000,0
2026.02.09 00:00:30,BUY,7.1000,0.0000,0
2026.02.09 01:01:41,SELL,0.5000,0.1000,0
2026.02.09 01:32:03,SELL,0.3000,-0.2000,0
2026.02.09 02:03:53,SELL,0.2000,0.0000,0
2026.02.09 03:27:47,BUY,2.8000,0.0000,0
2026.02.09 03:34:20,SELL,0.4000,-0.1000,0
2026.02.09 03:39:33,BUY,0.4000,-0.1000,1
2026.02.09 04:09:30,BUY,0.4000,0.1000,0
2026.02.09 04:42:53,BUY,0.4000,-0.1000,1
2026.02.09 05:57:26,BUY,0.4000,0.0000,0
2026.02.09 08:00:32,SELL,0.2000,-0.2000,0
2026.02.09 08:06:10,BUY,0.6000,0.1000,0
2026.02.09 08:28:31,SELL,0.4000,-0.1000,0
2026.02.09 08:53:01,BUY,1.1000,0.0000,0
2026.02.09 09:31:46,SELL,0.3000,0.0000,0
2026.02.09 09:49:37,BUY,0.3000,-0.3000,0
2026.02.09 09:54:37,BUY,0.3000,-0.1000,0
2026.02.09 09:59:37,SELL,0.1000,-0.1000,0
2026.02.09 10:04:42,SELL,0.2000,0.2000,0
2026.02.09 10:16:43,SELL,0.1000,0.0000,0
2026.02.09 10:24:10,BUY,1.2000,0.0000,0
2026.02.09 10:29:38,BUY,0.2000,0.0000,0
2026.02.09 11:03:34,SELL,0.3000,-0.1000,0
2026.02.09 11:08:36,BUY,0.3000,0.1000,0
2026.02.09 11:24:05,BUY,6.0000,0.0000,0
2026.02.09 12:07:06,SELL,0.2000,0.6000,0
2026.02.09 12:34:22,BUY,0.3000,0.0000,0
2026.02.09 12:46:29,SELL,0.0000,-0.1000,0
2026.02.09 13:01:17,BUY,1.8000,0.0000,0
2026.02.09 14:01:38,SELL,0.2000,0.0000,0
2026.02.09 15:06:19,SELL,0.0000,0.0000,0
2026.02.09 15:14:43,SELL,0.2000,0.0000,0
2026.02.09 15:24:30,SELL,0.3000,-0.3000,0
2026.02.09 15:31:51,SELL,0.1000,-0.1000,0
2026.02.09 15:39:21,BUY,1.9000,0.0000,0
2026.02.09 15:49:55,SELL,0.2000,0.0000,0
2026.02.09 16:02:31,SELL,0.0000,-0.1000,0
2026.02.09 16:11:11,SELL,0.3000,-0.1000,0
2026.02.09 16:32:23,BUY,0.3000,-0.1000,0
2026.02.09 16:49:44,BUY,2.7000,0.0000,0
2026.02.09 16:56:21,SELL,0.0000,-0.1000,0
2026.02.09 17:01:21,SELL,0.3000,-0.1000,0
2026.02.09 17:08:27,BUY,0.2000,0.0000,1
2026.02.09 17:14:16,BUY,0.3000,0.0000,3
2026.02.09 17:19:26,BUY,1.5000,-0.7000,0
2026.02.09 17:32:33,SELL,0.2000,0.0000,0
2026.02.09 17:41:25,BUY,0.3000,0.5000,2
2026.02.09 17:48:56,SELL,0.3000,-0.1000,0
2026.02.09 18:01:42,SELL,0.1000,-0.2000,0
2026.02.09 18:06:46,BUY,2.9000,0.0000,0
2026.02.09 18:19:02,BUY,0.5000,0.0000,0
2026.02.09 18:33:28,BUY,1.7000,0.0000,0
2026.02.09 18:42:31,SELL,0.3000,0.1000,0
2026.02.09 19:19:04,BUY,0.5000,0.1000,0
2026.02.09 19:38:10,SELL,0.3000,-0.1000,1
2026.02.09 20:21:51,BUY,0.2000,0.0000,0
2026.02.10 00:00:30,BUY,6.3000,0.0000,9
2026.02.10 03:34:07,SELL,0.3000,0.1000,3
2026.02.10 05:58:21,BUY,1.1000,0.0000,0
2026.02.10 08:06:30,SELL,0.3000,0.0000,0
2026.02.10 08:33:49,BUY,2.9000,0.1000,0
2026.02.10 09:24:21,BUY,0.4000,-0.1000,0
2026.02.10 10:08:47,BUY,0.8000,0.0000,3
2026.02.10 10:16:17,SELL,0.2000,0.1000,0
2026.02.10 10:27:46,SELL,0.1000,0.0000,0
2026.02.10 11:22:43,SELL,0.3000,-0.2000,1
2026.02.10 14:46:00,BUY,0.3000,-0.2000,0
2026.02.10 15:30:02,SELL,0.3000,0.0000,0
2026.02.10 15:36:10,SELL,0.2000,0.1000,0
2026.02.10 16:07:31,SELL,0.2000,0.0000,0
2026.02.10 16:33:59,SELL,0.1000,0.0000,0
2026.02.10 16:38:59,BUY,0.3000,-0.1000,0
2026.02.10 16:44:33,BUY,0.8000,0.0000,0
2026.02.10 16:49:33,BUY,0.3000,-0.1000,0
2026.02.10 16:54:57,SELL,0.2000,0.0000,0
2026.02.10 17:02:46,BUY,0.3000,0.1000,0
2026.02.10 17:34:00,BUY,0.3000,0.1000,0
2026.02.10 17:49:22,SELL,0.2000,0.0000,0
2026.02.10 17:54:22,SELL,0.0000,0.0000,0
2026.02.10 17:59:26,BUY,0.3000,0.0000,0
2026.02.10 18:08:38,BUY,0.4000,-0.1000,1
2026.02.10 18:16:35,BUY,3.8000,-0.3000,0
2026.02.10 18:39:24,BUY,0.3000,0.3000,0
2026.02.10 18:44:41,SELL,0.2000,0.0000,0
2026.02.10 18:54:37,BUY,0.5000,0.0000,0
2026.02.10 19:27:31,SELL,0.2000,-0.2000,0
2026.02.11 00:03:10,BUY,8.0000,5.2000,13
2026.02.11 00:08:10,SELL,2.7000,-0.1000,0
2026.02.11 04:02:44,SELL,0.3000,0.1000,0
2026.02.11 08:13:59,BUY,0.3000,0.0000,0
2026.02.11 09:07:20,BUY,0.7000,-0.4000,0
2026.02.11 09:12:39,BUY,0.6000,0.1000,1
2026.02.11 11:12:50,BUY,0.9000,0.0000,0
2026.02.11 12:42:21,SELL,0.1000,0.0000,0
2026.02.11 13:02:54,BUY,0.6000,0.0000,0
2026.02.11 13:44:25,BUY,0.3000,-0.1000,0
2026.02.11 15:30:01,BUY,0.0000,-1.7000,0
2026.02.11 15:35:50,SELL,0.0000,-0.3000,0
2026.02.11 15:42:21,BUY,0.3000,0.0000,0
2026.02.11 15:47:21,BUY,0.0000,-0.1000,0
2026.02.11 15:52:21,BUY,0.6000,-0.3000,0
2026.02.11 16:00:09,BUY,5.7000,0.0000,0
2026.02.11 16:05:42,SELL,0.3000,0.1000,0
2026.02.11 16:15:52,SELL,0.0000,0.0000,0
2026.02.11 16:21:15,BUY,0.3000,-0.2000,0
2026.02.11 16:33:24,BUY,0.3000,0.1000,0
2026.02.11 16:41:28,BUY,1.9000,-0.1000,0
2026.02.11 16:49:56,BUY,0.3000,0.1000,0
2026.02.11 17:01:01,SELL,0.1000,0.0000,0
2026.02.11 17:10:31,BUY,0.3000,0.1000,0
2026.02.11 17:16:39,BUY,0.3000,0.0000,0
2026.02.11 17:22:30,SELL,0.2000,-0.2000,0
2026.02.11 17:27:59,BUY,0.3000,0.0000,1
2026.02.11 17:51:39,SELL,0.2000,0.0000,0
2026.02.11 17:58:49,BUY,0.3000,-0.1000,0
2026.02.11 18:03:49,BUY,0.3000,0.0000,0
2026.02.11 18:14:08,SELL,0.0000,0.0000,0
2026.02.11 18:37:47,SELL,0.2000,0.5000,0
2026.02.11 19:02:25,BUY,0.3000,0.1000,0
2026.02.11 20:04:33,SELL,0.3000,-0.1000,1
2026.02.11 20:09:33,BUY,0.1000,0.2000,0
2026.02.11 20:18:50,SELL,0.0000,-0.1000,0
2026.02.12 00:00:00,SELL,2.7000,6.1000,30
2026.02.12 03:23:14,BUY,0.8000,0.1000,2
2026.02.12 06:44:18,BUY,0.4000,0.0000,0
2026.02.12 08:16:56,BUY,0.2000,0.0000,0
2026.02.12 08:33:18,BUY,1.1000,0.1000,0
2026.02.12 08:38:40,SELL,0.2000,0.1000,0
2026.02.12 09:02:39,SELL,0.2000,0.0000,0
2026.02.12 09:18:44,SELL,0.3000,-0.1000,0
2026.02.12 10:49:45,SELL,0.0000,0.0000,0
2026.02.12 11:03:36,SELL,0.3000,0.0000,0
2026.02.12 11:40:37,BUY,6.0000,0.0000,0
2026.02.12 12:04:41,BUY,0.2000,-0.1000,0
2026.02.12 12:53:09,BUY,5.8000,0.0000,4
2026.02.12 13:43:05,BUY,2.8000,1.4000,0
2026.02.12 13:53:46,SELL,0.3000,-0.1000,0
2026.02.12 14:43:51,BUY,2.9000,0.0000,0
2026.02.12 14:59:52,SELL,0.3000,0.1000,0
2026.02.12 15:30:09,BUY,0.6000,0.3000,0
2026.02.12 16:14:10,BUY,0.0000,0.2000,0
2026.02.12 16:33:01,SELL,0.3000,-0.1000,0
2026.02.12 17:34:15,BUY,0.3000,-0.3000,0
2026.02.12 17:48:27,SELL,0.2000,-0.1000,0
2026.02.12 18:11:57,BUY,0.3000,-0.1000,0
2026.02.12 18:34:39,SELL,0.0000,0.0000,0
2026.02.12 18:47:15,BUY,0.3000,-0.4000,0
2026.02.12 19:02:34,BUY,0.3000,0.1000,1
2026.02.12 19:16:39,SELL,0.3000,-0.1000,0
2026.02.12 19:21:39,SELL,0.3000,0.0000,1
2026.02.12 19:39:31,BUY,0.3000,0.1000,0
2026.02.12 21:52:08,SELL,0.0000,-0.1000,0
2026.02.13 00:00:26,BUY,13.1000,-1.2000,4
2026.02.13 09:43:53,SELL,0.1000,0.0000,1
2026.02.13 15:30:01,SELL,0.0000,-4.5000,0
2026.02.13 15:37:40,BUY,0.3000,-0.1000,0
2026.02.13 15:44:51,BUY,0.3000,0.1000,0
2026.02.13 15:53:34,SELL,0.2000,-0.1000,0
2026.02.13 16:01:08,BUY,0.5000,0.0000,0
2026.02.13 16:08:16,BUY,2.0000,0.0000,0
2026.02.13 16:22:34,BUY,1.0000,0.0000,1
2026.02.13 16:27:48,SELL,0.0000,0.1000,0
2026.02.13 16:35:33,BUY,2.8000,0.0000,1
2026.02.13 16:53:59,BUY,0.2000,0.0000,0
2026.02.13 17:09:51,SELL,0.2000,0.0000,0
2026.02.13 17:17:12,BUY,0.6000,0.1000,0
2026.02.13 17:48:19,BUY,0.3000,0.1000,0
2026.02.13 17:56:09,BUY,0.6000,0.0000,0
2026.02.13 18:23:38,SELL,0.3000,0.0000,0
2026.02.13 18:32:07,SELL,0.1000,0.0000,0
2026.02.13 19:13:04,SELL,0.2000,0.0000,0
2026.02.13 19:19:32,BUY,0.3000,0.1000,0
2026.02.16 00:00:51,SELL,5.0000,0.2000,0
2026.02.16 02:29:34,BUY,0.8000,-0.1000,2
2026.02.16 09:34:33,BUY,0.3000,-0.1000,0
2026.02.16 10:04:44,SELL,0.0000,-0.1000,0
2026.02.16 10:23:50,BUY,0.3000,0.1000,0
2026.02.16 10:39:39,BUY,0.2000,0.0000,0
2026.02.16 16:37:14,BUY,0.3000,-0.1000,0
2026.02.16 18:19:29,BUY,0.3000,0.1000,0
2026.02.16 18:47:58,BUY,2.2000,0.0000,0
2026.02.16 18:53:47,BUY,0.3000,0.1000,0
2026.02.16 19:43:05,BUY,4.6000,0.0000,0
2026.02.17 02:44:51,BUY,0.7000,0.0000,0
2026.02.17 06:21:44,BUY,7.1000,0.0000,0
2026.02.17 10:19:26,SELL,0.3000,-0.1000,1
2026.02.17 13:56:09,BUY,0.6000,0.0000,0
2026.02.17 15:17:33,BUY,2.2000,0.0000,0
2026.02.17 15:22:38,SELL,0.2000,0.0000,0
2026.02.17 15:43:00,BUY,0.3000,0.1000,0
2026.02.17 15:52:17,SELL,0.1000,-0.1000,0
2026.02.17 15:58:35,BUY,1.6000,0.0000,0
2026.02.17 16:14:18,BUY,0.3000,0.1000,1
2026.02.17 16:41:39,SELL,0.3000,-0.1000,0
2026.02.17 17:00:47,BUY,0.7000,0.0000,0
2026.02.17 17:13:26,BUY,0.3000,0.1000,0
2026.02.17 17:22:40,BUY,0.2000,0.0000,0
2026.02.17 18:07:15,SELL,0.2000,0.1000,0
2026.02.17 18:14:50,SELL,0.2000,0.0000,0
2026.02.17 18:36:30,SELL,0.0000,-0.1000,0
2026.02.17 20:32:48,BUY,4.7000,0.0000,1
2026.02.18 11:09:54,SELL,0.2000,0.0000,0
2026.02.18 11:41:52,BUY,0.3000,-0.1000,0
2026.02.18 12:34:41,BUY,0.7000,-0.1000,0
2026.02.18 15:04:04,SELL,0.2000,0.0000,0
2026.02.18 15:47:13,BUY,4.9000,0.0000,1
2026.02.18 15:57:21,BUY,0.3000,0.0000,0
2026.02.18 16:21:58,BUY,2.1000,0.0000,0
2026.02.18 16:26:58,SELL,0.3000,-0.2000,0
2026.02.18 16:56:30,BUY,0.7000,0.1000,0
2026.02.18 17:02:19,SELL,0.2000,0.0000,0
2026.02.18 17:24:39,BUY,1.8000,0.0000,0
2026.02.18 17:51:41,BUY,0.7000,0.0000,1
2026.02.18 18:13:26,BUY,0.3000,-0.1000,0
2026.02.18 18:38:50,BUY,2.5000,0.0000,1
2026.02.18 19:18:42,BUY,2.0000,0.0000,0
2026.02.18 19:39:14,BUY,0.3000,0.4000,0
2026.02.18 20:07:16,BUY,0.3000,0.1000,0
2026.02.18 20:21:25,BUY,2.5000,0.0000,0
2026.02.19 00:21:48,BUY,9.0000,0.1000,1
2026.02.19 10:19:30,SELL,0.3000,0.0000,0
2026.02.19 11:17:09,BUY,0.6000,0.0000,0
2026.02.19 12:19:38,BUY,2.2000,0.0000,0
2026.02.19 12:55:41,BUY,4.7000,0.0000,1
2026.02.19 13:18:59,BUY,0.3000,-0.1000,0
2026.02.19 13:28:26,BUY,5.4000,0.0000,0
2026.02.19 14:12:30,BUY,3.1000,-0.3000,0
2026.02.19 14:34:45,SELL,0.2000,0.0000,0
2026.02.19 14:39:45,BUY,1.0000,0.0000,0
2026.02.19 15:01:32,BUY,0.0000,0.2000,2
2026.02.19 15:06:57,BUY,0.0000,0.3000,1
2026.02.19 15:14:47,SELL,0.0000,0.6000,0
2026.02.19 15:30:02,BUY,0.6000,-0.4000,0
2026.02.19 15:43:27,BUY,0.4000,-0.1000,0
2026.02.19 16:00:52,BUY,0.4000,-0.2000,1
2026.02.19 16:14:25,BUY,0.3000,-0.2000,0
2026.02.19 16:23:10,BUY,0.3000,-0.1000,0
2026.02.19 16:28:10,SELL,0.2000,0.1000,0
2026.02.19 16:47:32,BUY,0.3000,0.1000,0
2026.02.19 17:01:50,SELL,0.0000,0.0000,0
2026.02.19 17:07:37,SELL,0.2000,0.0000,0
2026.02.19 17:13:28,BUY,0.3000,-0.1000,0
2026.02.19 17:18:30,SELL,0.1000,0.0000,0
2026.02.19 17:24:55,BUY,0.3000,0.1000,0
2026.02.19 17:47:13,SELL,0.2000,-0.2000,1
2026.02.19 17:53:43,BUY,0.3000,0.1000,0
2026.02.19 18:02:45,SELL,0.0000,0.0000,0
2026.02.19 18:07:45,BUY,0.3000,-0.1000,0
2026.02.19 18:32:42,SELL,0.2000,0.0000,0
2026.02.19 18:52:59,BUY,0.3000,-0.1000,0
2026.02.19 19:03:31,BUY,0.3000,-0.1000,0
2026.02.19 19:09:19,SELL,0.2000,0.0000,0
2026.02.19 20:58:31,BUY,0.3000,-0.1000,0
2026.02.19 21:38:43,BUY,0.3000,-0.1000,0
2026.02.19 23:58:50,BUY,0.7000,0.2000,0
2026.02.20 09:42:21,BUY,0.2000,0.0000,0
2026.02.20 10:08:43,BUY,0.3000,-0.1000,0
2026.02.20 10:19:00,SELL,0.2000,0.1000,0
2026.02.20 10:30:00,SELL,0.0000,-0.2000,0
2026.02.20 10:52:02,SELL,0.1000,0.0000,0
2026.02.20 11:13:55,SELL,0.2000,0.2000,0
2026.02.20 12:18:52,BUY,0.3000,0.1000,3
2026.02.20 15:27:58,SELL,0.1000,-0.1000,1
2026.02.20 15:32:58,BUY,0.3000,-0.1000,0
2026.02.20 15:49:12,BUY,0.3000,-0.1000,0
2026.02.20 15:54:12,SELL,0.2000,0.0000,0
2026.02.20 16:03:01,BUY,0.3000,-0.3000,0
2026.02.20 16:24:03,SELL,0.2000,0.0000,0
2026.02.20 16:39:29,BUY,0.3000,0.1000,0
2026.02.20 16:44:29,SELL,0.2000,0.0000,0
2026.02.20 16:53:54,SELL,0.3000,0.1000,2
2026.02.20 17:01:14,SELL,0.0000,-0.4000,0
2026.02.20 17:06:14,BUY,0.1000,-0.3000,0
2026.02.20 17:12:26,SELL,0.0000,-1.6000,0
2026.02.20 17:18:03,SELL,0.1000,0.0000,0
2026.02.20 17:23:15,BUY,0.3000,0.0000,0
2026.02.20 17:28:36,SELL,0.1000,0.1000,0
2026.02.20 17:33:36,BUY,0.2000,0.0000,0
2026.02.20 17:38:36,SELL,0.3000,-0.1000,0
2026.02.20 17:46:25,BUY,0.3000,-0.2000,0
2026.02.20 18:03:20,SELL,0.0000,0.0000,0
2026.02.20 18:17:05,BUY,0.3000,0.0000,0
2026.02.20 18:22:49,BUY,0.3000,-0.1000,0
2026.02.20 18:34:22,BUY,0.3000,0.1000,2
2026.02.20 18:53:10,SELL,0.0000,-0.5000,1
2026.02.20 19:18:38,BUY,0.2000,0.1000,0
2026.02.20 19:33:20,SELL,0.1000,0.0000,0
2026.02.20 19:57:12,BUY,0.3000,-0.1000,0
2026.02.20 20:24:47,SELL,0.1000,-0.2000,0
2026.02.20 20:31:58,SELL,0.1000,0.0000,0
2026.02.20 20:37:16,SELL,0.0000,0.0000,0
2026.02.20 20:58:58,BUY,0.3000,0.0000,1
2026.02.20 21:08:09,BUY,0.3000,-0.1000,0
2026.02.20 23:44:39,BUY,0.7000,0.0000,0
2026.02.20 23:57:50,BUY,0.9000,0.2000,0
2026.02.23 00:00:00,SELL,11.0000,-1.6000,31
2026.02.23 01:14:40,SELL,0.4000,0.0000,0
2026.02.23 01:20:18,SELL,0.0000,-0.1000,0
2026.02.23 01:27:50,SELL,0.0000,-0.1000,0
2026.02.23 01:37:41,SELL,0.4000,-0.1000,0
2026.02.23 01:57:56,SELL,0.3000,-0.1000,0
2026.02.23 02:02:56,BUY,0.3000,0.0000,0
2026.02.23 02:31:10,SELL,0.3000,0.0000,0
2026.02.23 03:19:52,BUY,0.4000,0.1000,0
2026.02.23 03:43:28,SELL,0.2000,0.0000,0
2026.02.23 10:03:55,BUY,0.3000,0.1000,0
2026.02.23 10:34:20,BUY,0.2000,0.0000,0
2026.02.23 11:16:55,BUY,0.3000,0.1000,0
2026.02.23 11:53:06,BUY,0.3000,0.0000,0
2026.02.23 13:29:14,BUY,0.3000,-0.1000,1
2026.02.23 14:24:03,BUY,0.3000,0.1000,0
2026.02.23 15:19:29,SELL,0.3000,-0.3000,0
2026.02.23 15:28:52,SELL,0.2000,-0.3000,0
2026.02.23 15:34:19,SELL,0.2000,0.1000,0
2026.02.23 16:57:22,SELL,0.2000,0.1000,0
2026.02.23 17:52:41,BUY,0.3000,-0.1000,0
2026.02.23 18:04:41,BUY,0.3000,0.0000,0
2026.02.23 18:19:18,SELL,0.0000,0.1000,0
2026.02.23 19:13:07,BUY,0.3000,-0.1000,1
2026.02.24 00:00:56,SELL,2.7000,0.1000,4
2026.02.24 03:26:56,BUY,0.3000,0.1000,0
2026.02.24 07:59:45,SELL,0.0000,0.0000,0
2026.02.24 09:05:48,BUY,0.3000,0.1000,0
2026.02.24 09:33:24,SELL,0.2000,0.0000,0
2026.02.24 10:13:14,SELL,0.0000,-0.1000,0
2026.02.24 10:23:22,SELL,0.3000,0.1000,0
2026.02.24 11:12:33,SELL,0.0000,-0.1000,0
2026.02.24 14:57:35,SELL,0.2000,-0.1000,0
2026.02.24 16:57:06,SELL,0.0000,0.0000,0
2026.02.24 17:02:45,BUY,0.3000,-0.2000,0
2026.02.24 17:32:45,SELL,0.1000,0.0000,0
2026.02.24 17:38:17,BUY,0.0000,-0.1000,0
2026.02.24 17:51:12,BUY,0.3000,-0.1000,0
2026.02.24 18:07:35,SELL,0.3000,-0.1000,0
2026.02.25 05:14:31,BUY,0.3000,0.0000,0
2026.02.25 15:27:20,BUY,0.3000,0.1000,0
2026.02.25 15:49:38,BUY,0.3000,-0.1000,0
2026.02.25 17:13:55,SELL,0.0000,0.0000,0
2026.02.25 17:21:46,BUY,0.3000,0.0000,0
2026.02.25 17:48:18,SELL,0.0000,0.0000,0
2026.02.25 18:03:04,SELL,0.1000,0.1000,0
2026.02.25 18:46:50,SELL,0.1000,0.1000,0
2026.02.25 19:13:46,SELL,0.3000,-0.1000,0
2026.02.26 09:02:56,BUY,0.4000,-0.1000,0
2026.02.26 10:02:12,BUY,0.2000,-0.1000,0
2026.02.26 15:08:53,SELL,0.0000,0.0000,0
2026.02.26 15:41:02,BUY,0.3000,-0.1000,0
2026.02.26 17:15:54,BUY,0.2000,0.1000,0
2026.02.26 17:22:00,BUY,0.3000,0.1000,0
2026.02.26 17:27:07,BUY,0.3000,-0.1000,0
2026.02.26 17:38:46,SELL,0.0000,0.0000,0
2026.02.26 17:57:30,SELL,0.1000,0.0000,0
2026.02.26 18:03:12,BUY,0.3000,-0.1000,1
2026.02.26 18:23:20,SELL,0.2000,0.0000,5
2026.02.26 18:39:33,BUY,0.3000,-0.1000,0
2026.02.26 19:19:16,BUY,0.3000,-0.1000,1
2026.02.27 09:44:26,SELL,0.3000,0.1000,2
2026.02.27 10:14:35,BUY,0.3000,0.1000,0
2026.02.27 11:57:03,BUY,0.2000,0.1000,0
2026.02.27 13:09:54,SELL,0.2000,0.0000,0
2026.02.27 15:30:01,BUY,0.7000,-0.1000,0
2026.02.27 15:37:42,BUY,0.2000,0.1000,0
2026.02.27 16:33:27,SELL,0.1000,0.0000,0
2026.02.27 16:38:28,SELL,0.3000,-0.1000,0
2026.02.27 16:47:01,BUY,0.3000,0.0000,0
2026.02.27 16:54:28,BUY,0.0000,-0.1000,0
2026.02.27 16:59:29,BUY,0.3000,0.0000,0
2026.02.27 17:04:51,SELL,0.3000,0.1000,0
2026.02.27 17:38:25,SELL,0.2000,0.2000,0
2026.02.27 17:47:00,BUY,0.3000,-0.1000,1
2026.02.27 17:52:00,BUY,0.3000,0.1000,0
2026.02.27 18:04:12,SELL,0.3000,0.1000,0
2026.02.27 18:31:33,SELL,0.0000,-0.1000,0
2026.02.27 18:43:45,BUY,0.3000,0.1000,0
2026.02.27 19:09:16,SELL,0.2000,0.0000,0
2026.02.27 19:14:16,BUY,0.2000,0.0000,1
2026.02.27 22:57:35,BUY,0.3000,-0.1000,0
2026.02.27 23:58:51,SELL,1.4000,0.4000,0
2026.03.02 00:00:00,BUY,5.4000,-0.1000,1
2026.03.02 00:16:59,BUY,2.7000,0.2000,1
2026.03.02 00:23:26,SELL,2.7000,-0.2000,0
2026.03.02 00:32:16,SELL,2.7000,0.1000,1
2026.03.02 00:40:05,SELL,0.5000,0.0000,0
2026.03.02 01:00:00,BUY,1.8000,-0.3000,0
2026.03.02 01:08:42,SELL,0.3000,0.0000,0
2026.03.02 01:13:44,BUY,0.5000,0.1000,3
2026.03.02 01:23:11,BUY,0.3000,0.0000,0
2026.03.02 01:29:29,BUY,0.5000,-0.2000,0
2026.03.02 01:44:59,SELL,0.4000,0.0000,0
2026.03.02 01:49:59,BUY,0.4000,0.0000,1
2026.03.02 02:09:24,SELL,0.1000,0.0000,0
2026.03.02 02:18:14,SELL,0.1000,-0.1000,0
2026.03.02 02:27:51,BUY,0.5000,-0.1000,0
2026.03.02 02:59:21,SELL,0.0000,-0.3000,0
2026.03.02 03:10:21,SELL,0.2000,0.0000,0
2026.03.02 03:34:02,SELL,0.0000,-0.2000,0
2026.03.02 04:08:29,BUY,0.4000,0.0000,0
2026.03.02 07:59:29,BUY,0.5000,-0.1000,1
2026.03.02 08:04:29,BUY,0.4000,0.0000,0
2026.03.02 08:12:39,BUY,0.5000,0.0000,0
2026.03.02 08:22:56,BUY,0.0000,-0.1000,0
2026.03.02 08:40:20,BUY,0.4000,0.0000,1
2026.03.02 08:48:48,SELL,0.2000,-0.2000,0
2026.03.02 08:53:55,BUY,0.2000,0.0000,0
2026.03.02 09:03:23,BUY,0.4000,0.0000,1
2026.03.02 09:13:53,SELL,0.3000,0.1000,0
2026.03.02 09:18:53,BUY,0.4000,0.0000,0
2026.03.02 09:23:53,SELL,0.4000,-0.1000,0
2026.03.02 09:38:08,BUY,0.3000,-0.1000,0
2026.03.02 09:46:06,BUY,0.3000,0.1000,0
2026.03.02 09:58:37,SELL,0.3000,0.1000,0
2026.03.02 10:09:02,BUY,0.3000,0.1000,1
2026.03.02 10:17:01,BUY,0.2000,-0.2000,0
2026.03.02 10:22:01,BUY,0.3000,-0.3000,0
2026.03.02 10:38:36,BUY,0.3000,0.0000,1
2026.03.02 10:43:37,SELL,0.0000,0.0000,0
2026.03.02 10:49:24,SELL,0.3000,-0.1000,0
2026.03.02 10:54:25,SELL,0.3000,0.1000,5
2026.03.02 11:03:17,SELL,0.2000,0.0000,0
2026.03.02 11:09:21,SELL,0.1000,0.0000,0
2026.03.02 11:14:30,SELL,0.0000,-0.1000,0
2026.03.02 11:32:44,SELL,0.2000,0.0000,0
2026.03.02 11:51:34,BUY,0.3000,-0.2000,0
2026.03.02 12:00:51,SELL,0.2000,-0.1000,1
2026.03.02 12:16:47,SELL,0.0000,0.0000,0
2026.03.02 12:47:17,BUY,0.2000,0.0000,0
2026.03.02 13:19:26,BUY,0.3000,-0.1000,0
2026.03.02 13:48:05,SELL,0.0000,0.0000,0
2026.03.02 14:06:39,BUY,0.3000,0.1000,0
2026.03.02 14:19:03,BUY,0.3000,-0.1000,0
2026.03.02 14:44:18,BUY,0.2000,0.1000,0
2026.03.02 14:49:18,BUY,0.3000,0.1000,0
2026.03.02 15:00:59,SELL,0.0000,0.0000,0
2026.03.02 15:09:24,BUY,0.3000,0.1000,2
2026.03.02 15:14:24,SELL,0.0000,0.2000,0
2026.03.02 15:19:32,SELL,0.2000,0.0000,0
2026.03.02 15:26:47,SELL,0.2000,0.0000,0
2026.03.02 15:32:42,BUY,0.3000,0.0000,2
2026.03.02 15:37:42,BUY,0.3000,0.0000,0
2026.03.02 15:47:57,SELL,0.0000,0.0000,0
2026.03.02 16:05:22,SELL,0.1000,0.0000,0
2026.03.02 16:13:02,BUY,0.3000,-0.1000,1
2026.03.02 16:31:38,SELL,0.2000,0.0000,0
2026.03.02 16:51:42,SELL,0.3000,0.1000,0
2026.03.02 16:56:43,BUY,0.3000,0.1000,0
2026.03.02 17:02:11,BUY,0.3000,-0.2000,0
2026.03.02 17:07:25,BUY,0.3000,0.1000,0
2026.03.02 17:35:55,BUY,0.3000,0.0000,0
2026.03.02 17:44:13,SELL,0.3000,0.1000,0
2026.03.02 17:52:51,BUY,0.1000,0.3000,0
2026.03.02 17:57:51,BUY,0.2000,0.0000,0
2026.03.02 18:18:39,BUY,0.2000,0.2000,0
2026.03.02 18:24:44,SELL,0.1000,0.0000,0
2026.03.02 18:32:13,BUY,0.0000,-0.7000,0
2026.03.02 18:40:43,SELL,0.3000,0.0000,1
2026.03.02 18:55:49,SELL,0.0000,-0.1000,0
2026.03.02 19:23:12,SELL,0.3000,0.0000,1
2026.03.02 19:28:41,BUY,0.3000,-0.1000,0
2026.03.02 19:52:20,SELL,0.2000,0.1000,2
2026.03.02 20:02:44,BUY,0.3000,0.0000,0
2026.03.02 20:18:06,BUY,0.0000,0.1000,0
2026.03.02 20:49:18,SELL,0.2000,0.0000,0
2026.03.02 22:07:18,BUY,0.3000,0.0000,0
2026.03.02 22:12:20,BUY,0.3000,-0.1000,0
2026.03.02 22:17:20,SELL,0.2000,0.1000,0
2026.03.02 22:23:11,BUY,0.3000,0.0000,0
2026.03.02 22:29:22,BUY,0.2000,0.0000,0
2026.03.02 22:37:14,SELL,0.3000,0.1000,0
2026.03.02 22:48:31,BUY,0.3000,-0.1000,0
2026.03.03 02:04:31,BUY,0.4000,0.1000,1
2026.03.03 03:21:52,SELL,0.3000,0.0000,0
2026.03.03 04:02:16,BUY,0.2000,0.0000,0
2026.03.03 07:14:44,BUY,0.4000,0.0000,1
2026.03.03 07:34:46,BUY,0.4000,0.1000,0
2026.03.03 09:02:23,BUY,0.4000,-0.1000,0
2026.03.03 09:07:26,BUY,0.2000,0.0000,0
2026.03.03 09:18:52,SELL,0.3000,0.1000,0
2026.03.03 09:24:36,BUY,0.3000,-0.1000,0
2026.03.03 09:29:36,BUY,0.1000,0.0000,1
2026.03.03 09:41:32,BUY,0.1000,-0.2000,0
2026.03.03 09:57:53,BUY,0.3000,0.1000,0
2026.03.03 10:09:30,SELL,0.0000,0.0000,0
2026.03.03 10:14:30,BUY,0.3000,-0.1000,0
2026.03.03 10:31:14,SELL,0.3000,0.1000,0
2026.03.03 10:41:26,BUY,0.3000,-0.2000,0
2026.03.03 10:49:00,BUY,0.3000,0.1000,0
2026.03.03 10:54:36,SELL,0.0000,-0.1000,0
2026.03.03 11:03:49,SELL,0.2000,-0.2000,0
2026.03.03 11:18:26,BUY,0.3000,-0.1000,0
2026.03.03 11:23:26,BUY,0.3000,-0.1000,0
2026.03.03 11:32:56,BUY,0.3000,-0.1000,0
2026.03.03 11:42:24,BUY,0.2000,-0.1000,0
2026.03.03 11:47:53,BUY,0.3000,0.1000,0
2026.03.03 11:55:20,SELL,0.3000,0.1000,0
2026.03.03 12:02:26,SELL,0.3000,0.1000,2
2026.03.03 12:08:35,BUY,0.3000,-0.1000,0
2026.03.03 12:21:02,SELL,0.1000,0.0000,0
2026.03.03 12:38:00,BUY,0.3000,-0.1000,0
2026.03.03 12:43:00,SELL,0.2000,0.2000,0
2026.03.03 12:49:54,SELL,0.0000,0.0000,0
2026.03.03 12:56:47,BUY,0.3000,-0.1000,0
2026.03.03 13:05:47,SELL,0.2000,0.0000,0
2026.03.03 13:23:23,SELL,0.2000,0.1000,0
2026.03.03 13:28:54,BUY,0.3000,-0.1000,1
2026.03.03 13:37:00,SELL,0.3000,-0.4000,1
2026.03.03 13:46:25,SELL,0.2000,-0.1000,0
2026.03.03 13:55:58,BUY,0.2000,0.0000,0
2026.03.03 14:02:20,BUY,0.2000,0.0000,0
2026.03.03 14:07:20,SELL,0.2000,-0.1000,0
2026.03.03 14:21:05,SELL,0.0000,0.0000,0
2026.03.03 14:33:33,SELL,0.0000,0.0000,0
2026.03.03 14:39:04,SELL,0.2000,0.2000,0
2026.03.03 14:59:01,SELL,0.3000,0.1000,0
2026.03.03 15:04:01,BUY,0.2000,-0.1000,0
2026.03.03 15:43:24,BUY,0.3000,0.1000,0
2026.03.03 15:51:41,BUY,0.3000,0.1000,0
2026.03.03 16:01:18,SELL,0.3000,0.0000,0
2026.03.03 16:14:10,BUY,0.3000,0.1000,1
2026.03.03 16:24:53,BUY,0.3000,-0.3000,0
2026.03.03 16:31:08,SELL,0.3000,0.1000,0
2026.03.03 16:41:19,BUY,0.3000,0.1000,0
2026.03.03 16:46:59,SELL,0.1000,0.0000,0
2026.03.03 16:55:49,BUY,0.3000,-0.1000,0
2026.03.03 17:08:07,BUY,0.2000,-0.1000,0
2026.03.03 17:13:50,BUY,0.3000,-0.1000,0
2026.03.03 17:18:50,BUY,0.3000,0.1000,0
2026.03.03 17:23:50,SELL,0.2000,0.1000,0
2026.03.03 17:28:50,SELL,0.3000,-0.1000,0
2026.03.03 17:33:50,SELL,0.2000,0.0000,0
2026.03.03 17:38:50,SELL,0.2000,0.1000,0
2026.03.03 17:47:03,SELL,0.2000,-0.1000,0
2026.03.03 17:53:27,BUY,0.1000,0.0000,0
2026.03.03 18:04:02,SELL,0.0000,0.0000,0
2026.03.03 18:14:01,SELL,0.1000,0.0000,0
2026.03.03 18:24:02,SELL,0.2000,-0.1000,0
2026.03.03 18:29:02,BUY,0.3000,0.1000,0
2026.03.03 18:34:02,BUY,0.3000,0.1000,0
2026.03.03 18:39:02,SELL,0.0000,-0.5000,0
2026.03.03 18:44:55,SELL,0.4000,0.2000,1
2026.03.03 18:49:55,SELL,0.3000,0.0000,0
2026.03.03 19:01:04,BUY,0.0000,0.0000,0
2026.03.03 19:22:59,SELL,0.1000,0.0000,0
2026.03.03 19:28:01,SELL,0.3000,-0.1000,0
2026.03.03 19:33:01,BUY,0.1000,-0.1000,0
2026.03.03 19:48:41,SELL,0.1000,-0.2000,0
2026.03.03 19:53:41,BUY,0.3000,-0.1000,2
2026.03.03 20:01:15,SELL,0.3000,0.0000,0
2026.03.03 20:06:58,SELL,0.3000,0.1000,0
2026.03.03 20:33:29,SELL,0.1000,0.0000,0
2026.03.03 20:38:29,SELL,0.3000,0.0000,0
2026.03.03 20:54:14,BUY,0.3000,-0.1000,0
2026.03.03 21:07:48,BUY,0.3000,0.0000,1
2026.03.03 21:17:35,BUY,0.3000,-0.1000,0
2026.03.03 21:37:25,SELL,0.1000,-0.2000,0
2026.03.03 21:42:25,SELL,0.2000,0.2000,0
2026.03.03 21:48:49,BUY,0.3000,-0.1000,0
2026.03.03 21:57:06,BUY,0.3000,0.1000,0
2026.03.03 22:09:28,SELL,0.3000,-0.2000,1
2026.03.03 22:48:52,BUY,0.2000,0.0000,0
2026.03.04 02:03:26,BUY,0.3000,0.0000,0
2026.03.04 02:22:43,BUY,0.3000,0.0000,0
2026.03.04 03:17:57,BUY,0.4000,-0.1000,0
2026.03.04 03:24:16,BUY,0.4000,-0.1000,0
2026.03.04 03:36:28,SELL,0.3000,0.0000,0
2026.03.04 03:44:28,SELL,0.2000,-0.1000,0
2026.03.04 07:49:28,SELL,0.4000,-0.1000,2
2026.03.04 08:03:13,BUY,0.4000,0.0000,2
2026.03.04 08:26:08,SELL,0.3000,0.0000,0
2026.03.04 08:33:40,SELL,0.2000,0.0000,0
2026.03.04 09:16:48,SELL,0.2000,0.0000,0
2026.03.04 09:28:31,SELL,0.2000,0.0000,0
2026.03.04 09:53:19,BUY,0.3000,-0.1000,0
2026.03.04 09:59:50,BUY,0.3000,0.1000,0
2026.03.04 10:04:50,BUY,0.2000,0.1000,0
2026.03.04 10:12:19,BUY,0.0000,-0.1000,0
2026.03.04 10:28:39,BUY,0.3000,0.1000,0
2026.03.04 10:33:39,SELL,0.2000,0.1000,0
2026.03.04 10:49:38,SELL,0.0000,-0.1000,0
2026.03.04 10:56:15,BUY,0.3000,-0.1000,0
2026.03.04 11:02:18,BUY,0.3000,-0.1000,0
2026.03.04 11:11:46,SELL,0.3000,0.1000,1
2026.03.04 11:16:47,SELL,0.3000,0.0000,0
2026.03.04 11:54:04,BUY,0.1000,-0.1000,0
2026.03.04 12:01:04,SELL,0.3000,-0.1000,0
2026.03.04 12:08:18,SELL,0.0000,-0.1000,0
2026.03.04 12:13:18,BUY,0.0000,-0.1000,0
2026.03.04 12:18:18,BUY,0.2000,0.1000,0
2026.03.04 12:24:35,SELL,0.0000,-0.1000,0
2026.03.04 12:33:16,BUY,0.3000,0.0000,0
2026.03.04 12:44:51,SELL,0.1000,-0.1000,0
2026.03.04 12:52:48,BUY,0.3000,-0.1000,0
2026.03.04 13:12:21,SELL,0.3000,0.1000,0
2026.03.04 13:24:56,SELL,0.3000,-0.1000,0
2026.03.04 13:29:57,BUY,0.3000,-0.1000,0
2026.03.04 13:34:57,BUY,0.3000,-0.1000,1
2026.03.04 14:03:39,SELL,0.3000,-0.1000,0
2026.03.04 14:21:44,BUY,0.2000,0.1000,0
2026.03.04 14:26:59,BUY,0.3000,0.0000,0
2026.03.04 14:53:45,BUY,0.3000,0.1000,0
2026.03.04 14:58:45,BUY,0.3000,0.1000,0
2026.03.04 15:03:45,SELL,0.3000,-0.1000,0
2026.03.04 15:08:45,SELL,0.3000,0.1000,0
2026.03.04 15:17:04,BUY,0.3000,-0.3000,0
2026.03.04 15:23:43,BUY,0.3000,0.0000,0
2026.03.04 15:52:57,BUY,0.2000,-0.1000,0
2026.03.04 16:05:58,SELL,0.1000,0.0000,0
2026.03.04 16:18:34,SELL,0.2000,-0.1000,0
2026.03.04 16:23:34,BUY,0.2000,-0.1000,0
2026.03.04 16:35:23,BUY,0.3000,0.0000,0
2026.03.04 16:42:05,BUY,0.3000,0.0000,0
2026.03.04 16:48:04,BUY,0.3000,-0.1000,0
2026.03.04 17:00:51,BUY,0.3000,-0.3000,0
2026.03.04 17:08:27,SELL,0.3000,-0.1000,0
2026.03.04 17:17:47,SELL,0.1000,0.0000,0
2026.03.04 17:26:53,SELL,0.2000,0.0000,0
2026.03.04 17:52:28,SELL,0.0000,0.1000,0
2026.03.04 17:57:34,BUY,0.2000,0.0000,0
2026.03.04 18:04:38,SELL,0.0000,0.0000,0
2026.03.04 18:14:44,BUY,0.2000,0.0000,0
2026.03.04 18:19:52,BUY,0.3000,-0.1000,0
2026.03.04 18:24:52,BUY,0.3000,-0.1000,1
2026.03.04 19:04:04,SELL,0.0000,0.0000,0
2026.03.04 19:09:45,BUY,0.2000,0.0000,0
2026.03.04 19:21:32,BUY,0.3000,-0.1000,1
2026.03.04 19:48:20,SELL,0.2000,0.0000,0
2026.03.04 20:04:41,BUY,0.3000,0.0000,0
2026.03.04 21:04:31,SELL,0.2000,0.2000,1
2026.03.04 21:29:52,SELL,0.3000,0.0000,0
2026.03.04 21:59:07,SELL,0.1000,-0.1000,0
2026.03.05 00:04:14,BUY,2.7000,0.1000,0
2026.03.05 01:03:58,SELL,0.0000,-0.1000,1
2026.03.05 03:02:01,BUY,0.2000,0.0000,0
2026.03.05 03:32:45,BUY,0.4000,-0.1000,0
2026.03.05 03:37:46,BUY,0.2000,0.1000,0
2026.03.05 03:43:50,BUY,0.4000,0.1000,1
2026.03.05 04:23:04,BUY,0.4000,0.1000,0
2026.03.05 05:12:27,BUY,0.4000,0.1000,0
2026.03.05 06:29:53,BUY,0.4000,-0.1000,0
2026.03.05 08:08:54,BUY,0.4000,0.0000,0
2026.03.05 08:49:47,SELL,0.1000,0.0000,0
2026.03.05 08:54:47,BUY,0.2000,0.0000,0
2026.03.05 09:11:05,SELL,0.2000,0.0000,0
2026.03.05 09:53:54,BUY,0.2000,-0.2000,0
2026.03.05 10:01:20,BUY,0.3000,0.1000,0
2026.03.05 10:08:34,SELL,0.1000,0.0000,0
2026.03.05 10:16:43,SELL,0.0000,-0.1000,0
2026.03.05 10:22:33,BUY,0.1000,0.0000,0
2026.03.05 10:29:18,BUY,0.1000,0.3000,0
2026.03.05 10:38:49,SELL,0.3000,0.0000,4
2026.03.05 11:03:45,SELL,0.2000,-0.2000,0
2026.03.05 11:08:45,SELL,0.1000,0.1000,0
2026.03.05 11:14:50,SELL,0.3000,0.1000,0
2026.03.05 11:19:50,BUY,0.2000,0.1000,0
2026.03.05 11:24:50,SELL,0.3000,0.1000,0
2026.03.05 11:29:51,BUY,0.1000,0.1000,0
2026.03.05 11:34:51,BUY,0.3000,0.1000,0
2026.03.05 11:39:54,BUY,0.3000,-0.1000,1
2026.03.05 11:44:57,SELL,0.2000,0.1000,0
2026.03.05 11:54:20,BUY,0.3000,-0.1000,0
2026.03.05 11:59:20,SELL,0.3000,-0.1000,1
2026.03.05 12:08:43,SELL,0.1000,-0.1000,0
2026.03.05 12:31:53,BUY,0.2000,0.3000,0
2026.03.05 12:42:00,BUY,0.3000,0.0000,0
2026.03.05 13:03:44,SELL,0.0000,0.0000,0
2026.03.05 14:19:28,SELL,0.2000,0.0000,0
2026.03.05 14:33:06,SELL,0.3000,-0.1000,0
2026.03.05 14:49:30,BUY,0.3000,-0.1000,1
2026.03.05 14:56:19,SELL,0.2000,0.0000,0
2026.03.05 15:11:43,SELL,0.1000,0.0000,0
2026.03.05 15:22:53,BUY,0.3000,-0.1000,0
2026.03.05 15:31:41,BUY,0.3000,-0.2000,1
2026.03.05 15:36:41,BUY,0.2000,0.0000,0
2026.03.05 15:48:17,BUY,0.3000,-0.2000,0
2026.03.05 15:54:22,SELL,0.3000,0.1000,0
2026.03.05 16:03:19,SELL,0.2000,0.0000,0
2026.03.05 16:13:13,BUY,0.3000,-0.1000,0
2026.03.05 16:33:44,SELL,0.3000,0.1000,0
2026.03.05 16:38:45,BUY,0.3000,-0.5000,1
2026.03.05 16:48:04,SELL,0.2000,-0.2000,0
2026.03.05 16:56:48,SELL,0.3000,-0.2000,0
2026.03.05 17:02:07,SELL,0.2000,-0.1000,0
2026.03.05 17:07:30,BUY,0.3000,0.1000,0
2026.03.05 17:16:46,BUY,0.3000,-0.1000,0
2026.03.05 17:24:28,BUY,0.3000,-0.1000,0
2026.03.05 17:29:28,BUY,0.2000,0.1000,0
2026.03.05 17:36:46,BUY,0.1000,0.2000,0
2026.03.05 17:41:51,SELL,0.2000,0.0000,0
2026.03.05 17:51:35,SELL,0.3000,-0.2000,3
2026.03.05 17:57:52,SELL,0.0000,0.0000,0
2026.03.05 18:04:41,BUY,0.3000,0.0000,0
2026.03.05 18:09:41,BUY,0.0000,0.3000,0
2026.03.05 18:14:41,SELL,0.1000,0.2000,0
2026.03.05 18:19:58,BUY,0.3000,0.0000,0
2026.03.05 18:24:58,BUY,0.3000,0.1000,0
2026.03.05 18:31:56,SELL,0.1000,-0.2000,0
2026.03.05 18:37:46,SELL,0.2000,0.0000,0
2026.03.05 18:43:38,SELL,0.3000,-0.2000,1
2026.03.05 18:51:57,BUY,0.3000,0.1000,1
2026.03.05 18:56:57,SELL,0.3000,-0.1000,0
2026.03.05 19:07:31,BUY,0.3000,0.0000,1
2026.03.05 19:22:25,SELL,0.2000,0.1000,0
2026.03.05 19:27:25,BUY,0.2000,0.1000,0
2026.03.05 19:32:25,BUY,0.3000,0.0000,0
2026.03.05 19:37:38,SELL,0.2000,-0.1000,0
2026.03.05 19:42:38,BUY,0.3000,-0.1000,0
2026.03.05 19:47:59,BUY,0.2000,-0.1000,0
2026.03.05 19:56:26,SELL,0.1000,-0.1000,0
2026.03.05 20:17:16,BUY,0.2000,-0.1000,0
2026.03.05 20:22:38,SELL,0.0000,-0.1000,0
2026.03.05 20:27:38,BUY,0.3000,-0.1000,0
2026.03.05 20:46:02,BUY,0.3000,-0.1000,0
2026.03.05 21:17:36,BUY,0.3000,-0.1000,0
2026.03.05 21:27:39,BUY,0.1000,0.0000,0
2026.03.05 21:32:41,BUY,0.2000,-0.1000,0
2026.03.05 21:42:28,SELL,0.0000,0.0000,0
2026.03.05 22:04:51,SELL,0.3000,0.1000,0
2026.03.05 22:09:51,SELL,0.1000,-0.1000,0
2026.03.05 22:14:51,SELL,0.2000,0.1000,0
2026.03.05 22:19:53,BUY,0.3000,-0.1000,1
2026.03.05 22:24:53,SELL,0.2000,0.0000,0
2026.03.05 22:47:54,BUY,0.3000,-0.1000,0
2026.03.05 22:55:51,BUY,0.3000,0.1000,0
2026.03.06 03:24:11,BUY,0.4000,-0.1000,1
2026.03.06 03:34:28,SELL,0.3000,-0.2000,0
2026.03.06 07:46:19,BUY,0.4000,0.1000,0
2026.03.06 08:48:46,SELL,0.3000,0.0000,0
2026.03.06 09:18:08,SELL,0.1000,0.0000,0
2026.03.06 09:23:08,SELL,0.3000,0.0000,0
2026.03.06 10:03:01,BUY,0.1000,0.1000,0
2026.03.06 10:13:02,BUY,0.1000,-0.1000,0
2026.03.06 10:19:23,BUY,0.1000,-0.1000,1
2026.03.06 10:56:05,BUY,0.1000,-0.1000,0
2026.03.06 11:03:41,BUY,0.1000,-0.1000,1
2026.03.06 11:52:56,BUY,0.1000,0.0000,1
2026.03.06 12:03:46,SELL,0.0000,0.1000,0
2026.03.06 12:29:26,SELL,0.0000,-0.2000,0
2026.03.06 12:37:02,SELL,0.1000,-0.1000,1
2026.03.06 12:43:24,BUY,0.1000,-0.2000,1
2026.03.06 13:08:53,BUY,0.0000,0.0000,0
2026.03.06 13:13:53,SELL,0.1000,0.0000,0
2026.03.06 13:18:53,BUY,0.1000,0.0000,0
2026.03.06 13:43:23,BUY,0.0000,-0.2000,0
2026.03.06 14:17:39,SELL,0.1000,-0.1000,0
2026.03.06 14:23:54,BUY,0.1000,-0.1000,0
2026.03.06 14:34:45,SELL,0.0000,0.1000,0
2026.03.06 14:49:12,BUY,0.1000,-0.2000,1
2026.03.06 14:57:55,BUY,0.1000,0.1000,0
2026.03.06 15:03:00,SELL,0.0000,0.0000,0
2026.03.06 15:08:00,SELL,0.1000,0.0000,2
2026.03.06 15:30:01,SELL,0.0000,-5.8000,0
2026.03.06 15:35:51,BUY,0.1000,0.2000,0
2026.03.06 15:40:51,BUY,0.0000,0.0000,0
2026.03.06 15:45:51,BUY,0.1000,-0.1000,0
2026.03.06 15:50:54,BUY,0.0000,-0.3000,0
2026.03.06 15:55:55,BUY,0.1000,-0.1000,0
2026.03.06 16:01:39,SELL,0.0000,0.1000,0
2026.03.06 16:06:40,BUY,0.0000,-0.6000,0
2026.03.06 16:11:40,SELL,0.0000,-0.1000,0
2026.03.06 16:18:02,BUY,0.0000,0.1000,0
2026.03.06 16:28:08,SELL,0.0000,0.0000,0
2026.03.06 16:33:08,SELL,0.1000,-0.1000,0
2026.03.06 16:38:08,BUY,0.0000,0.1000,0
2026.03.06 16:43:09,SELL,0.0000,0.1000,0
2026.03.06 16:51:43,SELL,0.0000,-0.1000,0
2026.03.06 17:00:15,SELL,0.0000,-0.1000,1
2026.03.06 17:05:33,BUY,0.1000,-0.1000,0
2026.03.06 17:13:01,SELL,0.0000,-0.2000,0
2026.03.06 17:19:38,BUY,0.0000,0.0000,0
2026.03.06 17:24:40,SELL,0.0000,0.1000,0
2026.03.06 17:29:40,BUY,0.0000,-0.1000,0
2026.03.06 17:34:40,SELL,0.0000,0.0000,0
2026.03.06 17:41:06,BUY,0.0000,-0.1000,1
2026.03.06 17:48:02,BUY,0.1000,0.2000,0
2026.03.06 17:56:10,SELL,0.0000,0.1000,0
2026.03.06 18:03:39,SELL,0.0000,-0.1000,0
2026.03.06 18:08:39,SELL,0.0000,0.1000,0
2026.03.06 18:13:39,BUY,0.1000,0.1000,0
2026.03.06 18:18:39,SELL,0.0000,0.1000,0
2026.03.06 18:23:39,BUY,0.2000,0.0000,0
2026.03.06 18:36:31,SELL,0.1000,0.0000,0
2026.03.06 18:52:37,SELL,0.0000,0.1000,0
2026.03.06 19:06:56,BUY,0.1000,-0.1000,0
2026.03.06 19:19:46,SELL,0.0000,0.0000,0
2026.03.06 19:25:45,BUY,0.1000,-0.1000,1
2026.03.06 19:33:19,SELL,0.0000,0.1000,0
2026.03.06 19:39:04,BUY,0.0000,-0.1000,0
2026.03.06 20:01:21,SELL,0.0000,-0.1000,0
2026.03.06 20:06:21,SELL,0.1000,0.0000,0
2026.03.06 20:12:30,SELL,0.0000,0.5000,0
2026.03.06 20:18:10,SELL,0.0000,0.0000,0
2026.03.06 20:23:10,BUY,0.0000,0.1000,0
2026.03.06 20:28:57,BUY,0.0000,-0.2000,0
2026.03.06 20:37:22,BUY,0.4000,0.1000,0
2026.03.06 20:54:27,BUY,0.1000,0.1000,0
2026.03.06 20:59:27,SELL,0.1000,0.1000,1
2026.03.06 21:07:08,SELL,0.0000,-0.1000,0
2026.03.06 21:22:54,BUY,0.3000,-0.1000,1
2026.03.06 21:54:00,SELL,0.1000,0.1000,0
2026.03.06 21:59:31,BUY,0.1000,0.0000,0
2026.03.06 22:39:11,SELL,0.0000,0.2000,0
2026.03.06 22:48:30,SELL,0.1000,0.2000,0
2026.03.06 23:03:19,SELL,0.3000,0.0000,0
2026.03.06 23:58:14,SELL,0.6000,0.2000,0
2026.03.09 00:00:00,BUY,1.9000,0.2000,0
2026.03.09 00:07:15,BUY,1.5000,0.0000,0
2026.03.09 00:17:01,SELL,1.1000,0.0000,1
2026.03.09 00:22:01,SELL,0.7000,-0.1000,2
2026.03.09 00:33:49,BUY,1.4000,-0.6000,0
2026.03.09 00:39:07,SELL,0.4000,-0.4000,0
2026.03.09 00:44:07,BUY,1.4000,-0.3000,0
2026.03.09 00:49:08,SELL,1.9000,-0.1000,0
2026.03.09 01:20:13,BUY,0.3000,0.0000,0
2026.03.09 01:32:23,SELL,0.0000,-0.2000,0
2026.03.09 01:39:41,BUY,0.2000,0.0000,0
2026.03.09 02:33:47,SELL,0.2000,-0.1000,1
2026.03.09 02:46:36,BUY,0.2000,0.4000,1
2026.03.09 03:01:07,BUY,0.3000,0.0000,0
2026.03.09 03:07:18,SELL,0.2000,-0.1000,0
2026.03.09 03:32:50,SELL,0.0000,-0.2000,0
2026.03.09 03:52:02,BUY,0.2000,-0.1000,1
2026.03.09 04:06:00,SELL,0.2000,0.1000,0
2026.03.09 04:17:38,BUY,0.2000,0.0000,1
2026.03.09 04:22:38,SELL,0.3000,0.1000,1
2026.03.09 04:37:52,SELL,0.0000,-0.1000,0
2026.03.09 04:42:55,SELL,0.0000,-0.1000,0
2026.03.09 05:12:39,BUY,0.4000,0.0000,2
2026.03.09 06:08:24,SELL,0.0000,0.0000,0
2026.03.09 06:33:25,SELL,0.1000,0.2000,0
2026.03.09 07:06:22,SELL,0.1000,0.0000,0
2026.03.09 07:21:11,SELL,0.1000,-0.3000,0
2026.03.09 07:26:19,BUY,0.2000,-0.1000,0
2026.03.09 07:31:19,SELL,0.0000,0.2000,0
2026.03.09 07:39:15,BUY,0.2000,0.1000,0
2026.03.09 07:44:15,SELL,0.1000,0.1000,0
2026.03.09 07:49:15,SELL,0.2000,-0.1000,0
2026.03.09 07:54:15,SELL,0.3000,0.0000,0
2026.03.09 08:02:25,BUY,0.5000,0.0000,0
2026.03.09 08:09:56,SELL,0.1000,0.1000,1
2026.03.09 08:14:56,BUY,0.1000,0.1000,0
2026.03.09 08:24:41,BUY,0.1000,0.1000,0
2026.03.09 08:30:56,SELL,0.1000,0.1000,0
2026.03.09 08:46:42,BUY,0.1000,0.1000,0
2026.03.09 08:52:44,BUY,0.2000,0.0000,0
2026.03.09 09:00:15,SELL,0.0000,0.2000,0
2026.03.09 09:05:48,BUY,0.4000,0.1000,0
2026.03.09 09:10:48,BUY,0.0000,0.0000,0
2026.03.09 09:17:29,BUY,0.2000,0.3000,0
2026.03.09 09:23:14,SELL,0.0000,-0.1000,0
2026.03.09 09:29:59,SELL,0.0000,0.1000,0
2026.03.09 09:34:59,SELL,0.0000,0.1000,0
2026.03.09 09:43:11,BUY,0.0000,-0.1000,0
2026.03.09 10:04:51,BUY,0.0000,-0.2000,0
2026.03.09 10:11:13,BUY,0.0000,-0.1000,0
2026.03.09 10:16:16,BUY,0.2000,0.0000,0
2026.03.09 10:21:53,BUY,0.1000,-0.1000,0
2026.03.09 10:27:58,BUY,0.0000,-0.1000,0
2026.03.09 10:34:18,BUY,0.1000,-0.1000,0
2026.03.09 10:42:05,SELL,0.0000,-0.1000,0
2026.03.09 10:52:58,BUY,0.0000,-0.1000,0
2026.03.09 10:59:30,SELL,0.1000,-0.1000,0
2026.03.09 11:12:18,SELL,0.0000,0.0000,0
2026.03.09 11:17:19,SELL,0.0000,0.0000,0
2026.03.09 11:22:20,SELL,0.0000,-0.1000,0
2026.03.09 11:32:33,SELL,0.0000,0.1000,0
2026.03.09 11:37:33,BUY,0.1000,0.0000,0
2026.03.09 11:45:42,SELL,0.0000,0.1000,0
2026.03.09 11:52:04,SELL,0.0000,0.0000,0
2026.03.09 12:01:43,SELL,0.1000,-0.2000,0
2026.03.09 12:06:57,SELL,0.0000,0.0000,0
2026.03.09 12:14:37,BUY,0.4000,-0.1000,0
2026.03.09 12:25:43,SELL,0.0000,0.0000,1
2026.03.09 12:36:17,BUY,0.1000,-0.1000,0
2026.03.09 12:44:38,SELL,0.1000,-0.1000,0
2026.03.09 12:49:38,BUY,0.1000,0.1000,0
2026.03.09 13:04:57,SELL,0.0000,-0.2000,0
2026.03.09 13:21:07,BUY,0.1000,0.1000,0
2026.03.09 13:44:32,BUY,0.1000,-0.1000,0
2026.03.09 13:53:05,SELL,0.0000,0.0000,0
2026.03.09 13:58:05,BUY,0.1000,0.1000,1
2026.03.09 14:03:07,SELL,0.1000,-0.1000,0
2026.03.09 15:10:55,SELL,0.0000,-0.1000,0
2026.03.09 15:25:31,SELL,0.0000,0.1000,0
2026.03.09 15:30:54,SELL,0.0000,-0.1000,0
2026.03.09 15:39:54,BUY,0.1000,0.1000,0
2026.03.09 15:53:54,BUY,0.1000,-0.1000,0
2026.03.09 16:03:45,BUY,0.1000,-0.1000,0
2026.03.09 16:08:45,BUY,0.0000,0.1000,0
2026.03.09 16:16:39,SELL,0.0000,-0.1000,0
2026.03.09 16:22:25,SELL,0.0000,0.0000,0
2026.03.09 16:43:35,SELL,0.0000,0.0000,0
2026.03.09 16:51:48,SELL,0.0000,0.0000,0
2026.03.09 17:01:38,SELL,0.0000,0.0000,0
2026.03.09 17:18:12,BUY,0.1000,-0.1000,0
2026.03.09 17:23:12,SELL,0.1000,0.0000,1
2026.03.09 17:54:47,SELL,0.1000,0.1000,0
2026.03.09 18:03:47,SELL,0.1000,-0.1000,1
2026.03.09 18:21:54,BUY,0.1000,-0.1000,0
2026.03.09 18:33:45,SELL,0.0000,-0.2000,0
2026.03.09 18:57:53,BUY,0.1000,-0.1000,0
2026.03.09 20:12:56,SELL,0.0000,0.0000,1
2026.03.09 21:03:52,SELL,0.1000,0.1000,0
2026.03.09 21:19:14,SELL,0.1000,-0.2000,0
2026.03.09 21:24:14,SELL,0.0000,0.1000,0
2026.03.09 21:30:21,BUY,0.1000,0.1000,0
2026.03.09 21:38:12,SELL,0.1000,-0.1000,0
2026.03.09 21:43:21,BUY,0.1000,0.2000,0
2026.03.09 21:48:21,SELL,0.1000,-0.1000,0
2026.03.09 21:53:21,BUY,0.0000,0.3000,0
2026.03.09 21:58:22,BUY,0.0000,-0.3000,0
2026.03.09 22:03:26,SELL,0.0000,-0.2000,0
2026.03.09 22:44:35,SELL,0.1000,0.1000,1
2026.03.09 22:57:05,SELL,0.1000,0.2000,1
2026.03.10 00:08:22,SELL,0.1000,0.1000,0
2026.03.10 00:14:48,SELL,0.0000,-0.1000,0
2026.03.10 00:19:48,BUY,0.1000,-0.1000,0
2026.03.10 00:24:49,BUY,0.1000,-0.1000,0
2026.03.10 00:39:29,BUY,0.1000,-0.3000,0
2026.03.10 00:48:56,SELL,0.1000,0.1000,0
2026.03.10 01:01:51,BUY,0.1000,-0.1000,0
2026.03.10 01:08:36,SELL,0.0000,-0.1000,0
2026.03.10 01:44:24,BUY,0.1000,0.0000,0
2026.03.10 02:18:27,SELL,0.1000,0.1000,0
2026.03.10 02:36:14,SELL,0.0000,0.0000,0
2026.03.10 02:42:07,BUY,0.0000,0.1000,0
2026.03.10 02:47:21,BUY,0.1000,-0.1000,0
2026.03.10 03:27:52,BUY,0.1000,0.1000,0
2026.03.10 03:57:24,SELL,0.0000,0.0000,0
2026.03.10 04:37:43,BUY,0.1000,0.1000,2
2026.03.10 07:03:34,SELL,0.0000,0.0000,0
2026.03.10 08:38:45,SELL,0.1000,0.1000,1
2026.03.10 09:11:51,BUY,0.1000,-0.1000,0
2026.03.10 09:17:05,SELL,0.0000,0.2000,0
2026.03.10 09:24:24,SELL,0.0000,0.0000,0
2026.03.10 09:29:27,SELL,0.0000,0.0000,0
2026.03.10 09:37:40,SELL,0.0000,-0.1000,0
2026.03.10 09:49:42,SELL,0.1000,0.1000,0
2026.03.10 10:03:09,BUY,0.1000,0.0000,0
2026.03.10 10:08:21,BUY,0.1000,-0.1000,1
2026.03.10 10:23:40,SELL,0.0000,0.1000,0
2026.03.10 10:51:04,BUY,0.1000,0.1000,0
2026.03.10 10:57:13,BUY,0.1000,-0.2000,0
2026.03.10 11:04:51,SELL,0.0000,0.0000,0
2026.03.10 11:13:11,SELL,0.0000,0.0000,0
2026.03.10 11:47:09,BUY,0.0000,-0.1000,1
2026.03.10 12:03:49,BUY,0.4000,0.0000,0
2026.03.10 12:32:07,BUY,0.4000,0.1000,0
2026.03.10 12:37:07,BUY,0.1000,0.2000,0
2026.03.10 12:42:46,SELL,0.0000,-0.1000,0
2026.03.10 12:59:38,SELL,0.1000,-0.1000,0
2026.03.10 13:04:38,SELL,0.0000,-0.1000,0
2026.03.10 13:09:41,BUY,0.1000,-0.1000,1
2026.03.10 13:19:29,BUY,0.1000,0.1000,0
2026.03.10 13:28:03,BUY,0.1000,0.1000,1
2026.03.10 13:55:56,BUY,0.0000,-0.1000,0
2026.03.10 14:03:46,BUY,0.4000,0.1000,1
2026.03.10 14:08:46,BUY,0.1000,-0.1000,0
2026.03.10 14:40:52,SELL,0.1000,-0.1000,0
2026.03.10 14:45:52,SELL,0.1000,0.1000,0
2026.03.10 14:58:01,BUY,0.0000,0.1000,1
2026.03.10 15:03:07,SELL,0.0000,0.1000,0
2026.03.10 15:23:35,SELL,0.0000,0.0000,0
2026.03.10 15:33:25,BUY,0.0000,0.2000,0
2026.03.10 15:41:44,BUY,0.0000,0.1000,0
2026.03.10 15:46:53,BUY,0.0000,0.1000,0
2026.03.10 15:52:24,BUY,0.1000,0.1000,0
2026.03.10 16:17:58,SELL,0.0000,0.0000,0
2026.03.10 16:30:27,SELL,0.1000,-0.1000,0
2026.03.10 16:43:46,SELL,0.1000,-0.1000,0
2026.03.10 16:48:46,BUY,0.1000,-0.1000,0
2026.03.10 16:54:08,SELL,0.0000,0.0000,0
2026.03.10 17:08:25,BUY,0.1000,-0.1000,0
2026.03.10 17:16:11,BUY,0.1000,-0.1000,0
2026.03.10 17:42:21,SELL,0.1000,0.0000,1
2026.03.10 17:49:43,BUY,0.1000,0.0000,0
2026.03.10 18:03:33,BUY,0.1000,0.0000,0
2026.03.10 18:32:40,SELL,0.0000,0.0000,0
2026.03.10 18:52:06,SELL,0.0000,-0.1000,1
2026.03.10 19:08:00,SELL,0.1000,0.1000,0
2026.03.10 19:13:02,BUY,0.1000,-0.1000,0
2026.03.10 19:18:02,SELL,0.0000,0.1000,0
2026.03.10 19:33:42,BUY,0.1000,-0.2000,0
2026.03.10 19:38:42,BUY,0.1000,-0.2000,0
2026.03.10 20:09:26,BUY,0.1000,0.1000,0
2026.03.10 20:14:26,BUY,0.1000,0.1000,0
2026.03.10 20:19:26,BUY,0.0000,0.1000,0
2026.03.10 20:24:26,SELL,0.1000,0.1000,0
2026.03.10 20:29:26,SELL,0.1000,0.1000,0
2026.03.10 20:35:16,BUY,0.0000,-0.1000,0
2026.03.10 20:47:10,SELL,0.0000,0.1000,0
2026.03.10 21:21:29,BUY,0.1000,-0.1000,0
2026.03.10 21:26:36,BUY,0.1000,-0.1000,0
2026.03.10 21:40:32,BUY,0.0000,-1.0000,0
2026.03.10 21:49:05,BUY,0.1000,-0.1000,0
2026.03.11 00:09:43,BUY,0.0000,-0.1000,0
2026.03.11 02:09:39,SELL,0.0000,-0.1000,0
2026.03.11 02:14:39,SELL,0.1000,0.0000,3
2026.03.11 03:03:43,BUY,0.1000,-0.1000,0
2026.03.11 04:48:53,SELL,0.0000,0.2000,1
2026.03.11 08:48:52,BUY,0.1000,0.0000,0
2026.03.11 09:15:04,SELL,0.0000,0.1000,0
2026.03.11 09:20:43,BUY,0.0000,-0.1000,0
2026.03.11 09:34:08,BUY,0.1000,-0.2000,2
2026.03.11 09:43:44,BUY,0.1000,0.0000,1
2026.03.11 09:58:09,BUY,0.1000,0.0000,0
2026.03.11 10:12:31,SELL,0.0000,0.1000,0
2026.03.11 10:18:00,BUY,0.1000,0.1000,0
2026.03.11 10:59:07,SELL,0.0000,-0.1000,0
2026.03.11 11:04:07,BUY,0.0000,0.0000,0
2026.03.11 11:09:19,SELL,0.0000,0.1000,0
2026.03.11 11:18:45,BUY,0.1000,-0.1000,0
2026.03.11 11:27:17,BUY,0.1000,-0.1000,0
2026.03.11 11:32:41,SELL,0.1000,-0.1000,2
2026.03.11 11:37:46,BUY,0.1000,0.1000,1
2026.03.11 11:54:57,BUY,0.6000,0.3000,1
2026.03.11 12:04:35,SELL,0.1000,0.1000,0
2026.03.11 13:19:18,BUY,0.0000,-0.1000,0
2026.03.11 13:46:02,BUY,0.1000,0.0000,0
2026.03.11 13:58:32,BUY,0.0000,-0.1000,0
2026.03.11 14:18:01,SELL,0.0000,0.0000,0
2026.03.11 14:30:58,BUY,0.0000,-0.1000,0
2026.03.11 14:36:17,SELL,0.0000,0.1000,1
2026.03.11 14:41:32,BUY,0.0000,0.0000,0
2026.03.11 14:46:32,BUY,0.2000,0.0000,0
2026.03.11 14:51:40,BUY,0.1000,0.1000,0
2026.03.11 15:01:34,SELL,0.0000,-0.1000,0
2026.03.11 15:27:20,BUY,0.7000,0.0000,0
2026.03.11 15:33:37,BUY,0.1000,-0.1000,0
2026.03.11 15:39:10,SELL,0.0000,0.0000,0
2026.03.11 15:44:11,BUY,0.1000,-0.2000,1
2026.03.11 15:53:07,SELL,0.1000,-0.1000,0
2026.03.11 15:58:57,SELL,0.0000,-0.1000,0
2026.03.11 16:04:39,SELL,0.0000,-0.1000,0
2026.03.11 16:34:06,BUY,0.0000,-0.2000,0
2026.03.11 16:43:18,BUY,0.1000,0.0000,0
2026.03.11 16:49:06,SELL,0.0000,0.0000,0
2026.03.11 16:59:29,BUY,0.1000,0.1000,0
2026.03.11 17:53:06,SELL,0.0000,0.2000,0
2026.03.11 17:58:28,BUY,0.0000,0.0000,0
2026.03.11 18:14:00,SELL,0.1000,-0.1000,1
2026.03.11 18:32:07,SELL,0.1000,0.1000,0
2026.03.11 18:38:47,BUY,0.1000,0.1000,0
2026.03.11 19:37:38,BUY,0.0000,0.0000,0
2026.03.11 23:56:51,SELL,0.0000,0.1000,0
2026.03.12 00:28:33,BUY,0.1000,0.2000,0
2026.03.12 02:07:49,BUY,0.1000,0.1000,1
2026.03.12 02:39:52,SELL,0.0000,0.1000,0
2026.03.12 03:04:07,SELL,0.0000,-0.1000,0
2026.03.12 03:54:44,BUY,0.0000,-0.2000,0
2026.03.12 07:03:09,SELL,0.0000,0.0000,0
2026.03.12 07:09:51,SELL,0.0000,0.0000,0
2026.03.12 08:14:19,BUY,0.1000,0.1000,0
2026.03.12 08:53:29,BUY,0.1000,0.1000,3
2026.03.12 09:34:17,BUY,0.1000,-0.1000,0
2026.03.12 09:48:55,BUY,0.1000,-0.1000,0
2026.03.12 10:54:31,BUY,0.1000,-0.1000,0
2026.03.12 12:17:16,BUY,0.1000,0.1000,0
2026.03.12 12:30:48,SELL,0.0000,-0.1000,0
2026.03.12 13:37:44,SELL,0.0000,0.7000,0
2026.03.12 13:52:03,BUY,0.1000,0.0000,1
2026.03.12 14:04:32,BUY,0.1000,-0.1000,0
2026.03.12 14:09:32,BUY,0.1000,-0.1000,0
2026.03.12 14:19:27,BUY,0.1000,0.1000,0
2026.03.12 14:33:23,BUY,0.1000,0.0000,1
2026.03.12 15:03:02,SELL,0.0000,0.0000,0
2026.03.12 15:14:25,BUY,0.1000,-0.1000,0
2026.03.12 15:19:25,BUY,0.0000,-0.1000,0
2026.03.12 15:24:37,SELL,0.0000,0.0000,0
2026.03.12 15:32:10,BUY,0.1000,-0.1000,0
2026.03.12 15:47:19,BUY,0.0000,-0.1000,0
2026.03.12 16:00:24,SELL,0.0000,0.0000,0
2026.03.12 16:06:47,BUY,0.1000,0.0000,0
2026.03.12 16:18:57,BUY,0.0000,-0.1000,0
2026.03.12 16:44:14,SELL,0.1000,-0.1000,0
2026.03.12 16:49:14,BUY,0.0000,0.2000,0
2026.03.12 16:54:44,SELL,0.1000,-0.1000,0
2026.03.12 17:00:40,BUY,0.1000,-0.1000,0
2026.03.12 17:24:55,SELL,0.0000,0.0000,1
2026.03.12 17:39:52,SELL,0.0000,-0.1000,0
2026.03.12 17:55:51,BUY,0.1000,-0.1000,0
2026.03.12 18:08:21,BUY,0.1000,-0.1000,0
2026.03.12 18:14:47,SELL,0.0000,0.0000,0
2026.03.12 18:21:23,SELL,0.0000,-0.1000,0
2026.03.12 18:27:59,BUY,0.1000,0.0000,1
2026.03.12 18:39:03,SELL,0.0000,-0.3000,0
2026.03.12 18:46:58,BUY,0.1000,0.1000,1
2026.03.12 19:04:03,SELL,0.0000,-0.1000,0
2026.03.12 19:23:02,SELL,0.0000,0.0000,0
2026.03.13 00:00:06,SELL,0.0000,1.0000,1
2026.03.13 02:04:18,SELL,0.0000,0.2000,0
2026.03.13 08:59:11,BUY,0.1000,0.0000,0
2026.03.13 09:22:07,BUY,0.0000,-0.1000,0
2026.03.13 09:44:21,BUY,0.1000,-0.1000,0
2026.03.13 09:49:22,BUY,0.1000,0.1000,0
2026.03.13 10:01:30,BUY,0.0000,0.1000,0
2026.03.13 10:07:02,BUY,0.1000,0.1000,0
2026.03.13 10:12:43,BUY,0.1000,0.1000,0
2026.03.13 10:19:09,BUY,0.0000,0.0000,0
2026.03.13 10:24:22,SELL,0.0000,0.0000,0
2026.03.13 10:32:07,SELL,0.0000,-0.2000,0
2026.03.13 10:43:52,BUY,0.1000,-0.1000,0
2026.03.13 11:02:56,SELL,0.0000,-0.1000,0
2026.03.13 11:17:21,BUY,0.1000,-0.1000,0
2026.03.13 11:29:34,SELL,0.1000,0.1000,1
2026.03.13 11:44:42,BUY,0.1000,-0.1000,0
2026.03.13 12:02:38,SELL,0.0000,-0.1000,0
2026.03.13 12:28:08,BUY,0.4000,0.0000,0
2026.03.13 12:46:44,BUY,0.1000,0.0000,1
2026.03.13 12:54:16,BUY,0.0000,0.0000,0
2026.03.13 13:01:07,SELL,0.1000,-0.1000,0
2026.03.13 13:08:18,BUY,0.1000,-0.1000,0
2026.03.13 13:17:28,SELL,0.0000,0.0000,0
2026.03.13 13:38:37,BUY,0.1000,-0.1000,1
2026.03.13 13:44:47,SELL,0.0000,-0.1000,1
2026.03.13 14:08:15,BUY,0.1000,-0.1000,0
2026.03.13 14:27:02,SELL,0.1000,0.1000,0
2026.03.13 14:45:12,SELL,0.0000,-0.1000,0
2026.03.13 14:52:44,BUY,0.1000,-0.2000,0
2026.03.13 15:01:31,SELL,0.1000,0.0000,0
2026.03.13 15:12:26,SELL,0.0000,-0.1000,0
2026.03.13 15:17:26,BUY,0.0000,0.1000,0
2026.03.13 15:30:25,SELL,0.1000,0.1000,1
2026.03.13 15:37:38,SELL,0.1000,0.1000,0
2026.03.13 15:56:46,BUY,0.7000,0.0000,0
2026.03.13 16:02:48,BUY,0.1000,-0.1000,0
2026.03.13 16:17:53,BUY,0.5000,0.1000,0
2026.03.13 16:23:56,SELL,0.4000,0.0000,0
2026.03.13 16:31:23,SELL,0.2000,0.0000,0
2026.03.13 16:36:23,BUY,0.4000,0.0000,0
2026.03.13 16:42:23,BUY,0.5000,0.0000,0
2026.03.13 16:57:03,BUY,0.5000,-0.2000,0
2026.03.13 17:13:58,SELL,0.4000,0.0000,0
2026.03.13 17:19:00,BUY,0.5000,0.0000,1
2026.03.13 17:33:33,BUY,0.5000,0.0000,0
2026.03.13 17:43:08,BUY,0.4000,0.0000,0
2026.03.13 17:48:08,SELL,0.3000,-0.1000,0
2026.03.13 18:04:19,SELL,0.4000,0.0000,0
2026.03.13 18:13:48,BUY,0.5000,-0.1000,0
2026.03.13 18:36:37,SELL,0.4000,0.0000,0
2026.03.13 18:49:49,SELL,0.2000,0.0000,0
2026.03.13 18:58:54,BUY,0.5000,-0.1000,0
2026.03.13 19:16:36,SELL,0.2000,-0.1000,0
2026.03.13 20:19:19,BUY,0.4000,0.1000,0
2026.03.16 00:00:00,SELL,1.2000,-0.3000,0
2026.03.16 00:07:07,BUY,0.5000,0.1000,0
2026.03.16 00:12:07,SELL,0.4000,0.0000,0
2026.03.16 00:18:34,BUY,0.2000,0.0000,0
2026.03.16 00:59:27,SELL,0.0000,0.0000,0
2026.03.16 01:09:06,SELL,0.2000,0.0000,0
2026.03.16 02:02:00,SELL,0.4000,-0.1000,0
2026.03.16 03:04:06,BUY,0.5000,-0.1000,0
2026.03.16 08:23:03,BUY,0.5000,0.1000,0
2026.03.16 09:27:02,BUY,0.5000,-0.1000,0
2026.03.16 09:34:49,BUY,0.4000,-0.1000,0
2026.03.16 09:39:50,BUY,0.5000,-0.1000,1
2026.03.16 09:44:59,SELL,0.5000,0.1000,0
2026.03.16 09:49:59,SELL,0.5000,0.0000,0
2026.03.16 10:01:03,SELL,0.3000,0.0000,0
2026.03.16 10:09:37,SELL,0.5000,0.1000,0
2026.03.16 10:14:37,BUY,0.4000,0.0000,0
2026.03.16 10:22:32,SELL,0.1000,0.0000,0
2026.03.16 10:48:16,SELL,0.3000,0.0000,0
2026.03.16 12:13:02,SELL,0.2000,0.0000,0
2026.03.16 12:18:02,SELL,0.3000,0.1000,0
2026.03.16 12:23:02,SELL,0.4000,0.1000,0
2026.03.16 12:31:43,BUY,0.5000,0.1000,0
2026.03.16 12:58:58,SELL,0.1000,0.3000,0
2026.03.16 13:43:01,SELL,0.4000,-0.1000,0
2026.03.16 13:52:24,BUY,0.5000,-0.1000,0
2026.03.16 14:30:37,SELL,0.1000,0.0000,0
2026.03.16 14:58:34,BUY,0.3000,0.2000,0
2026.03.16 15:23:38,SELL,0.2000,0.0000,0
2026.03.16 15:33:26,SELL,0.1000,0.0000,0
2026.03.16 15:38:34,SELL,0.4000,0.0000,0
2026.03.16 15:51:53,SELL,0.4000,0.2000,0
2026.03.16 16:15:52,BUY,0.5000,0.1000,0
2026.03.16 16:33:45,BUY,0.5000,-0.1000,0
2026.03.16 16:54:49,SELL,0.5000,0.1000,0
2026.03.16 17:28:10,BUY,0.5000,-0.1000,0
2026.03.16 17:50:36,BUY,0.4000,0.0000,0
2026.03.16 18:03:42,SELL,0.1000,-0.1000,0
2026.03.16 18:21:49,BUY,0.5000,-0.1000,0
2026.03.16 18:36:34,SELL,0.5000,0.0000,1
2026.03.16 18:43:36,SELL,0.5000,0.1000,1
2026.03.16 19:00:40,SELL,0.3000,0.0000,0
2026.03.16 19:05:43,SELL,0.1000,0.0000,0
2026.03.16 19:13:25,SELL,0.4000,0.1000,1
2026.03.16 20:02:33,SELL,0.3000,0.0000,0
2026.03.16 20:07:39,SELL,0.4000,-0.1000,1
2026.03.16 20:24:16,SELL,0.0000,0.0000,0
2026.03.16 20:29:16,SELL,0.5000,-0.1000,0
2026.03.16 20:49:55,BUY,0.5000,0.1000,1
2026.03.16 21:09:58,SELL,0.2000,0.0000,0
2026.03.16 21:43:46,BUY,1.7000,-0.1000,0
2026.03.17 03:19:44,BUY,0.1000,0.0000,0
2026.03.17 07:44:12,BUY,0.4000,0.1000,0
2026.03.17 08:02:46,BUY,0.5000,0.0000,0
2026.03.17 08:08:49,BUY,0.4000,0.0000,0
2026.03.17 09:17:57,BUY,0.5000,0.1000,2
2026.03.17 09:26:58,SELL,0.4000,0.0000,0
2026.03.17 09:39:31,SELL,0.2000,-0.2000,0
2026.03.17 09:57:57,BUY,0.5000,0.1000,0
2026.03.17 10:26:24,SELL,0.5000,0.1000,0
2026.03.17 10:39:30,SELL,0.1000,0.0000,0
2026.03.17 10:44:30,SELL,0.4000,0.0000,0
2026.03.17 10:56:38,BUY,1.8000,0.1000,0
2026.03.17 11:02:09,SELL,0.2000,0.1000,1
2026.03.17 11:25:49,SELL,0.2000,-0.1000,1
2026.03.17 11:33:06,BUY,0.2000,0.4000,0
2026.03.17 11:39:51,BUY,1.3000,-0.3000,1
2026.03.17 11:59:57,SELL,0.2000,0.0000,0
2026.03.17 12:04:58,BUY,0.5000,-0.2000,0
2026.03.17 12:14:25,BUY,1.3000,0.1000,1
2026.03.17 12:31:38,BUY,1.1000,0.1000,0
2026.03.17 12:48:12,BUY,1.2000,0.4000,0
2026.03.17 14:06:24,SELL,0.2000,0.0000,0
2026.03.17 14:18:56,BUY,0.8000,0.0000,0
2026.03.17 14:32:03,SELL,0.2000,0.0000,0
2026.03.17 14:48:48,SELL,0.2000,-0.1000,0
2026.03.17 15:01:00,SELL,0.2000,0.0000,0
2026.03.17 15:06:41,BUY,0.5000,0.1000,1
2026.03.17 15:23:33,SELL,0.2000,0.2000,0
2026.03.17 15:29:13,BUY,0.7000,0.0000,0
2026.03.17 15:34:14,SELL,0.2000,-0.2000,0
2026.03.17 15:40:30,BUY,0.2000,-0.1000,0
2026.03.17 15:50:50,BUY,1.0000,-0.1000,0
2026.03.17 16:07:32,SELL,0.2000,1.0000,0
2026.03.17 16:12:32,BUY,0.2000,0.1000,0
2026.03.17 16:19:41,BUY,1.0000,-0.2000,0
2026.03.17 16:43:31,SELL,0.2000,0.1000,0
2026.03.17 17:04:26,SELL,0.2000,0.2000,0
2026.03.17 17:09:26,BUY,1.0000,0.4000,0
2026.03.17 17:20:22,SELL,0.2000,0.1000,0
2026.03.17 18:02:25,BUY,0.9000,0.0000,0
2026.03.17 18:08:38,SELL,0.0000,0.0000,0
2026.03.17 18:18:02,SELL,0.2000,-0.4000,1
2026.03.17 19:43:48,BUY,1.4000,-0.1000,0
2026.03.17 20:04:07,SELL,0.2000,0.4000,0
2026.03.17 23:00:27,BUY,14.6000,-2.6000,4
2026.03.18 03:03:02,SELL,0.2000,-0.1000,1
2026.03.18 09:34:11,BUY,0.4000,-0.3000,0
2026.03.18 09:44:30,BUY,0.2000,0.3000,0
2026.03.18 10:08:26,BUY,0.8000,0.1000,0
2026.03.18 10:19:13,BUY,0.2000,0.0000,0
2026.03.18 10:53:27,SELL,0.2000,0.1000,1
2026.03.18 11:14:02,BUY,1.0000,0.0000,0
2026.03.18 11:19:03,SELL,0.2000,-0.1000,2
2026.03.18 12:09:13,SELL,0.2000,0.2000,0
2026.03.18 12:54:13,BUY,0.1000,0.0000,0
2026.03.18 13:04:16,SELL,0.2000,-0.3000,0
2026.03.18 13:19:50,SELL,0.2000,0.2000,0
2026.03.18 13:26:31,BUY,0.2000,0.1000,0
2026.03.18 13:31:33,SELL,0.2000,-0.1000,0
2026.03.18 13:36:34,BUY,0.2000,-0.1000,0
2026.03.18 13:41:41,SELL,0.2000,-0.1000,0
2026.03.18 13:47:07,BUY,0.4000,0.3000,1
2026.03.18 13:52:45,SELL,0.2000,0.5000,1
2026.03.18 14:07:25,BUY,0.8000,0.0000,0
2026.03.18 14:18:49,BUY,1.0000,-0.1000,0
2026.03.18 14:23:49,SELL,0.2000,0.1000,2
2026.03.18 14:30:07,BUY,0.5000,0.2000,0
2026.03.18 14:42:46,BUY,0.2000,0.2000,0
2026.03.18 14:48:41,BUY,1.1000,0.0000,0
2026.03.18 15:03:27,BUY,0.2000,-0.3000,0
2026.03.18 15:08:38,BUY,0.2000,0.1000,1
2026.03.18 15:14:09,BUY,1.5000,-0.4000,1
2026.03.18 15:21:53,SELL,0.2000,-0.1000,0
2026.03.18 15:33:35,BUY,0.2000,0.1000,0
2026.03.18 15:38:35,SELL,0.2000,0.1000,1
2026.03.18 15:43:38,BUY,0.2000,-0.1000,1
2026.03.18 15:52:21,BUY,1.2000,-0.1000,0
2026.03.18 15:59:14,SELL,0.2000,0.1000,0
2026.03.18 16:04:14,SELL,0.2000,0.0000,0
2026.03.18 16:09:40,BUY,0.2000,-0.3000,2
2026.03.18 16:14:41,BUY,0.6000,0.2000,0
2026.03.18 16:24:45,BUY,1.4000,0.0000,0
2026.03.18 16:33:26,SELL,0.2000,0.5000,0
2026.03.18 16:59:27,SELL,0.2000,-0.2000,0
2026.03.18 17:04:27,SELL,0.2000,0.1000,0
2026.03.18 17:12:38,BUY,1.2000,0.0000,0
2026.03.18 17:53:49,BUY,0.2000,0.3000,1
2026.03.18 17:59:30,BUY,1.0000,0.0000,0
2026.03.18 18:16:09,BUY,0.2000,-0.1000,0
2026.03.18 18:23:08,SELL,0.2000,-0.3000,0
2026.03.18 18:28:08,BUY,0.4000,0.0000,0
2026.03.18 18:34:12,BUY,0.2000,-0.1000,0
2026.03.18 19:19:21,SELL,0.2000,0.3000,0
2026.03.18 20:00:02,BUY,1.8000,-0.2000,0
2026.03.18 20:09:27,BUY,0.2000,-0.1000,0
2026.03.18 20:15:27,BUY,0.2000,0.3000,0
2026.03.18 20:32:43,BUY,0.9000,0.0000,0
2026.03.18 20:38:52,BUY,0.2000,-0.1000,0
2026.03.18 20:53:36,BUY,0.2000,0.5000,0
2026.03.18 20:58:36,BUY,0.2000,0.4000,4
2026.03.18 21:10:40,BUY,0.2000,0.1000,0
2026.03.18 21:23:25,BUY,0.7000,0.0000,0
2026.03.18 21:33:02,SELL,0.2000,-0.1000,0
2026.03.18 21:44:23,BUY,1.3000,0.0000,0
2026.03.18 22:19:54,BUY,0.3000,0.1000,2
2026.03.18 22:24:55,BUY,0.3000,0.3000,0
2026.03.18 23:14:53,SELL,2.5000,1.9000,0
2026.03.18 23:23:19,SELL,2.5000,-0.1000,1
2026.03.18 23:28:35,SELL,2.5000,0.4000,0
2026.03.18 23:43:41,SELL,1.8000,-0.2000,0
2026.03.18 23:51:07,BUY,4.0000,0.0000,1
2026.03.19 00:00:01,BUY,1.9000,-0.3000,0
2026.03.19 00:12:42,BUY,0.3000,0.3000,0
2026.03.19 01:44:56,BUY,0.6000,0.4000,0
2026.03.19 02:04:42,SELL,0.2000,0.2000,0
2026.03.19 02:49:23,SELL,0.2000,0.2000,0
2026.03.19 04:06:59,SELL,0.2000,0.2000,1
2026.03.19 04:11:59,SELL,0.2000,0.3000,0
2026.03.19 05:52:50,BUY,3.2000,0.1000,0
2026.03.19 08:14:03,SELL,0.2000,-0.2000,1
2026.03.19 08:33:42,BUY,1.0000,0.0000,1
2026.03.19 08:49:56,BUY,0.7000,0.0000,0
2026.03.19 09:01:47,BUY,0.4000,0.0000,0
2026.03.19 09:07:13,SELL,0.2000,0.1000,0
2026.03.19 09:12:17,BUY,0.2000,0.2000,0
2026.03.19 09:17:22,SELL,0.2000,0.3000,0
2026.03.19 09:23:09,BUY,0.4000,-0.3000,0
2026.03.19 09:44:42,BUY,0.2000,1.0000,0
2026.03.19 09:53:43,BUY,0.2000,-0.3000,0
2026.03.19 09:59:11,BUY,0.2000,0.0000,0
2026.03.19 10:08:15,BUY,0.2000,0.1000,0
2026.03.19 10:16:00,SELL,0.2000,0.1000,0
2026.03.19 10:33:57,SELL,0.2000,0.1000,0
2026.03.19 10:41:29,BUY,0.9000,0.0000,0
2026.03.19 10:54:06,SELL,0.2000,-0.2000,1
2026.03.19 11:01:14,SELL,0.2000,0.2000,0
2026.03.19 11:19:20,SELL,0.2000,0.1000,0
2026.03.19 11:25:45,BUY,0.0000,-0.3000,0
2026.03.19 11:30:50,SELL,0.2000,0.2000,1
2026.03.19 11:47:14,SELL,0.0000,-0.5000,0
2026.03.19 11:52:14,SELL,0.2000,0.2000,0
2026.03.19 11:58:18,SELL,0.2000,1.0000,1
2026.03.19 12:03:18,BUY,0.2000,0.3000,0
2026.03.19 12:20:31,BUY,1.2000,0.0000,0
2026.03.19 12:53:08,BUY,0.2000,0.6000,0
2026.03.19 13:03:07,SELL,0.2000,0.1000,1
2026.03.19 13:22:27,BUY,0.2000,-0.1000,0
2026.03.19 13:48:05,SELL,0.2000,0.1000,1
2026.03.19 13:53:59,SELL,0.2000,0.0000,1
2026.03.19 14:02:33,BUY,1.2000,0.0000,0
2026.03.19 14:07:34,SELL,0.2000,-0.2000,0
2026.03.19 14:14:32,BUY,0.2000,-0.1000,1
2026.03.19 14:24:38,BUY,0.6000,0.0000,0
2026.03.19 14:29:38,BUY,0.5000,-0.1000,0
2026.03.19 14:34:38,SELL,0.2000,0.1000,0
2026.03.19 14:39:38,SELL,0.2000,0.1000,0
2026.03.19 14:44:39,SELL,0.2000,0.3000,0
2026.03.19 15:02:00,BUY,0.2000,0.0000,0
2026.03.19 15:08:14,BUY,1.8000,-0.7000,0
2026.03.19 15:15:01,SELL,0.3000,0.1000,0
2026.03.19 15:20:20,SELL,0.0000,0.0000,0
2026.03.19 15:26:01,BUY,1.1000,0.0000,0
2026.03.19 15:31:01,BUY,0.4000,0.0000,0
2026.03.19 15:37:21,SELL,0.2000,0.4000,0
2026.03.19 15:42:21,SELL,0.2000,-0.1000,0
2026.03.19 15:48:15,SELL,0.2000,0.1000,0
2026.03.19 15:53:15,SELL,0.2000,0.1000,0
2026.03.19 16:01:05,SELL,0.2000,-0.4000,0
2026.03.19 16:06:16,SELL,0.0000,0.0000,0
2026.03.19 16:12:42,BUY,0.2000,-0.1000,0
2026.03.19 16:19:05,BUY,0.2000,-0.1000,0
2026.03.19 16:24:15,BUY,0.2000,0.1000,0
2026.03.19 16:29:15,BUY,0.2000,0.3000,0
2026.03.19 16:34:15,SELL,0.2000,0.1000,0
2026.03.19 16:46:48,SELL,0.2000,-0.3000,1
2026.03.19 17:04:33,SELL,0.2000,0.2000,0
2026.03.19 17:09:33,SELL,0.2000,-0.3000,0
2026.03.19 17:17:39,BUY,0.2000,-0.2000,0
2026.03.19 17:22:41,BUY,0.2000,0.1000,0
2026.03.19 17:27:41,BUY,0.2000,0.0000,0
2026.03.19 17:37:24,BUY,0.2000,0.4000,0
2026.03.19 17:55:56,SELL,0.2000,0.1000,0
2026.03.19 18:02:48,SELL,0.1000,0.0000,0
2026.03.19 18:07:55,SELL,0.2000,-0.1000,1
2026.03.19 18:12:55,SELL,0.4000,-0.1000,0
2026.03.19 18:20:26,SELL,0.2000,0.1000,0
2026.03.19 18:35:50,BUY,0.2000,0.1000,0
2026.03.19 18:42:15,SELL,0.2000,0.2000,0
2026.03.19 18:49:09,BUY,0.2000,-0.2000,0
2026.03.19 18:57:22,SELL,0.2000,0.1000,1
2026.03.19 19:02:22,SELL,0.1000,0.0000,0
2026.03.19 19:14:54,SELL,0.2000,0.2000,0
2026.03.19 19:19:54,SELL,0.2000,-0.1000,0
2026.03.19 19:26:54,SELL,0.2000,0.0000,0
2026.03.19 19:44:09,SELL,0.2000,0.2000,0
2026.03.19 19:49:50,BUY,1.4000,-0.1000,0
2026.03.19 19:54:50,SELL,0.2000,-0.3000,0
2026.03.19 20:02:49,BUY,0.2000,-0.1000,0
2026.03.19 20:16:35,BUY,0.6000,0.0000,0
2026.03.19 20:23:27,SELL,0.2000,0.2000,0
2026.03.19 20:39:56,BUY,1.9000,0.0000,0
2026.03.19 20:54:21,SELL,0.2000,0.0000,0
2026.03.19 20:59:21,SELL,0.4000,0.1000,0
2026.03.19 21:04:21,SELL,0.2000,0.4000,0
2026.03.19 21:09:21,SELL,0.5000,0.4000,0
2026.03.19 21:18:10,BUY,0.7000,-0.6000,1
2026.03.19 21:23:10,BUY,0.2000,0.7000,0
2026.03.19 21:28:13,BUY,0.2000,0.1000,0
2026.03.19 21:35:46,BUY,0.5000,1.6000,0
2026.03.19 21:53:38,BUY,0.9000,0.0000,0
2026.03.19 21:58:38,SELL,0.2000,-0.1000,0
2026.03.19 23:58:05,BUY,5.6000,-1.6000,0
2026.03.20 00:03:05,SELL,0.3000,0.1000,1
2026.03.20 04:08:32,SELL,0.2000,-0.1000,0
2026.03.20 04:39:20,BUY,0.2000,0.3000,2
2026.03.20 08:02:48,SELL,0.2000,0.0000,1
2026.03.20 09:07:25,SELL,0.2000,-0.2000,0
2026.03.20 09:32:20,BUY,0.2000,0.2000,0
2026.03.20 09:58:44,SELL,0.2000,0.2000,1
2026.03.20 10:33:06,BUY,0.2000,0.1000,0
2026.03.20 10:46:55,BUY,1.1000,0.0000,0
2026.03.20 11:33:57,BUY,1.5000,0.0000,0
2026.03.20 11:39:42,BUY,0.2000,0.0000,0
2026.03.20 11:47:15,BUY,0.2000,0.4000,0
2026.03.20 11:53:40,BUY,0.4000,0.1000,0
2026.03.20 12:01:19,BUY,0.9000,0.0000,0
2026.03.20 12:12:32,SELL,0.2000,0.1000,1
2026.03.20 12:41:21,SELL,0.2000,-0.1000,0
2026.03.20 12:53:26,SELL,0.2000,0.2000,0
2026.03.20 13:09:57,SELL,0.2000,0.1000,0
2026.03.20 13:42:40,SELL,0.2000,0.0000,1
2026.03.20 13:49:50,BUY,0.2000,0.1000,1
2026.03.20 14:04:59,BUY,0.2000,0.4000,0
2026.03.20 14:09:59,SELL,0.5000,0.0000,0
2026.03.20 14:37:56,BUY,0.9000,0.0000,0
2026.03.20 14:44:10,BUY,1.4000,0.0000,0
2026.03.20 14:49:11,BUY,0.2000,0.1000,0
2026.03.20 14:56:10,BUY,0.6000,-0.1000,0
2026.03.20 15:02:45,BUY,1.3000,0.0000,0
2026.03.20 15:09:44,BUY,0.2000,0.2000,0
2026.03.20 15:41:53,SELL,0.2000,0.1000,0
2026.03.20 15:50:52,BUY,0.5000,0.1000,1
2026.03.20 15:59:18,BUY,0.4000,-0.1000,0
2026.03.20 16:18:53,BUY,1.0000,0.2000,0
2026.03.20 16:28:37,BUY,0.2000,0.0000,0
2026.03.20 16:33:37,SELL,0.6000,0.0000,0
2026.03.20 16:54:35,BUY,0.9000,-0.3000,0
2026.03.20 16:59:37,SELL,0.2000,0.1000,1
2026.03.20 17:11:57,SELL,0.2000,-0.2000,2
2026.03.20 17:16:58,BUY,0.2000,0.2000,0
2026.03.20 17:23:03,SELL,0.2000,0.1000,0
2026.03.20 17:33:35,SELL,0.2000,-0.2000,0
2026.03.20 18:01:56,SELL,0.2000,-0.1000,0
2026.03.20 18:07:39,BUY,0.2000,-0.1000,0
2026.03.20 18:12:39,SELL,0.2000,0.1000,2
2026.03.20 18:17:39,SELL,0.6000,0.0000,0
2026.03.20 18:31:23,BUY,0.2000,0.1000,0
2026.03.20 18:54:52,SELL,0.2000,0.5000,0
2026.03.20 19:05:17,BUY,0.2000,0.1000,0
2026.03.20 19:33:50,BUY,0.2000,0.1000,0
2026.03.20 20:22:19,BUY,0.2000,0.4000,0
2026.03.20 20:27:19,SELL,0.2000,-0.1000,1
2026.03.20 20:42:32,BUY,0.2000,0.1000,0
2026.03.20 20:48:50,BUY,0.2000,0.2000,0
2026.03.20 20:56:53,BUY,0.2000,-0.1000,0
2026.03.20 21:06:46,BUY,0.2000,0.0000,0
2026.03.20 21:17:56,SELL,0.1000,0.0000,0
2026.03.20 21:44:11,SELL,0.2000,-0.1000,0
2026.03.20 21:49:37,BUY,0.2000,-0.2000,0
2026.03.20 21:54:38,SELL,0.2000,0.1000,1
2026.03.20 22:54:46,SELL,0.5000,0.2000,0
2026.03.23 00:00:00,BUY,2.1000,-0.7000,0
2026.03.23 00:09:59,SELL,0.4000,-0.2000,1
2026.03.23 00:23:45,SELL,0.4000,0.0000,0
2026.03.23 00:37:33,BUY,0.3000,0.1000,0
2026.03.23 02:02:13,BUY,0.2000,0.1000,0
2026.03.23 02:21:34,SELL,0.2000,-0.1000,1
2026.03.23 02:34:03,BUY,0.2000,0.1000,0
2026.03.23 02:39:03,BUY,0.2000,0.2000,0
2026.03.23 02:48:00,SELL,0.2000,0.1000,0
2026.03.23 02:58:39,SELL,0.2000,-0.2000,0
2026.03.23 03:03:48,SELL,0.2000,-0.1000,1
2026.03.23 03:08:50,SELL,0.2000,0.1000,1
2026.03.23 04:14:00,BUY,0.4000,-0.1000,0
2026.03.23 04:33:00,BUY,0.2000,-0.1000,1
2026.03.23 07:18:27,BUY,1.1000,0.0000,2
2026.03.23 07:38:20,SELL,0.2000,0.0000,0
2026.03.23 08:19:18,BUY,1.1000,0.0000,0
2026.03.23 08:44:53,BUY,0.2000,0.5000,0
2026.03.23 08:49:57,SELL,0.2000,-0.1000,1
2026.03.23 09:29:34,BUY,0.7000,0.1000,0
2026.03.23 09:34:34,SELL,0.2000,-0.1000,0
2026.03.23 09:39:34,SELL,0.5000,-0.1000,0
2026.03.23 09:53:25,BUY,0.2000,0.0000,0
2026.03.23 10:07:10,SELL,0.1000,0.0000,0
2026.03.23 10:22:59,SELL,0.2000,0.4000,0
2026.03.23 10:37:21,BUY,0.2000,0.1000,0
2026.03.23 10:42:48,BUY,1.7000,0.0000,0
2026.03.23 11:18:29,BUY,0.2000,0.1000,1
2026.03.23 11:34:39,BUY,1.7000,0.0000,0
2026.03.23 11:43:34,BUY,1.2000,0.0000,0
2026.03.23 11:49:38,BUY,1.2000,0.3000,0
2026.03.23 12:03:19,BUY,0.7000,0.0000,0
2026.03.23 12:13:22,BUY,1.1000,0.0000,0
2026.03.23 12:18:30,SELL,0.2000,0.1000,0
2026.03.23 12:28:02,BUY,0.2000,-0.1000,0
2026.03.23 12:33:02,SELL,0.2000,0.0000,1
2026.03.23 12:50:22,SELL,0.0000,0.0000,0
2026.03.23 13:01:03,SELL,0.2000,0.2000,1
2026.03.23 13:06:03,SELL,0.2000,-0.1000,0
2026.03.23 13:11:03,SELL,0.0000,0.0000,0
2026.03.23 13:16:03,SELL,0.8000,0.0000,0
2026.03.23 13:21:03,BUY,0.1000,0.7000,0
2026.03.23 13:26:03,SELL,0.3000,0.2000,0
2026.03.23 13:31:03,SELL,0.2000,0.1000,0
2026.03.23 13:36:19,SELL,0.0000,-0.6000,0
2026.03.23 13:42:02,BUY,0.2000,-0.2000,0
2026.03.23 13:47:02,BUY,0.0000,0.0000,0
2026.03.23 13:52:02,BUY,0.5000,-0.2000,0
2026.03.23 13:57:02,BUY,0.2000,0.1000,0
2026.03.23 14:02:05,SELL,0.2000,0.9000,0
2026.03.23 14:07:05,BUY,0.4000,-0.1000,0
2026.03.23 14:12:27,BUY,0.5000,0.1000,0
2026.03.23 14:17:27,SELL,0.2000,-0.1000,0
2026.03.23 14:23:00,SELL,0.2000,0.1000,1
2026.03.23 14:28:48,SELL,0.2000,-0.1000,0
2026.03.23 14:33:48,BUY,0.0000,0.0000,0
2026.03.23 14:39:34,SELL,0.1000,0.0000,0
2026.03.23 14:44:34,SELL,0.2000,0.1000,0
2026.03.23 14:52:01,SELL,0.2000,-0.1000,0
2026.03.23 14:59:02,SELL,0.1000,0.0000,0
2026.03.23 15:04:02,BUY,0.2000,0.5000,0
2026.03.23 15:09:02,BUY,0.2000,-0.3000,0
2026.03.23 15:14:02,BUY,0.2000,0.1000,0
2026.03.23 15:19:22,BUY,0.2000,-0.1000,0
2026.03.23 15:27:59,SELL,0.2000,0.2000,0
2026.03.23 15:34:45,BUY,1.1000,0.0000,0
2026.03.23 15:39:45,SELL,0.2000,0.2000,0
2026.03.23 15:44:45,BUY,0.2000,-0.1000,0
2026.03.23 15:49:45,SELL,0.2000,-0.1000,0
2026.03.23 15:54:47,BUY,0.2000,-0.1000,0
2026.03.23 16:00:49,BUY,0.2000,-0.1000,0
2026.03.23 16:05:50,BUY,0.2000,0.2000,0
2026.03.23 16:11:03,BUY,0.8000,-0.1000,0
2026.03.23 16:16:17,SELL,0.1000,0.0000,0
2026.03.23 16:21:17,SELL,0.2000,0.1000,0
2026.03.23 16:27:15,BUY,0.7000,0.5000,0
2026.03.23 16:32:25,SELL,0.0000,-0.1000,0
2026.03.23 16:38:41,SELL,0.2000,0.1000,0
2026.03.23 16:43:41,BUY,0.2000,0.2000,0
2026.03.23 16:50:19,BUY,0.1000,0.0000,0
2026.03.23 16:56:48,SELL,0.2000,-0.1000,0
2026.03.23 17:01:48,SELL,0.6000,0.1000,1
2026.03.23 17:12:02,BUY,0.8000,0.0000,0
2026.03.23 17:17:45,BUY,0.2000,-0.1000,1
2026.03.23 17:23:07,SELL,0.2000,1.1000,0
2026.03.23 17:28:07,BUY,0.7000,-0.4000,0
2026.03.23 17:37:07,BUY,1.3000,0.1000,0
2026.03.23 17:42:28,SELL,0.2000,0.1000,0
2026.03.23 17:47:28,BUY,0.2000,-0.1000,0
2026.03.23 17:52:28,BUY,0.2000,0.1000,0
2026.03.23 17:57:28,SELL,0.2000,0.1000,0
2026.03.23 18:02:52,SELL,0.2000,-0.6000,1
2026.03.23 18:07:52,SELL,0.2000,0.1000,1
2026.03.23 18:15:42,BUY,0.2000,0.2000,0
2026.03.23 18:25:27,BUY,0.2000,0.1000,0
2026.03.23 18:31:54,SELL,0.2000,-0.2000,0
2026.03.23 18:44:04,SELL,0.2000,0.0000,0
2026.03.23 18:57:28,BUY,0.9000,0.0000,0
2026.03.23 19:07:21,SELL,0.2000,0.3000,0
2026.03.23 19:18:20,SELL,0.2000,0.1000,0
2026.03.23 19:27:21,SELL,0.2000,0.2000,0
2026.03.23 19:35:13,SELL,0.2000,-0.3000,0
2026.03.23 19:42:48,BUY,0.2000,0.1000,0
2026.03.23 19:49:19,BUY,1.3000,-0.1000,0
2026.03.23 19:54:33,SELL,0.2000,0.2000,0
2026.03.23 20:07:25,BUY,0.0000,-0.1000,0
2026.03.23 20:12:57,SELL,0.1000,0.0000,0
2026.03.23 20:23:18,SELL,0.2000,0.7000,0
2026.03.23 20:30:45,SELL,0.2000,0.2000,0
2026.03.23 20:37:03,SELL,0.1000,-0.9000,0
2026.03.23 21:00:48,BUY,0.8000,0.0000,0
2026.03.23 21:14:50,BUY,1.0000,0.0000,0
2026.03.23 21:26:35,BUY,0.2000,0.8000,0
2026.03.24 00:03:29,BUY,0.2000,0.0000,0
2026.03.24 01:46:31,BUY,1.3000,-0.6000,0
2026.03.24 02:02:04,BUY,1.0000,0.0000,0
2026.03.24 02:12:48,BUY,1.4000,0.0000,0
2026.03.24 02:38:58,BUY,0.0000,-0.3000,0
2026.03.24 02:53:25,SELL,0.1000,0.0000,0
2026.03.24 03:17:03,BUY,0.2000,-0.1000,0
2026.03.24 03:52:08,SELL,0.2000,-0.1000,0
2026.03.24 05:04:35,BUY,1.2000,0.0000,1
2026.03.24 07:18:56,SELL,0.2000,0.1000,0
2026.03.24 08:12:07,BUY,0.2000,0.1000,1
2026.03.24 08:54:46,SELL,0.2000,-0.1000,0
2026.03.24 09:03:01,SELL,0.2000,-0.2000,0
2026.03.24 09:09:43,SELL,0.2000,-0.2000,0
2026.03.24 09:14:43,SELL,0.2000,0.3000,0
2026.03.24 09:19:43,BUY,0.2000,-0.1000,0
2026.03.24 09:26:37,BUY,0.6000,-0.1000,2
2026.03.24 09:32:04,BUY,0.2000,0.1000,0
2026.03.24 09:44:36,SELL,0.2000,-0.1000,1
2026.03.24 09:49:36,BUY,0.2000,-0.1000,0
2026.03.24 10:01:44,BUY,0.2000,-0.1000,0
2026.03.24 10:11:45,BUY,0.7000,0.0000,0
2026.03.24 10:19:07,BUY,0.2000,-0.3000,0
2026.03.24 10:50:44,BUY,1.4000,0.0000,0
2026.03.24 11:06:21,BUY,0.2000,0.1000,0
2026.03.24 11:14:28,BUY,0.4000,0.0000,1
2026.03.24 11:22:01,BUY,0.1000,0.0000,0
2026.03.24 11:33:38,SELL,0.2000,-0.3000,0
2026.03.24 12:02:37,BUY,0.7000,0.0000,0
2026.03.24 12:28:13,BUY,1.3000,0.0000,0
2026.03.24 12:49:39,BUY,0.2000,0.0000,0
2026.03.24 13:07:22,SELL,0.2000,-0.1000,0
2026.03.24 13:16:59,BUY,0.2000,0.1000,0
2026.03.24 13:51:40,BUY,0.2000,0.2000,0
2026.03.24 13:58:02,SELL,0.2000,-0.1000,0
2026.03.24 14:28:57,SELL,0.2000,-0.2000,0
2026.03.24 14:33:57,BUY,0.2000,0.1000,0
2026.03.24 14:46:47,SELL,0.2000,-0.1000,0
2026.03.24 14:52:52,SELL,0.2000,-0.1000,1
2026.03.24 14:57:52,BUY,0.2000,-0.1000,0
2026.03.24 15:03:13,SELL,0.2000,0.2000,1
2026.03.24 15:08:13,BUY,0.2000,-0.1000,0
2026.03.24 15:13:13,SELL,0.2000,-0.1000,0
2026.03.24 15:28:08,BUY,1.1000,0.0000,0
2026.03.24 15:52:25,SELL,0.2000,-0.2000,0
2026.03.24 16:00:39,SELL,0.2000,0.1000,0
2026.03.24 16:06:54,BUY,0.2000,-0.1000,0
2026.03.24 16:13:17,BUY,0.2000,-0.2000,0
2026.03.24 16:47:30,BUY,1.3000,0.0000,0
2026.03.24 16:52:30,SELL,0.4000,0.3000,0
2026.03.24 16:59:12,BUY,0.2000,-0.2000,0
2026.03.24 17:08:44,BUY,1.0000,0.0000,0
2026.03.24 17:34:02,BUY,0.5000,0.0000,0
2026.03.24 17:48:05,BUY,1.1000,0.0000,0
2026.03.24 18:28:05,SELL,0.2000,0.0000,1
2026.03.24 18:39:09,BUY,1.0000,0.0000,0
2026.03.24 18:44:58,SELL,0.2000,0.2000,0
2026.03.24 19:02:41,BUY,0.8000,0.0000,0
2026.03.24 19:07:44,BUY,0.2000,0.2000,0
2026.03.24 19:13:31,SELL,0.1000,0.0000,0
2026.03.24 19:22:12,SELL,0.1000,0.0000,0
2026.03.24 19:37:53,SELL,0.2000,0.1000,1
2026.03.24 19:55:29,SELL,0.0000,-1.3000,0
2026.03.24 20:09:20,BUY,0.2000,0.1000,0
2026.03.24 20:32:12,SELL,0.2000,-0.2000,1
2026.03.24 20:38:57,SELL,0.2000,0.4000,0
2026.03.24 20:43:57,BUY,0.2000,-0.1000,0
2026.03.24 20:56:17,BUY,0.2000,-0.1000,0
2026.03.24 21:09:33,SELL,0.2000,0.2000,0
2026.03.24 22:20:10,SELL,0.3000,0.4000,0
2026.03.24 22:26:34,SELL,0.3000,0.0000,0
2026.03.24 22:32:21,BUY,0.4000,0.1000,1
2026.03.24 22:39:28,SELL,0.3000,-1.0000,0
2026.03.24 22:44:28,BUY,0.5000,-0.1000,0
2026.03.24 23:08:41,SELL,0.8000,0.1000,1
2026.03.24 23:13:51,BUY,2.5000,-0.1000,0
2026.03.25 00:11:52,BUY,0.2000,0.0000,0
2026.03.25 00:17:45,BUY,0.3000,0.5000,0
2026.03.25 00:25:19,BUY,0.1000,0.0000,0
2026.03.25 01:03:53,BUY,0.3000,0.3000,0
2026.03.25 02:08:39,SELL,0.2000,-0.1000,1
2026.03.25 02:18:15,BUY,0.2000,0.1000,0
2026.03.25 02:30:25,BUY,0.3000,-0.4000,0
2026.03.25 02:59:20,BUY,0.2000,0.1000,0
2026.03.25 03:04:20,BUY,0.2000,0.1000,0
2026.03.25 06:08:48,BUY,0.2000,0.0000,0
2026.03.25 07:49:12,BUY,1.2000,0.0000,0
2026.03.25 08:08:44,BUY,0.6000,0.0000,0
2026.03.25 09:13:27,SELL,0.2000,0.2000,0
2026.03.25 09:33:43,BUY,0.2000,-0.2000,0
2026.03.25 09:42:37,SELL,0.2000,-0.1000,0
2026.03.25 09:56:02,SELL,0.2000,0.0000,0
2026.03.25 10:01:15,BUY,0.2000,-0.4000,1
2026.03.25 10:07:23,SELL,0.2000,0.1000,0
2026.03.25 10:12:23,SELL,0.2000,0.2000,0
2026.03.25 10:21:22,SELL,0.2000,0.7000,0
2026.03.25 10:36:32,BUY,0.2000,-0.6000,0
2026.03.25 10:52:36,BUY,0.2000,-0.1000,0
2026.03.25 11:01:31,SELL,0.2000,0.1000,1
2026.03.25 11:18:18,BUY,0.4000,0.0000,0
2026.03.25 12:02:17,SELL,0.2000,-0.2000,0
2026.03.25 12:47:57,SELL,0.2000,-0.1000,0
2026.03.25 13:02:52,SELL,0.2000,-0.1000,0
2026.03.25 13:47:40,BUY,0.5000,0.3000,0
2026.03.25 14:09:19,SELL,0.2000,-0.1000,0
2026.03.25 14:16:38,BUY,0.2000,-0.1000,0
2026.03.25 14:23:04,BUY,0.2000,0.0000,0
2026.03.25 14:33:00,BUY,0.6000,0.0000,0
2026.03.25 14:41:06,BUY,0.2000,-0.2000,1
2026.03.25 14:47:09,BUY,1.5000,0.0000,0
2026.03.25 15:01:57,SELL,0.2000,-0.3000,0
2026.03.25 15:09:39,BUY,0.2000,-0.2000,1
2026.03.25 15:22:11,BUY,0.9000,0.0000,0
2026.03.25 15:27:26,BUY,1.4000,0.0000,0
2026.03.25 15:47:05,BUY,2.0000,-0.1000,0
2026.03.25 16:01:02,BUY,0.7000,0.0000,0
2026.03.25 16:06:02,SELL,0.2000,-0.1000,0
2026.03.25 16:19:09,SELL,0.2000,0.1000,0
2026.03.25 16:24:09,BUY,0.2000,0.1000,0
2026.03.25 16:29:10,SELL,0.2000,0.0000,0
2026.03.25 16:36:29,BUY,1.2000,0.0000,0
2026.03.25 16:47:18,SELL,0.2000,-0.1000,0
2026.03.25 17:08:24,BUY,0.4000,-0.2000,1
2026.03.25 17:16:43,BUY,0.9000,0.0000,0
2026.03.25 17:22:49,SELL,0.2000,0.1000,1
2026.03.25 17:29:59,SELL,0.2000,0.2000,0
2026.03.25 17:38:25,BUY,0.2000,0.1000,0
2026.03.25 17:43:25,BUY,0.2000,0.1000,0
2026.03.25 17:55:29,SELL,0.2000,-0.1000,0
2026.03.25 18:07:33,BUY,0.2000,0.1000,0
2026.03.25 18:24:59,SELL,0.0000,-0.3000,0
2026.03.25 19:13:43,SELL,0.2000,0.0000,0
2026.03.25 19:58:30,SELL,0.2000,0.3000,0
2026.03.25 20:55:51,BUY,0.2000,0.3000,0
2026.03.25 21:02:47,BUY,0.6000,-0.1000,1
2026.03.26 03:01:46,SELL,0.0000,-0.5000,0
2026.03.26 07:27:28,BUY,1.1000,0.0000,0
2026.03.26 08:14:37,BUY,0.4000,0.0000,0
2026.03.26 08:29:36,SELL,0.2000,0.1000,0
2026.03.26 08:42:16,BUY,0.2000,0.0000,0
2026.03.26 09:02:14,BUY,0.4000,0.1000,0
2026.03.26 09:44:44,BUY,1.1000,0.0000,1
2026.03.26 10:02:15,BUY,0.2000,0.0000,1
2026.03.26 10:17:40,SELL,0.2000,0.4000,0
2026.03.26 10:29:54,BUY,0.4000,0.1000,0
2026.03.26 10:34:54,SELL,0.2000,0.2000,1
2026.03.26 11:18:35,BUY,0.2000,0.0000,0
2026.03.26 12:05:55,SELL,0.2000,-0.1000,0
2026.03.26 13:14:15,BUY,0.2000,0.0000,0
2026.03.26 13:42:19,BUY,0.2000,0.0000,0
2026.03.26 13:47:44,BUY,0.4000,0.0000,0
2026.03.26 13:58:26,BUY,1.1000,0.0000,0
2026.03.26 14:07:26,SELL,0.2000,-0.3000,0
2026.03.26 14:13:52,SELL,0.2000,0.0000,1
2026.03.26 14:34:36,BUY,0.5000,0.0000,0
2026.03.26 14:39:47,SELL,0.2000,-0.1000,0
2026.03.26 14:44:58,BUY,0.2000,-0.1000,0
2026.03.26 14:49:59,SELL,0.7000,0.0000,1
2026.03.26 15:33:41,BUY,0.9000,0.0000,0
2026.03.26 15:44:24,SELL,0.2000,0.2000,0
2026.03.26 15:49:35,BUY,1.0000,0.0000,0
2026.03.26 15:58:29,BUY,0.2000,-0.1000,0
2026.03.26 16:17:52,SELL,0.2000,0.1000,1
2026.03.26 16:34:34,SELL,0.2000,0.3000,0
2026.03.26 16:41:12,BUY,0.2000,0.3000,0
2026.03.26 16:47:25,SELL,0.2000,0.1000,0
2026.03.26 16:56:35,SELL,0.2000,0.1000,0
2026.03.26 17:07:04,SELL,0.2000,0.2000,0
2026.03.26 17:12:05,SELL,0.5000,-0.4000,0
2026.03.26 17:42:37,BUY,1.0000,0.0000,1
2026.03.26 17:47:54,SELL,0.0000,0.0000,0
2026.03.26 18:05:39,BUY,0.4000,0.1000,0
2026.03.26 18:16:18,BUY,0.2000,0.0000,0
2026.03.26 18:22:40,BUY,0.6000,0.0000,0
2026.03.26 19:44:20,BUY,1.2000,0.0000,2
2026.03.26 21:04:05,BUY,1.7000,0.0000,0
2026.03.26 22:11:42,SELL,0.0000,0.0000,0
2026.03.26 22:19:28,BUY,0.3000,-0.2000,1
2026.03.26 22:24:47,BUY,0.3000,0.1000,0
2026.03.26 22:44:19,BUY,0.4000,0.0000,0
2026.03.26 23:00:11,BUY,8.1000,0.0000,0
2026.03.27 02:22:55,BUY,0.2000,0.4000,0
2026.03.27 08:19:59,BUY,1.6000,0.0000,1
2026.03.27 09:29:35,BUY,0.2000,0.0000,0
2026.03.27 09:58:03,BUY,1.2000,0.0000,0
2026.03.27 11:13:33,SELL,0.2000,0.3000,0
2026.03.27 11:43:11,BUY,1.6000,0.0000,0
2026.03.27 12:28:56,SELL,0.2000,0.1000,1
2026.03.27 12:38:40,BUY,0.2000,0.6000,0
2026.03.27 12:58:01,BUY,1.1000,0.1000,0
2026.03.27 13:48:13,BUY,1.7000,0.0000,2
2026.03.27 14:04:44,BUY,1.7000,0.0000,0
2026.03.27 14:44:49,SELL,0.2000,0.4000,1
2026.03.27 15:18:55,SELL,0.2000,-0.2000,0
2026.03.27 15:24:33,SELL,0.2000,0.2000,0
2026.03.27 15:32:17,BUY,0.7000,0.1000,0
2026.03.27 15:38:10,SELL,0.2000,0.2000,0
2026.03.27 15:53:21,BUY,0.2000,-0.1000,0
2026.03.27 16:02:43,SELL,0.2000,0.3000,0
2026.03.27 16:27:50,BUY,0.5000,0.0000,0
2026.03.27 16:38:51,BUY,1.0000,-0.2000,1
2026.03.27 17:08:10,BUY,0.6000,0.0000,1
2026.03.27 17:17:55,BUY,0.2000,0.2000,0
2026.03.27 17:23:40,SELL,0.2000,-0.2000,0
2026.03.27 17:31:30,SELL,0.2000,0.1000,0
2026.03.27 17:39:09,BUY,0.2000,0.3000,1
2026.03.27 17:46:29,BUY,1.0000,0.0000,0
2026.03.27 17:52:29,BUY,1.0000,0.0000,0
2026.03.27 17:57:30,BUY,0.2000,-0.3000,0
2026.03.27 18:02:33,SELL,0.2000,0.1000,0
2026.03.27 18:11:06,BUY,0.4000,0.1000,1
2026.03.27 18:42:07,SELL,0.2000,0.2000,0
2026.03.27 19:06:58,SELL,0.0000,-0.2000,0
2026.03.27 20:43:30,SELL,0.1000,0.0000,0
2026.03.27 22:43:36,SELL,0.4000,-0.1000,0
2026.03.27 22:58:43,BUY,5.1000,0.0000,0
2026.03.30 00:00:00,BUY,4.4000,3.8000,11
2026.03.30 01:06:49,BUY,1.3000,0.0000,0
2026.03.30 01:12:30,SELL,0.3000,-0.1000,1
2026.03.30 01:29:59,BUY,1.6000,0.0000,0
2026.03.30 02:00:53,SELL,0.2000,0.0000,0
2026.03.30 03:07:58,SELL,0.2000,0.2000,0
2026.03.30 03:18:55,SELL,0.2000,0.0000,0
2026.03.30 03:32:32,SELL,0.2000,-0.1000,1
2026.03.30 05:14:51,SELL,0.2000,-0.1000,1
2026.03.30 05:54:47,BUY,1.1000,0.0000,0
2026.03.30 09:53:12,BUY,0.6000,0.0000,1
2026.03.30 10:02:15,BUY,0.8000,0.0000,0
2026.03.30 10:19:42,BUY,1.4000,0.0000,1
2026.03.30 10:49:44,BUY,0.9000,0.0000,0
2026.03.30 11:03:19,BUY,0.2000,0.0000,0
2026.03.30 12:14:13,BUY,1.7000,0.0000,0
2026.03.30 12:24:11,SELL,0.2000,-0.2000,1
2026.03.30 12:39:52,SELL,0.2000,0.6000,1
2026.03.30 13:31:53,BUY,1.8000,0.0000,0
2026.03.30 14:26:49,SELL,0.0000,0.0000,0
2026.03.30 14:59:01,BUY,0.9000,0.0000,0
2026.03.30 15:12:51,BUY,1.7000,-0.3000,0
2026.03.30 15:19:39,SELL,0.2000,0.0000,0
2026.03.30 15:38:26,SELL,0.2000,0.0000,0
2026.03.30 15:49:45,SELL,0.2000,0.2000,0
2026.03.30 16:00:34,SELL,0.2000,0.1000,1
2026.03.30 16:40:53,BUY,1.5000,-0.6000,0
2026.03.30 17:06:42,BUY,1.0000,0.0000,1
2026.03.30 17:31:36,SELL,0.2000,0.1000,0
2026.03.30 17:48:25,SELL,0.2000,0.3000,0
2026.03.30 18:06:54,BUY,0.2000,0.1000,0
2026.03.30 18:14:16,BUY,1.0000,-0.1000,0
2026.03.30 18:19:48,SELL,0.2000,0.1000,0
2026.03.30 18:47:05,BUY,0.8000,0.0000,0
2026.03.30 20:12:56,BUY,0.2000,0.6000,2
2026.03.30 21:02:52,SELL,0.2000,-0.3000,0
2026.03.31 00:00:05,SELL,2.5000,-0.1000,8
2026.03.31 00:38:30,SELL,1.1000,0.1000,0
2026.03.31 02:02:29,BUY,1.2000,0.0000,2
2026.03.31 03:23:46,BUY,1.1000,0.0000,0
2026.03.31 03:38:50,SELL,0.2000,-0.4000,0
2026.03.31 03:44:09,SELL,0.2000,0.0000,0
2026.03.31 03:49:09,SELL,0.2000,-0.1000,0
2026.03.31 08:13:26,BUY,0.2000,0.1000,0
2026.03.31 08:55:38,BUY,1.4000,0.0000,0
2026.03.31 09:29:44,SELL,0.2000,0.1000,0
2026.03.31 10:14:55,BUY,1.2000,0.0000,0
2026.03.31 11:14:47,BUY,1.4000,0.0000,0
2026.03.31 11:44:33,SELL,0.2000,0.1000,1
2026.03.31 12:01:58,BUY,0.2000,0.1000,0
2026.03.31 13:49:55,BUY,0.2000,-0.1000,0
2026.03.31 14:11:17,SELL,0.2000,-0.1000,0
2026.03.31 14:24:52,SELL,0.2000,-0.1000,0
2026.03.31 14:29:59,SELL,0.2000,0.0000,1
2026.03.31 14:39:35,SELL,0.2000,0.2000,1
2026.03.31 14:44:35,SELL,0.5000,0.0000,0
2026.03.31 15:02:58,SELL,0.2000,-0.2000,0
2026.03.31 15:09:20,SELL,0.2000,0.4000,0
2026.03.31 15:14:20,BUY,0.2000,0.2000,1
2026.03.31 15:19:20,SELL,0.2000,-0.1000,1
2026.03.31 15:24:42,BUY,0.2000,0.4000,0
2026.03.31 15:29:42,SELL,0.2000,0.1000,0
2026.03.31 16:07:29,SELL,0.2000,0.2000,0
2026.03.31 16:13:55,BUY,1.1000,-0.4000,1
2026.03.31 16:18:55,SELL,0.2000,0.0000,0
2026.03.31 16:52:53,SELL,0.2000,0.2000,0
2026.03.31 17:04:37,BUY,0.2000,0.0000,0
2026.03.31 17:21:14,BUY,0.4000,0.1000,1
2026.03.31 17:28:26,SELL,0.2000,0.1000,0
2026.03.31 17:33:40,SELL,0.2000,0.1000,0
2026.03.31 17:38:40,BUY,0.2000,-0.1000,0
2026.03.31 17:44:30,BUY,1.0000,0.0000,0
2026.03.31 17:50:40,SELL,0.2000,0.2000,0
2026.03.31 17:56:00,BUY,0.2000,0.4000,0
2026.03.31 18:09:28,SELL,0.0000,0.0000,0
2026.03.31 18:14:28,SELL,0.2000,0.1000,1
2026.03.31 18:20:48,BUY,1.1000,0.1000,0
2026.03.31 18:28:01,BUY,0.2000,-0.1000,0
2026.03.31 18:33:01,BUY,0.2000,0.1000,0
2026.03.31 18:42:44,BUY,0.6000,0.0000,1
2026.03.31 18:49:27,SELL,0.2000,-0.1000,0
2026.03.31 18:54:53,BUY,0.6000,-0.1000,1
2026.03.31 19:01:58,SELL,0.2000,0.2000,0
2026.03.31 19:06:58,BUY,0.2000,-0.4000,1
2026.03.31 19:19:25,BUY,1.0000,0.0000,1
2026.03.31 19:24:50,SELL,0.2000,-0.2000,1
2026.03.31 19:33:05,SELL,0.2000,-0.2000,1
2026.03.31 19:38:48,SELL,0.2000,-0.1000,0
2026.03.31 19:43:48,SELL,0.2000,-0.1000,0
2026.03.31 19:48:48,BUY,0.2000,0.1000,0
2026.03.31 20:00:37,SELL,0.2000,-0.3000,0
2026.03.31 20:09:17,SELL,0.2000,0.1000,0
2026.03.31 20:14:20,SELL,0.2000,0.3000,0
2026.03.31 20:23:34,SELL,0.2000,0.8000,1
2026.03.31 20:28:34,BUY,0.2000,-0.1000,0
2026.03.31 20:34:55,SELL,0.2000,0.1000,0
2026.03.31 20:56:24,BUY,0.2000,0.0000,1
2026.03.31 21:09:02,SELL,0.2000,0.1000,1
2026.03.31 21:32:30,BUY,0.4000,0.0000,1
2026.03.31 21:49:06,BUY,1.3000,0.0000,0
2026.03.31 21:54:24,SELL,0.2000,0.4000,0
2026.03.31 22:06:17,BUY,0.8000,0.0000,1
2026.03.31 22:33:55,SELL,0.2000,0.2000,0
2026.03.31 22:38:55,SELL,0.6000,1.0000,2
2026.04.01 00:00:35,BUY,12.1000,0.0000,0
2026.04.01 03:18:14,SELL,0.2000,0.2000,0
2026.04.01 04:01:04,BUY,0.2000,0.1000,0
2026.04.01 04:06:40,BUY,1.1000,0.0000,0
2026.04.01 04:29:22,SELL,0.2000,0.1000,1
2026.04.01 08:59:37,BUY,0.2000,0.2000,0
2026.04.01 09:21:31,SELL,0.2000,-0.1000,1
2026.04.01 09:26:44,SELL,0.2000,0.1000,1
2026.04.01 09:31:49,SELL,0.2000,0.1000,0
2026.04.01 09:39:04,BUY,0.4000,0.2000,1
2026.04.01 09:44:05,SELL,0.2000,-0.1000,0
2026.04.01 09:58:09,SELL,0.2000,-0.1000,0
2026.04.01 10:03:11,BUY,1.3000,0.0000,0
2026.04.01 10:41:01,BUY,0.2000,0.3000,0
2026.04.01 10:46:37,SELL,0.2000,0.0000,0
2026.04.01 10:53:58,SELL,0.2000,0.3000,0
2026.04.01 11:01:53,BUY,1.1000,0.0000,0
2026.04.01 11:18:11,SELL,0.2000,0.2000,0
2026.04.01 11:24:59,SELL,0.2000,0.0000,1
2026.04.01 11:31:52,SELL,0.2000,0.2000,1
2026.04.01 11:47:03,BUY,1.1000,0.0000,0
2026.04.01 11:54:17,BUY,1.5000,0.0000,0
2026.04.01 11:59:34,BUY,0.2000,-0.3000,0
2026.04.01 12:04:38,SELL,0.2000,0.1000,3
2026.04.01 12:09:38,BUY,0.5000,0.1000,0
2026.04.01 12:19:50,BUY,0.2000,-0.2000,0
2026.04.01 12:29:05,BUY,1.2000,0.2000,0
2026.04.01 12:48:14,SELL,0.2000,0.1000,0
2026.04.01 13:55:24,BUY,0.5000,0.0000,0
2026.04.01 14:23:00,BUY,1.0000,0.0000,0
2026.04.01 15:08:23,BUY,0.2000,0.1000,1
2026.04.01 15:17:21,BUY,1.3000,0.0000,0
2026.04.01 15:26:33,BUY,0.2000,0.0000,0
2026.04.01 15:32:12,SELL,0.2000,0.5000,0
2026.04.01 15:44:20,SELL,0.2000,-0.1000,0
2026.04.01 15:49:20,BUY,0.4000,0.1000,0
2026.04.01 16:02:30,BUY,1.0000,0.0000,0
2026.04.01 16:12:44,SELL,0.2000,-0.2000,0
2026.04.01 16:22:48,BUY,1.1000,0.0000,1
2026.04.01 16:28:40,BUY,1.1000,0.0000,0
2026.04.01 16:33:40,SELL,0.2000,-0.1000,0
2026.04.01 16:41:38,BUY,1.4000,0.0000,0
2026.04.01 17:00:06,BUY,1.1000,-0.1000,0
2026.04.01 17:22:26,SELL,0.2000,-0.2000,0
2026.04.01 17:34:04,BUY,1.0000,0.0000,1
2026.04.01 17:39:21,SELL,0.0000,-0.8000,0
2026.04.01 17:49:01,SELL,0.2000,0.0000,0
2026.04.01 18:09:58,BUY,0.6000,0.0000,0
2026.04.01 18:24:05,BUY,0.4000,-0.1000,0
2026.04.01 18:29:59,BUY,0.2000,0.1000,0
2026.04.01 19:03:45,BUY,0.5000,0.0000,0
2026.04.01 19:11:21,BUY,0.2000,0.3000,0
2026.04.01 19:49:02,SELL,0.2000,0.0000,0
2026.04.01 20:09:10,BUY,0.4000,0.1000,0
2026.04.01 20:32:48,BUY,0.2000,0.1000,2
2026.04.01 20:51:59,BUY,1.4000,0.0000,1
2026.04.01 21:02:17,BUY,0.2000,0.1000,0
2026.04.01 21:37:22,BUY,1.4000,0.0000,0
2026.04.01 21:42:22,SELL,0.2000,0.1000,1
2026.04.01 21:59:33,BUY,0.9000,0.0000,0
2026.04.02 00:00:23,BUY,6.1000,4.0000,8
2026.04.02 00:06:01,SELL,2.5000,0.6000,12
2026.04.02 04:03:43,BUY,0.2000,0.1000,0
2026.04.02 04:08:43,BUY,0.4000,0.1000,0
2026.04.02 04:13:43,SELL,0.6000,-0.3000,0
2026.04.02 04:18:43,BUY,0.2000,-0.2000,0
2026.04.02 04:23:43,SELL,0.2000,0.1000,0
2026.04.02 04:31:13,BUY,0.2000,0.0000,0
2026.04.02 04:39:56,SELL,0.2000,-0.1000,1
2026.04.02 04:47:13,BUY,0.2000,0.8000,0
2026.04.02 04:52:16,SELL,0.2000,0.1000,1
2026.04.02 05:21:55,BUY,0.2000,0.1000,0
2026.04.02 05:29:58,BUY,0.2000,0.0000,2
2026.04.02 08:47:16,BUY,0.2000,0.3000,0
2026.04.02 08:53:05,SELL,0.2000,-0.2000,0
2026.04.02 09:12:34,BUY,0.6000,0.0000,0
2026.04.02 10:06:36,BUY,0.7000,0.0000,0
2026.04.02 10:16:13,SELL,0.2000,0.6000,1
2026.04.02 10:29:23,BUY,0.7000,0.0000,0
2026.04.02 10:34:23,BUY,1.4000,-1.0000,1
2026.04.02 10:48:20,SELL,0.2000,-0.2000,0
2026.04.02 11:20:39,BUY,0.2000,0.0000,0
2026.04.02 12:33:46,SELL,0.2000,0.0000,0
2026.04.02 13:14:42,BUY,0.6000,0.0000,0
2026.04.02 13:49:39,BUY,0.8000,0.9000,0
2026.04.02 14:34:00,SELL,0.2000,0.1000,0
2026.04.02 15:03:30,SELL,0.2000,0.0000,0
2026.04.02 16:03:59,SELL,0.2000,0.0000,1
2026.04.02 16:12:21,BUY,0.4000,0.1000,0
2026.04.02 16:39:55,BUY,0.7000,0.0000,0
2026.04.02 16:46:55,SELL,0.2000,-0.4000,1
2026.04.02 17:18:22,SELL,0.2000,0.4000,0
2026.04.02 17:35:55,SELL,0.2000,-0.5000,0
2026.04.02 17:40:55,BUY,0.2000,0.0000,0
2026.04.02 17:46:00,BUY,0.2000,-0.1000,0
2026.04.02 17:55:31,SELL,0.2000,0.1000,1
2026.04.02 18:04:35,SELL,0.2000,-0.2000,0
2026.04.02 18:09:35,BUY,0.2000,0.0000,0
2026.04.02 18:20:34,BUY,1.0000,0.1000,1
2026.04.02 18:27:12,SELL,0.2000,0.0000,0
2026.04.02 18:48:39,BUY,0.7000,0.0000,1
2026.04.02 19:32:24,SELL,0.2000,0.1000,0
2026.04.02 19:59:58,BUY,0.2000,0.3000,0
2026.04.02 20:58:09,BUY,1.6000,0.0000,0
2026.04.02 22:23:51,SELL,0.9000,-0.2000,0
2026.04.03 00:00:31,BUY,6.9000,4.2000,11
2026.04.03 00:05:56,SELL,2.5000,0.0000,4
2026.04.03 15:30:01,BUY,0.0000,-0.6000,0
2026.04.03 16:12:31,SELL,0.2000,0.7000,0
2026.04.03 17:04:56,BUY,1.3000,-0.1000,0
2026.04.03 21:39:22,BUY,1.4000,0.1000,0
2026.04.03 23:10:35,SELL,0.3000,0.5000,0
2026.04.03 23:41:20,BUY,2.5000,0.0000,0
2026.04.03 23:46:31,BUY,9.0000,0.0000,7
2026.04.06 00:00:00,SELL,6.3000,-2.1000,35
2026.04.06 01:02:39,BUY,1.7000,0.0000,0
2026.04.06 05:03:55,SELL,0.2000,-0.2000,4
2026.04.06 05:11:10,SELL,0.2000,0.4000,0
2026.04.06 05:19:37,SELL,0.2000,0.0000,0
2026.04.06 09:50:17,SELL,0.2000,0.0000,0
2026.04.06 10:33:01,SELL,0.2000,0.1000,1
2026.04.06 10:39:24,SELL,0.2000,-0.1000,2
2026.04.06 10:44:25,SELL,0.2000,0.1000,0
2026.04.06 10:49:28,SELL,0.2000,-0.4000,0
2026.04.06 10:54:28,SELL,0.2000,-0.1000,1
2026.04.06 11:06:53,BUY,0.2000,0.4000,0
2026.04.06 12:54:02,BUY,0.2000,0.2000,0
2026.04.06 13:46:18,BUY,0.0000,-0.7000,0
2026.04.06 14:14:37,BUY,0.2000,0.1000,1
2026.04.06 17:00:30,SELL,0.2000,0.0000,1
2026.04.06 17:38:28,BUY,0.2000,-0.1000,0
2026.04.06 17:46:19,BUY,1.3000,-0.1000,0
2026.04.06 17:54:09,BUY,0.2000,-0.1000,0
2026.04.06 17:59:09,BUY,0.4000,0.1000,0
2026.04.06 18:14:03,BUY,1.2000,0.0000,0
2026.04.06 20:02:04,BUY,0.6000,0.1000,1
2026.04.06 20:23:28,SELL,0.2000,0.0000,0
2026.04.06 20:34:32,SELL,0.1000,0.2000,0
2026.04.06 21:11:16,SELL,0.2000,0.2000,0
2026.04.07 00:00:47,BUY,6.7000,0.0000,0
2026.04.07 04:39:22,BUY,0.2000,0.3000,0
2026.04.07 08:42:17,BUY,0.2000,0.1000,0
2026.04.07 09:29:05,SELL,0.2000,0.2000,0
2026.04.07 10:06:26,BUY,0.6000,0.0000,0
2026.04.07 10:29:53,BUY,1.3000,0.0000,0
2026.04.07 11:02:00,SELL,0.2000,0.0000,0
2026.04.07 11:09:31,SELL,0.2000,0.2000,0
2026.04.07 11:14:31,SELL,0.8000,-0.3000,0
2026.04.07 11:58:45,SELL,0.2000,0.2000,0
2026.04.07 12:28:05,BUY,0.2000,0.4000,0
2026.04.07 13:09:24,BUY,0.0000,-0.4000,0
2026.04.07 13:22:23,BUY,0.7000,0.0000,0
2026.04.07 13:43:56,BUY,0.5000,-0.1000,0
2026.04.07 13:58:33,SELL,0.2000,0.0000,0
2026.04.07 14:37:38,SELL,0.2000,-0.6000,0
2026.04.07 14:43:53,SELL,0.2000,0.0000,0
2026.04.07 15:06:44,BUY,0.2000,-0.6000,0
2026.04.07 15:19:00,SELL,0.2000,0.4000,1
2026.04.07 15:49:56,BUY,0.2000,-0.1000,0
2026.04.07 15:55:54,SELL,0.0000,-0.2000,0
2026.04.07 16:29:17,BUY,0.5000,0.0000,0
2026.04.07 16:38:23,SELL,0.2000,-0.2000,0
2026.04.07 17:07:10,SELL,0.2000,-0.1000,1
2026.04.07 17:21:38,SELL,0.2000,0.4000,1
2026.04.07 17:33:51,SELL,0.2000,-0.6000,0
2026.04.07 17:46:36,SELL,0.0000,-0.2000,0
2026.04.07 18:08:23,BUY,1.3000,-0.1000,1
2026.04.07 18:15:55,SELL,0.0000,-0.3000,0
2026.04.07 18:23:17,BUY,1.0000,0.0000,0
2026.04.07 19:03:03,SELL,0.2000,-0.1000,0
2026.04.07 19:23:17,SELL,0.2000,-0.1000,0
2026.04.07 19:54:55,BUY,0.4000,-0.1000,1
2026.04.07 20:09:06,BUY,1.4000,0.1000,1
2026.04.07 20:34:24,SELL,0.2000,-0.1000,0
2026.04.07 22:18:18,SELL,0.2000,0.0000,0
2026.04.07 22:24:09,BUY,0.9000,0.1000,0
2026.04.07 22:45:47,SELL,0.0000,-0.4000,0
2026.04.08 00:00:26,BUY,6.7000,-1.4000,5
2026.04.08 00:05:45,SELL,1.2000,0.0000,0
2026.04.08 01:00:10,SELL,0.3000,-0.2000,0
2026.04.08 01:11:05,BUY,0.3000,0.8000,0
2026.04.08 01:32:28,SELL,0.0000,-0.1000,0
2026.04.08 01:37:28,SELL,0.8000,0.0000,0
2026.04.08 01:42:28,BUY,0.4000,0.4000,0
2026.04.08 01:53:39,SELL,0.3000,0.1000,1
2026.04.08 01:58:39,SELL,0.3000,0.2000,0
2026.04.08 02:03:42,SELL,0.3000,-0.5000,0
2026.04.08 02:08:42,BUY,0.3000,0.1000,0
2026.04.08 02:14:02,SELL,0.3000,0.1000,1
2026.04.08 02:19:02,SELL,0.3000,0.1000,0
2026.04.08 02:24:02,SELL,1.3000,0.0000,0
2026.04.08 02:29:02,BUY,0.3000,-0.3000,0
2026.04.08 02:39:43,SELL,0.3000,0.1000,0
2026.04.08 03:01:30,SELL,0.2000,0.2000,0
2026.04.08 03:07:10,BUY,0.2000,0.1000,1
2026.04.08 03:15:06,BUY,0.2000,0.2000,0
2026.04.08 03:21:49,SELL,0.2000,0.2000,0
2026.04.08 03:34:05,BUY,0.2000,0.0000,0
2026.04.08 03:49:13,SELL,0.2000,-0.1000,0
2026.04.08 04:01:50,SELL,0.2000,-0.1000,0
2026.04.08 04:12:58,SELL,0.2000,-0.1000,0
2026.04.08 04:31:00,BUY,0.2000,-0.3000,1
2026.04.08 04:59:20,BUY,0.9000,0.1000,0
2026.04.08 05:04:47,SELL,0.2000,0.0000,0
2026.04.08 06:23:03,BUY,0.2000,0.3000,0
2026.04.08 07:02:46,SELL,0.2000,0.1000,1
2026.04.08 07:22:56,BUY,1.1000,0.0000,0
2026.04.08 08:23:55,SELL,0.2000,0.1000,3
2026.04.08 08:48:52,SELL,0.2000,-0.1000,1
2026.04.08 08:53:52,SELL,0.2000,-0.1000,0
2026.04.08 08:58:52,BUY,0.5000,-0.6000,1
2026.04.08 09:03:52,BUY,0.2000,0.3000,0
2026.04.08 09:22:43,BUY,0.2000,0.1000,0
2026.04.08 09:27:43,SELL,0.2000,-0.1000,0
2026.04.08 09:33:00,BUY,0.2000,0.1000,0
2026.04.08 09:38:00,SELL,0.2000,0.6000,0
2026.04.08 09:50:49,BUY,0.2000,-0.2000,1
2026.04.08 09:58:08,SELL,0.2000,0.0000,0
2026.04.08 10:03:08,BUY,0.2000,-0.4000,0
2026.04.08 10:08:09,BUY,0.9000,0.0000,0
2026.04.08 10:13:10,BUY,0.2000,0.0000,0
2026.04.08 10:19:17,SELL,0.2000,-0.1000,0
2026.04.08 10:34:28,BUY,0.7000,0.0000,0
2026.04.08 10:42:42,SELL,0.2000,0.1000,0
2026.04.08 11:09:34,BUY,0.2000,-0.5000,0
2026.04.08 11:41:56,BUY,0.2000,0.0000,0
2026.04.08 12:22:06,BUY,0.2000,0.4000,0
2026.04.08 12:44:34,BUY,0.2000,0.1000,0
2026.04.08 12:57:30,BUY,0.2000,0.1000,0
2026.04.08 13:56:50,SELL,0.2000,-0.1000,1
2026.04.08 14:02:04,BUY,0.7000,0.0000,0
2026.04.08 14:14:16,SELL,0.2000,0.1000,0
2026.04.08 14:27:46,SELL,0.2000,0.3000,0
2026.04.08 14:36:00,BUY,0.2000,0.1000,1
2026.04.08 14:48:21,SELL,0.2000,0.1000,2
2026.04.08 15:06:31,SELL,0.2000,0.3000,0
2026.04.08 15:19:39,BUY,0.2000,-0.5000,0
2026.04.08 15:24:55,BUY,1.3000,0.0000,0
2026.04.08 15:29:55,SELL,0.2000,-0.1000,0
2026.04.08 15:34:57,SELL,0.2000,-0.2000,0
2026.04.08 15:42:33,SELL,0.2000,0.0000,0
2026.04.08 16:02:12,SELL,0.2000,0.0000,0
2026.04.08 16:11:09,BUY,0.2000,-0.2000,0
2026.04.08 16:21:28,BUY,0.9000,0.0000,0
2026.04.08 16:27:06,BUY,0.5000,0.0000,0
2026.04.08 16:32:55,BUY,1.5000,0.0000,0
2026.04.08 16:37:55,BUY,0.2000,-0.1000,0
2026.04.08 16:48:12,SELL,0.2000,0.2000,0
2026.04.08 16:53:14,BUY,0.7000,-0.1000,0
2026.04.08 16:59:52,SELL,0.2000,-0.1000,0
2026.04.08 17:08:46,BUY,0.2000,0.2000,0
2026.04.08 17:24:50,SELL,0.2000,0.3000,0
2026.04.08 17:31:14,BUY,0.2000,0.4000,0
2026.04.08 17:55:57,BUY,1.1000,0.0000,0
2026.04.08 18:06:36,BUY,1.0000,-0.1000,1
2026.04.08 18:19:46,SELL,0.2000,-0.1000,0
2026.04.08 18:29:11,BUY,0.2000,-0.2000,0
2026.04.08 18:44:08,BUY,1.1000,0.0000,0
2026.04.08 18:59:18,BUY,0.2000,0.0000,0
2026.04.08 19:04:43,BUY,0.5000,0.3000,0
2026.04.08 19:43:16,BUY,1.2000,0.0000,0
2026.04.08 20:17:29,BUY,0.2000,-0.3000,1
2026.04.08 20:23:37,BUY,0.2000,0.3000,0
2026.04.08 21:18:23,BUY,0.2000,-0.1000,0
2026.04.08 21:39:07,BUY,0.5000,-0.7000,0
2026.04.08 21:49:56,BUY,0.2000,-0.1000,1
2026.04.08 22:00:14,BUY,0.7000,0.1000,0
2026.04.08 22:17:51,BUY,1.2000,-0.1000,0
2026.04.08 22:37:31,SELL,0.2000,-0.3000,0
2026.04.08 22:59:06,SELL,0.2000,0.1000,0
2026.04.09 00:00:26,BUY,4.8000,0.0000,6
2026.04.09 00:05:28,SELL,2.5000,1.6000,2
2026.04.09 04:34:26,SELL,0.2000,0.0000,0
2026.04.09 06:47:31,BUY,0.8000,0.1000,0
2026.04.09 10:17:52,BUY,1.3000,0.0000,1
2026.04.09 10:24:47,SELL,0.2000,-0.1000,0
2026.04.09 10:32:26,BUY,0.4000,0.1000,0
2026.04.09 11:33:43,SELL,0.5000,0.1000,1
2026.04.09 11:54:11,SELL,0.2000,0.0000,0
2026.04.09 14:19:36,SELL,0.2000,0.0000,0
2026.04.09 15:33:31,BUY,1.2000,0.0000,0
2026.04.09 15:41:36,SELL,0.0000,0.0000,0
2026.04.09 16:19:15,SELL,0.2000,0.2000,0
2026.04.09 16:51:34,BUY,0.2000,0.0000,0
2026.04.09 16:59:52,BUY,1.9000,0.0000,0
2026.04.09 17:24:31,SELL,0.2000,0.1000,1
2026.04.09 17:31:07,BUY,1.3000,0.0000,0
2026.04.09 17:37:07,BUY,0.6000,0.0000,0
2026.04.09 17:56:22,SELL,0.2000,-0.1000,1
2026.04.09 18:04:28,BUY,0.2000,-0.1000,0
2026.04.09 18:14:45,SELL,0.2000,0.1000,1
2026.04.09 18:19:45,SELL,0.2000,0.2000,0
2026.04.09 18:24:45,SELL,0.2000,-0.1000,0
2026.04.09 18:32:36,SELL,0.2000,0.0000,0
2026.04.09 18:43:45,BUY,1.6000,0.0000,0
2026.04.09 18:53:41,SELL,0.2000,-0.2000,0
2026.04.09 19:17:47,SELL,0.2000,0.3000,0
2026.04.09 19:33:14,BUY,0.6000,0.0000,0
2026.04.09 20:07:08,SELL,0.2000,-0.2000,0
2026.04.09 20:53:50,BUY,1.2000,0.0000,0
2026.04.09 21:02:24,BUY,1.2000,0.0000,0
2026.04.09 21:13:36,BUY,1.8000,-0.1000,1
2026.04.09 22:33:12,SELL,0.2000,0.3000,0
2026.04.09 22:57:37,BUY,0.8000,0.0000,1
2026.04.10 01:29:46,BUY,0.5000,0.1000,0
2026.04.10 10:42:31,BUY,1.1000,0.0000,0
2026.04.10 11:09:07,SELL,0.2000,1.0000,0
2026.04.10 12:18:56,SELL,0.0000,0.1000,0
2026.04.10 12:24:16,BUY,0.2000,-0.1000,0
2026.04.10 12:29:18,BUY,1.6000,-0.3000,0
2026.04.10 12:53:56,SELL,0.2000,0.1000,0
2026.04.10 14:44:57,SELL,0.2000,-0.2000,2
2026.04.10 15:30:01,SELL,0.1000,0.0000,0
2026.04.10 15:41:40,BUY,0.5000,-0.1000,0
2026.04.10 16:24:21,SELL,0.2000,0.2000,0
2026.04.10 16:29:21,SELL,1.1000,0.0000,0
2026.04.10 16:34:35,BUY,0.2000,0.1000,1
2026.04.10 17:01:29,SELL,0.2000,0.0000,0
2026.04.10 17:42:57,BUY,0.0000,-0.2000,0
2026.04.10 17:57:40,SELL,0.2000,0.0000,0
2026.04.10 18:29:22,BUY,0.4000,0.2000,5
2026.04.10 23:57:04,BUY,2.7000,0.0000,0
2026.04.13 00:00:00,BUY,3.8000,1.3000,0
2026.04.13 00:26:34,SELL,1.0000,0.1000,0
2026.04.13 00:59:19,BUY,2.4000,0.0000,0
2026.04.13 01:09:56,SELL,0.3000,0.8000,0
2026.04.13 09:14:53,BUY,0.2000,0.0000,0
2026.04.13 09:43:26,BUY,0.2000,0.0000,1
2026.04.13 10:01:14,SELL,0.2000,-0.1000,0
2026.04.13 14:00:04,SELL,0.2000,0.2000,0
2026.04.13 14:37:35,BUY,0.5000,-0.1000,0
2026.04.13 14:59:15,BUY,1.3000,0.0000,0
2026.04.13 15:47:01,SELL,0.2000,0.2000,0
2026.04.13 16:43:45,SELL,0.2000,0.0000,0
2026.04.13 16:49:34,SELL,0.2000,0.2000,0
2026.04.13 16:57:29,BUY,1.2000,0.0000,0
2026.04.13 17:14:18,SELL,0.2000,-0.1000,0
2026.04.13 17:23:27,BUY,0.2000,0.2000,0
2026.04.13 17:59:18,BUY,1.5000,-0.1000,0
2026.04.13 18:38:18,SELL,0.1000,0.0000,0
2026.04.13 19:06:51,SELL,0.2000,-0.2000,0
2026.04.13 19:20:05,SELL,0.2000,-0.2000,0
2026.04.13 19:33:19,SELL,0.0000,0.2000,0
2026.04.13 19:44:16,SELL,0.2000,0.1000,0
2026.04.13 20:19:05,SELL,0.2000,-0.3000,0
2026.04.13 21:31:32,SELL,0.0000,0.1000,0
2026.04.13 21:49:46,SELL,0.2000,0.2000,0
2026.04.13 21:59:21,SELL,0.2000,0.2000,0
2026.04.13 22:04:21,BUY,0.2000,0.1000,0
2026.04.14 00:00:32,BUY,9.1000,-3.9000,15
2026.04.14 01:00:36,SELL,0.3000,0.3000,4
2026.04.14 09:01:09,SELL,0.2000,-0.4000,0
2026.04.14 09:44:50,SELL,0.2000,-0.1000,0
2026.04.14 10:02:08,SELL,0.0000,-1.3000,0
2026.04.14 10:07:21,SELL,0.2000,0.0000,1
2026.04.14 10:12:21,BUY,0.2000,0.0000,0
2026.04.14 10:18:48,BUY,0.2000,0.1000,1
2026.04.14 10:34:53,SELL,0.2000,-0.1000,0
2026.04.14 10:43:55,BUY,0.7000,0.0000,1
2026.04.14 10:53:46,BUY,0.6000,0.1000,0
2026.04.14 12:04:29,SELL,0.2000,0.0000,0
2026.04.14 12:37:16,SELL,0.2000,0.1000,4
2026.04.14 13:08:00,SELL,0.2000,0.1000,1
2026.04.14 14:32:50,BUY,1.2000,0.0000,0
2026.04.14 14:58:39,SELL,0.0000,-0.3000,0
2026.04.14 15:03:39,BUY,1.0000,-0.5000,0
2026.04.14 15:26:39,SELL,0.2000,0.1000,1
2026.04.14 15:49:41,SELL,0.2000,0.3000,1
2026.04.14 16:15:59,BUY,0.2000,-0.3000,0
2026.04.14 16:37:45,SELL,0.2000,0.0000,0
2026.04.14 16:57:34,BUY,1.6000,0.0000,0
2026.04.14 17:07:12,BUY,0.2000,0.3000,1
2026.04.14 17:51:18,BUY,0.2000,0.1000,1
2026.04.14 18:02:31,BUY,0.9000,0.0000,0
2026.04.14 18:18:33,BUY,0.8000,0.0000,0
2026.04.14 18:34:13,SELL,0.2000,0.7000,0
2026.04.14 18:48:18,BUY,0.7000,0.0000,0
2026.04.15 03:03:55,BUY,1.0000,0.0000,0
2026.04.15 08:19:44,SELL,0.1000,0.0000,0
2026.04.15 09:09:32,SELL,0.2000,0.2000,5
2026.04.15 09:14:35,BUY,0.9000,-0.3000,2
2026.04.15 12:02:43,BUY,0.2000,0.0000,0
2026.04.15 12:11:53,BUY,1.0000,-0.2000,1
2026.04.15 13:07:16,SELL,0.2000,-0.1000,0
2026.04.15 13:16:14,BUY,0.2000,0.1000,0
2026.04.15 13:29:16,BUY,1.2000,0.1000,0
2026.04.15 13:42:47,SELL,0.2000,-0.1000,0
2026.04.15 14:46:20,SELL,0.0000,-0.3000,0
2026.04.15 14:53:44,SELL,0.2000,0.0000,0
2026.04.15 15:19:27,SELL,0.2000,0.3000,0
2026.04.15 16:24:14,SELL,0.2000,0.0000,2
2026.04.15 16:42:26,BUY,1.1000,0.0000,0
2026.04.15 17:29:35,SELL,0.2000,0.6000,0
2026.04.15 17:34:53,BUY,1.1000,0.0000,0
2026.04.15 18:09:02,SELL,0.2000,-0.1000,0
2026.04.15 18:31:10,BUY,1.3000,0.0000,0
2026.04.15 21:02:23,SELL,0.2000,0.5000,0
2026.04.16 01:04:18,SELL,0.3000,-0.1000,0
2026.04.16 04:38:12,BUY,1.2000,0.1000,1
2026.04.16 05:42:28,SELL,0.2000,0.0000,0
2026.04.16 08:43:51,BUY,1.1000,0.0000,0
2026.04.16 10:03:56,BUY,1.4000,0.0000,0
2026.04.16 10:32:21,BUY,0.5000,-0.1000,0
2026.04.16 11:07:24,BUY,1.2000,0.5000,0
2026.04.16 11:14:56,BUY,0.9000,0.0000,0
2026.04.16 12:34:33,SELL,0.2000,-0.1000,0
2026.04.16 13:04:05,BUY,0.7000,0.0000,0
2026.04.16 13:09:57,SELL,0.2000,-0.1000,1
2026.04.16 14:03:55,SELL,0.2000,0.1000,0
2026.04.16 15:32:31,BUY,1.0000,0.0000,0
2026.04.16 16:52:12,BUY,0.7000,0.0000,0
2026.04.16 17:51:30,BUY,0.2000,-0.1000,1
2026.04.16 18:09:40,SELL,0.2000,0.1000,1
2026.04.16 18:37:20,SELL,0.2000,-0.1000,0
2026.04.16 19:23:28,BUY,1.0000,0.0000,0
2026.04.16 19:33:38,BUY,1.4000,0.0000,0
2026.04.16 20:14:46,BUY,1.2000,-0.6000,0
2026.04.16 21:01:04,SELL,0.2000,0.1000,0
2026.04.17 00:00:28,BUY,6.4000,3.7000,0
2026.04.17 11:43:13,SELL,0.2000,-0.4000,1
2026.04.17 15:25:35,SELL,0.2000,0.0000,0
2026.04.17 15:45:59,SELL,0.2000,0.3000,0
2026.04.17 15:53:15,BUY,0.2000,0.8000,0
2026.04.17 15:58:15,SELL,0.2000,0.0000,0
2026.04.17 16:03:15,SELL,0.1000,0.1000,0
2026.04.17 16:08:15,SELL,0.6000,-0.1000,0
2026.04.17 16:13:15,BUY,1.4000,0.1000,1
2026.04.17 16:18:15,BUY,0.9000,0.0000,0
2026.04.17 16:23:15,BUY,0.2000,0.1000,1
2026.04.17 16:28:15,BUY,0.2000,0.1000,0
2026.04.17 16:38:48,SELL,0.2000,-0.1000,1
2026.04.17 16:43:51,BUY,0.0000,0.0000,0
2026.04.17 16:48:51,BUY,0.2000,0.2000,0
2026.04.17 16:53:51,SELL,0.2000,0.1000,0
2026.04.17 17:06:41,BUY,0.9000,-0.3000,0
2026.04.17 17:12:36,BUY,0.7000,0.0000,0
2026.04.17 17:19:45,SELL,0.2000,-0.1000,1
2026.04.17 17:33:49,SELL,0.2000,1.2000,0
2026.04.17 17:38:49,BUY,0.2000,-0.1000,0
2026.04.17 17:43:49,SELL,0.2000,-0.1000,0
2026.04.17 17:50:50,BUY,0.2000,-0.1000,0
2026.04.17 18:04:04,BUY,0.2000,0.0000,1
2026.04.17 18:19:35,BUY,0.7000,0.0000,0
2026.04.17 18:33:59,SELL,0.2000,-0.2000,1
2026.04.17 18:43:30,BUY,0.2000,0.1000,1
2026.04.17 18:58:34,BUY,0.2000,0.1000,0
2026.04.17 19:04:33,BUY,1.0000,0.0000,0
2026.04.17 20:01:12,BUY,1.4000,0.0000,0
2026.04.17 20:08:49,BUY,1.0000,0.2000,0
2026.04.17 20:17:09,SELL,0.2000,1.2000,1
2026.04.17 20:24:29,BUY,0.2000,0.3000,0
2026.04.17 21:43:24,BUY,1.5000,0.0000,0
2026.04.17 21:49:56,BUY,0.5000,0.1000,0
2026.04.17 21:54:56,BUY,0.2000,0.1000,0
2026.04.17 22:22:52,BUY,0.2000,0.1000,0
2026.04.17 22:39:12,BUY,1.2000,0.4000,0
2026.04.17 23:28:21,BUY,1.7000,0.0000,0
2026.04.20 00:00:00,BUY,7.0000,1.8000,0
2026.04.20 00:38:03,BUY,2.5000,0.9000,0
2026.04.20 01:07:40,SELL,0.1000,0.0000,0
2026.04.20 01:32:01,SELL,0.3000,0.0000,0
2026.04.20 03:01:11,SELL,0.2000,0.1000,0
2026.04.20 04:32:27,SELL,0.2000,0.1000,1
2026.04.20 09:31:15,SELL,0.2000,0.4000,0
2026.04.20 09:39:57,SELL,0.2000,0.3000,0
2026.04.20 09:56:26,SELL,0.1000,1.1000,0
2026.04.20 10:30:38,BUY,0.9000,-0.3000,0
2026.04.20 10:49:09,BUY,1.4000,0.0000,0
2026.04.20 11:57:35,SELL,0.2000,0.0000,0
2026.04.20 14:54:47,BUY,0.9000,0.0000,0
2026.04.20 15:09:01,BUY,0.9000,0.0000,0
2026.04.20 16:08:39,SELL,0.2000,0.5000,0
2026.04.20 16:43:39,SELL,0.2000,0.1000,0
2026.04.20 16:52:41,BUY,1.5000,0.0000,0
2026.04.20 17:03:34,BUY,0.5000,-0.3000,0
2026.04.20 17:51:04,BUY,0.2000,0.4000,0
2026.04.20 18:11:46,SELL,0.2000,0.0000,0
2026.04.20 18:21:23,SELL,0.2000,0.3000,0
2026.04.20 18:38:31,SELL,0.2000,0.0000,0
2026.04.20 20:02:57,SELL,0.1000,0.0000,0
2026.04.21 00:03:42,BUY,8.2000,0.0000,0
2026.04.21 09:02:54,BUY,0.2000,0.0000,0
2026.04.21 10:54:10,BUY,2.0000,-0.1000,0
2026.04.21 10:59:21,BUY,1.1000,0.0000,0
2026.04.21 11:06:55,BUY,0.2000,0.4000,1
2026.04.21 11:14:08,BUY,0.7000,0.0000,0
2026.04.21 11:22:59,SELL,0.2000,0.0000,1
2026.04.21 12:09:04,BUY,1.4000,0.0000,0
2026.04.21 14:09:32,BUY,0.2000,0.2000,0
2026.04.21 15:16:53,BUY,1.1000,0.0000,0
2026.04.21 15:38:31,BUY,0.7000,0.0000,0
2026.04.21 17:38:06,SELL,0.2000,0.1000,0
2026.04.21 17:47:10,BUY,0.5000,-0.1000,0
2026.04.21 17:55:39,BUY,0.2000,-0.1000,0
2026.04.21 18:24:07,BUY,0.7000,0.0000,0
2026.04.21 18:29:08,BUY,0.2000,-0.1000,0
2026.04.21 18:36:20,BUY,2.1000,-0.9000,0
2026.04.21 19:54:55,BUY,1.1000,0.0000,0
2026.04.21 20:05:11,BUY,1.4000,0.0000,0
2026.04.21 20:11:26,BUY,0.7000,0.0000,0
2026.04.21 20:29:09,SELL,0.2000,0.3000,0
2026.04.21 20:38:53,SELL,0.2000,-0.3000,0
2026.04.21 20:43:53,SELL,0.2000,-0.6000,0
2026.04.21 20:48:53,BUY,1.1000,0.1000,0
2026.04.21 20:54:38,BUY,1.4000,0.0000,1
2026.04.21 21:14:45,BUY,1.1000,0.0000,0
2026.04.21 21:19:56,BUY,0.8000,0.0000,0
2026.04.21 21:54:47,SELL,0.2000,-0.2000,0
2026.04.21 22:12:18,SELL,0.2000,-0.1000,0
2026.04.21 22:21:18,SELL,0.0000,0.0000,0
2026.04.21 22:37:22,BUY,0.2000,0.1000,0
2026.04.21 22:42:22,BUY,0.2000,0.1000,0
2026.04.21 22:48:00,SELL,0.2000,-0.1000,0
2026.04.21 22:53:08,BUY,1.4000,-0.1000,0
2026.04.21 23:09:39,SELL,0.2000,0.0000,0
2026.04.21 23:16:41,SELL,0.3000,0.1000,1
2026.04.21 23:23:35,SELL,0.3000,-0.1000,1
2026.04.22 00:01:39,BUY,10.7000,-0.8000,21
2026.04.22 00:18:06,BUY,2.5000,-0.7000,1
2026.04.22 00:34:33,SELL,2.5000,0.1000,0
2026.04.22 03:59:15,BUY,1.3000,0.0000,1
2026.04.22 08:16:15,SELL,0.2000,0.3000,0
2026.04.22 08:21:15,SELL,0.2000,-0.1000,0
2026.04.22 08:32:35,BUY,1.6000,0.0000,1
2026.04.22 11:34:38,BUY,0.5000,-0.1000,2
2026.04.22 15:09:34,BUY,0.9000,0.0000,0
2026.04.22 15:29:43,BUY,0.6000,0.0000,0
2026.04.22 16:09:31,SELL,0.0000,-0.2000,0
2026.04.22 16:19:31,SELL,0.0000,0.0000,0
2026.04.22 16:37:42,SELL,0.2000,-0.3000,0
2026.04.22 16:43:24,SELL,0.2000,0.3000,0
2026.04.22 16:54:01,BUY,1.4000,0.0000,1
2026.04.22 17:32:30,BUY,0.2000,0.5000,0
2026.04.22 17:43:47,BUY,0.7000,0.0000,0
2026.04.22 17:53:15,BUY,1.7000,0.1000,0
2026.04.22 17:58:15,BUY,0.2000,0.1000,1
2026.04.22 18:42:56,BUY,1.0000,0.0000,0
2026.04.23 03:13:28,BUY,1.3000,-0.1000,1
2026.04.23 03:18:55,SELL,0.0000,0.3000,0
2026.04.23 03:24:12,BUY,0.2000,0.0000,1
2026.04.23 03:29:23,SELL,0.2000,0.1000,1
2026.04.23 10:06:22,SELL,0.0000,-0.1000,0
2026.04.23 10:13:36,BUY,1.6000,0.0000,0
2026.04.23 10:30:00,BUY,1.0000,0.5000,0
2026.04.23 10:49:53,SELL,0.2000,0.0000,0
2026.04.23 11:33:09,BUY,1.5000,0.0000,1
2026.04.23 12:04:27,BUY,0.2000,-0.1000,1
2026.04.23 12:18:23,SELL,0.2000,0.3000,0
2026.04.23 13:09:28,BUY,0.1000,0.0000,0
2026.04.23 13:18:02,BUY,1.2000,0.1000,0
2026.04.23 14:47:33,SELL,0.2000,0.8000,0
2026.04.23 14:52:33,SELL,0.2000,0.2000,0
2026.04.23 14:59:52,BUY,1.5000,0.0000,0
2026.04.23 15:06:32,SELL,0.0000,0.1000,0
2026.04.23 15:21:59,BUY,0.8000,0.0000,1
2026.04.23 15:33:02,SELL,0.1000,0.0000,0
2026.04.23 15:45:58,BUY,0.2000,0.0000,0
2026.04.23 16:14:44,BUY,0.0000,0.1000,0
2026.04.23 16:32:41,SELL,0.2000,0.1000,0
2026.04.23 16:45:00,BUY,0.2000,0.0000,0
2026.04.23 16:56:43,BUY,0.6000,-0.1000,0
2026.04.23 17:24:22,SELL,0.2000,0.1000,1
2026.04.23 17:55:37,BUY,0.2000,-0.1000,0
2026.04.23 18:19:27,SELL,0.2000,-0.1000,1
2026.04.23 18:49:56,SELL,0.2000,0.3000,0
2026.04.23 20:01:42,BUY,0.2000,0.1000,0
2026.04.23 20:07:32,BUY,1.2000,0.0000,1
2026.04.23 20:16:49,BUY,0.5000,0.5000,0
2026.04.23 20:26:19,SELL,0.2000,-0.1000,0
2026.04.23 20:36:49,BUY,0.2000,-0.1000,0
2026.04.23 20:41:49,BUY,1.0000,0.0000,0
2026.04.23 20:47:57,SELL,0.2000,0.2000,1
2026.04.23 20:53:16,SELL,0.2000,0.3000,0
2026.04.23 20:58:16,SELL,0.5000,0.0000,0
2026.04.23 21:10:26,SELL,0.2000,0.0000,0
2026.04.23 21:59:29,BUY,0.2000,0.2000,0
2026.04.24 00:01:41,BUY,10.0000,0.0000,2
2026.04.24 00:07:33,SELL,1.8000,1.6000,4
2026.04.24 00:20:45,BUY,3.9000,0.0000,1
2026.04.24 00:29:19,SELL,2.3000,0.0000,1
2026.04.24 00:41:36,BUY,4.6000,0.0000,0
2026.04.24 10:58:27,SELL,0.2000,0.6000,0
2026.04.24 11:03:34,BUY,1.0000,0.6000,2
2026.04.24 11:17:43,SELL,0.2000,-0.1000,0
2026.04.24 11:48:46,SELL,0.2000,-0.6000,0
2026.04.24 13:43:27,SELL,0.2000,0.5000,0
2026.04.24 14:04:53,SELL,0.2000,0.4000,1
2026.04.24 14:21:44,SELL,0.2000,-0.1000,0
2026.04.24 14:32:59,BUY,0.2000,0.0000,1
2026.04.24 14:43:02,SELL,0.2000,0.3000,0
2026.04.24 15:07:44,BUY,1.3000,0.0000,0
2026.04.24 15:13:07,SELL,0.2000,0.1000,1
2026.04.24 15:19:16,BUY,0.1000,0.0000,0
2026.04.24 15:34:49,BUY,0.2000,0.0000,0
2026.04.24 15:57:43,SELL,0.2000,-0.1000,1
2026.04.24 17:04:20,BUY,0.2000,-0.3000,0
2026.04.24 17:09:40,SELL,0.2000,0.1000,1
2026.04.24 17:24:09,BUY,0.8000,1.1000,1
2026.04.24 17:34:45,SELL,0.2000,0.2000,0
2026.04.24 18:44:41,SELL,0.0000,0.0000,0
2026.04.24 18:50:47,SELL,0.2000,0.8000,0
2026.04.24 19:08:41,BUY,1.4000,0.0000,0
2026.04.24 20:54:47,SELL,0.0000,-0.1000,1
2026.04.24 23:58:44,BUY,2.5000,0.0000,0
2026.04.27 00:00:00,BUY,0.0000,0.0000,0
2026.04.27 04:00:45,SELL,0.2000,0.4000,0
2026.04.27 04:07:36,BUY,0.2000,0.1000,0
2026.04.27 04:19:38,SELL,0.2000,-0.1000,1
2026.04.27 04:27:47,BUY,0.7000,0.4000,2
2026.04.27 09:49:00,SELL,0.2000,-0.1000,0
2026.04.27 10:52:52,SELL,0.2000,-0.2000,1
2026.04.27 10:59:16,SELL,0.2000,0.3000,0
2026.04.27 11:09:05,SELL,0.2000,-0.1000,0
2026.04.27 11:24:49,SELL,0.2000,0.1000,0
2026.04.27 15:09:43,SELL,0.2000,0.5000,0
2026.04.27 15:21:45,BUY,1.0000,0.0000,0
2026.04.27 15:58:37,BUY,1.3000,0.0000,0
2026.04.27 16:04:58,SELL,0.2000,0.0000,0
2026.04.27 16:44:10,BUY,0.9000,0.0000,0
2026.04.27 16:49:54,BUY,1.1000,0.0000,0
2026.04.27 17:35:59,SELL,0.2000,-0.2000,0
2026.04.27 17:52:52,BUY,0.7000,-0.1000,0
2026.04.27 18:03:51,BUY,1.4000,0.0000,0
2026.04.27 18:22:27,BUY,1.1000,0.0000,0
2026.04.27 20:19:42,BUY,1.5000,0.0000,0
2026.04.27 20:33:41,SELL,0.2000,-0.1000,1
2026.04.28 03:27:30,BUY,1.1000,0.0000,0
2026.04.28 03:54:48,BUY,0.7000,0.0000,0
2026.04.28 04:02:32,BUY,1.0000,0.0000,0
2026.04.28 09:47:17,BUY,1.5000,0.0000,0
2026.04.28 09:58:39,BUY,0.2000,1.1000,0
2026.04.28 10:19:40,SELL,0.2000,0.1000,1
2026.04.28 10:27:49,BUY,0.7000,0.1000,1
2026.04.28 11:06:12,SELL,0.2000,0.3000,0
2026.04.28 11:16:44,SELL,0.2000,-0.2000,0
2026.04.28 12:33:11,BUY,0.2000,-0.2000,1
2026.04.28 12:47:38,SELL,0.2000,-0.1000,1
2026.04.28 14:05:54,SELL,0.0000,0.0000,0
2026.04.28 14:34:57,BUY,1.4000,0.0000,1
2026.04.28 14:48:38,BUY,1.0000,0.0000,0
2026.04.28 15:02:58,BUY,1.9000,0.1000,1
2026.04.28 15:20:19,SELL,0.0000,-0.1000,0
2026.04.28 16:18:10,BUY,0.5000,0.0000,1
2026.04.28 16:29:23,SELL,0.0000,-0.7000,0
2026.04.28 16:36:39,SELL,0.2000,0.0000,0
2026.04.28 17:02:28,BUY,0.2000,-0.1000,0
2026.04.28 17:31:59,SELL,0.2000,-0.1000,0
2026.04.28 18:02:42,SELL,0.2000,0.1000,0
2026.04.28 18:39:26,SELL,0.2000,-0.5000,0
2026.04.28 19:18:23,BUY,1.5000,0.0000,1
2026.04.28 20:49:44,SELL,0.2000,0.1000,1
2026.04.29 01:03:50,SELL,0.3000,-0.2000,0
2026.04.29 04:02:27,BUY,0.2000,0.2000,1
2026.04.29 09:39:36,SELL,0.2000,-0.1000,0
2026.04.29 11:02:21,BUY,0.2000,0.1000,0
2026.04.29 11:19:20,SELL,0.2000,0.3000,0
2026.04.29 15:38:36,BUY,1.3000,0.0000,1
2026.04.29 15:51:48,BUY,0.6000,0.1000,0
2026.04.29 16:19:47,BUY,0.2000,0.0000,0
2026.04.29 16:33:31,BUY,1.2000,0.0000,0
2026.04.29 17:04:16,BUY,1.0000,0.0000,0
2026.04.29 17:53:00,SELL,0.2000,-0.1000,1
2026.04.29 18:02:45,BUY,0.2000,-0.1000,0
2026.04.29 18:28:50,BUY,2.0000,0.1000,0
2026.04.29 18:53:34,BUY,0.2000,-0.3000,0
2026.04.29 18:58:35,SELL,0.2000,0.0000,1
2026.04.29 19:14:15,BUY,1.9000,0.0000,0
2026.04.29 21:00:14,BUY,0.7000,0.2000,0
2026.04.29 21:08:35,BUY,0.2000,0.4000,0
2026.04.29 21:17:41,SELL,0.2000,-0.2000,0
2026.04.29 21:35:32,SELL,0.2000,0.3000,0
2026.04.29 21:41:58,BUY,0.7000,0.2000,0
2026.04.29 21:55:28,SELL,0.2000,0.4000,0
2026.04.29 22:13:38,SELL,0.2000,1.0000,0
2026.04.29 22:23:30,BUY,1.4000,0.0000,0
2026.04.30 00:00:32,BUY,11.6000,0.0000,0
2026.04.30 00:05:42,SELL,7.6000,-0.1000,15
2026.04.30 00:42:02,BUY,11.5000,-0.1000,0
2026.04.30 04:59:05,BUY,0.8000,0.0000,0
2026.04.30 05:30:47,BUY,0.2000,0.1000,0
2026.04.30 06:13:29,BUY,1.1000,0.0000,1
2026.04.30 09:11:43,BUY,0.2000,0.1000,0
2026.04.30 10:14:53,SELL,0.2000,0.2000,0
2026.04.30 10:57:06,SELL,0.2000,-0.4000,0
2026.04.30 11:03:33,SELL,0.2000,0.0000,0
2026.04.30 11:08:33,SELL,0.2000,0.3000,1
2026.04.30 11:14:06,BUY,1.6000,0.0000,0
2026.04.30 11:38:56,SELL,0.2000,0.4000,0
2026.04.30 11:52:41,BUY,1.2000,0.3000,0
2026.04.30 11:59:04,BUY,0.2000,-0.1000,5
2026.04.30 12:29:51,SELL,0.2000,0.0000,2
2026.04.30 12:39:55,SELL,0.2000,-0.2000,0
2026.04.30 13:14:43,BUY,0.2000,0.1000,0
2026.04.30 13:27:03,SELL,0.0000,-0.1000,0
2026.04.30 13:32:18,SELL,0.2000,-0.1000,0
2026.04.30 13:38:25,BUY,0.7000,0.1000,0
2026.04.30 13:45:59,BUY,0.2000,-0.1000,1
2026.04.30 14:06:11,BUY,1.0000,0.0000,0
2026.04.30 14:24:12,SELL,0.2000,0.0000,0
2026.04.30 14:31:03,BUY,1.7000,0.0000,0
2026.04.30 14:37:04,SELL,0.2000,0.2000,1
2026.04.30 14:52:02,BUY,0.2000,0.3000,0
2026.04.30 15:03:07,BUY,1.8000,0.0000,0
2026.04.30 15:15:57,BUY,1.3000,0.0000,0
2026.04.30 15:24:00,SELL,0.2000,-0.1000,0
2026.04.30 15:32:26,BUY,1.1000,0.0000,0
2026.04.30 15:38:00,SELL,0.2000,0.2000,1
2026.04.30 15:43:00,BUY,0.2000,0.1000,0
2026.04.30 15:48:00,SELL,0.2000,-0.1000,0
2026.04.30 16:03:36,BUY,0.5000,0.0000,0
2026.04.30 16:09:15,SELL,0.2000,0.1000,2
2026.04.30 16:14:16,BUY,0.7000,-0.2000,0
2026.04.30 16:19:18,BUY,0.2000,0.1000,0
2026.04.30 16:24:25,BUY,0.7000,0.0000,0
2026.04.30 16:29:25,SELL,0.2000,0.1000,0
2026.04.30 16:34:34,BUY,1.0000,0.0000,0
2026.04.30 16:39:34,SELL,0.2000,-0.3000,1
2026.04.30 16:48:37,SELL,0.2000,-0.3000,0
2026.04.30 17:02:15,SELL,0.0000,-0.1000,0
2026.04.30 17:14:55,SELL,0.2000,0.6000,0
2026.04.30 17:19:55,SELL,0.2000,-0.1000,0
2026.04.30 17:24:55,SELL,0.2000,-0.1000,0
2026.04.30 17:36:40,BUY,0.7000,0.1000,1
2026.04.30 17:41:59,SELL,0.0000,-0.1000,0
2026.04.30 17:51:00,SELL,0.2000,0.1000,1
2026.04.30 17:56:21,SELL,0.2000,-0.1000,1
2026.04.30 18:04:39,BUY,0.5000,0.3000,0
2026.04.30 18:09:39,SELL,0.2000,0.1000,0
2026.04.30 18:16:49,BUY,1.1000,0.1000,0
2026.04.30 18:29:12,BUY,1.1000,0.0000,0
2026.04.30 18:36:52,SELL,0.2000,0.3000,1
2026.04.30 18:46:56,BUY,1.5000,0.0000,0
2026.04.30 19:18:05,BUY,0.2000,-0.1000,1
2026.04.30 20:01:52,SELL,0.2000,-0.1000,0
2026.04.30 20:31:01,SELL,0.2000,0.2000,0
2026.05.01 03:14:25,BUY,1.0000,0.0000,0
2026.05.01 09:45:49,SELL,0.2000,-0.1000,1
2026.05.01 09:50:53,SELL,0.2000,0.1000,1
2026.05.01 09:57:34,BUY,0.9000,-0.1000,0
2026.05.01 10:07:01,SELL,0.2000,0.1000,1
2026.05.01 10:39:10,BUY,1.0000,0.0000,1
2026.05.01 10:57:03,BUY,0.7000,0.0000,0
2026.05.01 11:24:59,SELL,0.2000,0.1000,0
2026.05.01 11:39:31,BUY,2.2000,-0.2000,0
2026.05.01 12:04:01,BUY,1.1000,0.1000,0
2026.05.01 13:04:18,SELL,0.1000,0.0000,0
2026.05.01 13:09:43,SELL,0.2000,0.1000,0
2026.05.01 14:14:36,SELL,0.2000,0.7000,0
2026.05.01 14:26:48,SELL,0.2000,0.3000,1
2026.05.01 15:13:50,SELL,0.2000,-0.1000,0
2026.05.01 15:18:50,SELL,0.2000,-0.1000,0
2026.05.01 15:23:50,SELL,0.2000,-0.1000,1
2026.05.01 15:42:43,BUY,1.0000,0.0000,0
2026.05.01 16:46:55,BUY,1.9000,0.0000,0
2026.05.01 16:52:29,SELL,0.2000,0.0000,0
2026.05.01 16:57:29,SELL,0.2000,-0.2000,0
2026.05.01 17:02:29,SELL,0.2000,0.1000,0
2026.05.01 17:12:33,SELL,0.2000,-0.1000,1
2026.05.01 17:24:35,SELL,0.2000,0.1000,0
2026.05.01 17:29:58,BUY,0.7000,0.0000,0
2026.05.01 17:36:05,BUY,0.5000,0.1000,0
2026.05.01 17:51:17,BUY,1.3000,0.0000,0
2026.05.01 18:50:33,BUY,0.2000,0.4000,0
2026.05.01 18:57:31,BUY,0.2000,-0.2000,0
2026.05.01 19:23:42,BUY,0.2000,0.5000,0
2026.05.01 19:33:49,BUY,0.7000,0.0000,0
2026.05.01 20:34:22,BUY,1.3000,-0.7000,0
2026.05.01 20:53:20,SELL,0.0000,-0.7000,0
2026.05.01 21:02:49,BUY,1.0000,0.0000,0
2026.05.01 21:29:17,BUY,0.8000,0.0000,0
2026.05.01 21:39:24,SELL,0.2000,0.0000,0
2026.05.04 00:00:00,SELL,7.2000,-0.1000,0
2026.05.04 00:15:30,BUY,3.1000,-0.1000,1
2026.05.04 01:01:20,BUY,3.1000,0.7000,1
2026.05.04 04:17:39,SELL,0.2000,0.5000,0
2026.05.04 06:46:12,SELL,0.2000,0.1000,0
2026.05.04 06:52:46,SELL,0.2000,-0.1000,0
2026.05.04 09:43:03,BUY,1.4000,0.0000,1
2026.05.04 09:53:05,SELL,0.2000,0.1000,0
2026.05.04 10:28:30,BUY,2.2000,-0.2000,0
2026.05.04 11:01:34,BUY,0.7000,0.0000,0
2026.05.04 13:02:42,BUY,1.1000,0.3000,0
2026.05.04 13:07:42,BUY,0.9000,0.2000,0
2026.05.04 13:14:32,BUY,0.5000,0.0000,0
2026.05.04 13:19:35,BUY,0.7000,0.0000,0
2026.05.04 13:26:09,SELL,0.2000,0.1000,0
2026.05.04 13:32:01,SELL,0.1000,0.3000,0
2026.05.04 13:54:26,BUY,0.2000,0.4000,0
2026.05.04 14:14:59,BUY,0.9000,0.0000,1
2026.05.04 14:19:59,SELL,0.2000,-0.1000,0
2026.05.04 14:59:07,BUY,1.2000,-0.1000,0
2026.05.04 15:04:38,SELL,0.2000,0.3000,0
2026.05.04 15:18:06,SELL,0.2000,0.1000,0
2026.05.04 16:00:33,BUY,0.2000,0.1000,1
2026.05.04 16:33:06,SELL,0.2000,0.3000,1
2026.05.04 17:09:49,BUY,1.6000,0.0000,1
2026.05.04 17:44:35,BUY,1.4000,-0.1000,0
2026.05.04 18:18:40,BUY,0.2000,0.2000,0
2026.05.04 19:07:54,BUY,0.0000,0.3000,0
2026.05.04 19:17:33,SELL,0.2000,-0.1000,1
2026.05.04 19:28:00,BUY,1.1000,0.0000,0
2026.05.04 19:37:22,BUY,1.1000,0.0000,0
2026.05.04 20:18:27,SELL,0.2000,-0.1000,0
2026.05.04 21:59:32,SELL,0.2000,-0.2000,0
2026.05.04 22:06:04,SELL,0.2000,-0.1000,1
2026.05.05 00:00:30,SELL,2.5000,0.0000,0
2026.05.05 04:23:02,BUY,1.4000,0.0000,0
2026.05.05 07:57:30,BUY,0.2000,0.0000,1
2026.05.05 09:19:38,BUY,1.3000,0.0000,0
2026.05.05 09:29:30,SELL,0.2000,-0.1000,2
2026.05.05 10:36:52,SELL,0.1000,0.0000,0
2026.05.05 12:00:13,BUY,0.2000,0.0000,1
2026.05.05 14:00:48,BUY,1.7000,0.0000,0
2026.05.05 14:24:38,SELL,0.2000,0.3000,0
2026.05.05 15:13:23,SELL,0.2000,0.1000,0
2026.05.05 16:06:23,SELL,0.0000,0.0000,0
2026.05.05 17:08:33,SELL,0.2000,-0.4000,0
2026.05.05 17:14:43,BUY,0.2000,-0.1000,0
2026.05.05 17:22:53,SELL,0.8000,0.1000,0
2026.05.05 17:52:13,BUY,0.7000,1.2000,0
2026.05.05 18:38:50,SELL,0.1000,0.0000,0
2026.05.06 01:52:11,SELL,0.3000,-0.2000,1
2026.05.06 02:07:34,SELL,0.3000,0.1000,0
2026.05.06 02:12:35,SELL,0.3000,-0.1000,0
2026.05.06 03:34:23,SELL,0.2000,-0.1000,0
2026.05.06 04:19:33,SELL,0.2000,0.1000,0
2026.05.06 07:27:15,SELL,0.2000,0.3000,0
2026.05.06 07:49:38,SELL,0.2000,-0.2000,0
2026.05.06 07:59:53,BUY,0.8000,0.0000,2
2026.05.06 10:58:51,SELL,0.1000,0.8000,0
2026.05.06 11:33:07,SELL,0.0000,0.2000,0
2026.05.06 11:50:08,SELL,0.0000,-0.1000,0
2026.05.06 12:03:21,BUY,1.5000,0.0000,1
2026.05.06 12:08:21,SELL,0.6000,-0.3000,0
2026.05.06 12:18:18,SELL,0.0000,-0.2000,0
2026.05.06 12:33:08,SELL,0.2000,0.1000,0
2026.05.06 13:09:03,BUY,1.2000,0.0000,0
2026.05.06 13:33:45,SELL,0.2000,-0.1000,0
2026.05.06 13:42:50,SELL,0.2000,0.1000,0
2026.05.06 13:48:02,SELL,0.2000,0.6000,0
2026.05.06 13:53:02,SELL,0.2000,-0.1000,0
2026.05.06 13:59:16,BUY,0.6000,0.0000,0
2026.05.06 14:12:50,BUY,0.2000,0.1000,0
2026.05.06 14:26:32,SELL,0.2000,0.3000,0
2026.05.06 14:42:57,BUY,0.2000,-0.3000,1
2026.05.06 15:01:35,BUY,1.1000,0.0000,0
2026.05.06 15:11:03,BUY,0.2000,0.1000,1
2026.05.06 15:16:16,BUY,0.2000,0.1000,0
2026.05.06 15:47:36,BUY,1.6000,-0.5000,0
2026.05.06 16:04:00,SELL,0.2000,-0.1000,0
2026.05.06 16:09:00,BUY,0.1000,-0.3000,0
2026.05.06 16:14:00,SELL,0.2000,0.1000,0
2026.05.06 17:31:19,SELL,0.2000,0.0000,0
2026.05.06 17:43:13,SELL,0.2000,-0.3000,0
2026.05.06 19:58:17,BUY,0.2000,0.0000,0
2026.05.06 20:03:43,SELL,0.2000,-0.2000,1
2026.05.07 00:04:41,BUY,4.5000,0.5000,3
2026.05.07 03:14:54,SELL,0.2000,0.1000,4
2026.05.07 04:12:46,SELL,0.2000,0.3000,0
2026.05.07 09:43:47,SELL,0.0000,-0.4000,0
2026.05.07 09:49:01,BUY,0.7000,0.0000,1
2026.05.07 10:03:14,SELL,0.2000,0.4000,1
2026.05.07 10:08:14,SELL,0.5000,-0.1000,0
2026.05.07 10:19:03,BUY,0.2000,-0.1000,0
2026.05.07 11:24:35,SELL,0.2000,0.8000,0
2026.05.07 12:34:27,SELL,0.2000,-0.2000,2
2026.05.07 13:49:36,BUY,0.2000,-0.1000,1
2026.05.07 16:38:38,BUY,0.2000,-0.1000,0
2026.05.07 16:54:15,BUY,1.0000,0.0000,0
2026.05.07 17:03:29,BUY,1.2000,0.0000,0
2026.05.07 17:49:14,SELL,0.2000,0.4000,0
2026.05.07 18:24:41,BUY,0.2000,0.1000,0
2026.05.07 18:29:41,BUY,0.2000,-0.1000,0
2026.05.07 18:34:41,SELL,0.2000,0.1000,2
2026.05.07 20:26:43,BUY,0.5000,0.0000,0
2026.05.07 20:33:30,BUY,0.8000,-0.1000,0
2026.05.07 20:39:16,SELL,0.2000,0.0000,0
2026.05.07 21:44:21,BUY,1.5000,0.1000,0
2026.05.07 21:52:35,SELL,0.2000,0.1000,1
2026.05.07 21:57:35,SELL,0.2000,0.2000,0
2026.05.07 22:07:59,SELL,0.2000,0.0000,0
2026.05.07 22:13:47,BUY,0.2000,-0.1000,0
2026.05.07 22:19:15,BUY,0.2000,-0.1000,0
2026.05.07 22:52:04,BUY,0.2000,0.1000,0
2026.05.07 22:58:20,BUY,0.4000,0.0000,0
2026.05.07 23:03:20,SELL,0.3000,0.1000,0
2026.05.07 23:57:09,BUY,0.3000,0.8000,0
2026.05.08 00:04:08,SELL,2.5000,2.0000,1
2026.05.08 00:32:25,BUY,3.2000,0.0000,0
2026.05.08 03:18:47,BUY,0.2000,0.4000,0
2026.05.08 05:38:28,BUY,0.7000,0.0000,0
2026.05.08 05:49:57,SELL,0.2000,0.1000,0
2026.05.08 09:04:30,SELL,0.2000,-0.8000,0
2026.05.08 09:14:19,BUY,1.2000,0.0000,0
2026.05.08 09:29:49,SELL,0.2000,0.0000,0
2026.05.08 11:22:18,SELL,0.2000,0.1000,0
2026.05.08 12:01:52,SELL,0.2000,0.1000,0
2026.05.08 15:18:05,SELL,0.2000,0.0000,0
2026.05.08 15:30:01,BUY,0.0000,-0.9000,0
2026.05.08 15:50:52,BUY,1.0000,0.0000,0
2026.05.08 16:17:12,SELL,0.2000,-0.1000,0
2026.05.08 16:33:05,SELL,0.0000,0.0000,0
2026.05.08 17:09:16,BUY,0.9000,0.8000,1
2026.05.08 17:29:13,BUY,0.5000,0.1000,0
2026.05.08 17:34:29,SELL,0.2000,0.0000,1
2026.05.08 18:14:15,BUY,1.1000,0.0000,0
2026.05.08 18:43:50,BUY,1.4000,0.0000,0
2026.05.08 19:05:54,SELL,0.2000,0.0000,0
2026.05.08 21:00:34,SELL,0.0000,0.0000,0
2026.05.11 00:00:00,BUY,7.3000,2.8000,0
2026.05.11 00:07:58,SELL,0.8000,0.0000,0
2026.05.11 00:29:04,SELL,2.2000,0.0000,0
2026.05.11 00:41:56,SELL,1.7000,0.0000,0
2026.05.11 00:48:18,BUY,3.0000,0.0000,0
2026.05.11 01:02:06,BUY,0.4000,0.0000,1
2026.05.11 09:03:48,SELL,0.2000,0.1000,0
2026.05.11 09:57:19,SELL,0.2000,1.2000,0
2026.05.11 14:55:59,BUY,0.9000,0.0000,0
2026.05.11 15:23:54,SELL,0.2000,0.0000,0
2026.05.11 15:47:54,BUY,0.8000,0.0000,0
2026.05.11 16:09:14,SELL,0.2000,0.0000,1
2026.05.11 16:34:14,BUY,1.1000,0.1000,1
2026.05.11 19:42:55,BUY,0.2000,0.7000,0
2026.05.12 00:00:26,BUY,9.6000,0.0000,1
2026.05.12 00:06:30,SELL,0.3000,1.0000,0
2026.05.12 08:55:56,SELL,0.2000,0.0000,0
2026.05.12 10:04:50,BUY,0.8000,0.0000,0
2026.05.12 10:19:50,SELL,0.2000,0.3000,0
2026.05.12 11:22:55,SELL,0.2000,-0.1000,0
2026.05.12 11:45:28,SELL,0.2000,0.3000,0
2026.05.12 12:34:09,SELL,0.2000,0.1000,0
2026.05.12 15:09:35,BUY,1.3000,0.0000,0
2026.05.12 15:30:29,BUY,0.4000,0.0000,0
2026.05.12 15:44:45,SELL,0.2000,0.8000,0
2026.05.12 16:14:24,BUY,1.4000,0.0000,0
2026.05.12 16:19:24,BUY,1.4000,0.4000,0
2026.05.12 16:24:30,SELL,0.2000,0.1000,0
2026.05.12 16:48:54,BUY,1.1000,0.0000,0
2026.05.12 18:13:07,BUY,1.0000,0.0000,0
2026.05.12 18:34:03,SELL,0.2000,0.3000,0
2026.05.13 00:00:23,BUY,2.1000,0.4000,0
2026.05.13 04:24:48,SELL,0.1000,0.0000,0
2026.05.13 10:54:16,BUY,1.0000,0.0000,0
2026.05.13 11:49:27,BUY,1.0000,0.0000,0
2026.05.13 12:19:30,BUY,2.2000,-0.7000,0
2026.05.13 12:32:46,SELL,0.2000,-0.4000,1
2026.05.13 15:17:16,BUY,1.4000,0.0000,0
2026.05.13 15:30:01,BUY,1.1000,0.0000,0
2026.05.13 16:32:39,SELL,0.2000,-0.3000,0
2026.05.13 17:17:50,BUY,1.0000,0.0000,0
2026.05.13 17:52:12,SELL,0.2000,-0.1000,0
2026.05.13 19:24:21,SELL,0.2000,0.0000,0
2026.05.13 21:47:55,BUY,0.9000,0.0000,0
2026.05.14 00:00:00,BUY,2.5000,1.2000,10
2026.05.14 00:05:07,SELL,2.5000,2.7000,0
2026.05.14 09:48:40,SELL,0.2000,0.0000,0
2026.05.14 10:13:32,BUY,0.2000,0.1000,1
2026.05.14 10:58:58,BUY,0.7000,0.0000,0
2026.05.14 13:11:50,SELL,0.2000,0.3000,0
2026.05.14 15:32:31,BUY,0.5000,0.0000,0
2026.05.14 16:38:45,BUY,1.0000,0.0000,0
2026.05.14 16:44:28,SELL,0.1000,-0.1000,0
2026.05.14 16:54:22,BUY,1.0000,0.0000,1
2026.05.14 17:51:46,BUY,0.9000,0.4000,0
2026.05.14 17:58:47,BUY,0.5000,0.0000,0
2026.05.15 03:03:09,BUY,0.8000,-0.1000,1
2026.05.15 08:46:42,BUY,1.4000,0.0000,0
2026.05.15 08:59:58,BUY,1.4000,0.0000,1
2026.05.15 09:04:58,SELL,0.5000,0.0000,0
2026.05.15 09:09:58,SELL,0.2000,0.2000,0
2026.05.15 09:50:46,BUY,0.2000,-0.1000,0
2026.05.15 10:08:05,SELL,0.2000,-0.1000,1
2026.05.15 10:26:21,BUY,1.0000,0.0000,0
2026.05.15 12:08:48,BUY,0.2000,0.0000,0
2026.05.15 12:23:46,SELL,0.2000,-0.1000,1
2026.05.15 13:09:24,SELL,0.2000,0.3000,1
2026.05.15 13:23:39,SELL,0.2000,0.1000,1
2026.05.15 13:34:09,SELL,0.2000,0.1000,0
2026.05.15 13:51:31,SELL,0.2000,-0.4000,0
2026.05.15 13:59:40,BUY,1.1000,0.0000,0
2026.05.15 14:04:41,BUY,0.5000,0.4000,0
2026.05.15 15:37:37,BUY,0.2000,0.0000,1
2026.05.15 17:16:55,SELL,0.2000,0.1000,0
2026.05.15 18:03:22,BUY,0.7000,0.1000,0
2026.05.18 00:00:00,BUY,13.0000,-3.6000,31
2026.05.18 03:04:01,SELL,0.2000,-0.5000,1
2026.05.18 10:26:09,SELL,0.2000,0.3000,0
2026.05.18 11:33:28,SELL,0.2000,0.7000,0
2026.05.18 11:44:12,BUY,1.1000,0.0000,0
2026.05.18 14:34:12,SELL,0.2000,0.1000,1
2026.05.18 14:39:23,SELL,0.2000,0.0000,0
2026.05.18 14:46:26,BUY,1.4000,0.0000,0
2026.05.18 14:52:28,BUY,2.4000,0.0000,1
2026.05.18 15:34:54,SELL,0.2000,0.1000,0
2026.05.18 15:53:12,BUY,0.2000,0.1000,1
2026.05.18 16:19:01,BUY,0.5000,-0.1000,0
2026.05.18 16:46:41,SELL,0.2000,0.0000,0
2026.05.18 17:04:30,BUY,0.2000,0.2000,0
2026.05.18 18:02:23,BUY,1.2000,0.0000,0
2026.05.18 18:12:10,SELL,0.2000,0.0000,0
2026.05.18 18:54:31,SELL,0.2000,0.0000,0
2026.05.18 19:02:17,BUY,1.4000,0.0000,0
2026.05.18 19:29:06,BUY,0.8000,0.0000,0
2026.05.18 21:27:03,BUY,1.4000,0.0000,0
2026.05.18 21:59:24,BUY,0.8000,0.0000,0
2026.05.18 22:04:24,SELL,0.2000,-0.3000,0
2026.05.19 00:01:24,BUY,7.6000,-1.4000,3
2026.05.19 03:04:21,BUY,1.4000,0.0000,0
2026.05.19 09:47:50,BUY,0.2000,0.0000,0
2026.05.19 10:47:05,SELL,0.2000,0.0000,1
2026.05.19 11:12:47,BUY,0.5000,0.0000,0
2026.05.19 11:53:39,BUY,1.0000,-0.1000,0
2026.05.19 12:12:41,BUY,2.1000,-0.1000,0
2026.05.19 13:38:19,BUY,0.2000,-0.3000,0
2026.05.19 13:43:42,BUY,0.2000,-0.1000,0
2026.05.19 16:08:17,BUY,1.4000,0.0000,0
2026.05.19 16:19:21,BUY,0.2000,0.1000,1
2026.05.19 17:07:49,BUY,0.2000,0.1000,0
2026.05.19 17:14:46,BUY,0.8000,0.0000,0
2026.05.19 17:24:31,BUY,0.8000,0.6000,0
2026.05.19 18:28:49,SELL,0.2000,-0.2000,0
2026.05.20 00:00:42,BUY,4.7000,0.0000,0
2026.05.20 04:50:45,SELL,0.2000,-0.1000,1
2026.05.20 07:02:38,SELL,0.2000,0.1000,0
2026.05.20 08:28:45,BUY,1.0000,0.0000,0
2026.05.20 09:19:34,SELL,0.2000,-0.1000,0
2026.05.20 11:11:20,BUY,0.6000,0.1000,0
2026.05.20 13:37:38,SELL,0.2000,-0.2000,0
2026.05.20 17:04:25,BUY,1.5000,0.0000,0
2026.05.20 17:14:13,SELL,0.0000,-0.3000,0
2026.05.20 17:19:13,SELL,0.2000,0.1000,0
2026.05.20 17:24:23,BUY,0.2000,0.1000,0
2026.05.20 17:30:28,SELL,0.2000,-0.2000,0
2026.05.20 17:51:57,SELL,0.2000,-0.1000,0
2026.05.20 18:02:30,SELL,0.2000,-0.2000,0
2026.05.20 18:08:03,BUY,0.7000,-0.1000,0
2026.05.20 18:15:32,SELL,0.1000,0.0000,0
2026.05.20 18:26:52,BUY,0.9000,0.0000,0
2026.05.20 18:32:15,SELL,0.2000,0.3000,0
2026.05.20 18:44:00,BUY,0.5000,0.2000,1
2026.05.20 18:53:34,BUY,0.2000,-0.1000,0
2026.05.20 19:04:34,SELL,0.2000,-0.1000,0
2026.05.20 19:21:19,BUY,0.2000,-0.7000,2
2026.05.20 20:09:15,BUY,1.5000,0.1000,1
2026.05.20 20:36:17,SELL,0.2000,0.4000,0
2026.05.20 21:44:59,BUY,0.2000,-0.1000,0
2026.05.21 00:00:41,BUY,8.9000,0.0000,0
2026.05.21 04:09:50,SELL,0.2000,0.1000,0
2026.05.21 04:54:19,BUY,0.2000,0.4000,1
2026.05.21 09:21:36,SELL,0.2000,0.2000,0
2026.05.21 10:15:01,BUY,0.2000,0.0000,0
2026.05.21 10:25:55,BUY,0.7000,0.0000,0
2026.05.21 11:04:40,SELL,0.2000,-0.1000,0
2026.05.21 11:11:35,SELL,0.2000,0.1000,1
2026.05.21 11:16:35,SELL,0.2000,-0.2000,0
2026.05.21 11:29:39,SELL,0.2000,0.1000,0
2026.05.21 11:34:39,BUY,0.6000,0.0000,0
2026.05.21 11:47:04,SELL,0.2000,-0.3000,1
2026.05.21 12:09:13,SELL,0.2000,0.1000,0
2026.05.21 12:39:13,BUY,0.8000,0.0000,1
2026.05.21 13:25:48,BUY,1.1000,-0.1000,0
2026.05.21 13:30:58,BUY,0.9000,0.0000,0
2026.05.21 13:39:42,BUY,0.2000,-0.1000,0
2026.05.21 13:44:42,SELL,0.2000,-0.1000,0
2026.05.21 14:04:32,SELL,0.2000,0.1000,0
2026.05.21 14:55:41,BUY,1.0000,0.4000,0
2026.05.21 15:21:16,BUY,1.4000,0.0000,0
2026.05.21 15:33:09,SELL,0.2000,-0.7000,1
2026.05.21 15:58:03,BUY,0.2000,-0.1000,0
2026.05.21 16:08:23,BUY,0.2000,0.1000,0
2026.05.21 16:19:02,BUY,0.2000,-0.3000,0
2026.05.21 16:33:25,BUY,0.2000,-0.3000,0
2026.05.21 16:48:52,SELL,0.2000,0.1000,0
2026.05.21 16:53:52,SELL,0.2000,0.1000,0
2026.05.21 17:16:00,BUY,0.2000,-0.1000,0
2026.05.21 17:31:28,SELL,0.2000,0.1000,0
2026.05.21 18:06:45,BUY,0.2000,0.1000,1
2026.05.21 18:13:50,SELL,0.0000,0.0000,0
2026.05.21 20:10:31,SELL,0.2000,-0.1000,0
2026.05.21 20:15:31,SELL,0.2000,-0.2000,0
2026.05.21 20:20:35,SELL,0.2000,0.1000,0
2026.05.21 20:42:37,SELL,0.2000,0.1000,0
2026.05.21 21:00:54,SELL,0.2000,0.1000,0
2026.05.21 21:48:38,BUY,0.1000,0.0000,0
2026.05.21 21:54:00,BUY,0.2000,0.3000,0
2026.05.21 22:07:07,BUY,0.0000,0.0000,0
2026.05.21 22:44:25,BUY,0.2000,0.3000,0
2026.05.21 22:54:32,BUY,0.2000,-0.1000,0
2026.05.21 22:59:42,SELL,0.2000,0.1000,1
2026.05.22 08:58:04,BUY,0.2000,0.1000,0
2026.05.22 10:02:23,BUY,0.2000,0.2000,1
2026.05.22 11:18:48,SELL,0.2000,-0.1000,1
2026.05.22 11:34:52,BUY,0.2000,0.1000,0
2026.05.22 15:12:17,SELL,0.0000,-0.1000,0
2026.05.22 15:22:05,BUY,0.2000,-0.1000,0
2026.05.22 15:27:54,BUY,0.2000,0.1000,0
2026.05.22 16:09:20,SELL,0.2000,0.1000,3
2026.05.22 16:53:26,SELL,0.2000,0.1000,1
2026.05.22 17:00:30,BUY,0.2000,-0.2000,0
2026.05.22 17:13:23,BUY,0.2000,-0.3000,0
2026.05.22 17:34:05,SELL,0.2000,-0.1000,0
2026.05.22 20:28:13,SELL,0.2000,-0.1000,0
2026.05.25 00:00:00,SELL,8.4000,-0.4000,3
2026.05.25 00:34:00,BUY,2.5000,0.4000,2
2026.05.25 03:49:01,SELL,0.2000,-0.3000,3
2026.05.25 03:56:14,BUY,0.2000,-0.1000,0
2026.05.25 04:14:24,SELL,0.2000,0.1000,0
2026.05.25 04:32:30,BUY,0.2000,-0.1000,1
2026.05.25 10:09:03,BUY,0.2000,-0.1000,0
2026.05.25 10:18:29,BUY,0.2000,0.3000,0
2026.05.25 15:34:18,SELL,0.2000,-0.1000,0
2026.05.25 18:11:28,SELL,0.2000,-0.3000,1
2026.05.26 10:04:35,BUY,0.2000,0.3000,1
2026.05.26 10:31:34,SELL,0.2000,0.1000,0
2026.05.26 16:29:46,BUY,0.2000,0.1000,0
2026.05.26 16:51:14,BUY,0.2000,0.2000,0
2026.05.26 16:59:59,SELL,0.2000,0.1000,0
2026.05.27 00:00:10,BUY,2.5000,0.5000,1
2026.05.27 15:18:23,SELL,0.2000,-0.1000,0
2026.05.27 15:23:23,SELL,0.2000,0.0000,0
2026.05.27 15:28:27,SELL,0.2000,0.1000,1
2026.05.27 15:58:46,BUY,0.2000,-0.4000,2
2026.05.27 16:22:18,BUY,0.2000,-0.1000,0
2026.05.27 17:13:48,SELL,0.2000,-0.3000,0
2026.05.27 17:24:03,BUY,0.2000,-0.1000,0
2026.05.27 17:29:41,SELL,0.2000,0.1000,0
2026.05.27 17:34:41,BUY,0.2000,0.1000,0
2026.05.27 17:52:34,BUY,0.2000,-0.1000,0
2026.05.27 17:57:34,BUY,0.2000,0.2000,0
2026.05.27 18:03:26,SELL,0.2000,0.1000,0
2026.05.27 19:03:57,BUY,0.2000,0.1000,0
2026.05.27 20:08:01,BUY,0.2000,0.1000,0
2026.05.28 02:22:16,BUY,0.3000,0.2000,2
2026.05.28 02:52:00,BUY,0.3000,-0.1000,0
2026.05.28 06:14:34,BUY,0.2000,-0.1000,0
2026.05.28 06:33:27,BUY,0.2000,0.1000,0
2026.05.28 11:14:24,BUY,0.2000,0.1000,0
2026.05.28 13:51:16,BUY,0.0000,0.0000,0
2026.05.28 13:59:46,BUY,0.2000,0.1000,7
2026.05.28 14:54:25,SELL,0.2000,0.2000,0
2026.05.28 15:30:10,SELL,0.2000,0.2000,0
2026.05.28 16:02:53,SELL,0.2000,0.1000,0
2026.05.28 16:09:45,BUY,0.2000,-0.1000,0
2026.05.28 17:12:54,SELL,0.0000,-0.8000,0
2026.05.28 17:18:05,SELL,0.2000,-0.1000,1
2026.05.28 17:23:07,BUY,0.2000,0.1000,0
2026.05.28 17:33:44,BUY,0.2000,-0.1000,0
2026.05.28 17:40:43,SELL,0.2000,-0.2000,0
2026.05.28 17:49:29,BUY,0.2000,0.1000,1
2026.05.28 18:02:39,SELL,0.2000,0.1000,0
2026.05.28 19:24:30,SELL,0.2000,0.2000,1
2026.05.29 10:24:19,BUY,0.2000,0.2000,0
2026.05.29 10:39:38,BUY,0.2000,-0.2000,0
2026.05.29 10:44:45,SELL,0.2000,0.1000,0
2026.05.29 11:00:23,BUY,0.2000,-0.1000,0
2026.05.29 11:49:26,BUY,0.2000,-0.1000,0
2026.05.29 14:39:31,SELL,0.2000,0.1000,1
2026.05.29 17:14:50,BUY,0.2000,-0.2000,0
2026.05.29 17:37:58,BUY,0.2000,-0.4000,0
2026.05.29 17:44:19,SELL,0.2000,-0.2000,0
2026.05.29 17:49:37,SELL,0.2000,0.1000,1
2026.05.29 17:54:37,SELL,0.2000,0.1000,0
2026.05.29 18:23:58,SELL,0.2000,0.1000,0
2026.05.29 18:32:26,SELL,0.2000,0.1000,0
2026.05.29 18:42:20,BUY,0.2000,0.1000,0
2026.06.01 00:00:00,BUY,7.5000,-1.2000,60
2026.06.01 01:00:51,BUY,2.2000,0.0000,0
2026.06.01 09:57:19,SELL,0.2000,0.1000,0
2026.06.01 16:04:52,BUY,0.2000,0.1000,1
2026.06.01 16:11:20,BUY,0.2000,0.1000,0
2026.06.01 16:17:06,SELL,0.2000,-0.6000,1
2026.06.01 16:22:53,BUY,0.2000,-0.1000,0
2026.06.01 16:38:55,SELL,0.2000,0.1000,0
2026.06.01 16:43:55,BUY,0.2000,-0.1000,0
2026.06.01 16:51:47,BUY,0.0000,-0.1000,0
2026.06.01 17:09:23,SELL,0.2000,-0.1000,0
2026.06.01 18:30:31,SELL,0.0000,0.0000,0
2026.06.01 19:54:54,SELL,0.2000,-0.1000,1
2026.06.01 20:29:57,SELL,0.2000,0.1000,0
2026.06.01 20:43:27,SELL,0.1000,0.0000,0
2026.06.01 22:54:59,BUY,0.2000,0.0000,1
2026.06.02 09:12:21,SELL,0.2000,-0.1000,0
2026.06.02 17:00:02,BUY,0.2000,0.1000,0
2026.06.02 18:27:12,BUY,0.2000,0.1000,0
2026.06.03 09:24:27,BUY,0.2000,-0.2000,0
2026.06.03 10:34:29,SELL,0.2000,-0.1000,0
2026.06.03 13:05:53,SELL,0.2000,-0.1000,0
2026.06.03 15:33:38,BUY,0.2000,-0.1000,0
2026.06.03 15:38:46,BUY,0.2000,-0.1000,0
2026.06.03 15:43:50,SELL,0.2000,-0.1000,0
2026.06.03 17:12:55,SELL,0.2000,0.1000,0
2026.06.03 17:19:11,BUY,0.2000,0.1000,0
2026.06.03 17:51:33,SELL,0.2000,-0.1000,0
2026.06.03 17:59:27,SELL,0.2000,0.1000,0
2026.06.03 18:04:27,BUY,0.2000,-0.1000,0
2026.06.04 01:56:45,SELL,0.3000,0.1000,1
2026.06.04 07:34:14,SELL,0.2000,0.1000,1
2026.06.04 10:22:01,BUY,0.2000,0.1000,0
2026.06.04 10:39:52,BUY,0.2000,0.3000,1
2026.06.04 12:03:39,SELL,0.2000,0.4000,1
2026.06.04 14:04:20,SELL,0.2000,0.1000,0
2026.06.04 15:11:44,BUY,0.2000,0.3000,0
2026.06.04 15:59:37,BUY,0.2000,-0.2000,4
2026.06.05 14:53:44,SELL,0.2000,0.0000,1
2026.06.05 15:30:01,BUY,3.6000,0.0000,0
2026.06.05 15:36:24,BUY,0.4000,0.0000,0
2026.06.05 15:51:22,BUY,0.8000,0.0000,0
2026.06.05 15:58:36,BUY,1.1000,0.0000,0
2026.06.05 16:03:36,SELL,0.2000,-0.1000,1
2026.06.05 16:23:11,BUY,1.0000,0.1000,0
2026.06.05 16:29:09,BUY,0.9000,0.0000,0
2026.06.05 16:39:30,BUY,0.9000,0.0000,0
2026.06.05 16:51:04,BUY,0.2000,-0.3000,0
2026.06.05 16:59:43,BUY,0.6000,-0.1000,1
2026.06.05 17:06:40,BUY,1.1000,0.0000,0
2026.06.05 17:13:58,BUY,0.2000,0.3000,0
2026.06.05 17:31:22,SELL,0.2000,0.1000,0
2026.06.05 17:44:08,BUY,0.4000,0.0000,0
2026.06.05 17:49:08,SELL,0.2000,-0.1000,0
2026.06.05 17:57:37,SELL,0.2000,0.1000,0
2026.06.05 18:04:11,BUY,0.9000,-0.1000,0
2026.06.05 18:12:17,BUY,1.8000,-0.4000,0
2026.06.05 18:23:28,SELL,0.2000,0.1000,0
2026.06.05 18:37:27,BUY,0.9000,0.0000,0
2026.06.05 19:16:28,BUY,1.5000,0.1000,0
2026.06.05 19:26:39,SELL,0.2000,0.1000,0
2026.06.05 23:07:10,BUY,1.7000,0.0000,0
2026.06.08 00:00:00,BUY,9.0000,2.4000,0
2026.06.08 01:00:00,SELL,1.6000,0.0000,0
2026.06.08 01:13:36,SELL,0.3000,-0.2000,0
2026.06.08 04:28:11,BUY,0.5000,0.0000,1
2026.06.08 08:04:56,SELL,0.2000,0.3000,0
2026.06.08 08:17:47,SELL,0.2000,0.2000,0
2026.06.08 08:29:24,BUY,1.5000,-0.2000,1
2026.06.08 08:57:18,BUY,0.9000,0.0000,0
2026.06.08 09:08:45,SELL,0.2000,0.2000,0
2026.06.08 09:22:48,SELL,0.2000,0.1000,0
2026.06.08 10:13:13,SELL,0.2000,0.2000,0
2026.06.08 10:36:40,BUY,1.0000,0.0000,0
2026.06.08 10:53:42,BUY,1.0000,0.0000,0
2026.06.08 10:59:21,BUY,0.2000,1.3000,2
2026.06.08 11:09:58,SELL,0.2000,0.2000,0
2026.06.08 12:36:42,SELL,0.0000,0.0000,0
2026.06.08 12:41:43,BUY,0.9000,0.1000,0
2026.06.08 13:07:05,SELL,0.2000,-0.1000,0
2026.06.08 13:34:13,SELL,0.2000,0.4000,0
2026.06.08 13:39:30,BUY,1.7000,0.0000,0
2026.06.08 14:10:55,SELL,0.2000,0.0000,0
2026.06.08 14:20:27,SELL,0.2000,0.2000,0
2026.06.08 14:39:44,BUY,0.9000,0.0000,0
2026.06.08 15:03:09,SELL,0.2000,0.1000,0
2026.06.08 15:42:33,SELL,0.0000,-0.2000,0
2026.06.08 15:51:40,BUY,1.2000,0.0000,0
2026.06.08 16:22:49,SELL,0.2000,-1.5000,1
2026.06.08 16:44:29,BUY,1.0000,0.0000,0
2026.06.08 17:21:22,BUY,1.3000,0.0000,0
2026.06.08 17:52:12,SELL,0.2000,-0.1000,1
2026.06.08 18:14:16,SELL,0.2000,-0.2000,0
2026.06.08 18:27:10,BUY,1.4000,-0.7000,0
2026.06.08 18:54:53,SELL,0.2000,0.0000,1
2026.06.08 21:59:24,BUY,1.3000,0.0000,2
2026.06.09 00:00:04,SELL,2.5000,0.5000,6
2026.06.09 09:14:50,SELL,0.2000,0.3000,0
2026.06.09 16:38:02,BUY,1.0000,0.3000,0
2026.06.09 16:47:39,SELL,0.2000,0.0000,0
2026.06.09 16:53:32,BUY,0.4000,0.1000,0
2026.06.09 17:02:41,SELL,0.2000,-0.1000,0
2026.06.09 17:13:01,BUY,0.2000,0.0000,0
2026.06.09 17:24:48,SELL,0.2000,0.2000,0
2026.06.09 17:34:32,SELL,0.2000,0.0000,0
2026.06.09 17:39:48,BUY,0.2000,-0.1000,0
2026.06.09 18:19:53,BUY,0.7000,0.0000,0
2026.06.09 18:33:17,BUY,1.4000,0.3000,0
2026.06.09 18:38:17,BUY,0.5000,0.0000,0
2026.06.09 18:43:17,SELL,0.2000,-0.1000,0
2026.06.09 19:08:47,BUY,0.2000,0.0000,0
2026.06.09 19:23:44,BUY,0.6000,-0.1000,0
2026.06.09 19:38:11,BUY,0.2000,-0.4000,0
2026.06.09 19:59:19,SELL,0.2000,-0.1000,0
2026.06.09 20:21:44,SELL,0.2000,-0.1000,1
2026.06.10 03:58:09,SELL,0.2000,0.2000,1
2026.06.10 11:03:29,BUY,2.0000,-0.7000,0
2026.06.10 14:03:48,BUY,0.2000,0.1000,1
2026.06.10 14:08:48,SELL,0.2000,0.1000,0
2026.06.10 14:25:20,BUY,0.2000,0.0000,0
2026.06.10 14:38:34,BUY,0.2000,-0.2000,0
2026.06.10 14:59:35,BUY,1.9000,0.1000,0
2026.06.10 15:30:01,SELL,1.2000,0.0000,0
2026.06.10 15:37:42,SELL,0.2000,-0.3000,0
2026.06.10 15:44:58,SELL,0.2000,0.2000,1
2026.06.10 15:52:51,BUY,0.2000,0.0000,0
2026.06.10 15:59:31,BUY,1.0000,0.1000,0
2026.06.10 16:06:55,BUY,1.1000,-0.1000,0
2026.06.10 16:14:43,SELL,0.2000,0.1000,0
2026.06.10 16:35:38,SELL,0.2000,0.0000,0
2026.06.10 16:51:22,BUY,1.0000,0.0000,0
2026.06.10 17:15:38,BUY,1.0000,-0.1000,0
2026.06.10 17:24:36,SELL,0.4000,0.0000,0
2026.06.10 17:29:36,BUY,0.9000,0.0000,0
2026.06.10 18:23:10,SELL,0.2000,0.0000,0
2026.06.10 18:47:31,BUY,0.2000,-0.4000,0
2026.06.10 20:49:06,SELL,0.2000,0.0000,0
2026.06.10 21:04:42,SELL,0.2000,0.2000,0
2026.06.11 01:02:38,BUY,0.3000,0.2000,0
2026.06.11 02:19:52,SELL,0.3000,-0.1000,0
2026.06.11 02:27:16,SELL,0.3000,0.1000,1
2026.06.11 03:02:30,SELL,0.2000,0.1000,0
2026.06.11 11:54:18,BUY,0.6000,0.0000,1
2026.06.11 12:14:02,SELL,0.2000,0.0000,2
2026.06.11 13:03:51,BUY,0.9000,0.0000,0
2026.06.11 13:14:19,BUY,0.9000,0.0000,0
2026.06.11 14:04:20,SELL,0.2000,-0.1000,0
2026.06.11 15:15:54,SELL,0.2000,0.2000,0
2026.06.11 15:22:14,BUY,0.0000,-0.7000,0
2026.06.11 15:32:27,BUY,1.2000,0.0000,0
2026.06.11 15:44:35,SELL,0.2000,-0.1000,0
2026.06.11 15:49:35,SELL,0.2000,-0.4000,1
2026.06.11 15:55:34,SELL,0.2000,0.6000,0
2026.06.11 16:07:44,BUY,1.1000,0.0000,0
2026.06.11 16:12:44,BUY,0.5000,-0.2000,0
2026.06.11 16:24:07,SELL,0.2000,0.0000,0
2026.06.11 16:29:12,SELL,0.2000,-0.1000,0
2026.06.11 16:38:28,BUY,0.2000,-0.2000,0
2026.06.11 16:43:55,SELL,0.2000,0.2000,1
2026.06.11 17:03:50,BUY,1.2000,-0.3000,0
2026.06.11 20:28:49,SELL,0.2000,0.0000,0
2026.06.11 20:33:49,SELL,0.2000,-0.1000,0
2026.06.11 20:41:33,BUY,1.4000,0.0000,0
2026.06.11 20:47:55,BUY,0.2000,-0.2000,0
2026.06.11 21:02:17,BUY,0.2000,-0.1000,0
2026.06.11 21:07:54,SELL,0.2000,-0.1000,0
2026.06.11 21:12:59,SELL,0.2000,0.1000,0
2026.06.11 21:17:59,SELL,0.2000,-0.1000,0
2026.06.11 21:23:58,BUY,0.4000,0.1000,0
2026.06.11 21:32:38,BUY,0.2000,-0.1000,0
2026.06.11 21:44:27,SELL,0.2000,0.0000,0
2026.06.11 21:49:27,SELL,0.2000,0.0000,1
2026.06.11 22:00:51,SELL,0.2000,0.0000,0
2026.06.11 22:14:18,SELL,0.0000,-0.5000,0
2026.06.11 22:30:21,SELL,0.0000,0.0000,0
2026.06.11 23:28:18,BUY,1.9000,0.0000,0
2026.06.12 01:03:13,SELL,0.3000,0.2000,2
2026.06.12 03:01:46,BUY,1.0000,0.0000,0
2026.06.12 08:18:12,BUY,1.1000,0.0000,1
2026.06.12 09:03:01,SELL,0.2000,-0.2000,1
2026.06.12 10:13:53,BUY,0.2000,0.1000,1
2026.06.12 10:56:53,SELL,0.0000,0.0000,0
2026.06.12 11:16:51,SELL,0.2000,-0.1000,1
2026.06.12 11:38:50,SELL,0.2000,0.8000,0
2026.06.12 12:16:32,SELL,0.2000,0.3000,0
2026.06.12 12:26:57,SELL,0.2000,0.0000,0
2026.06.12 13:22:28,BUY,0.2000,0.2000,0
2026.06.12 13:27:28,BUY,0.2000,0.4000,0
2026.06.12 13:32:59,SELL,0.2000,0.0000,1
2026.06.12 14:57:55,BUY,1.4000,0.0000,1
2026.06.12 15:24:04,BUY,0.2000,0.1000,0
2026.06.12 16:18:48,SELL,0.2000,0.1000,0
2026.06.12 16:40:42,BUY,0.0000,0.1000,0
2026.06.12 17:02:05,SELL,0.0000,0.1000,0
2026.06.12 17:52:54,SELL,0.0000,-0.2000,0
2026.06.12 18:29:28,SELL,0.0000,0.1000,0
2026.06.12 18:42:24,BUY,0.0000,0.1000,0
2026.06.12 19:13:10,SELL,0.0000,-0.3000,0
2026.06.15 00:00:00,SELL,3.8000,0.0000,0
2026.06.15 00:24:43,SELL,0.0000,1.0000,0
2026.06.15 00:29:43,SELL,0.0000,0.1000,4
2026.06.15 01:03:52,SELL,0.0000,-0.2000,0
2026.06.15 01:13:24,BUY,0.2000,0.0000,0
2026.06.15 01:28:30,BUY,0.1000,-0.1000,0
2026.06.15 08:12:42,SELL,0.0000,0.2000,0
2026.06.15 09:07:25,BUY,0.1000,0.0000,0
2026.06.15 09:32:34,BUY,0.1000,-0.1000,0
2026.06.15 09:37:39,SELL,0.0000,-0.1000,0
2026.06.15 12:02:34,SELL,0.1000,0.3000,30
2026.06.15 14:59:52,BUY,0.0000,0.1000,0
2026.06.15 22:58:13,BUY,0.0000,0.1000,0
2026.06.16 00:00:09,SELL,2.5000,0.0000,17
2026.06.16 00:51:47,BUY,1.6000,0.0000,0
2026.06.16 09:34:21,SELL,0.0000,0.1000,0
2026.06.16 14:43:10,BUY,0.9000,0.0000,1
2026.06.16 16:34:33,SELL,0.0000,-0.1000,0
2026.06.16 17:56:40,SELL,0.0000,0.2000,0
2026.06.16 18:53:15,SELL,0.0000,0.1000,0
2026.06.17 11:11:44,BUY,1.1000,0.0000,0
2026.06.17 17:47:15,BUY,0.1000,0.1000,0
2026.06.17 21:00:01,BUY,0.0000,-0.6000,0
2026.06.17 21:05:22,BUY,0.1000,0.1000,0
2026.06.17 21:18:24,SELL,0.0000,0.1000,0
2026.06.17 21:24:35,SELL,0.0000,0.1000,0
2026.06.17 21:29:35,BUY,0.0000,0.0000,0
2026.06.17 21:34:35,BUY,0.0000,-0.1000,0
2026.06.17 21:39:35,SELL,0.0000,0.0000,0
2026.06.17 21:44:35,SELL,0.0000,0.0000,0
2026.06.17 21:50:50,BUY,0.0000,0.1000,0
2026.06.17 21:55:50,BUY,0.0000,0.0000,0
2026.06.17 22:02:52,BUY,0.0000,-0.1000,0
2026.06.17 22:09:38,BUY,0.0000,0.1000,0
2026.06.17 22:15:45,BUY,0.0000,-0.1000,0
2026.06.17 22:23:12,BUY,0.1000,-0.1000,0
2026.06.17 22:32:33,BUY,0.1000,-0.1000,0
2026.06.17 22:38:54,BUY,0.0000,0.1000,0
2026.06.17 22:46:13,SELL,0.0000,0.2000,0
2026.06.17 23:04:16,BUY,0.0000,0.2000,0
2026.06.17 23:18:32,SELL,0.0000,0.1000,0
2026.06.18 03:01:32,SELL,0.0000,0.3000,0
2026.06.18 09:03:32,SELL,0.0000,0.1000,0
2026.06.18 09:12:44,SELL,0.0000,0.0000,0
2026.06.18 09:36:56,BUY,0.0000,-0.1000,0
2026.06.18 10:43:01,SELL,0.0000,0.0000,1
2026.06.18 10:49:24,SELL,0.0000,0.3000,0
2026.06.18 11:14:15,BUY,0.1000,0.0000,0
2026.06.18 11:34:12,BUY,0.0000,0.0000,1
2026.06.18 12:07:52,BUY,0.0000,0.1000,0
2026.06.18 12:15:45,SELL,0.0000,0.1000,0
2026.06.18 12:39:54,SELL,0.0000,-0.1000,0
2026.06.18 13:03:10,BUY,0.5000,0.0000,0
2026.06.18 13:08:10,BUY,0.0000,0.1000,0
2026.06.18 13:13:53,SELL,0.0000,0.0000,1
2026.06.18 13:24:30,BUY,0.0000,-0.1000,0
2026.06.18 13:33:53,BUY,0.0000,0.1000,0
2026.06.18 14:13:11,BUY,1.2000,0.0000,0
2026.06.18 14:24:57,SELL,0.0000,0.1000,0
2026.06.18 15:12:26,SELL,0.0000,0.2000,0
2026.06.18 15:20:56,SELL,0.1000,-0.1000,0
2026.06.18 15:29:35,BUY,0.6000,0.0000,0
2026.06.18 16:16:51,BUY,0.0000,0.1000,0
2026.06.18 16:28:33,SELL,0.0000,-0.1000,0
2026.06.18 16:34:05,SELL,0.0000,0.1000,0
2026.06.18 16:39:23,SELL,0.0000,0.1000,0
2026.06.18 16:44:23,BUY,0.0000,0.1000,1
2026.06.18 17:38:54,BUY,0.1000,0.0000,0
2026.06.18 17:49:32,SELL,0.0000,0.1000,0
2026.06.18 17:54:48,SELL,0.0000,0.1000,0
2026.06.18 17:59:58,SELL,0.0000,-0.1000,1
2026.06.18 18:04:58,BUY,0.1000,0.0000,0
2026.06.18 22:04:43,BUY,0.1000,0.0000,0
2026.06.18 22:23:43,BUY,0.7000,0.0000,0
2026.06.18 22:40:40,SELL,0.0000,-0.1000,0
2026.06.18 22:59:58,BUY,0.2000,0.0000,0
2026.06.19 00:00:07,SELL,2.5000,-0.5000,1
2026.06.19 00:34:49,SELL,2.4000,0.5000,0
2026.06.19 03:03:31,SELL,0.0000,-0.2000,0
2026.06.19 06:16:18,BUY,0.0000,-0.1000,0
2026.06.19 07:49:28,BUY,0.1000,0.1000,0
2026.06.19 08:03:52,BUY,0.0000,0.1000,1
2026.06.19 08:51:02,SELL,0.0000,0.1000,0
2026.06.19 09:04:11,SELL,0.0000,-0.1000,0
2026.06.19 09:33:38,BUY,0.0000,-0.1000,1
2026.06.19 10:04:03,SELL,0.0000,0.1000,0
2026.06.19 11:04:12,SELL,0.0000,0.2000,0
2026.06.19 11:17:22,SELL,0.0000,-0.3000,0
2026.06.19 11:42:09,SELL,0.0000,0.1000,1
2026.06.19 12:01:57,BUY,0.0000,0.1000,0
2026.06.19 15:51:01,SELL,0.0000,0.1000,0
2026.06.19 16:37:35,BUY,1.0000,0.2000,0
2026.06.19 18:02:01,SELL,0.0000,0.1000,1
2026.06.19 19:24:50,SELL,0.0000,-0.1000,0
2026.06.19 20:13:10,BUY,1.6000,0.0000,0
2026.06.19 23:17:41,BUY,1.9000,0.0000,0
2026.06.19 23:59:36,BUY,3.8000,0.0000,2
2026.06.22 00:00:00,BUY,21.2000,-0.7000,0
2026.06.22 00:09:05,BUY,1.2000,0.0000,2
2026.06.22 00:39:57,SELL,2.5000,0.0000,0
2026.06.22 00:59:07,BUY,2.7000,0.0000,0
2026.06.22 03:57:35,SELL,0.0000,0.1000,0
2026.06.22 04:04:01,SELL,0.0000,0.1000,0
2026.06.22 04:32:04,BUY,1.5000,0.0000,1
2026.06.22 06:57:56,BUY,0.0000,0.1000,0
2026.06.22 09:55:46,SELL,0.0000,0.1000,0
2026.06.22 10:23:59,BUY,0.2000,0.0000,0
2026.06.22 11:21:54,SELL,0.0000,-0.1000,0
2026.06.22 12:03:59,SELL,0.0000,0.1000,0
2026.06.22 13:09:22,SELL,0.0000,0.1000,0
2026.06.22 15:03:42,SELL,0.0000,0.4000,0
2026.06.22 16:00:11,BUY,0.0000,0.2000,0
2026.06.22 16:06:48,BUY,0.1000,0.0000,0
2026.06.22 16:24:58,BUY,0.0000,0.1000,0
2026.06.22 16:43:15,BUY,0.0000,-0.1000,0
2026.06.22 16:59:06,BUY,0.8000,-0.1000,0
2026.06.22 17:08:12,SELL,0.0000,-0.1000,0
2026.06.22 17:34:32,BUY,0.0000,0.1000,0
2026.06.22 17:46:39,SELL,0.0000,0.1000,0
2026.06.22 17:52:30,SELL,0.0000,0.2000,0
2026.06.22 18:49:19,BUY,0.0000,0.1000,0
2026.06.23 00:00:27,BUY,8.0000,0.0000,0
2026.06.23 06:17:22,BUY,0.1000,-0.1000,0
2026.06.23 10:02:53,SELL,0.0000,0.1000,0
2026.06.23 10:30:11,BUY,0.2000,0.0000,0
2026.06.23 10:38:10,BUY,0.1000,0.0000,1
2026.06.23 10:43:10,BUY,0.0000,0.1000,0
2026.06.23 10:51:21,BUY,0.1000,-0.1000,0
2026.06.23 11:02:48,SELL,0.0000,-0.1000,0
2026.06.23 11:18:00,BUY,0.0000,0.0000,0
2026.06.23 13:49:14,BUY,0.6000,0.0000,1
2026.06.23 13:59:06,SELL,0.0000,0.1000,0
2026.06.23 14:51:43,BUY,0.1000,-0.2000,0
2026.06.23 14:57:15,BUY,0.1000,-0.1000,0
2026.06.23 15:02:16,SELL,0.0000,0.2000,0
2026.06.23 15:31:26,SELL,0.1000,-0.2000,1
2026.06.23 16:14:09,BUY,0.1000,0.0000,0
2026.06.23 16:24:40,SELL,0.0000,0.2000,0
2026.06.23 16:34:58,SELL,0.0000,-0.1000,0
2026.06.23 16:59:40,BUY,0.7000,0.0000,0
2026.06.23 17:22:21,BUY,0.0000,0.2000,0
2026.06.23 18:08:51,BUY,1.2000,0.0000,0
2026.06.23 18:13:54,SELL,0.0000,-0.1000,0
2026.06.24 01:02:54,BUY,1.9000,0.0000,0
2026.06.24 04:03:48,BUY,1.0000,0.0000,0
2026.06.24 05:59:15,BUY,0.6000,0.0000,0
2026.06.24 09:16:18,BUY,0.0000,-0.2000,0
2026.06.24 09:57:37,BUY,0.1000,-0.1000,0
2026.06.24 10:44:05,SELL,0.0000,0.1000,0
2026.06.24 10:58:34,BUY,0.1000,-0.1000,0
2026.06.24 11:12:22,BUY,0.4000,0.0000,0
2026.06.24 11:17:32,SELL,0.0000,0.1000,0
2026.06.24 11:29:27,SELL,0.0000,0.1000,0
2026.06.24 11:36:14,BUY,0.1000,-0.1000,0
2026.06.24 11:44:00,SELL,0.0000,-0.1000,0
2026.06.24 12:14:42,SELL,0.0000,-0.1000,0
2026.06.24 13:43:30,SELL,0.0000,-0.1000,0
2026.06.24 14:55:47,BUY,0.1000,-0.1000,0
2026.06.24 15:01:39,SELL,0.0000,-0.1000,0
2026.06.24 15:08:30,BUY,1.2000,0.0000,0
2026.06.24 15:32:11,BUY,1.6000,0.0000,0
2026.06.24 15:41:22,BUY,0.0000,0.1000,0
2026.06.24 16:26:07,SELL,0.0000,0.1000,0
2026.06.24 16:33:19,SELL,0.0000,0.2000,0
2026.06.24 16:45:42,BUY,0.1000,-0.1000,0
2026.06.24 16:54:40,SELL,0.0000,-0.1000,0
2026.06.24 17:04:15,SELL,0.0000,0.1000,0
2026.06.24 17:11:08,BUY,0.0000,0.2000,0
2026.06.24 17:17:25,BUY,0.5000,-0.1000,0
2026.06.24 17:38:50,BUY,0.0000,-0.1000,0
2026.06.24 17:49:13,BUY,0.0000,0.2000,0
2026.06.24 18:03:45,SELL,0.0000,-0.1000,0
2026.06.24 18:14:06,SELL,0.0000,0.1000,0
2026.06.24 18:23:32,SELL,0.0000,0.1000,0
2026.06.24 18:53:46,BUY,0.0000,-0.1000,0
2026.06.24 19:38:28,SELL,0.0000,-0.1000,0
2026.06.24 19:43:33,BUY,0.0000,0.1000,0
2026.06.24 20:07:29,BUY,0.0000,0.1000,1
2026.06.24 20:33:02,SELL,0.0000,0.2000,0
2026.06.25 00:01:45,BUY,5.6000,0.0000,0
2026.06.25 04:04:34,SELL,0.0000,-0.2000,0
2026.06.25 04:19:47,SELL,0.0000,0.1000,0
2026.06.25 09:31:07,BUY,0.1000,0.0000,0
2026.06.25 10:04:19,SELL,0.0000,-0.2000,0
2026.06.25 10:13:38,BUY,0.1000,-0.1000,0
2026.06.25 11:24:24,SELL,0.0000,0.1000,0
2026.06.25 15:30:12,SELL,0.0000,0.1000,0
2026.06.25 15:36:43,SELL,0.0000,0.0000,0
2026.06.25 15:42:44,SELL,0.0000,0.0000,0
2026.06.25 15:58:45,BUY,0.1000,-0.1000,0
2026.06.25 16:21:38,SELL,0.0000,0.1000,0
2026.06.25 16:39:43,SELL,0.0000,0.1000,0
2026.06.25 16:44:43,BUY,0.1000,-0.1000,0
2026.06.25 17:01:26,SELL,0.0000,0.1000,0
2026.06.25 17:08:30,BUY,0.0000,0.2000,0
2026.06.25 17:24:18,BUY,0.0000,0.1000,0
2026.06.25 17:29:18,SELL,0.5000,0.0000,0
2026.06.25 17:53:38,BUY,0.4000,0.0000,0
2026.06.25 18:02:56,SELL,0.0000,-0.2000,0
2026.06.25 18:09:05,BUY,0.9000,0.0000,0
2026.06.25 18:57:36,SELL,0.0000,0.1000,0
2026.06.25 22:41:12,BUY,0.0000,0.1000,0
2026.06.26 00:00:29,BUY,10.7000,0.0000,0
2026.06.26 00:05:34,BUY,5.7000,0.0000,1
2026.06.26 02:03:56,BUY,0.0000,-0.1000,0
2026.06.26 06:54:38,SELL,0.0000,0.1000,0
2026.06.26 09:54:04,SELL,0.0000,0.1000,0
2026.06.26 10:08:35,SELL,0.0000,0.1000,0
2026.06.26 10:32:36,SELL,0.0000,0.2000,0
2026.06.26 10:38:02,SELL,0.0000,0.1000,0
2026.06.26 11:08:30,SELL,0.0000,-0.1000,0
2026.06.26 11:29:45,SELL,0.0000,0.1000,0
2026.06.26 11:44:26,SELL,0.0000,0.0000,0
2026.06.26 11:57:04,BUY,0.0000,0.1000,0
2026.06.26 12:29:54,SELL,0.0000,0.1000,0
2026.06.26 12:48:31,SELL,0.0000,0.1000,0
2026.06.26 15:53:40,SELL,0.0000,-0.1000,0
2026.06.26 15:58:40,SELL,0.0000,-0.1000,0
2026.06.26 16:03:59,BUY,0.1000,-0.1000,0
2026.06.26 16:09:55,BUY,0.0000,0.1000,0
2026.06.26 16:18:47,BUY,0.0000,0.1000,0
2026.06.26 16:47:01,BUY,0.1000,0.0000,1
2026.06.26 16:59:17,SELL,0.0000,0.1000,0
2026.06.26 17:21:18,SELL,0.0000,0.1000,0
2026.06.26 17:29:32,BUY,0.0000,0.0000,0
2026.06.26 17:52:30,BUY,0.0000,0.1000,0
2026.06.26 17:57:30,BUY,0.0000,-0.3000,0
2026.06.26 18:51:04,BUY,0.0000,0.2000,0
2026.06.26 18:57:37,SELL,0.0000,0.1000,0
2026.06.26 19:21:30,BUY,0.1000,0.0000,0
2026.06.26 19:36:18,BUY,0.1000,0.0000,1
2026.06.26 23:36:40,BUY,0.7000,-0.6000,0
2026.06.26 23:53:20,BUY,1.5000,0.0000,1
2026.06.29 00:07:44,BUY,5.1000,0.0000,2
2026.06.29 00:32:28,SELL,0.5000,2.4000,0
2026.06.29 09:53:25,SELL,0.0000,-0.2000,0
2026.06.29 09:58:25,SELL,0.1000,0.1000,0
2026.06.29 10:03:25,BUY,0.2000,-0.2000,0
2026.06.29 10:54:04,BUY,0.1000,-0.3000,0
2026.06.29 14:56:11,SELL,0.0000,0.3000,1
2026.06.29 17:15:59,BUY,0.1000,0.0000,0
2026.06.29 17:44:31,BUY,0.0000,0.2000,0
2026.06.29 17:53:09,SELL,0.0000,0.1000,0
2026.06.30 00:00:27,BUY,19.0000,-14.1000,3
2026.06.30 04:13:24,BUY,0.0000,0.1000,1
2026.06.30 04:39:19,BUY,1.5000,0.0000,0
2026.06.30 04:44:36,BUY,0.0000,0.1000,0
2026.06.30 07:57:46,BUY,0.0000,0.1000,0
2026.06.30 08:56:33,BUY,0.0000,-0.1000,0
2026.06.30 09:22:24,SELL,0.0000,0.1000,0
2026.06.30 11:01:02,BUY,0.0000,0.0000,0
2026.06.30 11:09:25,BUY,0.0000,0.2000,0
2026.06.30 11:38:40,BUY,0.0000,0.2000,0
2026.06.30 13:39:05,SELL,0.0000,-0.1000,0
2026.06.30 14:33:36,BUY,0.0000,0.1000,0
2026.06.30 14:39:11,BUY,0.0000,0.1000,0
2026.06.30 14:44:11,SELL,0.1000,-0.1000,0
2026.06.30 15:23:50,BUY,0.1000,0.1000,1
2026.06.30 15:48:24,BUY,0.0000,0.1000,0
2026.06.30 15:53:38,SELL,0.0000,0.1000,1
2026.06.30 15:58:57,BUY,0.0000,0.1000,0
2026.06.30 16:09:07,SELL,0.0000,0.1000,0
2026.06.30 16:18:32,SELL,0.0000,0.2000,1
2026.06.30 17:02:59,BUY,0.0000,0.1000,0
2026.06.30 17:15:40,SELL,0.0000,0.1000,0
2026.06.30 17:22:07,SELL,0.0000,-0.1000,0
2026.06.30 17:43:22,SELL,0.0000,0.1000,0
2026.06.30 17:50:10,SELL,0.1000,-0.1000,0
2026.06.30 17:57:47,SELL,0.0000,-0.1000,0
2026.06.30 18:03:47,BUY,0.0000,0.1000,0
2026.06.30 20:04:34,SELL,0.0000,-0.1000,1
2026.06.30 22:57:30,SELL,0.0000,-0.1000,0
2026.07.01 00:01:48,BUY,4.2000,0.0000,1
2026.07.01 11:58:50,BUY,0.0000,0.1000,1
2026.07.01 12:09:47,BUY,0.0000,-0.2000,0
2026.07.01 12:19:01,BUY,0.7000,-0.1000,0
2026.07.01 14:57:32,BUY,0.0000,0.0000,0
2026.07.01 15:39:07,BUY,0.0000,0.1000,0
2026.07.01 16:10:25,BUY,0.0000,-0.3000,1
2026.07.01 16:17:11,SELL,0.0000,0.1000,0
2026.07.01 16:22:18,SELL,0.0000,-0.1000,0
2026.07.01 16:27:31,SELL,0.0000,0.2000,1
2026.07.01 16:32:31,SELL,0.0000,-0.1000,0
2026.07.01 16:41:30,SELL,0.0000,0.0000,0
2026.07.01 16:53:51,BUY,0.0000,-0.1000,0
2026.07.01 16:59:09,BUY,0.0000,0.1000,1
2026.07.01 17:06:25,SELL,0.0000,0.1000,0
2026.07.01 17:19:16,BUY,0.0000,-0.1000,0
2026.07.01 17:34:20,SELL,0.0000,0.1000,0
2026.07.01 17:39:22,BUY,0.0000,0.1000,0
2026.07.01 17:54:40,BUY,0.1000,0.0000,0
2026.07.01 17:59:40,SELL,0.1000,-0.1000,0
2026.07.01 18:04:40,BUY,0.1000,0.1000,0
2026.07.01 18:33:26,BUY,0.1000,-0.1000,0
2026.07.01 18:44:40,BUY,0.5000,0.0000,0
2026.07.01 19:01:45,SELL,0.0000,0.0000,0
2026.07.02 09:49:09,SELL,0.0000,0.2000,0
2026.07.02 09:54:59,BUY,0.1000,0.1000,0
2026.07.02 10:42:37,SELL,0.0000,-0.2000,0
2026.07.02 11:03:22,SELL,0.0000,0.1000,0
2026.07.02 12:04:53,BUY,0.0000,0.1000,0
2026.07.02 15:30:01,SELL,0.0000,0.1000,0
2026.07.02 15:35:13,SELL,0.0000,0.0000,0
2026.07.02 15:40:56,SELL,0.0000,-0.1000,0
2026.07.02 15:45:56,BUY,0.1000,0.1000,0
2026.07.02 15:51:58,BUY,0.0000,0.1000,0
2026.07.02 15:57:24,BUY,0.1000,0.0000,0
2026.07.02 16:05:53,BUY,0.1000,0.1000,0
2026.07.02 16:11:33,SELL,0.0000,0.1000,0
2026.07.02 16:20:40,BUY,0.0000,0.1000,0
2026.07.02 16:32:24,SELL,0.0000,0.2000,0
2026.07.02 16:39:16,BUY,0.1000,0.2000,0
2026.07.02 16:53:18,SELL,0.1000,-0.2000,0
2026.07.02 17:02:18,BUY,0.3000,-0.2000,0
2026.07.02 17:08:09,SELL,0.0000,0.1000,0
2026.07.02 17:13:53,SELL,0.1000,0.0000,0
2026.07.02 17:20:54,BUY,0.0000,-0.1000,0
2026.07.02 17:27:32,BUY,0.1000,0.0000,0
2026.07.02 17:49:18,SELL,0.0000,0.1000,0
2026.07.02 17:55:58,SELL,0.0000,0.2000,0
2026.07.02 18:31:31,SELL,0.0000,-0.1000,1
2026.07.02 19:07:54,BUY,0.0000,0.1000,0
2026.07.03 00:00:30,BUY,15.5000,0.3000,0
2026.07.03 05:09:13,SELL,0.0000,-0.1000,0
2026.07.03 08:57:30,BUY,0.1000,0.0000,0
2026.07.03 09:23:23,BUY,0.1000,-0.1000,0
2026.07.03 09:34:01,SELL,0.0000,0.1000,0
2026.07.03 10:34:27,BUY,0.5000,0.0000,0
2026.07.06 00:02:00,SELL,1.2000,4.8000,0
2026.07.06 03:17:01,SELL,0.0000,0.1000,0
2026.07.06 08:58:13,BUY,0.5000,-0.3000,0
2026.07.06 10:00:51,BUY,0.1000,0.0000,0
2026.07.06 10:14:49,SELL,0.0000,-0.1000,1
2026.07.06 11:03:19,BUY,0.0000,0.1000,0
2026.07.06 11:11:45,BUY,0.1000,0.1000,0
2026.07.06 14:39:05,BUY,0.0000,0.1000,0
2026.07.06 18:44:41,SELL,0.0000,0.1000,0
2026.07.07 04:30:45,SELL,0.0000,0.0000,0
2026.07.07 11:24:32,SELL,0.0000,-0.1000,0
2026.07.07 14:53:37,BUY,0.0000,0.1000,0
2026.07.07 14:58:37,SELL,0.0000,0.1000,0
2026.07.07 15:23:46,SELL,0.0000,0.1000,0
2026.07.07 15:29:05,SELL,0.0000,0.2000,0
2026.07.07 16:04:38,BUY,1.4000,0.0000,0
2026.07.07 16:59:04,BUY,0.1000,-0.1000,0
2026.07.07 17:04:04,BUY,0.0000,-0.1000,0
2026.07.07 21:49:22,BUY,0.0000,0.1000,0
2026.07.07 21:54:22,BUY,0.1000,0.0000,0
2026.07.08 00:00:29,BUY,24.0000,0.0000,0
2026.07.08 00:32:53,BUY,1.1000,0.1000,0
2026.07.08 11:16:40,BUY,0.1000,-0.1000,0
2026.07.08 11:26:35,SELL,0.0000,0.1000,0
2026.07.08 11:36:41,BUY,0.0000,-0.2000,0
2026.07.08 11:47:17,SELL,0.0000,-0.1000,0
2026.07.08 12:07:53,BUY,0.0000,0.1000,0
2026.07.08 12:13:11,BUY,0.0000,-0.1000,0
2026.07.08 12:18:11,SELL,0.1000,0.0000,1
2026.07.08 12:34:33,SELL,0.0000,0.1000,0
2026.07.08 12:57:03,BUY,0.0000,0.1000,0
2026.07.08 14:38:00,BUY,0.4000,0.0000,0
2026.07.08 14:43:35,SELL,0.0000,-0.1000,0
2026.07.08 15:04:52,SELL,0.0000,0.1000,1
2026.07.08 15:56:30,BUY,0.0000,-0.1000,0
2026.07.08 16:28:54,SELL,0.0000,0.2000,0
2026.07.08 16:33:54,SELL,0.0000,0.0000,0
2026.07.08 18:14:24,BUY,0.0000,-0.1000,0
2026.07.08 20:07:07,SELL,0.0000,0.1000,1
2026.07.08 21:02:14,SELL,0.0000,0.2000,0
2026.07.09 00:03:24,BUY,8.9000,0.0000,1
2026.07.09 08:13:02,SELL,0.0000,0.1000,0
2026.07.09 09:02:44,SELL,0.0000,0.1000,0
2026.07.09 09:22:49,SELL,0.0000,0.1000,0
2026.07.09 09:36:46,BUY,0.8000,0.0000,1
2026.07.09 11:58:52,BUY,0.5000,0.0000,0
2026.07.09 13:52:36,BUY,0.0000,0.1000,0
2026.07.09 16:17:25,SELL,0.0000,-0.1000,0
2026.07.09 17:03:56,SELL,0.0000,-0.1000,0
2026.07.09 17:09:43,BUY,0.0000,-0.2000,0
2026.07.09 18:09:56,SELL,0.0000,0.1000,0
2026.07.10 00:01:00,BUY,16.8000,0.0000,1
2026.07.10 00:09:26,BUY,5.1000,0.0000,0
2026.07.10 00:29:45,BUY,5.1000,0.0000,3
2026.07.10 00:53:14,BUY,5.4000,0.0000,4
2026.07.10 04:23:46,BUY,0.8000,0.0000,0
2026.07.10 05:08:32,SELL,0.0000,-0.2000,0
2026.07.10 09:44:57,BUY,0.3000,0.2000,0
2026.07.10 11:02:24,SELL,0.0000,0.2000,0
2026.07.10 15:13:44,SELL,0.0000,-0.3000,0
2026.07.10 16:04:28,BUY,0.0000,-0.1000,0
2026.07.10 17:32:42,BUY,0.0000,0.1000,0
2026.07.10 18:16:08,SELL,0.0000,-0.1000,0
2026.07.10 23:08:37,BUY,1.8000,0.0000,0
2026.07.13 00:00:00,BUY,2.2000,2.9000,0
2026.07.13 01:02:01,BUY,0.0000,0.2000,0
2026.07.13 01:07:01,BUY,0.0000,0.1000,0
2026.07.13 01:53:44,BUY,3.6000,0.0000,1
2026.07.13 03:23:52,SELL,0.0000,-0.1000,0
2026.07.13 04:24:23,BUY,0.0000,0.1000,0
2026.07.13 04:39:09,SELL,0.0000,0.1000,0
2026.07.13 10:04:40,SELL,0.0000,0.1000,0
2026.07.13 10:35:35,SELL,0.0000,0.1000,0
2026.07.13 10:49:09,SELL,0.0000,0.0000,0
2026.07.13 11:08:45,SELL,0.0000,0.1000,0
2026.07.13 11:14:05,SELL,0.0000,-0.1000,0
2026.07.13 11:19:20,SELL,0.0000,-0.2000,1
2026.07.13 15:08:13,BUY,0.0000,-0.1000,0
2026.07.13 15:59:27,SELL,0.0000,0.2000,1
2026.07.13 17:16:45,BUY,0.0000,-0.1000,0
2026.07.13 17:59:41,SELL,0.0000,0.3000,0
2026.07.13 18:14:08,BUY,0.1000,-0.1000,0
2026.07.13 19:29:22,BUY,0.0000,0.1000,0
2026.07.13 19:34:22,BUY,0.1000,0.1000,0
2026.07.14 00:02:46,SELL,0.1000,3.6000,0
2026.07.14 03:19:48,BUY,0.1000,0.0000,0
2026.07.14 09:32:41,SELL,0.0000,0.0000,0
2026.07.14 10:49:16,SELL,0.0000,0.1000,0
2026.07.14 11:43:41,SELL,0.0000,0.1000,0
2026.07.14 11:49:41,BUY,0.0000,0.1000,0
2026.07.14 12:19:21,BUY,0.0000,0.1000,0
2026.07.14 14:48:36,SELL,0.0000,0.2000,0
2026.07.14 15:22:29,SELL,0.0000,0.1000,0
2026.07.14 15:30:01,SELL,0.0000,-1.6000,0
2026.07.14 15:36:18,BUY,0.0000,0.1000,0
2026.07.14 15:41:31,SELL,0.0000,-0.1000,0
2026.07.14 15:48:35,BUY,0.0000,-0.1000,0
2026.07.14 15:53:35,BUY,0.0000,0.1000,0
2026.07.14 16:01:13,SELL,0.1000,-0.1000,0
2026.07.14 16:06:13,SELL,0.1000,-0.1000,0
2026.07.14 16:13:20,BUY,0.1000,-0.1000,0
2026.07.14 16:19:08,SELL,0.0000,0.1000,0
2026.07.14 16:46:42,BUY,0.1000,-0.1000,1
2026.07.14 17:07:54,SELL,0.0000,0.1000,0
2026.07.14 17:16:27,BUY,0.1000,-0.1000,0
2026.07.14 17:23:51,BUY,0.1000,-0.1000,0
2026.07.14 17:34:12,SELL,0.0000,-1.0000,0
2026.07.14 17:53:17,BUY,0.0000,0.1000,0
2026.07.14 18:04:20,SELL,0.0000,0.1000,0
2026.07.14 18:42:08,BUY,0.0000,0.2000,0
2026.07.14 18:51:14,BUY,0.0000,0.1000,0
2026.07.15 00:03:03,SELL,0.0000,5.5000,0
2026.07.15 09:59:01,BUY,0.1000,0.0000,0
2026.07.15 10:18:38,BUY,0.0000,0.0000,0
2026.07.15 15:23:42,SELL,0.0000,0.2000,0
2026.07.15 15:30:01,SELL,0.0000,0.2000,0
2026.07.15 15:42:59,SELL,0.0000,0.1000,0
2026.07.15 16:14:46,BUY,0.0000,0.0000,0
2026.07.15 16:19:46,SELL,0.0000,0.1000,0
2026.07.15 16:24:46,BUY,0.0000,0.1000,0
2026.07.15 16:57:38,SELL,0.0000,0.2000,0
2026.07.15 17:52:42,BUY,0.0000,-0.2000,0
2026.07.15 18:37:25,BUY,0.1000,0.0000,0
2026.07.15 19:46:48,SELL,0.0000,-0.2000,0
2026.07.15 20:01:12,SELL,0.0000,-0.2000,0
2026.07.15 20:32:47,SELL,0.1000,-0.1000,0
2026.07.15 21:43:24,BUY,0.1000,-0.1000,0
2026.07.15 22:32:42,BUY,0.1000,0.0000,0
2026.07.16 00:04:35,SELL,0.0000,4.0000,0
2026.07.16 03:58:27,SELL,0.0000,0.1000,0
2026.07.16 10:48:47,SELL,0.0000,0.2000,1
2026.07.16 13:58:53,BUY,0.0000,0.1000,0
2026.07.16 14:49:55,BUY,0.0000,-0.1000,0
2026.07.16 14:58:33,SELL,0.0000,0.2000,0
2026.07.16 15:33:41,BUY,0.0000,-0.1000,0
2026.07.16 15:44:45,BUY,0.0000,0.2000,1
2026.07.16 15:58:25,BUY,0.0000,0.1000,0
2026.07.16 16:09:55,SELL,0.0000,0.1000,0
2026.07.16 16:59:31,BUY,0.1000,0.1000,0
2026.07.16 17:11:23,BUY,0.0000,0.1000,0
2026.07.16 17:36:31,BUY,0.0000,0.1000,0
2026.07.16 18:03:04,BUY,0.0000,0.2000,0
2026.07.17 09:14:47,SELL,0.0000,0.2000,1
2026.07.17 11:14:10,BUY,0.0000,0.0000,0
2026.07.17 11:19:26,BUY,0.1000,0.1000,0
2026.07.17 13:52:29,BUY,0.0000,-0.1000,0
2026.07.17 13:58:57,BUY,0.1000,-0.1000,1
2026.07.17 15:34:15,BUY,0.0000,-0.1000,0
2026.07.17 19:02:14,BUY,0.0000,0.1000,0
2026.07.20 00:00:00,BUY,3.2000,-0.4000,31
2026.07.20 10:23:00,SELL,0.0000,0.1000,0
2026.07.20 10:33:38,SELL,0.0000,0.2000,0
2026.07.20 14:30:33,SELL,0.0000,0.2000,0
2026.07.20 14:57:48,BUY,0.1000,0.0000,0
2026.07.20 17:32:35,BUY,0.0000,-0.1000,0
2026.07.20 19:41:26,BUY,0.0000,-0.1000,0
2026.07.21 12:38:26,SELL,0.0000,0.1000,0
2026.07.21 16:37:45,BUY,0.1000,0.0000,1
2026.07.21 16:48:57,SELL,0.0000,0.1000,0
2026.07.22 10:30:27,SELL,0.0000,0.1000,0
2026.07.22 10:44:48,BUY,0.0000,-0.1000,0
2026.07.22 15:56:53,BUY,0.0000,-0.1000,0
2026.07.22 16:31:43,SELL,0.0000,-0.1000,0
2026.07.22 17:13:52,SELL,0.0000,-0.1000,0
2026.07.22 18:34:59,BUY,0.0000,-0.1000,0
2026.07.23 00:00:16,BUY,2.5000,3.5000,0
2026.07.23 07:08:55,SELL,0.0000,0.3000,0
2026.07.23 14:33:39,BUY,0.0000,-0.1000,0
2026.07.23 14:38:39,BUY,0.1000,0.0000,0
2026.07.23 14:48:21,SELL,0.0000,-0.1000,1
2026.07.23 15:15:34,BUY,0.1000,0.0000,0
2026.07.23 15:24:23,BUY,0.0000,-0.1000,0
2026.07.23 15:43:02,BUY,0.1000,0.0000,0
2026.07.23 16:02:51,BUY,0.0000,0.0000,0
2026.07.23 16:07:51,BUY,0.0000,-0.1000,0
2026.07.23 16:13:37,BUY,0.0000,-0.1000,0
2026.07.23 16:59:51,BUY,0.0000,-0.1000,0
2026.07.23 17:18:43,BUY,0.1000,0.0000,0
2026.07.23 17:44:09,BUY,0.0000,0.1000,0
2026.07.23 17:58:05,SELL,0.0000,-0.1000,0
2026.07.23 18:38:45,SELL,0.0000,-0.1000,0
2026.07.24 03:59:04,SELL,0.0000,0.1000,0
2026.07.24 10:09:28,SELL,0.0000,0.1000,0
2026.07.24 10:38:29,BUY,0.0000,-0.1000,0
2026.07.24 14:58:02,BUY,0.0000,0.1000,0
2026.07.24 16:12:47,SELL,0.0000,-0.1000,0
2026.07.24 17:09:03,BUY,0.0000,0.0000,0
2026.07.24 18:11:03,SELL,0.0000,-0.1000,0
2026.07.24 18:43:44,BUY,0.1000,-0.1000,0
2026.07.24 20:08:05,BUY,0.0000,-0.1000,0
2026.07.27 00:00:00,SELL,12.5000,-2.5000,60
2026.07.27 01:00:23,SELL,0.0000,0.2000,0
2026.07.27 03:14:53,SELL,0.0000,0.1000,0
2026.07.27 03:29:49,SELL,0.0000,0.1000,0
2026.07.27 03:39:09,BUY,0.0000,-0.1000,0
2026.07.27 04:59:06,SELL,0.0000,-0.1000,0
2026.07.27 09:04:25,SELL,0.0000,0.1000,0
2026.07.27 10:59:40,BUY,0.0000,-0.1000,0
2026.07.27 13:04:01,SELL,0.0000,0.1000,1
2026.07.27 15:12:30,BUY,0.1000,-0.2000,1
2026.07.27 15:39:36,BUY,0.0000,0.1000,0
2026.07.27 16:09:47,SELL,0.0000,0.1000,0
2026.07.27 20:04:18,BUY,0.0000,0.1000,0
2026.07.28 00:00:30,SELL,0.3000,0.1000,6
2026.07.28 00:07:00,SELL,0.0000,-0.2000,1
2026.07.28 17:54:01,SELL,0.0000,0.2000,0
2026.07.28 18:12:30,SELL,0.0000,-0.1000,0
2026.07.28 18:43:27,SELL,0.0000,0.1000,0
2026.07.29 00:04:40,SELL,0.4000,-0.5000,6
2026.07.29 17:43:30,BUY,0.0000,0.1000,0
2026.07.29 17:49:44,BUY,0.0000,0.1000,1
2026.07.29 17:59:13,BUY,0.0000,0.1000,0
2026.07.29 21:00:01,SELL,0.7000,-2.4000,0
2026.07.29 21:06:04,SELL,0.0000,0.1000,0
2026.07.29 21:12:06,SELL,0.0000,0.2000,0
2026.07.29 21:21:27,BUY,0.0000,-0.1000,0
2026.07.29 21:31:09,SELL,0.0000,0.0000,0
2026.07.29 21:38:15,SELL,0.0000,-0.1000,0
2026.07.29 21:43:42,SELL,0.0000,0.1000,0
2026.07.29 21:48:42,SELL,0.0000,-0.1000,0
2026.07.29 22:04:43,BUY,0.0000,0.1000,1
2026.07.29 22:09:43,BUY,0.0000,-0.1000,0
2026.07.29 22:14:43,SELL,0.0000,0.1000,0
2026.07.29 22:19:43,SELL,0.0000,-0.1000,0
2026.07.29 22:24:43,BUY,0.0000,-0.1000,0
2026.07.29 22:32:51,BUY,0.0000,0.1000,0
2026.07.29 22:37:51,SELL,0.0000,0.1000,0
2026.07.29 22:42:51,SELL,0.0000,0.3000,0
2026.07.29 22:54:43,BUY,0.0000,-0.1000,0
2026.07.29 23:34:43,SELL,0.0000,-0.1000,0
2026.07.29 23:48:21,SELL,0.0000,0.1000,0
2026.07.30 00:03:20,BUY,0.0000,-1.0000,0
2026.07.30 01:00:40,SELL,0.0000,0.1000,0
2026.07.30 03:28:07,BUY,0.0000,0.1000,0
2026.07.30 10:29:04,BUY,0.0000,0.1000,0
2026.07.30 11:03:22,SELL,0.0000,0.1000,0
2026.07.30 11:43:34,SELL,0.0000,0.2000,1
2026.07.30 12:03:01,SELL,0.0000,0.1000,2
2026.07.30 13:14:30,SELL,0.0000,-0.1000,0
2026.07.30 13:41:31,SELL,0.0000,0.1000,0
2026.07.30 13:51:59,BUY,0.0000,0.2000,0
2026.07.30 14:03:39,SELL,0.0000,-0.1000,0
2026.07.30 15:13:46,SELL,0.0000,0.1000,0
2026.07.30 15:18:46,BUY,0.0000,0.1000,0
2026.07.30 15:30:10,SELL,0.0000,-0.1000,0
2026.07.30 15:38:18,SELL,0.0000,-0.1000,1
2026.07.30 15:43:18,BUY,0.1000,-0.2000,0
2026.07.30 15:49:19,BUY,0.0000,-0.1000,0
2026.07.30 16:07:18,SELL,0.0000,0.0000,0
2026.07.30 16:24:20,SELL,0.0000,0.0000,0
2026.07.30 16:36:07,SELL,0.0000,0.0000,0
2026.07.30 16:42:32,SELL,0.0000,0.1000,0
2026.07.30 16:48:34,SELL,0.0000,0.1000,0
2026.07.30 16:53:34,SELL,0.1000,-0.2000,0
2026.07.30 16:58:38,SELL,0.0000,-0.1000,1
2026.07.30 17:03:38,SELL,0.1000,0.0000,0
2026.07.30 17:08:38,BUY,0.0000,-0.1000,0
2026.07.30 17:14:29,SELL,0.0000,0.1000,0
2026.07.30 17:24:41,BUY,0.1000,0.1000,0
2026.07.30 17:32:24,BUY,0.0000,0.2000,0
2026.07.30 17:41:20,BUY,0.0000,-0.1000,0
2026.07.30 17:58:02,BUY,0.0000,0.1000,0
2026.07.30 18:08:18,SELL,0.1000,-0.1000,0
2026.07.30 19:03:14,SELL,0.0000,0.1000,0
2026.07.30 20:14:25,BUY,0.1000,0.0000,2
2026.07.30 20:36:54,SELL,0.0000,0.1000,0
2026.07.30 20:52:03,SELL,0.0000,-0.1000,0
2026.07.31 04:38:17,BUY,0.1000,0.0000,0
2026.07.31 09:34:15,BUY,0.1000,-0.1000,0
2026.07.31 09:47:36,SELL,0.0000,-0.1000,0
2026.07.31 10:48:09,SELL,0.0000,0.1000,0
2026.07.31 10:53:09,BUY,0.1000,-0.2000,0
2026.07.31 11:08:24,BUY,0.0000,0.1000,0
2026.07.31 11:49:13,SELL,0.0000,0.1000,0
2026.07.31 11:55:35,SELL,0.0000,0.3000,0
2026.07.31 12:28:24,BUY,0.0000,0.1000,0
2026.07.31 12:49:01,SELL,0.0000,0.2000,0
2026.07.31 16:22:16,SELL,0.0000,-0.1000,0
2026.07.31 16:33:19,BUY,0.0000,0.1000,0
2026.07.31 16:38:19,BUY,0.0000,-0.1000,0
2026.07.31 16:43:19,SELL,0.0000,-0.1000,0
2026.07.31 16:49:13,BUY,0.0000,0.1000,0
2026.07.31 16:54:14,SELL,0.0000,-0.1000,0
2026.07.31 16:59:20,BUY,0.0000,-0.1000,0
2026.07.31 17:12:18,SELL,0.1000,0.0000,0
2026.07.31 17:39:52,SELL,0.0000,0.0000,0
2026.07.31 17:51:08,SELL,0.0000,-0.2000,0
2026.07.31 17:58:39,SELL,0.0000,0.1000,0
2026.07.31 18:03:40,BUY,0.0000,0.2000,0
2026.07.31 18:08:40,SELL,0.0000,0.2000,0
2026.07.31 18:37:53,SELL,0.0000,0.0000,0
2026.07.31 19:03:23,BUY,0.0000,0.2000,0
2026.07.31 20:14:18,SELL,0.0000,0.1000,0
2026.07.31 20:24:47,SELL,0.0000,0.2000,0
2026.07.31 20:32:46,SELL,0.0000,-0.1000,0
2026.07.31 20:45:56,BUY,0.0000,0.1000,0
2026.07.31 21:14:47,BUY,0.0000,0.1000,0
2026.07.31 22:44:58,SELL,0.0000,0.1000,0
2026.07.31 23:14:54,SELL,0.0000,0.3000,0
2026.07.31 23:38:55,SELL,0.0000,0.2000,0
2026.07.31 23:53:10,BUY,0.0000,0.1000,1
2026.07.31 23:58:10,BUY,0.0000,-0.1000,0
2026.08.03 00:00:00,SELL,6.8000,-0.1000,32
2026.08.03 01:13:37,SELL,0.0000,0.1000,0
2026.08.03 01:18:38,BUY,0.0000,0.1000,0
2026.08.03 03:01:07,BUY,0.0000,-0.2000,0
2026.08.03 03:28:09,SELL,0.0000,0.1000,0
2026.08.03 03:48:22,BUY,0.0000,0.1000,0
2026.08.03 10:17:19,BUY,0.0000,0.1000,0
2026.08.03 10:37:48,BUY,0.0000,-0.1000,0
2026.08.03 12:59:05,BUY,0.0000,0.1000,0
2026.08.03 13:17:53,BUY,0.0000,0.1000,1
2026.08.03 15:38:36,BUY,0.1000,-0.1000,0
2026.08.03 16:29:50,SELL,0.0000,0.2000,0
2026.08.03 17:04:03,BUY,0.0000,0.2000,0
2026.08.03 17:16:06,SELL,0.0000,0.1000,0
2026.08.03 17:43:29,BUY,0.0000,0.1000,0
2026.08.03 18:03:29,BUY,0.0000,0.3000,0
2026.08.04 00:01:53,SELL,0.9000,-1.1000,0
2026.08.04 00:14:59,BUY,0.0000,0.0000,1
2026.08.04 03:57:30,BUY,0.1000,-0.1000,1
2026.08.04 11:33:01,BUY,0.0000,0.0000,0
2026.08.04 13:44:32,SELL,0.0000,0.1000,0
2026.08.04 14:49:48,BUY,0.0000,0.1000,1
2026.08.04 15:34:51,SELL,0.0000,0.1000,0
2026.08.04 16:20:51,SELL,0.0000,-0.1000,0
2026.08.04 16:39:59,SELL,0.0000,0.1000,0
2026.08.04 18:38:37,SELL,0.0000,-0.1000,0
2026.08.04 21:54:20,SELL,0.0000,0.1000,0
2026.08.05 00:01:07,BUY,0.0000,4.5000,0
2026.08.05 09:39:54,SELL,0.0000,0.1000,0
2026.08.05 11:41:57,BUY,0.0000,0.2000,0
2026.08.05 15:18:39,SELL,0.0000,0.2000,1
2026.08.05 16:36:04,BUY,0.0000,0.1000,1
2026.08.05 16:48:21,BUY,0.1000,-0.2000,0
2026.08.05 17:03:52,SELL,0.0000,0.2000,0
2026.08.05 17:08:52,SELL,0.0000,-0.1000,0
2026.08.05 17:53:52,BUY,0.1000,0.0000,0
2026.08.05 17:58:52,SELL,0.0000,0.0000,0
2026.08.05 18:39:49,SELL,0.0000,0.2000,0
2026.08.05 18:49:30,BUY,0.0000,-0.1000,0
2026.08.06 11:01:28,BUY,0.0000,0.1000,0
2026.08.06 17:09:41,BUY,0.0000,-0.2000,0
2026.08.06 18:14:27,BUY,0.0000,0.2000,0
2026.08.06 18:19:28,BUY,0.0000,-0.2000,0
2026.08.06 19:18:20,BUY,0.0000,0.1000,0
2026.08.06 22:53:50,SELL,0.0000,0.1000,0
2026.08.07 15:30:01,SELL,0.0000,-0.2000,0
2026.08.07 15:35:34,BUY,0.0000,0.1000,0
2026.08.07 15:46:25,SELL,0.0000,0.1000,0
2026.08.07 16:16:48,BUY,0.0000,0.0000,0
2026.08.07 16:24:19,SELL,0.0000,0.1000,0
2026.08.07 16:33:30,BUY,0.0000,0.0000,0
2026.08.07 16:39:02,SELL,0.1000,0.0000,0
2026.08.07 16:48:46,BUY,0.0000,-0.1000,0
2026.08.07 16:57:14,BUY,0.1000,-0.1000,0
2026.08.07 17:18:16,SELL,0.0000,-0.1000,0
2026.08.07 17:29:23,BUY,0.1000,-0.1000,0
2026.08.07 17:44:11,BUY,0.0000,-0.1000,0
2026.08.07 18:08:58,SELL,0.0000,0.2000,0
2026.08.07 18:38:03,SELL,0.0000,0.2000,0
2026.08.07 19:53:06,BUY,0.1000,-0.1000,0
