id,dir,entry,stop,risk,pl,R
1,SELL,1.10437,1.10537,100.00,100.00,1.000
2,BUY,1.10292,1.10192,100.00,-100.00,-1.000
3,BUY,1.10174,1.10074,100.00,101.00,1.010
4,SELL,1.10275,1.10375,100.00,-100.00,-1.000
5,SELL,1.10375,1.10475,100.00,100.00,1.000
6,SELL,1.10349,1.10449,100.00,100.00,1.000
7,BUY,1.10239,1.10139,100.00,-100.00,-1.000
8,BUY,1.10136,1.10036,100.00,-100.00,-1.000
9,BUY,1.10013,1.09913,100.00,-100.00,-1.000
10,BUY,1.09913,1.09813,100.00,-100.00,-1.000
11,BUY,1.09627,1.09527,100.00,-100.00,-1.000
12,BUY,1.09527,1.09427,100.00,101.00,1.010
13,SELL,1.09632,1.09732,100.00,100.00,1.000
14,BUY,1.09532,1.09432,100.00,100.00,1.000
15,SELL,1.09636,1.09736,100.00,100.00,1.000
16,BUY,1.09520,1.09420,100.00,101.00,1.010
17,SELL,1.09621,1.09721,100.00,101.00,1.010
18,BUY,1.09503,1.09403,100.00,102.00,1.020
19,BUY,1.09531,1.09431,100.00,-100.00,-1.000
20,BUY,1.09432,1.09332,100.00,100.30,1.003
21,SELL,1.09627,1.09727,100.00,100.00,1.000
22,BUY,1.09527,1.09427,100.00,-100.00,-1.000
23,BUY,1.09427,1.09327,100.00,-100.00,-1.000
24,BUY,1.09280,1.09180,100.00,-101.00,-1.010
25,BUY,1.09160,1.09060,100.00,100.00,1.000
26,BUY,1.09199,1.09099,100.00,100.00,1.000
27,BUY,1.09233,1.09133,100.00,-100.00,-1.000
28,BUY,1.09134,1.09034,100.00,101.00,1.010
29,BUY,1.09175,1.09075,100.00,103.00,1.030
30,SELL,1.09278,1.09378,100.00,-100.00,-1.000
31,BUY,1.09296,1.09196,100.00,-100.00,-1.000
32,BUY,1.09188,1.09088,100.00,-100.00,-1.000
33,BUY,1.09088,1.08988,100.00,-101.00,-1.010
34,BUY,1.08988,1.08888,100.00,100.00,1.000
35,SELL,1.09098,1.09198,100.00,103.00,1.030
36,BUY,1.08995,1.08895,100.00,100.00,1.000
37,SELL,1.09149,1.09249,100.00,-100.00,-1.000
38,BUY,1.09151,1.09051,100.00,101.00,1.010
39,BUY,1.09158,1.09058,100.00,-104.10,-1.041
40,BUY,1.09266,1.09166,100.00,100.00,1.000
41,SELL,1.09423,1.09523,100.00,-101.00,-1.010
42,SELL,1.09537,1.09637,100.00,-100.00,-1.000
43,BUY,1.09608,1.09508,100.00,-100.00,-1.000
44,BUY,1.09492,1.09392,100.00,-101.00,-1.010
45,BUY,1.09392,1.09292,100.00,101.00,1.010
46,BUY,1.09405,1.09305,100.00,100.00,1.000
47,SELL,1.09505,1.09605,100.00,-100.00,-1.000
48,SELL,1.09604,1.09704,100.00,100.00,1.000
49,BUY,1.09505,1.09405,100.00,-101.00,-1.010
50,BUY,1.09242,1.09142,100.00,-100.00,-1.000
51,BUY,1.09119,1.09019,100.00,100.00,1.000
52,SELL,1.09277,1.09377,100.00,100.00,1.000
53,BUY,1.09177,1.09077,100.00,-100.00,-1.000
54,BUY,1.09069,1.08969,100.00,100.00,1.000
55,SELL,1.09271,1.09371,100.00,111.00,1.110
56,BUY,1.09145,1.09045,100.00,111.00,1.110
57,SELL,1.09026,1.09126,100.00,100.00,1.000
58,BUY,1.08948,1.08848,100.00,102.00,1.020
59,BUY,1.09112,1.09012,100.00,100.00,1.000
60,SELL,1.09212,1.09312,100.00,-101.00,-1.010
61,SELL,1.09312,1.09412,100.00,-100.00,-1.000
62,SELL,1.09411,1.09511,100.00,-100.00,-1.000
63,SELL,1.09511,1.09611,100.00,-101.00,-1.010
64,SELL,1.09611,1.09711,100.00,-116.00,-1.160
65,BUY,1.09832,1.09732,100.00,101.00,1.010
66,BUY,1.09872,1.09772,100.00,-101.00,-1.010
67,BUY,1.09756,1.09656,100.00,100.00,1.000
68,SELL,1.09857,1.09957,100.00,101.00,1.010
69,BUY,1.09756,1.09656,100.00,-101.00,-1.010
70,BUY,1.09650,1.09550,100.00,-101.00,-1.010
71,BUY,1.09550,1.09450,100.00,-101.00,-1.010
72,BUY,1.09452,1.09352,100.00,-100.00,-1.000
73,SELL,1.09448,1.09548,100.00,-100.00,-1.000
74,BUY,1.09518,1.09418,100.00,-100.00,-1.000
75,BUY,1.09397,1.09297,100.00,100.00,1.000
76,BUY,1.09460,1.09360,100.00,-102.00,-1.020
77,BUY,1.09335,1.09235,100.00,-100.00,-1.000
78,SELL,1.09376,1.09476,100.00,-100.00,-1.000
79,SELL,1.09482,1.09582,100.00,100.00,1.000
80,SELL,1.09432,1.09532,100.00,-101.00,-1.010
81,SELL,1.09556,1.09656,100.00,-100.00,-1.000
82,SELL,1.09692,1.09792,100.00,100.00,1.000
83,BUY,1.09528,1.09428,100.00,100.00,1.000
84,BUY,1.09509,1.09409,100.00,99.30,0.993
85,SELL,1.09542,1.09642,100.00,100.00,1.000
86,BUY,1.09442,1.09342,100.00,-101.00,-1.010
87,BUY,1.09341,1.09241,100.00,100.00,1.000
88,SELL,1.09446,1.09546,100.00,100.00,1.000
89,SELL,1.09423,1.09523,100.00,100.00,1.000
90,BUY,1.09296,1.09196,100.00,-100.00,-1.000
91,BUY,1.09119,1.09019,100.00,101.00,1.010
92,SELL,1.09250,1.09350,100.00,-100.00,-1.000
93,SELL,1.09376,1.09476,100.00,102.00,1.020
94,BUY,1.09307,1.09207,100.00,101.00,1.010
95,SELL,1.09449,1.09549,100.00,100.00,1.000
96,BUY,1.09326,1.09226,100.00,100.00,1.000
97,SELL,1.09472,1.09572,100.00,100.00,1.000
98,SELL,1.09382,1.09482,100.00,-100.00,-1.000
99,SELL,1.09521,1.09621,100.00,-100.00,-1.000
100,SELL,1.09633,1.09733,100.00,100.00,1.000
101,BUY,1.09664,1.09564,100.00,97.90,0.979
102,BUY,1.09738,1.09638,100.00,-100.00,-1.000
103,BUY,1.09625,1.09525,100.00,100.00,1.000
104,SELL,1.09822,1.09922,100.00,-102.00,-1.020
105,SELL,1.09960,1.10060,100.00,393.00,3.930
106,BUY,1.09602,1.09502,100.00,101.00,1.010
107,BUY,1.09595,1.09495,100.00,-101.00,-1.010
108,BUY,1.09476,1.09376,100.00,-101.00,-1.010
109,BUY,1.09376,1.09276,100.00,100.00,1.000
110,SELL,1.09476,1.09576,100.00,-100.00,-1.000
111,SELL,1.09593,1.09693,100.00,-100.00,-1.000
112,SELL,1.09697,1.09797,100.00,102.00,1.020
113,BUY,1.09551,1.09451,100.00,-100.00,-1.000
114,SELL,1.09555,1.09655,100.00,100.00,1.000
115,BUY,1.09455,1.09355,100.00,-100.00,-1.000
116,BUY,1.09356,1.09256,100.00,100.00,1.000
117,SELL,1.09488,1.09588,100.00,-100.00,-1.000
118,SELL,1.09620,1.09720,100.00,101.00,1.010
119,BUY,1.09490,1.09390,100.00,-101.00,-1.010
120,SELL,1.09474,1.09574,100.00,-100.00,-1.000
121,SELL,1.09698,1.09798,100.00,-100.00,-1.000
122,SELL,1.09795,1.09895,100.00,100.00,1.000
123,BUY,1.09695,1.09595,100.00,-103.00,-1.030
124,BUY,1.09593,1.09493,100.00,102.00,1.020
125,SELL,1.09698,1.09798,100.00,-143.00,-1.430
126,SELL,1.09738,1.09838,100.00,-100.00,-1.000
127,BUY,1.09707,1.09607,100.00,100.00,1.000
128,BUY,1.09723,1.09623,100.00,-100.00,-1.000
129,BUY,1.09614,1.09514,100.00,-100.00,-1.000
130,BUY,1.09373,1.09273,100.00,100.00,1.000
131,SELL,1.09511,1.09611,100.00,-102.00,-1.020
132,SELL,1.09623,1.09723,100.00,101.00,1.010
133,BUY,1.09522,1.09422,100.00,100.00,1.000
134,SELL,1.09622,1.09722,100.00,-100.00,-1.000
135,SELL,1.09730,1.09830,100.00,-103.00,-1.030
136,SELL,1.09832,1.09932,100.00,101.00,1.010
137,SELL,1.09807,1.09907,100.00,100.00,1.000
138,BUY,1.09685,1.09585,100.00,-101.00,-1.010
139,BUY,1.09594,1.09494,100.00,-100.00,-1.000
140,BUY,1.09470,1.09370,100.00,-101.00,-1.010
141,SELL,1.09568,1.09668,100.00,100.00,1.000
142,BUY,1.09447,1.09347,100.00,-102.70,-1.027
143,BUY,1.09253,1.09153,100.00,-101.00,-1.010
144,BUY,1.09227,1.09127,100.00,-100.00,-1.000
145,BUY,1.09120,1.09020,100.00,100.00,1.000
146,BUY,1.09194,1.09094,100.00,-100.00,-1.000
147,BUY,1.09066,1.08966,100.00,-100.00,-1.000
148,BUY,1.08966,1.08866,100.00,101.00,1.010
149,BUY,1.08997,1.08897,100.00,-100.00,-1.000
150,BUY,1.08896,1.08796,100.00,-100.00,-1.000
151,SELL,1.08809,1.08909,100.00,-100.00,-1.000
152,SELL,1.08942,1.09042,100.00,100.00,1.000
153,BUY,1.08759,1.08659,100.00,100.00,1.000
154,SELL,1.08859,1.08959,100.00,-101.00,-1.010
155,SELL,1.08976,1.09076,100.00,102.00,1.020
156,BUY,1.08842,1.08742,100.00,-102.00,-1.020
157,BUY,1.08740,1.08640,100.00,100.00,1.000
158,SELL,1.08857,1.08957,100.00,101.00,1.010
159,BUY,1.08752,1.08652,100.00,100.00,1.000
160,BUY,1.08808,1.08708,100.00,-105.00,-1.050
161,SELL,1.08775,1.08875,100.00,-100.00,-1.000
162,SELL,1.08874,1.08974,100.00,101.00,1.010
163,BUY,1.08758,1.08658,100.00,-100.00,-1.000
164,SELL,1.08715,1.08815,100.00,-156.00,-1.560
165,SELL,1.08844,1.08944,100.00,100.00,1.000
166,BUY,1.08685,1.08585,100.00,-101.00,-1.010
167,SELL,1.08674,1.08774,100.00,-101.00,-1.010
168,SELL,1.08775,1.08875,100.00,101.00,1.010
169,BUY,1.08672,1.08572,100.00,100.00,1.000
170,SELL,1.08817,1.08917,100.00,100.00,1.000
171,SELL,1.08766,1.08866,100.00,101.00,1.010
172,BUY,1.08705,1.08605,100.00,-100.00,-1.000
173,SELL,1.08658,1.08758,100.00,100.00,1.000
174,SELL,1.08666,1.08766,100.00,102.00,1.020
175,BUY,1.08564,1.08464,100.00,-100.00,-1.000
176,SELL,1.08539,1.08639,100.00,-100.00,-1.000
177,SELL,1.08650,1.08750,100.00,100.00,1.000
178,BUY,1.08534,1.08434,100.00,101.00,1.010
179,SELL,1.08637,1.08737,100.00,101.00,1.010
180,BUY,1.08477,1.08377,100.00,100.00,1.000
181,SELL,1.08577,1.08677,100.00,100.00,1.000
182,BUY,1.08477,1.08377,100.00,100.00,1.000
183,SELL,1.08592,1.08692,100.00,-100.00,-1.000
184,SELL,1.09033,1.09133,100.00,100.00,1.000
185,BUY,1.08801,1.08701,100.00,100.00,1.000
186,SELL,1.08939,1.09039,100.00,100.00,1.000
187,BUY,1.08892,1.08792,100.00,-100.00,-1.000
188,BUY,1.08540,1.08440,100.00,101.00,1.010
189,BUY,1.08651,1.08551,100.00,-102.00,-1.020
190,BUY,1.08549,1.08449,100.00,100.00,1.000
191,SELL,1.08654,1.08754,100.00,100.00,1.000
192,BUY,1.08512,1.08412,100.00,101.00,1.010
193,SELL,1.08657,1.08757,100.00,101.00,1.010
194,BUY,1.08556,1.08456,100.00,101.00,1.010
195,BUY,1.08569,1.08469,100.00,100.00,1.000
196,SELL,1.08669,1.08769,100.00,100.00,1.000
197,BUY,1.08569,1.08469,100.00,100.00,1.000
198,SELL,1.08674,1.08774,100.00,100.00,1.000
199,BUY,1.08574,1.08474,100.00,-102.00,-1.020
200,BUY,1.08470,1.08370,100.00,100.00,1.000
201,SELL,1.08589,1.08689,100.00,-101.00,-1.010
202,BUY,1.08570,1.08470,100.00,100.00,1.000
203,BUY,1.08788,1.08688,100.00,-140.00,-1.400
204,SELL,1.08709,1.08809,100.00,-100.00,-1.000
205,SELL,1.08737,1.08837,100.00,-101.00,-1.010
206,BUY,1.08777,1.08677,100.00,102.00,1.020
207,BUY,1.08777,1.08677,100.00,-100.00,-1.000
208,BUY,1.08678,1.08578,100.00,101.00,1.010
209,SELL,1.08866,1.08966,100.00,101.00,1.010
210,BUY,1.08765,1.08665,100.00,101.00,1.010
211,SELL,1.08874,1.08974,100.00,-100.00,-1.000
212,BUY,1.08950,1.08850,100.00,-117.00,-1.170
213,BUY,1.08922,1.08822,100.00,102.00,1.020
214,SELL,1.09031,1.09131,100.00,100.00,1.000
215,BUY,1.08940,1.08840,100.00,-100.00,-1.000
216,SELL,1.08985,1.09085,100.00,100.00,1.000
217,BUY,1.08847,1.08747,100.00,100.00,1.000
218,BUY,1.08865,1.08765,100.00,100.00,1.000
219,BUY,1.08897,1.08797,100.00,100.00,1.000
220,BUY,1.08863,1.08763,100.00,-101.70,-1.017
221,SELL,1.08876,1.08976,100.00,-100.00,-1.000
222,BUY,1.09084,1.08984,100.00,-100.00,-1.000
223,BUY,1.08960,1.08860,100.00,-100.00,-1.000
224,BUY,1.08741,1.08641,100.00,-100.00,-1.000
225,BUY,1.08601,1.08501,100.00,102.00,1.020
226,BUY,1.08656,1.08556,100.00,100.00,1.000
227,SELL,1.08759,1.08859,100.00,100.00,1.000
228,BUY,1.08655,1.08555,100.00,-101.00,-1.010
229,BUY,1.08543,1.08443,100.00,-100.00,-1.000
230,BUY,1.08415,1.08315,100.00,-101.00,-1.010
231,BUY,1.08283,1.08183,100.00,100.00,1.000
232,SELL,1.08383,1.08483,100.00,100.00,1.000
233,BUY,1.08294,1.08194,100.00,100.00,1.000
234,BUY,1.08550,1.08450,100.00,100.00,1.000
235,BUY,1.08718,1.08618,100.00,100.00,1.000
236,SELL,1.08818,1.08918,100.00,-100.00,-1.000
237,SELL,1.08933,1.09033,100.00,-100.00,-1.000
238,SELL,1.09033,1.09133,100.00,100.00,1.000
239,BUY,1.08914,1.08814,100.00,100.00,1.000
240,BUY,1.08918,1.08818,100.00,100.00,1.000
241,SELL,1.09018,1.09118,100.00,-100.00,-1.000
242,SELL,1.09169,1.09269,100.00,-100.00,-1.000
243,BUY,1.09176,1.09076,100.00,-125.00,-1.250
244,SELL,1.09125,1.09225,100.00,101.00,1.010
245,BUY,1.09024,1.08924,100.00,-101.00,-1.010
246,BUY,1.08923,1.08823,100.00,100.00,1.000
247,SELL,1.09027,1.09127,100.00,100.00,1.000
248,SELL,1.08972,1.09072,100.00,103.00,1.030
249,SELL,1.08908,1.09008,100.00,-101.00,-1.010
250,SELL,1.09008,1.09108,100.00,100.00,1.000
251,BUY,1.08871,1.08771,100.00,-101.00,-1.010
252,BUY,1.08771,1.08671,100.00,100.00,1.000
253,SELL,1.08987,1.09087,100.00,102.00,1.020
254,BUY,1.08856,1.08756,100.00,-100.00,-1.000
255,BUY,1.08737,1.08637,100.00,-100.00,-1.000
256,BUY,1.08638,1.08538,100.00,-100.00,-1.000
257,BUY,1.08538,1.08438,100.00,100.00,1.000
258,BUY,1.08562,1.08462,100.00,-100.00,-1.000
259,BUY,1.08455,1.08355,100.00,-101.00,-1.010
260,BUY,1.08335,1.08235,100.00,100.00,1.000
261,SELL,1.08435,1.08535,100.00,100.00,1.000
262,BUY,1.08335,1.08235,100.00,102.00,1.020
263,SELL,1.08437,1.08537,100.00,100.00,1.000
264,BUY,1.08316,1.08216,100.00,-100.00,-1.000
265,BUY,1.08217,1.08117,100.00,102.00,1.020
266,BUY,1.08336,1.08236,100.00,-100.00,-1.000
267,BUY,1.08204,1.08104,100.00,100.00,1.000
268,SELL,1.08461,1.08561,100.00,101.00,1.010
269,SELL,1.08434,1.08534,100.00,-101.00,-1.010
270,SELL,1.08535,1.08635,100.00,-100.00,-1.000
271,SELL,1.08729,1.08829,100.00,-119.00,-1.190
272,SELL,1.08847,1.08947,100.00,102.00,1.020
273,BUY,1.08590,1.08490,100.00,100.00,1.000
274,SELL,1.08690,1.08790,100.00,-100.00,-1.000
275,SELL,1.08789,1.08889,100.00,101.00,1.010
276,BUY,1.08643,1.08543,100.00,101.00,1.010
277,SELL,1.08744,1.08844,100.00,100.00,1.000
278,BUY,1.08670,1.08570,100.00,-102.00,-1.020
279,BUY,1.08568,1.08468,100.00,100.00,1.000
280,BUY,1.08646,1.08546,100.00,-101.00,-1.010
281,BUY,1.08460,1.08360,100.00,-100.00,-1.000
282,BUY,1.08266,1.08166,100.00,-100.00,-1.000
283,BUY,1.08195,1.08095,100.00,101.00,1.010
284,BUY,1.08261,1.08161,100.00,-100.00,-1.000
285,BUY,1.08161,1.08061,100.00,-101.00,-1.010
286,SELL,1.08101,1.08201,100.00,100.00,1.000
287,BUY,1.07965,1.07865,100.00,100.00,1.000
288,SELL,1.08240,1.08340,100.00,-100.00,-1.000
289,SELL,1.08349,1.08449,100.00,99.00,0.990
290,SELL,1.08278,1.08378,100.00,101.00,1.010
291,SELL,1.08261,1.08361,100.00,-100.00,-1.000
292,SELL,1.08400,1.08500,100.00,-100.00,-1.000
293,SELL,1.08500,1.08600,100.00,100.00,1.000
294,BUY,1.08400,1.08300,100.00,-100.00,-1.000
295,BUY,1.08297,1.08197,100.00,100.00,1.000
296,SELL,1.08417,1.08517,100.00,-100.00,-1.000
297,SELL,1.08517,1.08617,100.00,116.00,1.160
298,BUY,1.08401,1.08301,100.00,-100.00,-1.000
299,BUY,1.08351,1.08251,100.00,100.00,1.000
300,BUY,1.08341,1.08241,100.00,100.00,1.000
301,BUY,1.08450,1.08350,100.00,-100.00,-1.000
302,BUY,1.08264,1.08164,100.00,-100.00,-1.000
303,BUY,1.08130,1.08030,100.00,100.00,1.000
304,SELL,1.08237,1.08337,100.00,-100.00,-1.000
305,SELL,1.08329,1.08429,100.00,100.00,1.000
306,BUY,1.08223,1.08123,100.00,100.00,1.000
307,SELL,1.08489,1.08589,100.00,-100.00,-1.000
308,SELL,1.08597,1.08697,100.00,-100.00,-1.000
309,SELL,1.08696,1.08796,100.00,-101.00,-1.010
310,BUY,1.08713,1.08613,100.00,102.00,1.020
311,SELL,1.08858,1.08958,100.00,100.00,1.000
312,BUY,1.08748,1.08648,100.00,-100.00,-1.000
313,BUY,1.08555,1.08455,100.00,100.00,1.000
314,SELL,1.08663,1.08763,100.00,100.00,1.000
315,BUY,1.08519,1.08419,100.00,-102.00,-1.020
316,SELL,1.08487,1.08587,100.00,179.00,1.790
317,BUY,1.08308,1.08208,100.00,-100.00,-1.000
318,SELL,1.08299,1.08399,100.00,100.00,1.000
319,BUY,1.08267,1.08167,100.00,100.00,1.000
320,SELL,1.08362,1.08462,100.00,101.00,1.010
321,BUY,1.08261,1.08161,100.00,100.00,1.000
322,SELL,1.08365,1.08465,100.00,-101.00,-1.010
323,BUY,1.08320,1.08220,100.00,100.00,1.000
324,SELL,1.08616,1.08716,100.00,100.00,1.000
325,BUY,1.08508,1.08408,100.00,-100.00,-1.000
326,BUY,1.08411,1.08311,100.00,-100.00,-1.000
327,BUY,1.08031,1.07931,100.00,100.00,1.000
328,SELL,1.08177,1.08277,100.00,100.00,1.000
329,BUY,1.07978,1.07878,100.00,100.00,1.000
330,SELL,1.08078,1.08178,100.00,-100.00,-1.000
331,SELL,1.08172,1.08272,100.00,97.00,0.970
332,BUY,1.08088,1.07988,100.00,100.00,1.000
333,BUY,1.07963,1.07863,100.00,-101.00,-1.010
334,BUY,1.07865,1.07765,100.00,100.00,1.000
335,SELL,1.07993,1.08093,100.00,-100.00,-1.000
336,SELL,1.08136,1.08236,100.00,-101.00,-1.010
337,SELL,1.08236,1.08336,100.00,100.00,1.000
338,BUY,1.08136,1.08036,100.00,100.00,1.000
339,BUY,1.08189,1.08089,100.00,100.00,1.000
340,SELL,1.08289,1.08389,100.00,149.00,1.490
341,BUY,1.08140,1.08040,100.00,100.00,1.000
342,SELL,1.08247,1.08347,100.00,-101.00,-1.010
343,SELL,1.08383,1.08483,100.00,-100.00,-1.000
344,SELL,1.08482,1.08582,100.00,-100.00,-1.000
345,SELL,1.08596,1.08696,100.00,-102.00,-1.020
346,SELL,1.08718,1.08818,100.00,-101.00,-1.010
347,SELL,1.08810,1.08910,100.00,-100.00,-1.000
348,SELL,1.08928,1.09028,100.00,100.00,1.000
349,BUY,1.08730,1.08630,100.00,-117.00,-1.170
350,BUY,1.08175,1.08075,100.00,100.00,1.000
351,SELL,1.08275,1.08375,100.00,101.00,1.010
352,BUY,1.08121,1.08021,100.00,-100.00,-1.000
353,BUY,1.08022,1.07922,100.00,-101.00,-1.010
354,SELL,1.08044,1.08144,100.00,100.00,1.000
355,BUY,1.07944,1.07844,100.00,100.00,1.000
356,SELL,1.08074,1.08174,100.00,100.00,1.000
357,BUY,1.07974,1.07874,100.00,-101.00,-1.010
358,BUY,1.07843,1.07743,100.00,100.00,1.000
359,SELL,1.07943,1.08043,100.00,-101.00,-1.010
360,SELL,1.08043,1.08143,100.00,100.00,1.000
361,BUY,1.07975,1.07875,100.00,-100.00,-1.000
362,SELL,1.07922,1.08022,100.00,100.00,1.000
363,BUY,1.07860,1.07760,100.00,100.00,1.000
364,BUY,1.07736,1.07636,100.00,100.00,1.000
365,SELL,1.07833,1.07933,100.00,102.00,1.020
366,BUY,1.07621,1.07521,100.00,-100.00,-1.000
367,BUY,1.07480,1.07380,100.00,100.00,1.000
368,SELL,1.07577,1.07677,100.00,100.00,1.000
369,BUY,1.07403,1.07303,100.00,-102.00,-1.020
370,BUY,1.07302,1.07202,100.00,101.00,1.010
371,SELL,1.07558,1.07658,100.00,101.00,1.010
372,BUY,1.07276,1.07176,100.00,100.00,1.000
373,BUY,1.07233,1.07133,100.00,101.00,1.010
374,SELL,1.07419,1.07519,100.00,101.00,1.010
375,SELL,1.07356,1.07456,100.00,-100.00,-1.000
376,SELL,1.07473,1.07573,100.00,-101.00,-1.010
377,BUY,1.07565,1.07465,100.00,100.00,1.000
378,SELL,1.07685,1.07785,100.00,-101.00,-1.010
379,BUY,1.07763,1.07663,100.00,-100.00,-1.000
380,SELL,1.07737,1.07837,100.00,100.00,1.000
381,BUY,1.07637,1.07537,100.00,100.00,1.000
382,BUY,1.07802,1.07702,100.00,-100.00,-1.000
383,BUY,1.07685,1.07585,100.00,100.00,1.000
384,BUY,1.07758,1.07658,100.00,-100.00,-1.000
385,BUY,1.07567,1.07467,100.00,-100.00,-1.000
386,BUY,1.07468,1.07368,100.00,100.00,1.000
387,SELL,1.07587,1.07687,100.00,-100.00,-1.000
388,SELL,1.07739,1.07839,100.00,-101.00,-1.010
389,SELL,1.07811,1.07911,100.00,100.00,1.000
390,BUY,1.07711,1.07611,100.00,100.00,1.000
391,SELL,1.07811,1.07911,100.00,-101.00,-1.010
392,SELL,1.07860,1.07960,100.00,102.00,1.020
393,SELL,1.07825,1.07925,100.00,-101.00,-1.010
394,SELL,1.07965,1.08065,100.00,100.00,1.000
395,BUY,1.07827,1.07727,100.00,-101.00,-1.010
396,BUY,1.07674,1.07574,100.00,100.00,1.000
397,SELL,1.07688,1.07788,100.00,100.00,1.000
398,BUY,1.07588,1.07488,100.00,102.00,1.020
399,BUY,1.07689,1.07589,100.00,-102.00,-1.020
400,SELL,1.07790,1.07890,100.00,-101.00,-1.010
401,SELL,1.07931,1.08031,100.00,479.00,4.790
402,BUY,1.07452,1.07352,100.00,-100.00,-1.000
403,SELL,1.07346,1.07446,100.00,100.00,1.000
404,BUY,1.07267,1.07167,100.00,-101.00,-1.010
405,BUY,1.07123,1.07023,100.00,-101.00,-1.010
406,BUY,1.07023,1.06923,100.00,100.00,1.000
407,SELL,1.07133,1.07233,100.00,-100.00,-1.000
408,SELL,1.07232,1.07332,100.00,100.00,1.000
409,BUY,1.07115,1.07015,100.00,100.00,1.000
410,SELL,1.07222,1.07322,100.00,100.00,1.000
411,BUY,1.07092,1.06992,100.00,-101.00,-1.010
412,SELL,1.07056,1.07156,100.00,-100.00,-1.000
413,BUY,1.07090,1.06990,100.00,100.00,1.000
414,SELL,1.07190,1.07290,100.00,-100.00,-1.000
415,BUY,1.07292,1.07192,100.00,97.90,0.979
416,SELL,1.07444,1.07544,100.00,-105.00,-1.050
417,SELL,1.07522,1.07622,100.00,-103.00,-1.030
418,SELL,1.07605,1.07705,100.00,-101.00,-1.010
419,BUY,1.07656,1.07556,100.00,100.00,1.000
420,SELL,1.07756,1.07856,100.00,100.00,1.000
421,BUY,1.07646,1.07546,100.00,100.30,1.003
422,SELL,1.07675,1.07775,100.00,-101.00,-1.010
423,BUY,1.07700,1.07600,100.00,-100.00,-1.000
424,BUY,1.07601,1.07501,100.00,-127.00,-1.270
425,BUY,1.07385,1.07285,100.00,100.00,1.000
426,SELL,1.07492,1.07592,100.00,-100.00,-1.000
427,SELL,1.07618,1.07718,100.00,-101.00,-1.010
428,SELL,1.07716,1.07816,100.00,-102.00,-1.020
429,BUY,1.07781,1.07681,100.00,100.00,1.000
430,BUY,1.07766,1.07666,100.00,-100.00,-1.000
431,SELL,1.07748,1.07848,100.00,-100.00,-1.000
432,SELL,1.07846,1.07946,100.00,-100.00,-1.000
433,SELL,1.07973,1.08073,100.00,-101.00,-1.010
434,SELL,1.08074,1.08174,100.00,102.00,1.020
435,SELL,1.08138,1.08238,100.00,-101.00,-1.010
436,SELL,1.08238,1.08338,100.00,-101.00,-1.010
437,SELL,1.08353,1.08453,100.00,100.00,1.000
438,BUY,1.08205,1.08105,100.00,-100.00,-1.000
439,BUY,1.07973,1.07873,100.00,100.00,1.000
440,SELL,1.08080,1.08180,100.00,-100.00,-1.000
441,BUY,1.08117,1.08017,100.00,-100.00,-1.000
442,SELL,1.08070,1.08170,100.00,-101.00,-1.010
443,BUY,1.08026,1.07926,100.00,100.00,1.000
444,BUY,1.08064,1.07964,100.00,100.00,1.000
445,BUY,1.08140,1.08040,100.00,97.90,0.979
446,SELL,1.08493,1.08593,100.00,-100.00,-1.000
447,SELL,1.08691,1.08791,100.00,-116.00,-1.160
448,SELL,1.08827,1.08927,100.00,109.00,1.090
449,BUY,1.08718,1.08618,100.00,109.00,1.090
450,SELL,1.08719,1.08819,100.00,100.00,1.000
451,BUY,1.08598,1.08498,100.00,-100.00,-1.000
452,BUY,1.08518,1.08418,100.00,-100.00,-1.000
453,BUY,1.08361,1.08261,100.00,-100.00,-1.000
454,BUY,1.08262,1.08162,100.00,-100.00,-1.000
455,BUY,1.08156,1.08056,100.00,-100.00,-1.000
456,BUY,1.08059,1.07959,100.00,101.00,1.010
457,SELL,1.08203,1.08303,100.00,100.00,1.000
458,BUY,1.08087,1.07987,100.00,101.00,1.010
459,BUY,1.08087,1.07987,100.00,100.00,1.000
460,BUY,1.08225,1.08125,100.00,100.00,1.000
461,SELL,1.08303,1.08403,100.00,100.00,1.000
462,BUY,1.08188,1.08088,100.00,100.00,1.000
463,SELL,1.08309,1.08409,100.00,116.00,1.160
464,BUY,1.08307,1.08207,100.00,103.00,1.030
465,BUY,1.08494,1.08394,100.00,-102.00,-1.020
466,BUY,1.08393,1.08293,100.00,100.00,1.000
467,SELL,1.08539,1.08639,100.00,100.00,1.000
468,BUY,1.08479,1.08379,100.00,101.00,1.010
469,SELL,1.08556,1.08656,100.00,100.00,1.000
470,SELL,1.08512,1.08612,100.00,100.00,1.000
471,SELL,1.08451,1.08551,100.00,101.00,1.010
472,SELL,1.08417,1.08517,100.00,-101.00,-1.010
473,SELL,1.08517,1.08617,100.00,100.00,1.000
474,BUY,1.08180,1.08080,100.00,-101.00,-1.010
475,BUY,1.08023,1.07923,100.00,102.00,1.020
476,SELL,1.08131,1.08231,100.00,-102.00,-1.020
477,SELL,1.08259,1.08359,100.00,-101.00,-1.010
478,SELL,1.08384,1.08484,100.00,97.00,0.970
479,BUY,1.08303,1.08203,100.00,100.00,1.000
480,SELL,1.08403,1.08503,100.00,-100.00,-1.000
481,SELL,1.08501,1.08601,100.00,101.00,1.010
482,BUY,1.08370,1.08270,100.00,-101.00,-1.010
483,BUY,1.08270,1.08170,100.00,103.00,1.030
484,SELL,1.08373,1.08473,100.00,-100.00,-1.000
485,SELL,1.08366,1.08466,100.00,-100.00,-1.000
486,SELL,1.08465,1.08565,100.00,100.00,1.000
487,BUY,1.08365,1.08265,100.00,-100.00,-1.000
488,BUY,1.08253,1.08153,100.00,-100.00,-1.000
489,BUY,1.08078,1.07978,100.00,-100.00,-1.000
490,BUY,1.08054,1.07954,100.00,100.00,1.000
491,SELL,1.08143,1.08243,100.00,100.00,1.000
492,BUY,1.08043,1.07943,100.00,101.00,1.010
493,BUY,1.08123,1.08023,100.00,-100.00,-1.000
494,BUY,1.08024,1.07924,100.00,117.00,1.170
495,SELL,1.08141,1.08241,100.00,-100.00,-1.000
496,SELL,1.08255,1.08355,100.00,-100.00,-1.000
497,SELL,1.08355,1.08455,100.00,100.00,1.000
498,BUY,1.08248,1.08148,100.00,100.00,1.000
499,BUY,1.08519,1.08419,100.00,-101.00,-1.010
500,BUY,1.08415,1.08315,100.00,100.00,1.000
501,SELL,1.08588,1.08688,100.00,99.00,0.990
502,BUY,1.08437,1.08337,100.00,100.00,1.000
503,BUY,1.08447,1.08347,100.00,103.00,1.030
504,SELL,1.08550,1.08650,100.00,-100.00,-1.000
505,SELL,1.08744,1.08844,100.00,100.00,1.000
506,SELL,1.08719,1.08819,100.00,100.00,1.000
507,BUY,1.08697,1.08597,100.00,100.00,1.000
508,SELL,1.08815,1.08915,100.00,-100.00,-1.000
509,BUY,1.08893,1.08793,100.00,100.00,1.000
510,SELL,1.09036,1.09136,100.00,-101.00,-1.010
511,BUY,1.09092,1.08992,100.00,-100.00,-1.000
512,BUY,1.09027,1.08927,100.00,-100.00,-1.000
513,BUY,1.08891,1.08791,100.00,100.00,1.000
514,BUY,1.08886,1.08786,100.00,-101.00,-1.010
515,BUY,1.08813,1.08713,100.00,-100.00,-1.000
516,BUY,1.08708,1.08608,100.00,101.00,1.010
517,SELL,1.08809,1.08909,100.00,-100.00,-1.000
518,SELL,1.08925,1.09025,100.00,-101.00,-1.010
519,BUY,1.08962,1.08862,100.00,101.00,1.010
520,SELL,1.09063,1.09163,100.00,-101.00,-1.010
521,SELL,1.09177,1.09277,100.00,-100.00,-1.000
522,SELL,1.09302,1.09402,100.00,-100.00,-1.000
523,SELL,1.09402,1.09502,100.00,-101.00,-1.010
524,BUY,1.09490,1.09390,100.00,-102.00,-1.020
525,BUY,1.09360,1.09260,100.00,-100.00,-1.000
526,BUY,1.09261,1.09161,100.00,100.00,1.000
527,SELL,1.09361,1.09461,100.00,100.00,1.000
528,BUY,1.09261,1.09161,100.00,100.00,1.000
529,SELL,1.09538,1.09638,100.00,-100.00,-1.000
530,SELL,1.09720,1.09820,100.00,103.00,1.030
531,BUY,1.09575,1.09475,100.00,-101.00,-1.010
532,BUY,1.09465,1.09365,100.00,100.00,1.000
533,SELL,1.09612,1.09712,100.00,100.00,1.000
534,BUY,1.09521,1.09421,100.00,100.00,1.000
535,BUY,1.09463,1.09363,100.00,100.00,1.000
536,BUY,1.09558,1.09458,100.00,-100.00,-1.000
537,BUY,1.09409,1.09309,100.00,-100.70,-1.007
538,BUY,1.09305,1.09205,100.00,-100.00,-1.000
539,BUY,1.09165,1.09065,100.00,100.00,1.000
540,SELL,1.09240,1.09340,100.00,-102.00,-1.020
541,BUY,1.09150,1.09050,100.00,-117.00,-1.170
542,SELL,1.09277,1.09377,100.00,-100.00,-1.000
543,SELL,1.09386,1.09486,100.00,101.00,1.010
544,BUY,1.09285,1.09185,100.00,-100.00,-1.000
545,BUY,1.09188,1.09088,100.00,-105.00,-1.050
546,BUY,1.09084,1.08984,100.00,101.00,1.010
547,BUY,1.09238,1.09138,100.00,103.00,1.030
548,SELL,1.09419,1.09519,100.00,101.00,1.010
549,SELL,1.09435,1.09535,100.00,-107.00,-1.070
550,SELL,1.09542,1.09642,100.00,97.00,0.970
551,BUY,1.09370,1.09270,100.00,-101.00,-1.010
552,BUY,1.09276,1.09176,100.00,101.00,1.010
553,SELL,1.09381,1.09481,100.00,100.00,1.000
554,BUY,1.09281,1.09181,100.00,-101.00,-1.010
555,BUY,1.09125,1.09025,100.00,-100.00,-1.000
556,BUY,1.09017,1.08917,100.00,-103.00,-1.030
557,SELL,1.08812,1.08912,100.00,-102.00,-1.020
558,BUY,1.08878,1.08778,100.00,99.30,0.993
559,BUY,1.08818,1.08718,100.00,-100.00,-1.000
560,BUY,1.08542,1.08442,100.00,-100.00,-1.000
561,BUY,1.08379,1.08279,100.00,100.00,1.000
562,SELL,1.08568,1.08668,100.00,-103.00,-1.030
563,BUY,1.08676,1.08576,100.00,-100.70,-1.007
564,BUY,1.08428,1.08328,100.00,100.00,1.000
565,SELL,1.08705,1.08805,100.00,-105.00,-1.050
566,SELL,1.08898,1.08998,100.00,101.00,1.010
567,SELL,1.08840,1.08940,100.00,104.00,1.040
568,BUY,1.08704,1.08604,100.00,100.00,1.000
569,SELL,1.08804,1.08904,100.00,102.00,1.020
570,BUY,1.08702,1.08602,100.00,100.00,1.000
571,SELL,1.08873,1.08973,100.00,-100.00,-1.000
572,SELL,1.08993,1.09093,100.00,-100.00,-1.000
573,BUY,1.09022,1.08922,100.00,101.00,1.010
574,BUY,1.09092,1.08992,100.00,100.00,1.000
575,SELL,1.09211,1.09311,100.00,-106.00,-1.060
576,BUY,1.09217,1.09117,100.00,-127.00,-1.270
577,BUY,1.09067,1.08967,100.00,-100.00,-1.000
578,BUY,1.08969,1.08869,100.00,100.00,1.000
579,SELL,1.09083,1.09183,100.00,-102.00,-1.020
580,BUY,1.09101,1.09001,100.00,-100.00,-1.000
581,BUY,1.08996,1.08896,100.00,-100.00,-1.000
582,BUY,1.08901,1.08801,100.00,-105.00,-1.050
583,BUY,1.08799,1.08699,100.00,-103.00,-1.030
584,BUY,1.08580,1.08480,100.00,-100.70,-1.007
585,BUY,1.08194,1.08094,100.00,-100.00,-1.000
586,SELL,1.08169,1.08269,100.00,-100.00,-1.000
587,SELL,1.08075,1.08175,100.00,-103.00,-1.030
588,SELL,1.08195,1.08295,100.00,102.00,1.020
589,BUY,1.08093,1.07993,100.00,101.00,1.010
590,SELL,1.08345,1.08445,100.00,-101.00,-1.010
591,BUY,1.08506,1.08406,100.00,-101.00,-1.010
592,BUY,1.08263,1.08163,100.00,101.30,1.013
593,BUY,1.08218,1.08118,100.00,-100.00,-1.000
594,BUY,1.08269,1.08169,100.00,-106.10,-1.061
595,BUY,1.08182,1.08082,100.00,-102.00,-1.020
596,SELL,1.08229,1.08329,100.00,100.00,1.000
597,BUY,1.08071,1.07971,100.00,-100.00,-1.000
598,BUY,1.07958,1.07858,100.00,-100.00,-1.000
599,SELL,1.07905,1.08005,100.00,-100.00,-1.000
600,SELL,1.08018,1.08118,100.00,-100.00,-1.000
601,SELL,1.08133,1.08233,100.00,100.00,1.000
602,BUY,1.08033,1.07933,100.00,100.00,1.000
603,SELL,1.08133,1.08233,100.00,100.00,1.000
604,BUY,1.08019,1.07919,100.00,-103.00,-1.030
605,BUY,1.07769,1.07669,100.00,100.00,1.000
606,SELL,1.07885,1.07985,100.00,-100.00,-1.000
607,SELL,1.08016,1.08116,100.00,106.00,1.060
608,BUY,1.07910,1.07810,100.00,-100.70,-1.007
609,BUY,1.07638,1.07538,100.00,-103.00,-1.030
610,BUY,1.07450,1.07350,100.00,-100.00,-1.000
611,BUY,1.07444,1.07344,100.00,-100.00,-1.000
612,SELL,1.07383,1.07483,100.00,100.00,1.000
613,SELL,1.07419,1.07519,100.00,101.00,1.010
614,BUY,1.07318,1.07218,100.00,102.00,1.020
615,SELL,1.07516,1.07616,100.00,-104.00,-1.040
616,SELL,1.07634,1.07734,100.00,-100.00,-1.000
617,SELL,1.07732,1.07832,100.00,100.00,1.000
618,SELL,1.07746,1.07846,100.00,-101.00,-1.010
619,BUY,1.07783,1.07683,100.00,100.00,1.000
620,SELL,1.07997,1.08097,100.00,-100.00,-1.000
621,SELL,1.08061,1.08161,100.00,-101.00,-1.010
622,SELL,1.08162,1.08262,100.00,-105.00,-1.050
623,SELL,1.08288,1.08388,100.00,-107.00,-1.070
624,SELL,1.08601,1.08701,100.00,-103.00,-1.030
625,SELL,1.08719,1.08819,100.00,101.00,1.010
626,BUY,1.08359,1.08259,100.00,-130.70,-1.307
627,BUY,1.08236,1.08136,100.00,101.00,1.010
628,SELL,1.08412,1.08512,100.00,100.00,1.000
629,SELL,1.08401,1.08501,100.00,153.00,1.530
630,BUY,1.08248,1.08148,100.00,-103.00,-1.030
631,SELL,1.08156,1.08256,100.00,100.00,1.000
632,BUY,1.08056,1.07956,100.00,-101.00,-1.010
633,BUY,1.07956,1.07856,100.00,101.00,1.010
634,SELL,1.08057,1.08157,100.00,-100.00,-1.000
635,SELL,1.08176,1.08276,100.00,-101.00,-1.010
636,SELL,1.08348,1.08448,100.00,105.00,1.050
637,SELL,1.08346,1.08446,100.00,-102.00,-1.020
638,SELL,1.08455,1.08555,100.00,-100.00,-1.000
639,SELL,1.08554,1.08654,100.00,-143.00,-1.430
640,SELL,1.08732,1.08832,100.00,-100.00,-1.000
641,BUY,1.08629,1.08529,100.00,-100.00,-1.000
642,BUY,1.08358,1.08258,100.00,-101.00,-1.010
643,BUY,1.07858,1.07758,100.00,100.00,1.000
644,SELL,1.07980,1.08080,100.00,100.00,1.000
645,BUY,1.07814,1.07714,100.00,-101.00,-1.010
646,BUY,1.07672,1.07572,100.00,-108.00,-1.080
647,BUY,1.07557,1.07457,100.00,-100.00,-1.000
648,BUY,1.07460,1.07360,100.00,102.00,1.020
649,SELL,1.07598,1.07698,100.00,100.00,1.000
650,BUY,1.07374,1.07274,100.00,100.00,1.000
651,SELL,1.07474,1.07574,100.00,102.00,1.020
652,BUY,1.07356,1.07256,100.00,98.90,0.989
653,BUY,1.07278,1.07178,100.00,101.00,1.010
654,BUY,1.07359,1.07259,100.00,102.00,1.020
655,BUY,1.07444,1.07344,100.00,-101.00,-1.010
656,BUY,1.07277,1.07177,100.00,-108.00,-1.080
657,SELL,1.07252,1.07352,100.00,-113.00,-1.130
658,SELL,1.07418,1.07518,100.00,101.00,1.010
659,BUY,1.07317,1.07217,100.00,101.00,1.010
660,SELL,1.07418,1.07518,100.00,103.00,1.030
661,BUY,1.07315,1.07215,100.00,100.00,1.000
662,SELL,1.07432,1.07532,100.00,-102.00,-1.020
663,SELL,1.07532,1.07632,100.00,101.00,1.010
664,BUY,1.07406,1.07306,100.00,-101.00,-1.010
665,BUY,1.07295,1.07195,100.00,-100.00,-1.000
666,BUY,1.07196,1.07096,100.00,-101.00,-1.010
667,BUY,1.07018,1.06918,100.00,101.00,1.010
668,SELL,1.07127,1.07227,100.00,101.00,1.010
669,SELL,1.07097,1.07197,100.00,-101.00,-1.010
670,SELL,1.07344,1.07444,100.00,99.00,0.990
671,BUY,1.07064,1.06964,100.00,-100.00,-1.000
672,BUY,1.06964,1.06864,100.00,-105.00,-1.050
673,BUY,1.06862,1.06762,100.00,-102.00,-1.020
674,SELL,1.06813,1.06913,100.00,100.00,1.000
675,BUY,1.06713,1.06613,100.00,-101.00,-1.010
676,BUY,1.06613,1.06513,100.00,-100.00,-1.000
677,BUY,1.06514,1.06414,100.00,-102.00,-1.020
678,BUY,1.06414,1.06314,100.00,-100.00,-1.000
679,SELL,1.06392,1.06492,100.00,102.00,1.020
680,BUY,1.06254,1.06154,100.00,100.00,1.000
681,SELL,1.06496,1.06596,100.00,100.00,1.000
682,BUY,1.06360,1.06260,100.00,104.00,1.040
683,SELL,1.06547,1.06647,100.00,-102.00,-1.020
684,SELL,1.06600,1.06700,100.00,122.00,1.220
685,BUY,1.06478,1.06378,100.00,-102.00,-1.020
686,SELL,1.06370,1.06470,100.00,-100.00,-1.000
687,SELL,1.06523,1.06623,100.00,101.00,1.010
688,BUY,1.06390,1.06290,100.00,-100.00,-1.000
689,SELL,1.06332,1.06432,100.00,100.00,1.000
690,BUY,1.06232,1.06132,100.00,100.00,1.000
691,SELL,1.06343,1.06443,100.00,-100.00,-1.000
692,BUY,1.06092,1.05992,100.00,100.00,1.000
693,BUY,1.06129,1.06029,100.00,-102.00,-1.020
694,SELL,1.06158,1.06258,100.00,-102.00,-1.020
695,SELL,1.06278,1.06378,100.00,-101.00,-1.010
696,SELL,1.06397,1.06497,100.00,-100.00,-1.000
697,SELL,1.06511,1.06611,100.00,101.00,1.010
698,BUY,1.06335,1.06235,100.00,100.00,1.000
699,SELL,1.06435,1.06535,100.00,102.00,1.020
700,BUY,1.06332,1.06232,100.00,100.00,1.000
701,SELL,1.06448,1.06548,100.00,100.00,1.000
702,BUY,1.06348,1.06248,100.00,-100.00,-1.000
703,BUY,1.06230,1.06130,100.00,-101.00,-1.010
704,BUY,1.06087,1.05987,100.00,100.00,1.000
705,SELL,1.06187,1.06287,100.00,-101.00,-1.010
706,SELL,1.06285,1.06385,100.00,100.00,1.000
707,SELL,1.06240,1.06340,100.00,-103.00,-1.030
708,SELL,1.06341,1.06441,100.00,100.00,1.000
709,BUY,1.06215,1.06115,100.00,99.30,0.993
710,BUY,1.06068,1.05968,100.00,100.00,1.000
711,SELL,1.06219,1.06319,100.00,-100.00,-1.000
712,SELL,1.06342,1.06442,100.00,100.00,1.000
713,SELL,1.06306,1.06406,100.00,-102.00,-1.020
714,SELL,1.06413,1.06513,100.00,-101.00,-1.010
715,BUY,1.06352,1.06252,100.00,100.00,1.000
716,BUY,1.06378,1.06278,100.00,103.00,1.030
717,SELL,1.06482,1.06582,100.00,-100.00,-1.000
718,SELL,1.06774,1.06874,100.00,101.00,1.010
719,SELL,1.06752,1.06852,100.00,-105.00,-1.050
720,BUY,1.06784,1.06684,100.00,-101.00,-1.010
721,BUY,1.06674,1.06574,100.00,-100.00,-1.000
722,BUY,1.06576,1.06476,100.00,-100.00,-1.000
723,BUY,1.06478,1.06378,100.00,100.00,1.000
724,SELL,1.06607,1.06707,100.00,100.00,1.000
725,SELL,1.06482,1.06582,100.00,100.00,1.000
726,BUY,1.06180,1.06080,100.00,100.00,1.000
727,SELL,1.06302,1.06402,100.00,-103.00,-1.030
728,SELL,1.06423,1.06523,100.00,102.00,1.020
729,SELL,1.06353,1.06453,100.00,-100.00,-1.000
730,SELL,1.06517,1.06617,100.00,-100.00,-1.000
731,BUY,1.06567,1.06467,100.00,-104.00,-1.040
732,BUY,1.06431,1.06331,100.00,101.00,1.010
733,SELL,1.06676,1.06776,100.00,-101.00,-1.010
734,BUY,1.06600,1.06500,100.00,-100.00,-1.000
735,BUY,1.06438,1.06338,100.00,100.00,1.000
736,BUY,1.06511,1.06411,100.00,99.30,0.993
737,SELL,1.06658,1.06758,100.00,100.00,1.000
738,SELL,1.06597,1.06697,100.00,100.00,1.000
739,BUY,1.06568,1.06468,100.00,-103.00,-1.030
740,SELL,1.06369,1.06469,100.00,101.00,1.010
741,SELL,1.06345,1.06445,100.00,-103.00,-1.030
742,SELL,1.06539,1.06639,100.00,-101.00,-1.010
743,SELL,1.06646,1.06746,100.00,-105.00,-1.050
744,SELL,1.06900,1.07000,100.00,101.00,1.010
745,BUY,1.06742,1.06642,100.00,-100.00,-1.000
746,BUY,1.06643,1.06543,100.00,-102.00,-1.020
747,SELL,1.06662,1.06762,100.00,-102.00,-1.020
748,SELL,1.06722,1.06822,100.00,101.00,1.010
749,BUY,1.06607,1.06507,100.00,150.00,1.500
750,SELL,1.06757,1.06857,100.00,-104.00,-1.040
751,SELL,1.06913,1.07013,100.00,-107.00,-1.070
752,SELL,1.07087,1.07187,100.00,105.00,1.050
753,BUY,1.06961,1.06861,100.00,100.00,1.000
754,SELL,1.07061,1.07161,100.00,101.00,1.010
755,BUY,1.06960,1.06860,100.00,102.00,1.020
756,SELL,1.07062,1.07162,100.00,100.00,1.000
757,BUY,1.06933,1.06833,100.00,100.00,1.000
758,BUY,1.06969,1.06869,100.00,101.00,1.010
759,BUY,1.06964,1.06864,100.00,-100.00,-1.000
760,BUY,1.06819,1.06719,100.00,101.00,1.010
761,BUY,1.06864,1.06764,100.00,103.00,1.030
762,SELL,1.06972,1.07072,100.00,100.00,1.000
763,SELL,1.06892,1.06992,100.00,-101.00,-1.010
764,SELL,1.07001,1.07101,100.00,-105.00,-1.050
765,SELL,1.07265,1.07365,100.00,-107.00,-1.070
766,SELL,1.07071,1.07171,100.00,100.00,1.000
767,SELL,1.06963,1.07063,100.00,100.00,1.000
768,BUY,1.06871,1.06771,100.00,101.00,1.010
769,SELL,1.06972,1.07072,100.00,103.00,1.030
770,BUY,1.06869,1.06769,100.00,104.00,1.040
771,SELL,1.06973,1.07073,100.00,-108.00,-1.080
772,SELL,1.07112,1.07212,100.00,-101.00,-1.010
773,SELL,1.07286,1.07386,100.00,-100.00,-1.000
774,SELL,1.07369,1.07469,100.00,100.00,1.000
775,SELL,1.07346,1.07446,100.00,-101.00,-1.010
776,BUY,1.07253,1.07153,100.00,-101.00,-1.010
777,SELL,1.07263,1.07363,100.00,-136.00,-1.360
778,SELL,1.07318,1.07418,100.00,104.00,1.040
779,BUY,1.07221,1.07121,100.00,-102.00,-1.020
780,BUY,1.07121,1.07021,100.00,101.00,1.010
781,SELL,1.07222,1.07322,100.00,100.00,1.000
782,BUY,1.07092,1.06992,100.00,-100.00,-1.000
783,BUY,1.06977,1.06877,100.00,-104.00,-1.040
784,BUY,1.06844,1.06744,100.00,-101.00,-1.010
785,SELL,1.06871,1.06971,100.00,-100.00,-1.000
786,SELL,1.07247,1.07347,100.00,101.00,1.010
787,BUY,1.07098,1.06998,100.00,106.00,1.060
788,SELL,1.07204,1.07304,100.00,100.00,1.000
789,BUY,1.07064,1.06964,100.00,101.00,1.010
790,BUY,1.07181,1.07081,100.00,-100.00,-1.000
791,BUY,1.07056,1.06956,100.00,-100.00,-1.000
792,BUY,1.06937,1.06837,100.00,100.00,1.000
793,SELL,1.07041,1.07141,100.00,-100.00,-1.000
794,SELL,1.07179,1.07279,100.00,-100.00,-1.000
795,BUY,1.07196,1.07096,100.00,-101.70,-1.017
796,BUY,1.06959,1.06859,100.00,101.00,1.010
797,SELL,1.07099,1.07199,100.00,-104.00,-1.040
798,SELL,1.07200,1.07300,100.00,-105.00,-1.050
799,BUY,1.07144,1.07044,100.00,-107.00,-1.070
800,SELL,1.07065,1.07165,100.00,103.00,1.030
801,BUY,1.06953,1.06853,100.00,100.00,1.000
802,SELL,1.07089,1.07189,100.00,-101.00,-1.010
803,SELL,1.07189,1.07289,100.00,101.00,1.010
804,BUY,1.07084,1.06984,100.00,100.00,1.000
805,SELL,1.07184,1.07284,100.00,100.00,1.000
806,BUY,1.07033,1.06933,100.00,-100.00,-1.000
807,BUY,1.06936,1.06836,100.00,-101.00,-1.010
808,SELL,1.06819,1.06919,100.00,100.00,1.000
809,SELL,1.06703,1.06803,100.00,106.00,1.060
810,BUY,1.06582,1.06482,100.00,104.00,1.040
811,SELL,1.06810,1.06910,100.00,-119.00,-1.190
812,SELL,1.06922,1.07022,100.00,104.00,1.040
813,SELL,1.06856,1.06956,100.00,101.00,1.010
814,SELL,1.06805,1.06905,100.00,-106.00,-1.060
815,BUY,1.06880,1.06780,100.00,100.00,1.000
816,SELL,1.07019,1.07119,100.00,109.00,1.090
817,SELL,1.07066,1.07166,100.00,-110.00,-1.100
818,SELL,1.07227,1.07327,100.00,-100.00,-1.000
819,BUY,1.07270,1.07170,100.00,-100.00,-1.000
820,BUY,1.07131,1.07031,100.00,-101.00,-1.010
821,BUY,1.07031,1.06931,100.00,-100.00,-1.000
822,BUY,1.06933,1.06833,100.00,103.00,1.030
823,SELL,1.07090,1.07190,100.00,-104.00,-1.040
824,BUY,1.07180,1.07080,100.00,-111.10,-1.111
825,SELL,1.07135,1.07235,100.00,-100.00,-1.000
826,BUY,1.07216,1.07116,100.00,-101.00,-1.010
827,BUY,1.07106,1.07006,100.00,-100.00,-1.000
828,BUY,1.07001,1.06901,100.00,100.00,1.000
829,BUY,1.07041,1.06941,100.00,-100.00,-1.000
830,BUY,1.06923,1.06823,100.00,-101.00,-1.010
831,BUY,1.06826,1.06726,100.00,101.00,1.010
832,SELL,1.06927,1.07027,100.00,-101.00,-1.010
833,SELL,1.07048,1.07148,100.00,-100.00,-1.000
834,SELL,1.07162,1.07262,100.00,-100.00,-1.000
835,BUY,1.07283,1.07183,100.00,100.00,1.000
836,SELL,1.07355,1.07455,100.00,102.00,1.020
837,SELL,1.07405,1.07505,100.00,-105.00,-1.050
838,SELL,1.07585,1.07685,100.00,-216.00,-2.160
839,SELL,1.08042,1.08142,100.00,100.00,1.000
840,BUY,1.07904,1.07804,100.00,-104.00,-1.040
841,SELL,1.07972,1.08072,100.00,104.00,1.040
842,SELL,1.07920,1.08020,100.00,103.00,1.030
843,BUY,1.07817,1.07717,100.00,-101.00,-1.010
844,BUY,1.07717,1.07617,100.00,105.00,1.050
845,SELL,1.07822,1.07922,100.00,-123.00,-1.230
846,SELL,1.07938,1.08038,100.00,107.00,1.070
847,SELL,1.07722,1.07822,100.00,106.00,1.060
848,BUY,1.07616,1.07516,100.00,-102.00,-1.020
849,BUY,1.07516,1.07416,100.00,100.00,1.000
850,SELL,1.07616,1.07716,100.00,-100.00,-1.000
851,SELL,1.07759,1.07859,100.00,100.00,1.000
852,BUY,1.07665,1.07565,100.00,102.00,1.020
853,BUY,1.07543,1.07443,100.00,100.00,1.000
854,BUY,1.07598,1.07498,100.00,100.00,1.000
855,BUY,1.07685,1.07585,100.00,-100.00,-1.000
856,BUY,1.07568,1.07468,100.00,-100.70,-1.007
857,BUY,1.07417,1.07317,100.00,100.00,1.000
858,SELL,1.07455,1.07555,100.00,-102.00,-1.020
859,SELL,1.07323,1.07423,100.00,-101.00,-1.010
860,SELL,1.07419,1.07519,100.00,-101.00,-1.010
861,SELL,1.07607,1.07707,100.00,-103.00,-1.030
862,SELL,1.07708,1.07808,100.00,-100.00,-1.000
863,BUY,1.07698,1.07598,100.00,100.00,1.000
864,BUY,1.07828,1.07728,100.00,-100.00,-1.000
865,SELL,1.07833,1.07933,100.00,100.00,1.000
866,BUY,1.07718,1.07618,100.00,100.00,1.000
867,SELL,1.07898,1.07998,100.00,102.00,1.020
868,BUY,1.07785,1.07685,100.00,-100.00,-1.000
869,BUY,1.07687,1.07587,100.00,101.00,1.010
870,SELL,1.07887,1.07987,100.00,100.00,1.000
871,SELL,1.07936,1.08036,100.00,-102.00,-1.020
872,BUY,1.07980,1.07880,100.00,-100.00,-1.000
873,BUY,1.07869,1.07769,100.00,-103.00,-1.030
874,SELL,1.07925,1.08025,100.00,-100.00,-1.000
875,SELL,1.08056,1.08156,100.00,-100.00,-1.000
876,SELL,1.08154,1.08254,100.00,-100.00,-1.000
877,SELL,1.08379,1.08479,100.00,-104.00,-1.040
878,BUY,1.08519,1.08419,100.00,101.00,1.010
879,SELL,1.08620,1.08720,100.00,102.00,1.020
880,BUY,1.08518,1.08418,100.00,-103.00,-1.030
881,BUY,1.08410,1.08310,100.00,100.00,1.000
882,SELL,1.08645,1.08745,100.00,-101.00,-1.010
883,SELL,1.08617,1.08717,100.00,-100.00,-1.000
884,SELL,1.08713,1.08813,100.00,-100.00,-1.000
885,SELL,1.08734,1.08834,100.00,101.00,1.010
886,BUY,1.08634,1.08534,100.00,103.00,1.030
887,BUY,1.08699,1.08599,100.00,-106.70,-1.067
888,BUY,1.08441,1.08341,100.00,103.00,1.030
889,SELL,1.08529,1.08629,100.00,-100.00,-1.000
890,SELL,1.08748,1.08848,100.00,100.00,1.000
891,BUY,1.08633,1.08533,100.00,-117.00,-1.170
892,BUY,1.08516,1.08416,100.00,102.00,1.020
893,BUY,1.08465,1.08365,100.00,102.30,1.023
894,SELL,1.08610,1.08710,100.00,100.00,1.000
895,SELL,1.08275,1.08375,100.00,-102.00,-1.020
896,SELL,1.08398,1.08498,100.00,101.00,1.010
897,BUY,1.08297,1.08197,100.00,-101.00,-1.010
898,BUY,1.08200,1.08100,100.00,97.90,0.979
899,BUY,1.08220,1.08120,100.00,104.00,1.040
900,SELL,1.08324,1.08424,100.00,100.00,1.000
901,SELL,1.08300,1.08400,100.00,-101.00,-1.010
902,SELL,1.08437,1.08537,100.00,100.00,1.000
903,SELL,1.08534,1.08634,100.00,162.00,1.620
904,BUY,1.08372,1.08272,100.00,101.00,1.010
905,BUY,1.08322,1.08222,100.00,100.00,1.000
906,SELL,1.08422,1.08522,100.00,103.00,1.030
907,BUY,1.08313,1.08213,100.00,-100.00,-1.000
908,BUY,1.08230,1.08130,100.00,-107.00,-1.070
909,BUY,1.08177,1.08077,100.00,-101.00,-1.010
910,SELL,1.08481,1.08581,100.00,-102.00,-1.020
911,SELL,1.08664,1.08764,100.00,102.00,1.020
912,BUY,1.08521,1.08421,100.00,-100.00,-1.000
913,BUY,1.08421,1.08321,100.00,104.00,1.040
914,SELL,1.08533,1.08633,100.00,-104.00,-1.040
915,SELL,1.08833,1.08933,100.00,100.00,1.000
916,BUY,1.08651,1.08551,100.00,101.00,1.010
917,BUY,1.08698,1.08598,100.00,-100.00,-1.000
918,BUY,1.08465,1.08365,100.00,-102.00,-1.020
919,BUY,1.08336,1.08236,100.00,100.00,1.000
920,SELL,1.08500,1.08600,100.00,102.00,1.020
921,SELL,1.08551,1.08651,100.00,106.00,1.060
922,BUY,1.08411,1.08311,100.00,-102.00,-1.020
923,BUY,1.08288,1.08188,100.00,-100.00,-1.000
924,BUY,1.08155,1.08055,100.00,-102.00,-1.020
925,BUY,1.07967,1.07867,100.00,101.00,1.010
926,SELL,1.08068,1.08168,100.00,-101.00,-1.010
927,SELL,1.08230,1.08330,100.00,-100.00,-1.000
928,SELL,1.08322,1.08422,100.00,-101.00,-1.010
929,SELL,1.08231,1.08331,100.00,-101.00,-1.010
930,SELL,1.08392,1.08492,100.00,-100.00,-1.000
931,SELL,1.08570,1.08670,100.00,-104.00,-1.040
932,SELL,1.08694,1.08794,100.00,-102.00,-1.020
933,BUY,1.08682,1.08582,100.00,-124.00,-1.240
934,BUY,1.08558,1.08458,100.00,-100.00,-1.000
935,BUY,1.08454,1.08354,100.00,99.30,0.993
936,BUY,1.08351,1.08251,100.00,102.00,1.020
937,SELL,1.08621,1.08721,100.00,-108.00,-1.080
938,SELL,1.08749,1.08849,100.00,-100.00,-1.000
939,BUY,1.09039,1.08939,100.00,102.00,1.020
940,BUY,1.08852,1.08752,100.00,-100.00,-1.000
941,BUY,1.08703,1.08603,100.00,-100.00,-1.000
942,SELL,1.08664,1.08764,100.00,-104.00,-1.040
943,SELL,1.08762,1.08862,100.00,100.00,1.000
944,BUY,1.08662,1.08562,100.00,100.00,1.000
945,SELL,1.08829,1.08929,100.00,101.00,1.010
946,SELL,1.08764,1.08864,100.00,-104.00,-1.040
947,BUY,1.08833,1.08733,100.00,-111.00,-1.110
948,BUY,1.08729,1.08629,100.00,102.00,1.020
949,SELL,1.08725,1.08825,100.00,101.00,1.010
950,BUY,1.08597,1.08497,100.00,100.00,1.000
951,BUY,1.08788,1.08688,100.00,-100.00,-1.000
952,SELL,1.08721,1.08821,100.00,-109.00,-1.090
953,SELL,1.08895,1.08995,100.00,-101.00,-1.010
954,SELL,1.08989,1.09089,100.00,103.00,1.030
955,BUY,1.08867,1.08767,100.00,-102.00,-1.020
956,BUY,1.08767,1.08667,100.00,102.00,1.020
957,SELL,1.08869,1.08969,100.00,100.00,1.000
958,SELL,1.08827,1.08927,100.00,100.00,1.000
959,BUY,1.08904,1.08804,100.00,-215.00,-2.150
960,BUY,1.08362,1.08262,100.00,-100.00,-1.000
961,BUY,1.08262,1.08162,100.00,101.00,1.010
962,SELL,1.08371,1.08471,100.00,100.00,1.000
963,BUY,1.08271,1.08171,100.00,-101.00,-1.010
964,SELL,1.08197,1.08297,100.00,100.00,1.000
965,BUY,1.08072,1.07972,100.00,-332.70,-3.327
966,BUY,1.07760,1.07660,100.00,-123.00,-1.230
967,BUY,1.07746,1.07646,100.00,-100.00,-1.000
968,BUY,1.07506,1.07406,100.00,100.00,1.000
969,SELL,1.07614,1.07714,100.00,100.00,1.000
970,BUY,1.07514,1.07414,100.00,-101.00,-1.010
971,SELL,1.07429,1.07529,100.00,-100.00,-1.000
972,BUY,1.07545,1.07445,100.00,-101.00,-1.010
973,BUY,1.07443,1.07343,100.00,101.00,1.010
974,BUY,1.07494,1.07394,100.00,-103.00,-1.030
975,BUY,1.07333,1.07233,100.00,-100.00,-1.000
976,BUY,1.07238,1.07138,100.00,100.00,1.000
977,SELL,1.07424,1.07524,100.00,-102.00,-1.020
978,SELL,1.07944,1.08044,100.00,-113.00,-1.130
979,BUY,1.08118,1.08018,100.00,102.00,1.020
980,SELL,1.08270,1.08370,100.00,-100.00,-1.000
981,BUY,1.08310,1.08210,100.00,-101.00,-1.010
982,BUY,1.08209,1.08109,100.00,100.00,1.000
983,SELL,1.08309,1.08409,100.00,-101.00,-1.010
984,BUY,1.08428,1.08328,100.00,-190.00,-1.900
985,BUY,1.08245,1.08145,100.00,103.00,1.030
986,SELL,1.08334,1.08434,100.00,109.00,1.090
987,BUY,1.08219,1.08119,100.00,102.00,1.020
988,SELL,1.08313,1.08413,100.00,100.00,1.000
989,BUY,1.08209,1.08109,100.00,-101.00,-1.010
990,BUY,1.08098,1.07998,100.00,101.00,1.010
991,SELL,1.08180,1.08280,100.00,100.00,1.000
992,BUY,1.08052,1.07952,100.00,97.90,0.979
993,BUY,1.07933,1.07833,100.00,-100.00,-1.000
994,SELL,1.07934,1.08034,100.00,-110.00,-1.100
995,SELL,1.08037,1.08137,100.00,-101.00,-1.010
996,BUY,1.08067,1.07967,100.00,-103.00,-1.030
997,BUY,1.07951,1.07851,100.00,103.00,1.030
998,BUY,1.07991,1.07891,100.00,-100.00,-1.000
999,BUY,1.07893,1.07793,100.00,-100.00,-1.000
1000,BUY,1.07771,1.07671,100.00,-100.00,-1.000
1001,SELL,1.07715,1.07815,100.00,101.00,1.010
1002,BUY,1.07592,1.07492,100.00,-101.00,-1.010
1003,BUY,1.07472,1.07372,100.00,-100.00,-1.000
1004,SELL,1.07404,1.07504,100.00,99.00,0.990
1005,BUY,1.07192,1.07092,100.00,-100.00,-1.000
1006,BUY,1.07092,1.06992,100.00,102.00,1.020
1007,BUY,1.07132,1.07032,100.00,-100.00,-1.000
1008,BUY,1.06948,1.06848,100.00,-100.00,-1.000
1009,BUY,1.06848,1.06748,100.00,-100.00,-1.000
1010,SELL,1.06822,1.06922,100.00,-104.00,-1.040
1011,SELL,1.07033,1.07133,100.00,100.00,1.000
1012,BUY,1.06929,1.06829,100.00,-104.00,-1.040
1013,SELL,1.06920,1.07020,100.00,100.00,1.000
1014,BUY,1.06800,1.06700,100.00,-101.00,-1.010
1015,BUY,1.06690,1.06590,100.00,100.00,1.000
1016,SELL,1.06743,1.06843,100.00,-100.00,-1.000
1017,SELL,1.06842,1.06942,100.00,-100.00,-1.000
1018,BUY,1.06948,1.06848,100.00,101.00,1.010
1019,SELL,1.07087,1.07187,100.00,100.00,1.000
1020,BUY,1.06959,1.06859,100.00,100.00,1.000
1021,SELL,1.07099,1.07199,100.00,-103.00,-1.030
1022,BUY,1.07151,1.07051,100.00,106.00,1.060
1023,SELL,1.07310,1.07410,100.00,99.00,0.990
1024,SELL,1.07316,1.07416,100.00,100.00,1.000
1025,BUY,1.07196,1.07096,100.00,106.00,1.060
1026,SELL,1.07302,1.07402,100.00,-101.00,-1.010
1027,SELL,1.07401,1.07501,100.00,-101.00,-1.010
1028,SELL,1.07525,1.07625,100.00,102.00,1.020
1029,BUY,1.07367,1.07267,100.00,-100.70,-1.007
1030,BUY,1.07337,1.07237,100.00,102.00,1.020
1031,SELL,1.07454,1.07554,100.00,97.00,0.970
1032,BUY,1.07150,1.07050,100.00,101.00,1.010
1033,BUY,1.07183,1.07083,100.00,102.00,1.020
1034,SELL,1.07295,1.07395,100.00,100.00,1.000
1035,BUY,1.07193,1.07093,100.00,104.00,1.040
1036,BUY,1.07250,1.07150,100.00,-103.00,-1.030
1037,BUY,1.07120,1.07020,100.00,-102.00,-1.020
1038,BUY,1.07124,1.07024,100.00,-101.00,-1.010
1039,BUY,1.07024,1.06924,100.00,-100.00,-1.000
1040,BUY,1.06957,1.06857,100.00,-133.00,-1.330
1041,BUY,1.06870,1.06770,100.00,-104.00,-1.040
1042,SELL,1.06804,1.06904,100.00,-106.00,-1.060
1043,BUY,1.06897,1.06797,100.00,-100.00,-1.000
1044,SELL,1.06932,1.07032,100.00,102.00,1.020
1045,BUY,1.06830,1.06730,100.00,100.00,1.000
1046,SELL,1.06922,1.07022,100.00,100.00,1.000
1047,BUY,1.06822,1.06722,100.00,100.00,1.000
1048,BUY,1.06870,1.06770,100.00,103.00,1.030
1049,SELL,1.07090,1.07190,100.00,-100.00,-1.000
1050,SELL,1.07240,1.07340,100.00,-101.00,-1.010
1051,SELL,1.07354,1.07454,100.00,-101.00,-1.010
1052,BUY,1.07415,1.07315,100.00,-100.00,-1.000
1053,BUY,1.07228,1.07128,100.00,100.00,1.000
1054,SELL,1.07099,1.07199,100.00,100.00,1.000
1055,BUY,1.06976,1.06876,100.00,101.00,1.010
1056,SELL,1.06929,1.07029,100.00,100.00,1.000
1057,BUY,1.06792,1.06692,100.00,-104.00,-1.040
1058,SELL,1.06802,1.06902,100.00,-100.00,-1.000
1059,SELL,1.06957,1.07057,100.00,100.00,1.000
1060,BUY,1.06857,1.06757,100.00,-102.00,-1.020
1061,BUY,1.06751,1.06651,100.00,100.00,1.000
1062,BUY,1.06823,1.06723,100.00,98.90,0.989
1063,SELL,1.07007,1.07107,100.00,-106.00,-1.060
1064,SELL,1.07109,1.07209,100.00,-100.00,-1.000
1065,SELL,1.07206,1.07306,100.00,100.00,1.000
1066,BUY,1.07080,1.06980,100.00,-100.70,-1.007
1067,SELL,1.06983,1.07083,100.00,-101.00,-1.010
1068,BUY,1.06981,1.06881,100.00,118.00,1.180
1069,SELL,1.07099,1.07199,100.00,101.00,1.010
1070,BUY,1.06998,1.06898,100.00,101.00,1.010
1071,SELL,1.07099,1.07199,100.00,-100.00,-1.000
1072,SELL,1.07220,1.07320,100.00,100.00,1.000
1073,BUY,1.07120,1.07020,100.00,101.00,1.010
1074,BUY,1.07185,1.07085,100.00,-100.00,-1.000
1075,SELL,1.07450,1.07550,100.00,106.00,1.060
1076,BUY,1.07350,1.07250,100.00,102.00,1.020
1077,SELL,1.07461,1.07561,100.00,-102.00,-1.020
1078,BUY,1.07544,1.07444,100.00,100.00,1.000
1079,SELL,1.07644,1.07744,100.00,-102.00,-1.020
1080,BUY,1.07685,1.07585,100.00,-100.00,-1.000
1081,BUY,1.07612,1.07512,100.00,-100.00,-1.000
1082,SELL,1.07495,1.07595,100.00,-100.00,-1.000
1083,BUY,1.07540,1.07440,100.00,109.00,1.090
1084,SELL,1.07649,1.07749,100.00,100.00,1.000
1085,BUY,1.07491,1.07391,100.00,-100.00,-1.000
1086,BUY,1.07390,1.07290,100.00,-100.00,-1.000
1087,BUY,1.07252,1.07152,100.00,102.00,1.020
1088,BUY,1.07401,1.07301,100.00,-100.00,-1.000
1089,BUY,1.07133,1.07033,100.00,100.00,1.000
1090,BUY,1.07161,1.07061,100.00,100.00,1.000
1091,SELL,1.07406,1.07506,100.00,101.00,1.010
1092,BUY,1.07305,1.07205,100.00,100.00,1.000
1093,BUY,1.07468,1.07368,100.00,-102.00,-1.020
1094,SELL,1.07522,1.07622,100.00,-102.00,-1.020
1095,BUY,1.07575,1.07475,100.00,103.00,1.030
1096,SELL,1.07706,1.07806,100.00,-102.00,-1.020
1097,SELL,1.07846,1.07946,100.00,-144.00,-1.440
1098,SELL,1.07985,1.08085,100.00,-101.00,-1.010
1099,SELL,1.08084,1.08184,100.00,100.00,1.000
1100,BUY,1.07863,1.07763,100.00,98.90,0.989
1101,SELL,1.08270,1.08370,100.00,119.00,1.190
1102,BUY,1.08151,1.08051,100.00,119.00,1.190
1103,SELL,1.08316,1.08416,100.00,101.00,1.010
1104,SELL,1.08227,1.08327,100.00,-100.00,-1.000
1105,BUY,1.08273,1.08173,100.00,-100.00,-1.000
1106,BUY,1.08155,1.08055,100.00,100.00,1.000
1107,SELL,1.08255,1.08355,100.00,-104.00,-1.040
1108,BUY,1.08040,1.07940,100.00,128.00,1.280
1109,SELL,1.08168,1.08268,100.00,-111.00,-1.110
1110,SELL,1.08268,1.08368,100.00,100.00,1.000
1111,BUY,1.08234,1.08134,100.00,102.00,1.020
1112,SELL,1.08381,1.08481,100.00,102.00,1.020
1113,BUY,1.08279,1.08179,100.00,101.00,1.010
1114,SELL,1.08279,1.08379,100.00,102.00,1.020
1115,BUY,1.08102,1.08002,100.00,101.00,1.010
1116,BUY,1.08144,1.08044,100.00,99.30,0.993
1117,SELL,1.08229,1.08329,100.00,-103.00,-1.030
1118,SELL,1.08457,1.08557,100.00,-100.00,-1.000
1119,BUY,1.08490,1.08390,100.00,112.00,1.120
1120,SELL,1.08602,1.08702,100.00,-165.00,-1.650
1121,BUY,1.08824,1.08724,100.00,102.00,1.020
1122,SELL,1.08926,1.09026,100.00,101.00,1.010
1123,BUY,1.08825,1.08725,100.00,-102.00,-1.020
1124,BUY,1.08722,1.08622,100.00,101.00,1.010
1125,SELL,1.08843,1.08943,100.00,100.00,1.000
1126,BUY,1.08743,1.08643,100.00,-100.00,-1.000
1127,BUY,1.08620,1.08520,100.00,99.30,0.993
1128,SELL,1.08720,1.08820,100.00,-100.00,-1.000
1129,BUY,1.08862,1.08762,100.00,-124.00,-1.240
1130,BUY,1.08817,1.08717,100.00,100.00,1.000
1131,BUY,1.08926,1.08826,100.00,101.00,1.010
1132,SELL,1.09088,1.09188,100.00,207.00,2.070
1133,BUY,1.08880,1.08780,100.00,100.00,1.000
1134,SELL,1.09190,1.09290,100.00,100.00,1.000
1135,BUY,1.09079,1.08979,100.00,100.00,1.000
1136,BUY,1.09169,1.09069,100.00,-109.00,-1.090
1137,SELL,1.09085,1.09185,100.00,101.00,1.010
1138,BUY,1.08984,1.08884,100.00,-100.70,-1.007
1139,BUY,1.08984,1.08884,100.00,-100.00,-1.000
1140,BUY,1.08941,1.08841,100.00,100.00,1.000
1141,SELL,1.09002,1.09102,100.00,113.00,1.130
1142,BUY,1.08889,1.08789,100.00,-105.00,-1.050
1143,BUY,1.08998,1.08898,100.00,100.00,1.000
1144,SELL,1.09110,1.09210,100.00,-101.00,-1.010
1145,SELL,1.09210,1.09310,100.00,-100.00,-1.000
1146,SELL,1.09331,1.09431,100.00,-100.00,-1.000
1147,BUY,1.09342,1.09242,100.00,100.00,1.000
1148,SELL,1.09460,1.09560,100.00,100.00,1.000
1149,SELL,1.09328,1.09428,100.00,99.00,0.990
1150,SELL,1.09117,1.09217,100.00,100.00,1.000
1151,BUY,1.09004,1.08904,100.00,-101.70,-1.017
1152,SELL,1.08903,1.09003,100.00,106.00,1.060
1153,BUY,1.08797,1.08697,100.00,100.00,1.000
1154,BUY,1.08871,1.08771,100.00,-102.00,-1.020
1155,SELL,1.08890,1.08990,100.00,-100.00,-1.000
1156,BUY,1.08754,1.08654,100.00,102.00,1.020
1157,BUY,1.08773,1.08673,100.00,-101.00,-1.010
1158,BUY,1.08632,1.08532,100.00,-100.00,-1.000
1159,SELL,1.08502,1.08602,100.00,116.00,1.160
1160,BUY,1.08386,1.08286,100.00,-100.00,-1.000
1161,SELL,1.08410,1.08510,100.00,-100.00,-1.000
1162,SELL,1.08538,1.08638,100.00,-104.00,-1.040
1163,SELL,1.08344,1.08444,100.00,-101.00,-1.010
1164,SELL,1.08467,1.08567,100.00,-100.00,-1.000
1165,BUY,1.08500,1.08400,100.00,-113.00,-1.130
1166,BUY,1.08402,1.08302,100.00,100.00,1.000
1167,BUY,1.08320,1.08220,100.00,100.00,1.000
1168,SELL,1.08636,1.08736,100.00,100.00,1.000
1169,BUY,1.08491,1.08391,100.00,101.00,1.010
1170,BUY,1.08498,1.08398,100.00,104.00,1.040
1171,SELL,1.08675,1.08775,100.00,100.00,1.000
1172,BUY,1.08543,1.08443,100.00,100.00,1.000
1173,BUY,1.08523,1.08423,100.00,-102.00,-1.020
1174,SELL,1.08077,1.08177,100.00,-100.00,-1.000
1175,SELL,1.08205,1.08305,100.00,-102.00,-1.020
1176,BUY,1.08106,1.08006,100.00,-106.00,-1.060
1177,BUY,1.08000,1.07900,100.00,102.00,1.020
1178,BUY,1.08193,1.08093,100.00,-100.00,-1.000
1179,SELL,1.08131,1.08231,100.00,-100.00,-1.000
1180,SELL,1.08277,1.08377,100.00,-100.00,-1.000
1181,BUY,1.08343,1.08243,100.00,110.00,1.100
1182,SELL,1.08470,1.08570,100.00,101.00,1.010
1183,BUY,1.08311,1.08211,100.00,-109.00,-1.090
1184,BUY,1.08205,1.08105,100.00,-100.00,-1.000
1185,BUY,1.08126,1.08026,100.00,-101.00,-1.010
1186,BUY,1.08054,1.07954,100.00,100.00,1.000
1187,SELL,1.08182,1.08282,100.00,-104.00,-1.040
1188,BUY,1.08225,1.08125,100.00,97.90,0.979
1189,BUY,1.08188,1.08088,100.00,-102.00,-1.020
1190,BUY,1.07960,1.07860,100.00,-100.00,-1.000
1191,BUY,1.07864,1.07764,100.00,122.00,1.220
1192,SELL,1.07986,1.08086,100.00,100.00,1.000
1193,SELL,1.08058,1.08158,100.00,-100.00,-1.000
1194,SELL,1.08137,1.08237,100.00,101.00,1.010
1195,BUY,1.08036,1.07936,100.00,-100.00,-1.000
1196,BUY,1.07919,1.07819,100.00,-103.00,-1.030
1197,BUY,1.07947,1.07847,100.00,-107.00,-1.070
1198,BUY,1.07940,1.07840,100.00,100.00,1.000
1199,SELL,1.08088,1.08188,100.00,-100.00,-1.000
1200,SELL,1.08446,1.08546,100.00,-145.00,-1.450
1201,SELL,1.08623,1.08723,100.00,100.00,1.000
1202,SELL,1.08549,1.08649,100.00,-100.00,-1.000
1203,SELL,1.08699,1.08799,100.00,-101.00,-1.010
1204,SELL,1.08861,1.08961,100.00,-101.00,-1.010
1205,BUY,1.08864,1.08764,100.00,101.00,1.010
1206,SELL,1.08973,1.09073,100.00,100.00,1.000
1207,BUY,1.08857,1.08757,100.00,100.00,1.000
1208,SELL,1.08966,1.09066,100.00,-102.00,-1.020
1209,SELL,1.09067,1.09167,100.00,-100.00,-1.000
1210,SELL,1.09173,1.09273,100.00,104.00,1.040
1211,BUY,1.09069,1.08969,100.00,151.30,1.513
1212,SELL,1.09221,1.09321,100.00,102.00,1.020
1213,BUY,1.09119,1.09019,100.00,101.00,1.010
1214,BUY,1.09159,1.09059,100.00,100.00,1.000
1215,SELL,1.09305,1.09405,100.00,100.00,1.000
1216,BUY,1.09205,1.09105,100.00,-101.00,-1.010
1217,BUY,1.09073,1.08973,100.00,-105.00,-1.050
1218,BUY,1.09011,1.08911,100.00,100.00,1.000
1219,SELL,1.09161,1.09261,100.00,100.00,1.000
1220,BUY,1.09061,1.08961,100.00,101.00,1.010
1221,SELL,1.09162,1.09262,100.00,-100.00,-1.000
1222,SELL,1.09255,1.09355,100.00,-101.00,-1.010
1223,SELL,1.09363,1.09463,100.00,-110.00,-1.100
1224,SELL,1.09480,1.09580,100.00,-102.00,-1.020
1225,BUY,1.09578,1.09478,100.00,-103.00,-1.030
1226,BUY,1.09477,1.09377,100.00,-102.00,-1.020
1227,SELL,1.09539,1.09639,100.00,-101.00,-1.010
1228,SELL,1.09646,1.09746,100.00,-101.00,-1.010
1229,BUY,1.09666,1.09566,100.00,-102.00,-1.020
1230,BUY,1.09567,1.09467,100.00,-101.00,-1.010
1231,SELL,1.09532,1.09632,100.00,102.00,1.020
1232,BUY,1.09430,1.09330,100.00,-100.00,-1.000
1233,BUY,1.09334,1.09234,100.00,101.00,1.010
1234,SELL,1.09444,1.09544,100.00,-100.00,-1.000
1235,SELL,1.09540,1.09640,100.00,-100.00,-1.000
1236,SELL,1.09637,1.09737,100.00,-100.00,-1.000
1237,SELL,1.09734,1.09834,100.00,-101.00,-1.010
1238,SELL,1.09848,1.09948,100.00,-106.00,-1.060
1239,SELL,1.10073,1.10173,100.00,103.00,1.030
1240,BUY,1.09883,1.09783,100.00,101.00,1.010
1241,SELL,1.10025,1.10125,100.00,100.00,1.000
1242,BUY,1.09954,1.09854,100.00,-108.00,-1.080
1243,BUY,1.09832,1.09732,100.00,-152.00,-1.520
1244,BUY,1.09718,1.09618,100.00,-107.00,-1.070
1245,BUY,1.09602,1.09502,100.00,108.00,1.080
1246,BUY,1.09662,1.09562,100.00,100.00,1.000
1247,SELL,1.09762,1.09862,100.00,-101.00,-1.010
1248,SELL,1.09862,1.09962,100.00,102.00,1.020
1249,BUY,1.09735,1.09635,100.00,-107.00,-1.070
1250,BUY,1.09633,1.09533,100.00,101.00,1.010
1251,SELL,1.09707,1.09807,100.00,101.00,1.010
1252,BUY,1.09566,1.09466,100.00,-171.70,-1.717
1253,SELL,1.09579,1.09679,100.00,104.00,1.040
1254,BUY,1.09453,1.09353,100.00,100.00,1.000
1255,BUY,1.09426,1.09326,100.00,-109.00,-1.090
1256,BUY,1.09304,1.09204,100.00,-101.00,-1.010
1257,SELL,1.09268,1.09368,100.00,106.00,1.060
1258,BUY,1.09158,1.09058,100.00,-100.00,-1.000
1259,SELL,1.09092,1.09192,100.00,-102.00,-1.020
1260,SELL,1.09237,1.09337,100.00,-100.00,-1.000
1261,BUY,1.09270,1.09170,100.00,-101.70,-1.017
1262,BUY,1.09148,1.09048,100.00,100.00,1.000
1263,BUY,1.09214,1.09114,100.00,-101.00,-1.010
1264,SELL,1.09168,1.09268,100.00,-100.00,-1.000
1265,SELL,1.09329,1.09429,100.00,100.00,1.000
1266,BUY,1.09243,1.09143,100.00,100.00,1.000
1267,SELL,1.09423,1.09523,100.00,101.00,1.010
1268,SELL,1.09275,1.09375,100.00,109.00,1.090
1269,BUY,1.09166,1.09066,100.00,-100.00,-1.000
1270,BUY,1.09067,1.08967,100.00,-100.00,-1.000
1271,BUY,1.08968,1.08868,100.00,-101.00,-1.010
1272,BUY,1.08860,1.08760,100.00,100.00,1.000
1273,SELL,1.08990,1.09090,100.00,-102.00,-1.020
1274,SELL,1.09112,1.09212,100.00,-101.00,-1.010
1275,BUY,1.09189,1.09089,100.00,100.00,1.000
1276,SELL,1.09203,1.09303,100.00,-103.00,-1.030
1277,SELL,1.09393,1.09493,100.00,101.00,1.010
1278,BUY,1.09287,1.09187,100.00,101.30,1.013
1279,BUY,1.09236,1.09136,100.00,-100.00,-1.000
1280,SELL,1.09351,1.09451,100.00,-100.00,-1.000
1281,SELL,1.09482,1.09582,100.00,-100.00,-1.000
1282,SELL,1.09576,1.09676,100.00,-101.00,-1.010
1283,SELL,1.09820,1.09920,100.00,-103.00,-1.030
1284,BUY,1.09943,1.09843,100.00,-102.00,-1.020
1285,SELL,1.09961,1.10061,100.00,-100.00,-1.000
1286,SELL,1.10147,1.10247,100.00,-100.00,-1.000
1287,SELL,1.10244,1.10344,100.00,-112.00,-1.120
1288,SELL,1.10312,1.10412,100.00,110.00,1.100
1289,SELL,1.10197,1.10297,100.00,-100.00,-1.000
1290,SELL,1.10292,1.10392,100.00,-100.00,-1.000
1291,BUY,1.10335,1.10235,100.00,-100.00,-1.000
1292,SELL,1.10271,1.10371,100.00,-100.00,-1.000
1293,SELL,1.10411,1.10511,100.00,100.00,1.000
1294,BUY,1.10299,1.10199,100.00,100.00,1.000
1295,SELL,1.10444,1.10544,100.00,100.00,1.000
1296,BUY,1.10085,1.09985,100.00,-105.00,-1.050
1297,BUY,1.10002,1.09902,100.00,-104.00,-1.040
1298,BUY,1.09696,1.09596,100.00,-101.00,-1.010
1299,BUY,1.09574,1.09474,100.00,100.00,1.000
1300,BUY,1.09660,1.09560,100.00,100.00,1.000
1301,BUY,1.09762,1.09662,100.00,-100.00,-1.000
1302,SELL,1.09942,1.10042,100.00,-100.00,-1.000
1303,BUY,1.09972,1.09872,100.00,-100.00,-1.000
1304,SELL,1.10314,1.10414,100.00,-101.00,-1.010
1305,SELL,1.10532,1.10632,100.00,-106.00,-1.060
1306,SELL,1.10642,1.10742,100.00,-101.00,-1.010
1307,BUY,1.10886,1.10786,100.00,-106.00,-1.060
1308,SELL,1.10847,1.10947,100.00,-102.00,-1.020
1309,SELL,1.11023,1.11123,100.00,-101.00,-1.010
1310,SELL,1.11129,1.11229,100.00,100.00,1.000
1311,SELL,1.11121,1.11221,100.00,-100.00,-1.000
1312,BUY,1.11285,1.11185,100.00,-110.00,-1.100
1313,SELL,1.11254,1.11354,100.00,103.00,1.030
1314,BUY,1.11151,1.11051,100.00,100.00,1.000
1315,BUY,1.11163,1.11063,100.00,100.00,1.000
1316,SELL,1.11268,1.11368,100.00,101.00,1.010
1317,BUY,1.11154,1.11054,100.00,-112.00,-1.120
1318,BUY,1.11088,1.10988,100.00,102.00,1.020
1319,SELL,1.11244,1.11344,100.00,100.00,1.000
1320,SELL,1.11114,1.11214,100.00,-104.00,-1.040
1321,BUY,1.11161,1.11061,100.00,100.00,1.000
1322,SELL,1.11266,1.11366,100.00,101.00,1.010
1323,SELL,1.11189,1.11289,100.00,-102.00,-1.020
1324,SELL,1.11363,1.11463,100.00,-100.00,-1.000
1325,SELL,1.11458,1.11558,100.00,-101.00,-1.010
1326,SELL,1.11605,1.11705,100.00,-100.00,-1.000
1327,SELL,1.11715,1.11815,100.00,100.00,1.000
1328,SELL,1.11499,1.11599,100.00,-104.00,-1.040
1329,SELL,1.11600,1.11700,100.00,101.00,1.010
1330,BUY,1.11382,1.11282,100.00,-100.00,-1.000
1331,SELL,1.11335,1.11435,100.00,-100.00,-1.000
1332,SELL,1.11430,1.11530,100.00,100.00,1.000
1333,SELL,1.11355,1.11455,100.00,122.00,1.220
1334,BUY,1.11233,1.11133,100.00,-102.00,-1.020
1335,BUY,1.11140,1.11040,100.00,-104.00,-1.040
1336,BUY,1.11040,1.10940,100.00,100.00,1.000
1337,BUY,1.11137,1.11037,100.00,-101.00,-1.010
1338,SELL,1.11209,1.11309,100.00,101.00,1.010
1339,SELL,1.11132,1.11232,100.00,-106.00,-1.060
1340,SELL,1.11387,1.11487,100.00,-100.00,-1.000
1341,SELL,1.11591,1.11691,100.00,-100.00,-1.000
1342,BUY,1.11605,1.11505,100.00,-100.00,-1.000
1343,BUY,1.11510,1.11410,100.00,100.00,1.000
1344,SELL,1.11654,1.11754,100.00,-101.00,-1.010
1345,SELL,1.11756,1.11856,100.00,-109.00,-1.090
1346,SELL,1.11876,1.11976,100.00,100.00,1.000
1347,BUY,1.11699,1.11599,100.00,101.00,1.010
1348,SELL,1.11903,1.12003,100.00,-100.00,-1.000
1349,BUY,1.11940,1.11840,100.00,-106.70,-1.067
1350,BUY,1.11935,1.11835,100.00,-100.00,-1.000
1351,BUY,1.11746,1.11646,100.00,-100.00,-1.000
1352,BUY,1.11604,1.11504,100.00,-104.00,-1.040
1353,SELL,1.11594,1.11694,100.00,-103.00,-1.030
1354,BUY,1.11716,1.11616,100.00,-100.00,-1.000
1355,SELL,1.11667,1.11767,100.00,-100.00,-1.000
1356,SELL,1.11783,1.11883,100.00,104.00,1.040
1357,SELL,1.11573,1.11673,100.00,-109.00,-1.090
1358,BUY,1.11651,1.11551,100.00,100.00,1.000
1359,SELL,1.11751,1.11851,100.00,-100.00,-1.000
1360,BUY,1.11857,1.11757,100.00,-100.00,-1.000
1361,BUY,1.11551,1.11451,100.00,-100.00,-1.000
1362,SELL,1.11476,1.11576,100.00,104.00,1.040
1363,BUY,1.11372,1.11272,100.00,100.00,1.000
1364,BUY,1.11515,1.11415,100.00,-101.00,-1.010
1365,SELL,1.11418,1.11518,100.00,102.00,1.020
1366,BUY,1.11191,1.11091,100.00,-100.00,-1.000
1367,BUY,1.11054,1.10954,100.00,100.00,1.000
1368,SELL,1.11186,1.11286,100.00,-100.00,-1.000
1369,SELL,1.11278,1.11378,100.00,-108.00,-1.080
1370,SELL,1.11383,1.11483,100.00,100.00,1.000
1371,BUY,1.11283,1.11183,100.00,-103.00,-1.030
1372,BUY,1.11230,1.11130,100.00,-105.00,-1.050
1373,BUY,1.11134,1.11034,100.00,-104.00,-1.040
1374,BUY,1.10895,1.10795,100.00,-109.00,-1.090
1375,BUY,1.10791,1.10691,100.00,101.00,1.010
1376,SELL,1.10978,1.11078,100.00,100.00,1.000
1377,BUY,1.10914,1.10814,100.00,-105.00,-1.050
1378,BUY,1.10824,1.10724,100.00,-100.00,-1.000
1379,BUY,1.10712,1.10612,100.00,-102.00,-1.020
1380,SELL,1.10660,1.10760,100.00,101.00,1.010
1381,SELL,1.10609,1.10709,100.00,-100.00,-1.000
1382,BUY,1.10801,1.10701,100.00,-100.70,-1.007
1383,SELL,1.10840,1.10940,100.00,-100.00,-1.000
1384,BUY,1.10863,1.10763,100.00,-100.00,-1.000
1385,BUY,1.10768,1.10668,100.00,100.00,1.000
1386,SELL,1.10875,1.10975,100.00,101.00,1.010
1387,BUY,1.10773,1.10673,100.00,-104.00,-1.040
1388,BUY,1.10674,1.10574,100.00,-107.00,-1.070
1389,BUY,1.10548,1.10448,100.00,100.00,1.000
1390,SELL,1.10648,1.10748,100.00,-100.00,-1.000
1391,SELL,1.10776,1.10876,100.00,100.00,1.000
1392,BUY,1.10647,1.10547,100.00,107.00,1.070
1393,SELL,1.10766,1.10866,100.00,104.00,1.040
1394,BUY,1.10662,1.10562,100.00,102.00,1.020
1395,SELL,1.10779,1.10879,100.00,100.00,1.000
1396,BUY,1.10679,1.10579,100.00,-100.00,-1.000
1397,BUY,1.10581,1.10481,100.00,-100.00,-1.000
1398,SELL,1.10717,1.10817,100.00,100.00,1.000
1399,BUY,1.10648,1.10548,100.00,-104.70,-1.047
1400,BUY,1.10548,1.10448,100.00,100.00,1.000
1401,BUY,1.10566,1.10466,100.00,-100.00,-1.000
1402,BUY,1.10411,1.10311,100.00,100.00,1.000
1403,SELL,1.10529,1.10629,100.00,-106.00,-1.060
1404,SELL,1.10620,1.10720,100.00,104.00,1.040
1405,BUY,1.10516,1.10416,100.00,-101.00,-1.010
1406,BUY,1.10422,1.10322,100.00,100.00,1.000
1407,BUY,1.10445,1.10345,100.00,-105.00,-1.050
1408,SELL,1.10390,1.10490,100.00,-101.00,-1.010
1409,BUY,1.10482,1.10382,100.00,101.00,1.010
1410,SELL,1.10486,1.10586,100.00,-101.00,-1.010
1411,SELL,1.10576,1.10676,100.00,-101.00,-1.010
1412,SELL,1.10834,1.10934,100.00,100.00,1.000
1413,BUY,1.10713,1.10613,100.00,102.00,1.020
1414,SELL,1.10815,1.10915,100.00,-101.00,-1.010
1415,SELL,1.10917,1.11017,100.00,102.00,1.020
1416,BUY,1.10815,1.10715,100.00,-100.00,-1.000
1417,SELL,1.10877,1.10977,100.00,-100.00,-1.000
1418,SELL,1.10999,1.11099,100.00,-105.00,-1.050
1419,SELL,1.11096,1.11196,100.00,-104.00,-1.040
1420,SELL,1.11195,1.11295,100.00,111.00,1.110
1421,BUY,1.11084,1.10984,100.00,-103.00,-1.030
1422,BUY,1.10957,1.10857,100.00,101.00,1.010
1423,BUY,1.11016,1.10916,100.00,-108.00,-1.080
1424,BUY,1.10919,1.10819,100.00,-100.00,-1.000
1425,BUY,1.10823,1.10723,100.00,100.00,1.000
1426,SELL,1.11002,1.11102,100.00,-100.00,-1.000
1427,BUY,1.11108,1.11008,100.00,-100.00,-1.000
1428,BUY,1.11078,1.10978,100.00,-109.00,-1.090
1429,BUY,1.11004,1.10904,100.00,-105.00,-1.050
1430,SELL,1.11379,1.11479,100.00,100.00,1.000
1431,BUY,1.11279,1.11179,100.00,-101.00,-1.010
1432,BUY,1.11159,1.11059,100.00,-108.00,-1.080
1433,BUY,1.11022,1.10922,100.00,-100.00,-1.000
1434,BUY,1.10926,1.10826,100.00,-100.00,-1.000
1435,BUY,1.10834,1.10734,100.00,-103.00,-1.030
1436,BUY,1.10683,1.10583,100.00,100.00,1.000
1437,SELL,1.10783,1.10883,100.00,-100.00,-1.000
1438,SELL,1.10880,1.10980,100.00,-102.00,-1.020
1439,SELL,1.10976,1.11076,100.00,-101.00,-1.010
1440,SELL,1.11122,1.11222,100.00,100.00,1.000
1441,BUY,1.11022,1.10922,100.00,101.00,1.010
1442,SELL,1.11123,1.11223,100.00,-116.00,-1.160
1443,BUY,1.10976,1.10876,100.00,-100.00,-1.000
1444,SELL,1.10953,1.11053,100.00,-102.00,-1.020
1445,SELL,1.11050,1.11150,100.00,102.00,1.020
1446,BUY,1.10948,1.10848,100.00,-103.00,-1.030
1447,BUY,1.10849,1.10749,100.00,-100.00,-1.000
1448,BUY,1.10737,1.10637,100.00,101.00,1.010
1449,SELL,1.10864,1.10964,100.00,99.00,0.990
1450,BUY,1.10648,1.10548,100.00,-102.00,-1.020
1451,SELL,1.10569,1.10669,100.00,100.00,1.000
1452,SELL,1.10471,1.10571,100.00,101.00,1.010
1453,BUY,1.10365,1.10265,100.00,102.00,1.020
1454,SELL,1.10494,1.10594,100.00,101.00,1.010
1455,BUY,1.10285,1.10185,100.00,-100.00,-1.000
1456,BUY,1.10191,1.10091,100.00,100.30,1.003
1457,SELL,1.10327,1.10427,100.00,-102.00,-1.020
1458,BUY,1.10370,1.10270,100.00,100.00,1.000
1459,BUY,1.10427,1.10327,100.00,-111.00,-1.110
1460,BUY,1.10281,1.10181,100.00,-102.00,-1.020
1461,BUY,1.10182,1.10082,100.00,-100.00,-1.000
1462,BUY,1.10078,1.09978,100.00,100.00,1.000
1463,SELL,1.10178,1.10278,100.00,104.00,1.040
1464,BUY,1.10074,1.09974,100.00,100.00,1.000
1465,BUY,1.10089,1.09989,100.00,103.00,1.030
1466,SELL,1.10217,1.10317,100.00,102.00,1.020
1467,SELL,1.10187,1.10287,100.00,-101.00,-1.010
1468,SELL,1.10300,1.10400,100.00,-100.00,-1.000
1469,SELL,1.10395,1.10495,100.00,100.00,1.000
1470,BUY,1.10295,1.10195,100.00,101.00,1.010
1471,BUY,1.10345,1.10245,100.00,100.00,1.000
1472,SELL,1.10453,1.10553,100.00,101.00,1.010
1473,BUY,1.10320,1.10220,100.00,101.00,1.010
1474,SELL,1.10451,1.10551,100.00,-101.00,-1.010
1475,SELL,1.10547,1.10647,100.00,-100.00,-1.000
1476,BUY,1.10784,1.10684,100.00,-100.00,-1.000
1477,SELL,1.10868,1.10968,100.00,100.00,1.000
1478,SELL,1.10963,1.11063,100.00,101.00,1.010
1479,SELL,1.10991,1.11091,100.00,100.00,1.000
1480,BUY,1.10899,1.10799,100.00,-100.00,-1.000
1481,SELL,1.10803,1.10903,100.00,-101.00,-1.010
1482,SELL,1.11156,1.11256,100.00,-100.00,-1.000
1483,SELL,1.11285,1.11385,100.00,101.00,1.010
1484,BUY,1.11271,1.11171,100.00,-100.00,-1.000
1485,BUY,1.11213,1.11113,100.00,103.00,1.030
1486,SELL,1.11332,1.11432,100.00,-106.00,-1.060
1487,SELL,1.11436,1.11536,100.00,103.00,1.030
1488,SELL,1.11427,1.11527,100.00,101.00,1.010
1489,BUY,1.11314,1.11214,100.00,101.00,1.010
1490,BUY,1.11202,1.11102,100.00,100.30,1.003
1491,SELL,1.11250,1.11350,100.00,-100.00,-1.000
1492,BUY,1.11252,1.11152,100.00,101.00,1.010
1493,BUY,1.11308,1.11208,100.00,-100.00,-1.000
1494,BUY,1.11180,1.11080,100.00,-100.00,-1.000
1495,BUY,1.11157,1.11057,100.00,102.00,1.020
1496,SELL,1.11263,1.11363,100.00,-189.00,-1.890
1497,SELL,1.11409,1.11509,100.00,-189.00,-1.890
1498,SELL,1.11636,1.11736,100.00,-100.00,-1.000
1499,SELL,1.11690,1.11790,100.00,102.00,1.020
1500,SELL,1.11672,1.11772,100.00,-101.00,-1.010
1501,BUY,1.11709,1.11609,100.00,100.00,1.000
1502,SELL,1.11809,1.11909,100.00,102.00,1.020
1503,BUY,1.11765,1.11665,100.00,-101.00,-1.010
1504,BUY,1.11668,1.11568,100.00,-100.00,-1.000
1505,BUY,1.11553,1.11453,100.00,101.00,1.010
1506,SELL,1.11653,1.11753,100.00,105.00,1.050
1507,BUY,1.11484,1.11384,100.00,-100.00,-1.000
1508,BUY,1.11397,1.11297,100.00,-101.00,-1.010
1509,BUY,1.11301,1.11201,100.00,105.00,1.050
1510,SELL,1.11433,1.11533,100.00,101.00,1.010
1511,BUY,1.11332,1.11232,100.00,-108.00,-1.080
1512,SELL,1.11320,1.11420,100.00,103.00,1.030
1513,BUY,1.11189,1.11089,100.00,-102.00,-1.020
1514,BUY,1.11055,1.10955,100.00,102.00,1.020
1515,BUY,1.11173,1.11073,100.00,-100.00,-1.000
1516,BUY,1.10955,1.10855,100.00,-100.00,-1.000
1517,BUY,1.10886,1.10786,100.00,-100.00,-1.000
1518,BUY,1.10769,1.10669,100.00,100.00,1.000
1519,SELL,1.10911,1.11011,100.00,-100.00,-1.000
1520,SELL,1.11097,1.11197,100.00,-100.00,-1.000
1521,SELL,1.11410,1.11510,100.00,-102.00,-1.020
1522,BUY,1.11445,1.11345,100.00,100.00,1.000
1523,SELL,1.11630,1.11730,100.00,-100.00,-1.000
1524,SELL,1.11748,1.11848,100.00,101.00,1.010
1525,BUY,1.11647,1.11547,100.00,-111.00,-1.110
1526,BUY,1.11540,1.11440,100.00,-121.00,-1.210
1527,BUY,1.11456,1.11356,100.00,-101.00,-1.010
1528,BUY,1.11361,1.11261,100.00,-101.00,-1.010
1529,SELL,1.11310,1.11410,100.00,100.00,1.000
1530,BUY,1.11210,1.11110,100.00,101.00,1.010
1531,SELL,1.11311,1.11411,100.00,100.00,1.000
1532,BUY,1.11185,1.11085,100.00,100.00,1.000
1533,SELL,1.11322,1.11422,100.00,100.00,1.000
1534,BUY,1.11222,1.11122,100.00,100.00,1.000
1535,BUY,1.11271,1.11171,100.00,101.00,1.010
1536,SELL,1.11378,1.11478,100.00,-101.00,-1.010
1537,SELL,1.11562,1.11662,100.00,-101.00,-1.010
1538,SELL,1.11774,1.11874,100.00,100.00,1.000
1539,BUY,1.11674,1.11574,100.00,-100.00,-1.000
1540,BUY,1.11530,1.11430,100.00,101.00,1.010
1541,SELL,1.11638,1.11738,100.00,-100.00,-1.000
1542,BUY,1.11683,1.11583,100.00,-106.00,-1.060
1543,BUY,1.11498,1.11398,100.00,-102.00,-1.020
1544,BUY,1.11394,1.11294,100.00,103.00,1.030
1545,BUY,1.11446,1.11346,100.00,102.00,1.020
1546,SELL,1.11548,1.11648,100.00,-105.00,-1.050
1547,SELL,1.11648,1.11748,100.00,-101.00,-1.010
1548,BUY,1.11539,1.11439,100.00,-100.00,-1.000
1549,BUY,1.11433,1.11333,100.00,-153.00,-1.530
1550,BUY,1.11291,1.11191,100.00,-103.00,-1.030
1551,SELL,1.11268,1.11368,100.00,112.00,1.120
1552,BUY,1.11137,1.11037,100.00,-102.00,-1.020
1553,BUY,1.11016,1.10916,100.00,-102.00,-1.020
1554,BUY,1.10877,1.10777,100.00,100.00,1.000
1555,BUY,1.10929,1.10829,100.00,101.00,1.010
1556,SELL,1.11046,1.11146,100.00,-100.00,-1.000
1557,SELL,1.11142,1.11242,100.00,-100.00,-1.000
1558,BUY,1.11094,1.10994,100.00,101.00,1.010
1559,SELL,1.11235,1.11335,100.00,-102.00,-1.020
1560,SELL,1.11332,1.11432,100.00,103.00,1.030
1561,BUY,1.11229,1.11129,100.00,102.00,1.020
1562,SELL,1.11399,1.11499,100.00,100.00,1.000
1563,BUY,1.11257,1.11157,100.00,-100.00,-1.000
1564,SELL,1.11152,1.11252,100.00,-100.00,-1.000
1565,SELL,1.11149,1.11249,100.00,-102.00,-1.020
1566,SELL,1.11314,1.11414,100.00,-100.00,-1.000
1567,BUY,1.11307,1.11207,100.00,100.00,1.000
1568,SELL,1.11444,1.11544,100.00,102.00,1.020
1569,SELL,1.11395,1.11495,100.00,-100.00,-1.000
1570,SELL,1.11507,1.11607,100.00,-105.00,-1.050
1571,SELL,1.11607,1.11707,100.00,100.00,1.000
1572,BUY,1.11490,1.11390,100.00,100.00,1.000
1573,BUY,1.11801,1.11701,100.00,100.00,1.000
1574,SELL,1.11937,1.12037,100.00,101.00,1.010
1575,SELL,1.11882,1.11982,100.00,-102.00,-1.020
1576,SELL,1.12013,1.12113,100.00,-100.00,-1.000
1577,SELL,1.12102,1.12202,100.00,102.00,1.020
1578,BUY,1.12000,1.11900,100.00,-108.00,-1.080
1579,BUY,1.11896,1.11796,100.00,-100.00,-1.000
1580,BUY,1.11800,1.11700,100.00,-108.00,-1.080
1581,BUY,1.11675,1.11575,100.00,-109.00,-1.090
1582,BUY,1.11509,1.11409,100.00,-105.00,-1.050
1583,BUY,1.11372,1.11272,100.00,-100.00,-1.000
1584,BUY,1.11271,1.11171,100.00,102.00,1.020
1585,SELL,1.11534,1.11634,100.00,101.00,1.010
1586,BUY,1.11433,1.11333,100.00,-101.00,-1.010
1587,BUY,1.11283,1.11183,100.00,104.00,1.040
1588,SELL,1.11409,1.11509,100.00,-101.00,-1.010
1589,SELL,1.11528,1.11628,100.00,-100.00,-1.000
1590,BUY,1.11555,1.11455,100.00,-102.00,-1.020
1591,SELL,1.11505,1.11605,100.00,102.00,1.020
1592,SELL,1.11437,1.11537,100.00,-100.00,-1.000
1593,BUY,1.11464,1.11364,100.00,102.00,1.020
1594,BUY,1.11535,1.11435,100.00,-100.00,-1.000
1595,BUY,1.11362,1.11262,100.00,-102.00,-1.020
1596,BUY,1.11266,1.11166,100.00,101.00,1.010
1597,SELL,1.11367,1.11467,100.00,-101.00,-1.010
1598,SELL,1.11465,1.11565,100.00,-102.00,-1.020
1599,SELL,1.11617,1.11717,100.00,-100.00,-1.000
1600,SELL,1.11713,1.11813,100.00,-101.00,-1.010
1601,SELL,1.11858,1.11958,100.00,102.00,1.020
1602,BUY,1.11756,1.11656,100.00,-100.70,-1.007
1603,SELL,1.11699,1.11799,100.00,138.00,1.380
1604,BUY,1.11561,1.11461,100.00,-110.00,-1.100
1605,BUY,1.11427,1.11327,100.00,-108.00,-1.080
1606,BUY,1.11292,1.11192,100.00,100.00,1.000
1607,SELL,1.11425,1.11525,100.00,-100.00,-1.000
1608,SELL,1.11541,1.11641,100.00,-100.00,-1.000
1609,SELL,1.11683,1.11783,100.00,100.00,1.000
1610,SELL,1.11600,1.11700,100.00,-106.00,-1.060
1611,SELL,1.11707,1.11807,100.00,-104.00,-1.040
1612,SELL,1.11807,1.11907,100.00,-100.00,-1.000
1613,SELL,1.11912,1.12012,100.00,-100.00,-1.000
1614,BUY,1.11946,1.11846,92.00,-93.84,-1.020
1615,BUY,1.11843,1.11743,85.00,-85.00,-1.000
1616,SELL,1.11810,1.11910,77.00,-77.00,-1.000
1617,BUY,1.11788,1.11688,71.00,-75.26,-1.060
1618,BUY,1.11687,1.11587,64.00,-64.00,-1.000
1619,BUY,1.11585,1.11485,59.00,-60.18,-1.020
1620,BUY,1.11576,1.11476,54.00,54.00,1.000
1621,SELL,1.11644,1.11744,58.00,-60.32,-1.040
1622,SELL,1.11776,1.11876,53.00,-53.00,-1.000
1623,SELL,1.11945,1.12045,49.00,-49.98,-1.020
1624,SELL,1.12047,1.12147,44.00,45.76,1.040
1625,BUY,1.11918,1.11818,48.00,48.00,1.000
1626,BUY,1.11875,1.11775,52.00,-52.00,-1.000
1627,BUY,1.11738,1.11638,48.00,-48.48,-1.010
1628,BUY,1.11636,1.11536,44.00,-44.88,-1.020
1629,BUY,1.11538,1.11438,40.00,-40.40,-1.010
1630,SELL,1.11505,1.11605,37.00,-37.00,-1.000
1631,SELL,1.11645,1.11745,34.00,34.34,1.010
1632,BUY,1.11520,1.11420,37.00,-37.00,-1.000
1633,BUY,1.11416,1.11316,33.00,33.33,1.010
1634,BUY,1.11535,1.11435,36.00,-36.36,-1.010
1635,BUY,1.11438,1.11338,33.00,-33.00,-1.000
1636,BUY,1.11342,1.11242,30.00,-30.30,-1.010
1637,BUY,1.11200,1.11100,28.00,28.00,1.000
1638,SELL,1.11325,1.11425,30.00,30.30,1.010
1639,SELL,1.11310,1.11410,33.00,-33.66,-1.020
1640,BUY,1.11326,1.11226,30.00,-30.30,-1.010
1641,BUY,1.11229,1.11129,27.00,-28.89,-1.070
1642,SELL,1.11185,1.11285,25.00,25.00,1.000
1643,BUY,1.11023,1.10923,27.00,27.27,1.010
1644,SELL,1.11200,1.11300,29.00,29.29,1.010
1645,BUY,1.11099,1.10999,32.00,-32.96,-1.030
1646,BUY,1.11000,1.10900,29.00,29.29,1.010
1647,SELL,1.11130,1.11230,32.00,32.00,1.000
1648,BUY,1.10954,1.10854,34.00,-34.00,-1.000
1649,SELL,1.10918,1.11018,31.00,31.00,1.000
1650,SELL,1.10864,1.10964,34.00,34.00,1.000
1651,BUY,1.10742,1.10642,37.00,-37.00,-1.000
1652,BUY,1.10647,1.10547,34.00,38.76,1.140
1653,SELL,1.10761,1.10861,37.00,-37.00,-1.000
1654,BUY,1.10742,1.10642,34.00,-34.34,-1.010
1655,BUY,1.10646,1.10546,31.00,-31.00,-1.000
1656,BUY,1.10551,1.10451,29.00,29.29,1.010
1657,SELL,1.10676,1.10776,31.00,31.00,1.000
1658,SELL,1.10712,1.10812,34.00,-35.36,-1.040
1659,BUY,1.10775,1.10675,31.00,-31.00,-1.000
1660,BUY,1.10670,1.10570,28.00,28.56,1.020
1661,BUY,1.10665,1.10565,30.00,-30.00,-1.000
1662,BUY,1.10539,1.10439,28.00,30.24,1.080
1663,SELL,1.10647,1.10747,30.00,30.30,1.010
1664,BUY,1.10497,1.10397,33.00,-33.00,-1.000
1665,BUY,1.10363,1.10263,30.00,30.00,1.000
1666,SELL,1.10533,1.10633,33.00,32.67,0.990
1667,BUY,1.10296,1.10196,36.00,37.08,1.030
1668,BUY,1.10291,1.10191,39.00,39.00,1.000
1669,SELL,1.10420,1.10520,42.00,43.26,1.030
1670,SELL,1.10389,1.10489,46.00,46.46,1.010
1671,SELL,1.10370,1.10470,50.00,65.50,1.310
1672,BUY,1.10239,1.10139,56.00,59.36,1.060
1673,SELL,1.10320,1.10420,61.00,61.00,1.000
1674,BUY,1.10209,1.10109,66.00,-66.66,-1.010
1675,BUY,1.10111,1.10011,60.00,60.00,1.000
1676,BUY,1.10146,1.10046,66.00,66.00,1.000
1677,SELL,1.10295,1.10395,71.00,-80.94,-1.140
1678,SELL,1.10346,1.10446,64.00,64.00,1.000
1679,SELL,1.10328,1.10428,70.00,193.20,2.760
1680,BUY,1.09742,1.09642,87.00,87.00,1.000
1681,SELL,1.09842,1.09942,94.00,97.76,1.040
1682,BUY,1.09605,1.09505,100.00,103.00,1.030
1683,SELL,1.09746,1.09846,100.00,103.00,1.030
1684,BUY,1.09643,1.09543,100.00,103.00,1.030
1685,SELL,1.09746,1.09846,100.00,100.00,1.000
1686,BUY,1.09646,1.09546,100.00,-101.00,-1.010
1687,SELL,1.09662,1.09762,100.00,-100.00,-1.000
1688,SELL,1.09769,1.09869,100.00,101.00,1.010
1689,BUY,1.09644,1.09544,100.00,103.00,1.030
1690,SELL,1.09747,1.09847,100.00,100.00,1.000
1691,BUY,1.09647,1.09547,100.00,-103.00,-1.030
1692,SELL,1.09688,1.09788,100.00,-100.00,-1.000
1693,SELL,1.09846,1.09946,100.00,100.00,1.000
1694,BUY,1.09716,1.09616,100.00,100.00,1.000
1695,SELL,1.09734,1.09834,100.00,-100.00,-1.000
1696,SELL,1.09925,1.10025,100.00,100.00,1.000
1697,BUY,1.09832,1.09732,100.00,-101.00,-1.010
1698,SELL,1.09838,1.09938,100.00,101.00,1.010
1699,BUY,1.09730,1.09630,100.00,-101.00,-1.010
1700,BUY,1.09707,1.09607,100.00,99.30,0.993
1701,SELL,1.09683,1.09783,100.00,102.00,1.020
1702,SELL,1.09563,1.09663,100.00,-100.00,-1.000
1703,BUY,1.09618,1.09518,100.00,-100.00,-1.000
1704,BUY,1.09492,1.09392,100.00,102.00,1.020
1705,SELL,1.09594,1.09694,100.00,101.00,1.010
1706,BUY,1.09400,1.09300,100.00,105.00,1.050
1707,SELL,1.09521,1.09621,100.00,100.00,1.000
1708,BUY,1.09332,1.09232,100.00,-181.00,-1.810
1709,BUY,1.09197,1.09097,100.00,-118.00,-1.180
1710,BUY,1.09400,1.09300,100.00,-102.00,-1.020
1711,SELL,1.09320,1.09420,100.00,-100.00,-1.000
1712,SELL,1.09419,1.09519,100.00,100.00,1.000
1713,BUY,1.09319,1.09219,100.00,-102.00,-1.020
1714,BUY,1.09178,1.09078,100.00,103.00,1.030
1715,BUY,1.09160,1.09060,100.00,-104.00,-1.040
1716,SELL,1.09061,1.09161,100.00,-103.00,-1.030
1717,BUY,1.09349,1.09249,100.00,-101.00,-1.010
1718,SELL,1.09329,1.09429,100.00,-102.00,-1.020
1719,SELL,1.09339,1.09439,100.00,-103.00,-1.030
1720,SELL,1.09453,1.09553,100.00,101.00,1.010
1721,BUY,1.09352,1.09252,100.00,104.00,1.040
1722,BUY,1.09428,1.09328,100.00,-100.00,-1.000
1723,BUY,1.09320,1.09220,100.00,-100.00,-1.000
1724,BUY,1.09181,1.09081,100.00,100.00,1.000
1725,SELL,1.09320,1.09420,100.00,102.00,1.020
1726,BUY,1.09101,1.09001,100.00,102.00,1.020
1727,SELL,1.09234,1.09334,100.00,100.00,1.000
1728,BUY,1.09111,1.09011,100.00,-101.00,-1.010
1729,BUY,1.08924,1.08824,100.00,103.00,1.030
1730,BUY,1.08871,1.08771,100.00,100.00,1.000
1731,SELL,1.09035,1.09135,100.00,-106.00,-1.060
1732,SELL,1.09143,1.09243,100.00,100.00,1.000
1733,BUY,1.09036,1.08936,100.00,100.00,1.000
1734,BUY,1.08944,1.08844,100.00,-100.00,-1.000
1735,BUY,1.08831,1.08731,100.00,100.00,1.000
1736,SELL,1.08967,1.09067,100.00,100.00,1.000
1737,SELL,1.08932,1.09032,100.00,101.00,1.010
1738,BUY,1.08732,1.08632,100.00,-100.00,-1.000
1739,BUY,1.08653,1.08553,100.00,101.00,1.010
1740,SELL,1.08754,1.08854,100.00,101.00,1.010
1741,SELL,1.08628,1.08728,100.00,-104.00,-1.040
1742,SELL,1.08727,1.08827,100.00,100.00,1.000
1743,BUY,1.08535,1.08435,100.00,-109.00,-1.090
1744,BUY,1.08376,1.08276,100.00,100.00,1.000
1745,SELL,1.08476,1.08576,100.00,106.00,1.060
1746,BUY,1.08370,1.08270,100.00,-100.00,-1.000
1747,BUY,1.08277,1.08177,100.00,-103.00,-1.030
1748,BUY,1.08206,1.08106,100.00,100.00,1.000
1749,SELL,1.08306,1.08406,100.00,104.00,1.040
1750,BUY,1.08202,1.08102,100.00,102.00,1.020
1751,SELL,1.08325,1.08425,100.00,101.00,1.010
1752,SELL,1.08540,1.08640,100.00,-104.00,-1.040
1753,BUY,1.08630,1.08530,100.00,-100.00,-1.000
1754,BUY,1.08409,1.08309,100.00,-100.00,-1.000
1755,BUY,1.08175,1.08075,100.00,99.30,0.993
1756,SELL,1.08349,1.08449,100.00,100.00,1.000
1757,BUY,1.08232,1.08132,100.00,-100.00,-1.000
1758,BUY,1.08073,1.07973,100.00,101.00,1.010
1759,BUY,1.08127,1.08027,100.00,-101.00,-1.010
1760,BUY,1.08031,1.07931,100.00,100.00,1.000
1761,BUY,1.08039,1.07939,100.00,-100.00,-1.000
1762,BUY,1.08017,1.07917,100.00,-100.00,-1.000
1763,BUY,1.07873,1.07773,100.00,-100.00,-1.000
1764,BUY,1.07717,1.07617,100.00,-106.00,-1.060
1765,SELL,1.07687,1.07787,100.00,-100.00,-1.000
1766,BUY,1.07748,1.07648,100.00,100.00,1.000
1767,BUY,1.07828,1.07728,100.00,-100.00,-1.000
1768,BUY,1.07735,1.07635,100.00,127.00,1.270
1769,SELL,1.07862,1.07962,100.00,-101.00,-1.010
1770,BUY,1.07894,1.07794,100.00,103.00,1.030
1771,SELL,1.08002,1.08102,100.00,100.00,1.000
1772,BUY,1.07902,1.07802,100.00,100.00,1.000
1773,BUY,1.07928,1.07828,100.00,100.00,1.000
1774,SELL,1.08097,1.08197,100.00,109.00,1.090
1775,BUY,1.07963,1.07863,100.00,103.00,1.030
1776,SELL,1.08092,1.08192,100.00,100.00,1.000
1777,BUY,1.07983,1.07883,100.00,102.00,1.020
1778,SELL,1.08316,1.08416,100.00,100.00,1.000
1779,SELL,1.08336,1.08436,100.00,100.00,1.000
1780,BUY,1.08142,1.08042,100.00,-100.00,-1.000
1781,BUY,1.07907,1.07807,100.00,101.00,1.010
1782,SELL,1.07956,1.08056,100.00,100.00,1.000
1783,BUY,1.08160,1.08060,100.00,112.00,1.120
1784,SELL,1.08275,1.08375,100.00,103.00,1.030
1785,SELL,1.08170,1.08270,100.00,102.00,1.020
1786,BUY,1.07900,1.07800,100.00,-101.00,-1.010
1787,BUY,1.07775,1.07675,100.00,101.00,1.010
1788,SELL,1.07876,1.07976,100.00,-191.00,-1.910
1789,SELL,1.08021,1.08121,100.00,100.00,1.000
1790,BUY,1.07921,1.07821,100.00,100.00,1.000
1791,SELL,1.08037,1.08137,100.00,100.00,1.000
1792,BUY,1.07899,1.07799,100.00,102.00,1.020
1793,SELL,1.08032,1.08132,100.00,101.00,1.010
1794,SELL,1.07990,1.08090,100.00,-100.00,-1.000
1795,SELL,1.08095,1.08195,100.00,-102.00,-1.020
1796,SELL,1.08240,1.08340,100.00,-110.00,-1.100
1797,SELL,1.08344,1.08444,100.00,-101.00,-1.010
1798,SELL,1.08440,1.08540,100.00,-102.00,-1.020
1799,SELL,1.08536,1.08636,100.00,102.00,1.020
1800,BUY,1.08372,1.08272,100.00,-100.00,-1.000
1801,BUY,1.08197,1.08097,100.00,-104.00,-1.040
1802,SELL,1.08148,1.08248,100.00,-100.00,-1.000
1803,SELL,1.08274,1.08374,100.00,-100.00,-1.000
1804,SELL,1.08375,1.08475,100.00,-102.00,-1.020
1805,BUY,1.08474,1.08374,100.00,100.00,1.000
1806,BUY,1.08513,1.08413,100.00,101.00,1.010
1807,BUY,1.08580,1.08480,100.00,100.00,1.000
1808,BUY,1.08647,1.08547,100.00,-103.00,-1.030
1809,SELL,1.08543,1.08643,100.00,-102.00,-1.020
1810,BUY,1.08691,1.08591,100.00,-100.00,-1.000
1811,BUY,1.08732,1.08632,100.00,100.00,1.000
1812,SELL,1.08817,1.08917,100.00,100.00,1.000
1813,BUY,1.08667,1.08567,100.00,-101.00,-1.010
1814,SELL,1.08644,1.08744,100.00,-100.00,-1.000
1815,SELL,1.08762,1.08862,100.00,101.00,1.010
1816,BUY,1.08602,1.08502,100.00,-103.00,-1.030
1817,BUY,1.08500,1.08400,100.00,100.00,1.000
1818,SELL,1.08622,1.08722,100.00,-100.00,-1.000
1819,BUY,1.08657,1.08557,100.00,102.00,1.020
1820,BUY,1.08669,1.08569,100.00,103.00,1.030
1821,SELL,1.08896,1.08996,100.00,-100.00,-1.000
1822,BUY,1.08992,1.08892,100.00,-101.00,-1.010
1823,BUY,1.08895,1.08795,100.00,-109.00,-1.090
1824,BUY,1.08792,1.08692,100.00,-100.00,-1.000
1825,BUY,1.08697,1.08597,100.00,-101.00,-1.010
1826,BUY,1.08601,1.08501,100.00,-100.00,-1.000
1827,BUY,1.08477,1.08377,100.00,-102.00,-1.020
1828,SELL,1.08755,1.08855,100.00,-104.00,-1.040
1829,BUY,1.08791,1.08691,100.00,105.00,1.050
1830,BUY,1.08883,1.08783,100.00,102.00,1.020
1831,BUY,1.09020,1.08920,100.00,-104.00,-1.040
1832,BUY,1.08810,1.08710,100.00,99.30,0.993
1833,SELL,1.09024,1.09124,100.00,116.00,1.160
1834,BUY,1.08908,1.08808,100.00,100.00,1.000
1835,BUY,1.08954,1.08854,100.00,101.00,1.010
1836,SELL,1.09089,1.09189,100.00,-101.00,-1.010
1837,BUY,1.09188,1.09088,100.00,105.00,1.050
1838,SELL,1.09293,1.09393,100.00,100.00,1.000
1839,BUY,1.09193,1.09093,100.00,-101.00,-1.010
1840,BUY,1.09012,1.08912,100.00,-113.00,-1.130
1841,BUY,1.08890,1.08790,100.00,-105.00,-1.050
1842,BUY,1.08741,1.08641,100.00,-102.00,-1.020
1843,SELL,1.08667,1.08767,100.00,100.00,1.000
1844,BUY,1.08549,1.08449,100.00,-100.00,-1.000
1845,BUY,1.08332,1.08232,100.00,108.00,1.080
1846,SELL,1.08492,1.08592,100.00,103.00,1.030
1847,BUY,1.08389,1.08289,100.00,-110.00,-1.100
1848,BUY,1.08314,1.08214,100.00,-102.00,-1.020
1849,SELL,1.08329,1.08429,100.00,-100.00,-1.000
1850,SELL,1.08424,1.08524,100.00,-105.00,-1.050
1851,SELL,1.08468,1.08568,100.00,107.00,1.070
1852,BUY,1.08361,1.08261,100.00,103.00,1.030
1853,SELL,1.08464,1.08564,100.00,102.00,1.020
1854,BUY,1.08362,1.08262,100.00,-105.00,-1.050
1855,BUY,1.08263,1.08163,100.00,-103.00,-1.030
1856,BUY,1.08150,1.08050,100.00,-108.00,-1.080
1857,SELL,1.08102,1.08202,100.00,106.00,1.060
1858,BUY,1.07996,1.07896,100.00,-102.00,-1.020
1859,BUY,1.07774,1.07674,100.00,-115.00,-1.150
1860,SELL,1.07802,1.07902,100.00,101.00,1.010
1861,BUY,1.07701,1.07601,100.00,101.00,1.010
1862,BUY,1.07768,1.07668,100.00,-101.00,-1.010
1863,BUY,1.07671,1.07571,100.00,-119.00,-1.190
1864,BUY,1.07556,1.07456,100.00,103.00,1.030
1865,SELL,1.07659,1.07759,100.00,-100.00,-1.000
1866,BUY,1.07619,1.07519,100.00,-112.00,-1.120
1867,BUY,1.07539,1.07439,100.00,101.00,1.010
1868,SELL,1.07653,1.07753,100.00,102.00,1.020
1869,BUY,1.07527,1.07427,100.00,-100.00,-1.000
1870,BUY,1.07339,1.07239,100.00,-111.00,-1.110
1871,SELL,1.07272,1.07372,100.00,-114.00,-1.140
1872,BUY,1.07302,1.07202,100.00,104.00,1.040
1873,SELL,1.07406,1.07506,100.00,-101.00,-1.010
1874,BUY,1.07404,1.07304,100.00,100.00,1.000
1875,SELL,1.07563,1.07663,100.00,-103.00,-1.030
1876,SELL,1.07598,1.07698,100.00,-103.00,-1.030
1877,SELL,1.07707,1.07807,100.00,-104.00,-1.040
1878,SELL,1.07749,1.07849,100.00,104.00,1.040
1879,SELL,1.07701,1.07801,100.00,-105.00,-1.050
1880,SELL,1.07832,1.07932,100.00,-100.00,-1.000
1881,SELL,1.07890,1.07990,100.00,107.00,1.070
1882,BUY,1.07736,1.07636,100.00,101.00,1.010
1883,SELL,1.07893,1.07993,100.00,103.00,1.030
1884,BUY,1.07790,1.07690,100.00,-101.00,-1.010
1885,SELL,1.07779,1.07879,100.00,102.00,1.020
1886,BUY,1.07665,1.07565,100.00,-100.00,-1.000
1887,BUY,1.07596,1.07496,100.00,-100.00,-1.000
1888,BUY,1.07503,1.07403,100.00,-100.00,-1.000
1889,BUY,1.07408,1.07308,100.00,-109.00,-1.090
1890,SELL,1.07353,1.07453,100.00,101.00,1.010
1891,BUY,1.07218,1.07118,100.00,-109.00,-1.090
1892,BUY,1.07097,1.06997,100.00,100.00,1.000
1893,SELL,1.07197,1.07297,100.00,102.00,1.020
1894,BUY,1.07095,1.06995,100.00,100.00,1.000
1895,SELL,1.07251,1.07351,100.00,-102.00,-1.020
1896,SELL,1.07368,1.07468,100.00,-104.00,-1.040
1897,SELL,1.07467,1.07567,100.00,103.00,1.030
1898,BUY,1.07350,1.07250,100.00,101.00,1.010
1899,SELL,1.07451,1.07551,100.00,102.00,1.020
1900,BUY,1.07376,1.07276,100.00,102.00,1.020
1901,SELL,1.07486,1.07586,100.00,-104.00,-1.040
1902,SELL,1.07582,1.07682,100.00,-107.00,-1.070
1903,SELL,1.07635,1.07735,100.00,-100.00,-1.000
1904,SELL,1.07731,1.07831,100.00,100.00,1.000
1905,BUY,1.07631,1.07531,100.00,100.00,1.000
1906,SELL,1.07731,1.07831,100.00,100.00,1.000
1907,BUY,1.07629,1.07529,100.00,-104.00,-1.040
1908,BUY,1.07529,1.07429,100.00,102.00,1.020
1909,BUY,1.07573,1.07473,100.00,-100.00,-1.000
1910,SELL,1.07541,1.07641,100.00,103.00,1.030
1911,BUY,1.07417,1.07317,100.00,-101.00,-1.010
1912,BUY,1.07259,1.07159,100.00,-103.00,-1.030
1913,BUY,1.07163,1.07063,100.00,-101.00,-1.010
1914,BUY,1.07061,1.06961,100.00,101.00,1.010
1915,SELL,1.07162,1.07262,100.00,103.00,1.030
1916,BUY,1.07017,1.06917,100.00,-103.00,-1.030
1917,BUY,1.06919,1.06819,100.00,102.00,1.020
1918,SELL,1.07021,1.07121,100.00,-101.00,-1.010
1919,SELL,1.07110,1.07210,100.00,100.00,1.000
1920,BUY,1.06997,1.06897,100.00,102.00,1.020
1921,SELL,1.07099,1.07199,100.00,-102.00,-1.020
1922,SELL,1.07196,1.07296,100.00,100.00,1.000
1923,BUY,1.07096,1.06996,100.00,-102.00,-1.020
1924,SELL,1.07120,1.07220,100.00,102.00,1.020
1925,BUY,1.07018,1.06918,100.00,101.00,1.010
1926,SELL,1.07169,1.07269,100.00,-104.00,-1.040
1927,SELL,1.07239,1.07339,100.00,-104.00,-1.040
1928,SELL,1.07338,1.07438,100.00,100.00,1.000
1929,BUY,1.07238,1.07138,100.00,103.00,1.030
1930,SELL,1.07341,1.07441,100.00,-100.00,-1.000
1931,SELL,1.07436,1.07536,100.00,101.00,1.010
1932,BUY,1.07314,1.07214,100.00,105.00,1.050
1933,SELL,1.07411,1.07511,100.00,100.00,1.000
1934,SELL,1.07325,1.07425,100.00,-101.00,-1.010
1935,SELL,1.07420,1.07520,100.00,-100.00,-1.000
1936,SELL,1.07515,1.07615,100.00,102.00,1.020
1937,BUY,1.07413,1.07313,100.00,-102.00,-1.020
1938,BUY,1.07286,1.07186,100.00,-100.00,-1.000
1939,BUY,1.07190,1.07090,100.00,104.00,1.040
1940,SELL,1.07424,1.07524,100.00,-106.00,-1.060
1941,SELL,1.07563,1.07663,100.00,-101.00,-1.010
1942,SELL,1.07675,1.07775,100.00,102.00,1.020
1943,BUY,1.07573,1.07473,100.00,100.00,1.000
1944,SELL,1.07673,1.07773,100.00,100.00,1.000
1945,BUY,1.07606,1.07506,100.00,-102.00,-1.020
1946,SELL,1.07513,1.07613,100.00,-101.00,-1.010
1947,SELL,1.07617,1.07717,100.00,100.00,1.000
1948,SELL,1.07602,1.07702,100.00,-100.00,-1.000
1949,SELL,1.07733,1.07833,100.00,-100.00,-1.000
1950,SELL,1.07839,1.07939,100.00,-104.00,-1.040
1951,BUY,1.07876,1.07776,100.00,101.00,1.010
1952,SELL,1.08003,1.08103,100.00,-100.00,-1.000
1953,SELL,1.08143,1.08243,100.00,-109.00,-1.090
1954,SELL,1.08243,1.08343,100.00,103.00,1.030
1955,BUY,1.08140,1.08040,100.00,-101.00,-1.010
1956,BUY,1.08043,1.07943,100.00,-103.00,-1.030
1957,BUY,1.07916,1.07816,100.00,101.00,1.010
1958,BUY,1.07998,1.07898,100.00,-101.00,-1.010
1959,BUY,1.07906,1.07806,100.00,-107.00,-1.070
1960,SELL,1.07822,1.07922,100.00,-105.00,-1.050
1961,BUY,1.07843,1.07743,89.00,94.34,1.060
1962,SELL,1.07949,1.08049,100.00,109.00,1.090
1963,BUY,1.07725,1.07625,100.00,101.00,1.010
1964,SELL,1.07846,1.07946,100.00,-100.00,-1.000
1965,SELL,1.07966,1.08066,100.00,105.00,1.050
1966,SELL,1.07860,1.07960,100.00,-104.00,-1.040
1967,BUY,1.07947,1.07847,100.00,102.00,1.020
1968,SELL,1.08049,1.08149,100.00,104.00,1.040
1969,SELL,1.08021,1.08121,100.00,103.00,1.030
1970,BUY,1.07907,1.07807,100.00,-100.00,-1.000
1971,SELL,1.07871,1.07971,100.00,100.00,1.000
1972,BUY,1.07770,1.07670,100.00,-100.00,-1.000
1973,BUY,1.07675,1.07575,100.00,100.00,1.000
1974,SELL,1.07775,1.07875,100.00,-107.00,-1.070
1975,BUY,1.07841,1.07741,100.00,-100.00,-1.000
1976,BUY,1.07746,1.07646,100.00,102.00,1.020
1977,SELL,1.07907,1.08007,100.00,101.00,1.010
1978,BUY,1.07762,1.07662,100.00,-101.00,-1.010
1979,BUY,1.07666,1.07566,100.00,-100.00,-1.000
1980,BUY,1.07570,1.07470,100.00,-109.00,-1.090
1981,BUY,1.07467,1.07367,100.00,103.00,1.030
1982,SELL,1.07570,1.07670,100.00,101.00,1.010
1983,BUY,1.07456,1.07356,100.00,-101.00,-1.010
1984,BUY,1.07206,1.07106,100.00,-101.00,-1.010
1985,BUY,1.07110,1.07010,100.00,-100.00,-1.000
1986,BUY,1.07016,1.06916,100.00,-108.00,-1.080
1987,BUY,1.06916,1.06816,89.00,92.56,1.040
1988,BUY,1.06965,1.06865,100.00,100.00,1.000
1989,SELL,1.07077,1.07177,100.00,-102.00,-1.020
1990,SELL,1.07186,1.07286,100.00,102.00,1.020
1991,SELL,1.07066,1.07166,100.00,-100.00,-1.000
1992,BUY,1.07100,1.07000,100.00,101.00,1.010
1993,SELL,1.07268,1.07368,100.00,100.00,1.000
1994,BUY,1.07129,1.07029,100.00,-104.00,-1.040
1995,BUY,1.07029,1.06929,100.00,-100.00,-1.000
1996,BUY,1.06928,1.06828,100.00,-101.00,-1.010
1997,BUY,1.06832,1.06732,88.00,95.04,1.080
1998,BUY,1.06876,1.06776,100.00,-104.00,-1.040
1999,BUY,1.06771,1.06671,87.00,87.87,1.010
2000,BUY,1.06747,1.06647,100.00,-105.00,-1.050
2001,BUY,1.06647,1.06547,86.00,-86.00,-1.000
2002,SELL,1.06587,1.06687,78.00,85.80,1.100
2003,BUY,1.06454,1.06354,86.00,86.00,1.000
2004,SELL,1.06554,1.06654,94.00,94.94,1.010
2005,BUY,1.06389,1.06289,100.00,-102.00,-1.020
2006,BUY,1.06291,1.06191,93.00,95.79,1.030
2007,SELL,1.06410,1.06510,100.00,-102.00,-1.020
2008,SELL,1.06540,1.06640,92.00,-95.68,-1.040
2009,SELL,1.06497,1.06597,84.00,84.84,1.010
2010,SELL,1.06434,1.06534,92.00,92.00,1.000
2011,BUY,1.06315,1.06215,100.00,-101.00,-1.010
2012,BUY,1.06200,1.06100,91.00,92.82,1.020
2013,BUY,1.06223,1.06123,100.00,-100.00,-1.000
2014,SELL,1.06246,1.06346,90.00,93.60,1.040
2015,BUY,1.06142,1.06042,100.00,100.00,1.000
2016,SELL,1.06254,1.06354,100.00,100.00,1.000
2017,SELL,1.06203,1.06303,100.00,105.00,1.050
2018,SELL,1.06135,1.06235,100.00,100.00,1.000
2019,BUY,1.05974,1.05874,100.00,100.00,1.000
2020,SELL,1.06074,1.06174,100.00,-100.00,-1.000
2021,SELL,1.06234,1.06334,100.00,99.00,0.990
2022,SELL,1.06219,1.06319,100.00,100.00,1.000
2023,BUY,1.06090,1.05990,100.00,-104.00,-1.040
2024,BUY,1.05981,1.05881,100.00,102.00,1.020
2025,SELL,1.06089,1.06189,100.00,-100.00,-1.000
2026,SELL,1.06210,1.06310,100.00,101.00,1.010
2027,SELL,1.06182,1.06282,100.00,-100.00,-1.000
2028,SELL,1.06278,1.06378,100.00,-100.00,-1.000
2029,SELL,1.06372,1.06472,100.00,100.00,1.000
2030,SELL,1.06306,1.06406,100.00,-106.00,-1.060
2031,SELL,1.06380,1.06480,100.00,-117.00,-1.170
2032,SELL,1.06474,1.06574,100.00,100.00,1.000
2033,BUY,1.06374,1.06274,100.00,-100.00,-1.000
2034,BUY,1.06265,1.06165,100.00,101.00,1.010
2035,SELL,1.06350,1.06450,100.00,101.00,1.010
2036,BUY,1.06249,1.06149,100.00,-103.00,-1.030
2037,BUY,1.06150,1.06050,100.00,-104.00,-1.040
2038,BUY,1.06040,1.05940,100.00,103.00,1.030
2039,SELL,1.06148,1.06248,100.00,107.00,1.070
2040,BUY,1.06032,1.05932,100.00,-101.00,-1.010
2041,BUY,1.05879,1.05779,100.00,-101.00,-1.010
2042,BUY,1.05747,1.05647,100.00,-110.00,-1.100
2043,SELL,1.05680,1.05780,100.00,-101.00,-1.010
2044,SELL,1.05775,1.05875,100.00,-100.00,-1.000
2045,BUY,1.05789,1.05689,100.00,101.00,1.010
2046,SELL,1.05892,1.05992,100.00,104.00,1.040
2047,BUY,1.05778,1.05678,100.00,-100.00,-1.000
2048,SELL,1.05741,1.05841,100.00,100.00,1.000
2049,BUY,1.05630,1.05530,100.00,103.00,1.030
2050,SELL,1.05733,1.05833,100.00,100.00,1.000
2051,BUY,1.05620,1.05520,100.00,102.00,1.020
2052,BUY,1.05606,1.05506,100.00,-100.00,-1.000
2053,BUY,1.05364,1.05264,100.00,100.00,1.000
2054,SELL,1.05482,1.05582,100.00,103.00,1.030
2055,BUY,1.05339,1.05239,100.00,-100.00,-1.000
2056,BUY,1.05232,1.05132,100.00,-102.00,-1.020
2057,BUY,1.05128,1.05028,100.00,-113.00,-1.130
2058,SELL,1.05115,1.05215,100.00,100.00,1.000
2059,BUY,1.05015,1.04915,100.00,100.00,1.000
2060,SELL,1.05132,1.05232,100.00,-100.00,-1.000
2061,SELL,1.05257,1.05357,100.00,-104.00,-1.040
2062,SELL,1.05375,1.05475,100.00,108.00,1.080
2063,BUY,1.05267,1.05167,100.00,-102.00,-1.020
2064,BUY,1.05169,1.05069,100.00,102.00,1.020
2065,SELL,1.05272,1.05372,100.00,-101.00,-1.010
2066,SELL,1.05369,1.05469,100.00,-102.00,-1.020
2067,SELL,1.05478,1.05578,100.00,-109.00,-1.090
2068,SELL,1.05595,1.05695,100.00,108.00,1.080
2069,SELL,1.05575,1.05675,100.00,-102.00,-1.020
2070,SELL,1.05673,1.05773,100.00,-100.00,-1.000
2071,SELL,1.05768,1.05868,100.00,103.00,1.030
2072,BUY,1.05657,1.05557,100.00,100.00,1.000
2073,BUY,1.05700,1.05600,100.00,105.00,1.050
2074,SELL,1.05805,1.05905,100.00,104.00,1.040
2075,BUY,1.05649,1.05549,100.00,-100.00,-1.000
2076,BUY,1.05451,1.05351,100.00,-100.00,-1.000
2077,BUY,1.05248,1.05148,100.00,-101.00,-1.010
2078,SELL,1.05215,1.05315,100.00,-101.00,-1.010
2079,BUY,1.05244,1.05144,100.00,-100.00,-1.000
2080,BUY,1.05148,1.05048,89.00,89.00,1.000
2081,SELL,1.05255,1.05355,100.00,-152.00,-1.520
2082,SELL,1.05392,1.05492,83.00,-83.00,-1.000
2083,SELL,1.05533,1.05633,75.00,-75.00,-1.000
2084,SELL,1.05628,1.05728,68.00,69.36,1.020
2085,SELL,1.05705,1.05805,75.00,75.00,1.000
2086,BUY,1.05627,1.05527,81.00,81.00,1.000
2087,SELL,1.05727,1.05827,89.00,-94.34,-1.060
2088,SELL,1.05875,1.05975,80.00,97.60,1.220
2089,BUY,1.05753,1.05653,89.00,89.89,1.010
2090,SELL,1.05662,1.05762,100.00,-100.00,-1.000
2091,BUY,1.05691,1.05591,88.00,-88.88,-1.010
2092,BUY,1.05531,1.05431,80.00,-80.00,-1.000
2093,BUY,1.05435,1.05335,73.00,-73.73,-1.010
2094,BUY,1.05317,1.05217,66.00,66.00,1.000
2095,SELL,1.05417,1.05517,72.00,72.72,1.010
2096,BUY,1.05291,1.05191,79.00,80.58,1.020
2097,SELL,1.05393,1.05493,86.00,86.00,1.000
2098,BUY,1.05306,1.05206,94.00,95.88,1.020
2099,SELL,1.05408,1.05508,100.00,-100.00,-1.000
2100,SELL,1.05562,1.05662,93.00,93.93,1.010
2101,BUY,1.05426,1.05326,100.00,101.00,1.010
2102,SELL,1.05537,1.05637,100.00,101.00,1.010
2103,BUY,1.05183,1.05083,100.00,100.00,1.000
2104,SELL,1.05392,1.05492,100.00,-101.00,-1.010
2105,BUY,1.05436,1.05336,100.00,-100.00,-1.000
2106,BUY,1.05395,1.05295,100.00,100.00,1.000
2107,SELL,1.05556,1.05656,100.00,100.00,1.000
2108,SELL,1.05590,1.05690,100.00,-100.00,-1.000
2109,BUY,1.05552,1.05452,100.00,-100.00,-1.000
2110,BUY,1.05433,1.05333,100.00,-100.00,-1.000
2111,SELL,1.05539,1.05639,100.00,-101.00,-1.010
2112,SELL,1.05661,1.05761,93.00,-93.00,-1.000
2113,SELL,1.05830,1.05930,84.00,-84.00,-1.000
2114,SELL,1.06048,1.06148,77.00,77.00,1.000
2115,SELL,1.05929,1.06029,84.00,84.00,1.000
2116,BUY,1.05829,1.05729,91.00,-95.55,-1.050
2117,BUY,1.05729,1.05629,83.00,-85.49,-1.030
2118,SELL,1.05741,1.05841,75.00,75.75,1.010
2119,BUY,1.05640,1.05540,82.00,-83.64,-1.020
2120,BUY,1.05327,1.05227,75.00,75.00,1.000
2121,BUY,1.05396,1.05296,81.00,83.43,1.030
2122,SELL,1.05523,1.05623,89.00,-91.67,-1.030
2123,SELL,1.05631,1.05731,80.00,80.00,1.000
2124,SELL,1.05784,1.05884,87.00,-87.00,-1.000
2125,SELL,1.05898,1.05998,80.00,80.00,1.000
2126,BUY,1.05798,1.05698,87.00,87.00,1.000
2127,SELL,1.05898,1.05998,100.00,100.00,1.000
2128,BUY,1.05779,1.05679,100.00,-100.00,-1.000
2129,BUY,1.05676,1.05576,100.00,100.00,1.000
2130,SELL,1.05799,1.05899,100.00,-100.00,-1.000
2131,SELL,1.05895,1.05995,100.00,-103.00,-1.030
2132,SELL,1.05994,1.06094,85.00,85.00,1.000
2133,BUY,1.05863,1.05763,93.00,-94.86,-1.020
2134,BUY,1.05719,1.05619,85.00,87.55,1.030
2135,SELL,1.05826,1.05926,92.00,96.60,1.050
2136,BUY,1.05721,1.05621,100.00,102.00,1.020
2137,BUY,1.05840,1.05740,100.00,100.00,1.000
2138,SELL,1.05972,1.06072,100.00,-100.00,-1.000
2139,BUY,1.05887,1.05787,100.00,-102.00,-1.020
2140,BUY,1.05786,1.05686,100.00,-100.00,-1.000
2141,BUY,1.05680,1.05580,92.00,-92.92,-1.010
2142,SELL,1.05634,1.05734,84.00,84.00,1.000
2143,BUY,1.05534,1.05434,91.00,92.82,1.020
2144,SELL,1.05636,1.05736,100.00,101.00,1.010
2145,SELL,1.05558,1.05658,100.00,-100.00,-1.000
2146,BUY,1.05591,1.05491,100.00,-100.00,-1.000
2147,BUY,1.05487,1.05387,91.00,-94.64,-1.040
2148,BUY,1.05376,1.05276,83.00,-85.49,-1.030
2149,SELL,1.05430,1.05530,75.00,76.50,1.020
2150,BUY,1.05328,1.05228,82.00,-85.28,-1.040
2151,SELL,1.05306,1.05406,74.00,74.74,1.010
2152,BUY,1.05185,1.05085,81.00,-81.81,-1.010
2153,BUY,1.05089,1.04989,74.00,74.00,1.000
2154,BUY,1.05105,1.05005,80.00,80.00,1.000
2155,SELL,1.05333,1.05433,87.00,-87.00,-1.000
2156,SELL,1.05438,1.05538,79.00,-81.37,-1.030
2157,BUY,1.05397,1.05297,72.00,-73.44,-1.020
2158,BUY,1.05308,1.05208,65.00,65.65,1.010
2159,BUY,1.05360,1.05260,71.00,-71.00,-1.000
2160,BUY,1.05217,1.05117,65.00,65.00,1.000
2161,BUY,1.05301,1.05201,71.00,-71.00,-1.000
2162,BUY,1.05209,1.05109,65.00,66.95,1.030
2163,SELL,1.05350,1.05450,70.00,71.40,1.020
2164,BUY,1.05248,1.05148,77.00,77.77,1.010
2165,SELL,1.05350,1.05450,84.00,-84.00,-1.000
2166,SELL,1.05445,1.05545,76.00,78.28,1.030
2167,BUY,1.05341,1.05241,83.00,-85.49,-1.030
2168,BUY,1.05243,1.05143,76.00,-76.00,-1.000
2169,BUY,1.05154,1.05054,69.00,-71.07,-1.030
2170,BUY,1.05055,1.04955,63.00,-63.00,-1.000
2171,BUY,1.04959,1.04859,57.00,-57.00,-1.000
2172,BUY,1.04786,1.04686,52.00,52.00,1.000
2173,BUY,1.04855,1.04755,57.00,-57.00,-1.000
2174,BUY,1.04750,1.04650,51.00,-52.53,-1.030
2175,BUY,1.04651,1.04551,47.00,47.47,1.010
2176,SELL,1.04752,1.04852,51.00,52.53,1.030
2177,SELL,1.04756,1.04856,56.00,-56.00,-1.000
2178,BUY,1.04784,1.04684,51.00,51.51,1.010
2179,BUY,1.04781,1.04681,55.00,-55.39,-1.007
2180,SELL,1.04730,1.04830,50.00,50.50,1.010
2181,BUY,1.04648,1.04548,55.00,56.65,1.030
2182,SELL,1.04751,1.04851,60.00,-62.40,-1.040
2183,SELL,1.04862,1.04962,54.00,-54.00,-1.000
2184,BUY,1.04802,1.04702,49.00,-58.80,-1.200
2185,SELL,1.04810,1.04910,44.00,49.72,1.130
2186,BUY,1.04736,1.04636,49.00,-49.49,-1.010
2187,BUY,1.04640,1.04540,44.00,-47.08,-1.070
2188,BUY,1.04546,1.04446,40.00,-43.60,-1.090
2189,BUY,1.04326,1.04226,36.00,36.00,1.000
2190,BUY,1.04287,1.04187,39.00,-39.00,-1.000
2191,BUY,1.03650,1.03550,36.00,-37.08,-1.030
2192,SELL,1.03847,1.03947,33.00,-33.66,-1.020
2193,SELL,1.03949,1.04049,30.00,-30.30,-1.010
2194,SELL,1.04044,1.04144,27.00,-27.54,-1.020
2195,SELL,1.04140,1.04240,24.00,24.72,1.030
2196,BUY,1.04037,1.03937,26.00,-26.78,-1.030
2197,BUY,1.03899,1.03799,24.00,24.00,1.000
2198,SELL,1.04030,1.04130,26.00,-26.26,-1.010
2199,SELL,1.04133,1.04233,24.00,-25.44,-1.060
2200,SELL,1.04234,1.04334,21.00,-21.00,-1.000
2201,SELL,1.04329,1.04429,20.00,20.00,1.000
2202,BUY,1.04229,1.04129,21.00,-22.05,-1.050
2203,BUY,1.04128,1.04028,19.00,-20.14,-1.060
2204,SELL,1.04061,1.04161,18.00,-18.36,-1.020
2205,SELL,1.04176,1.04276,16.00,-16.00,-1.000
2206,BUY,1.04205,1.04105,14.00,14.14,1.010
2207,SELL,1.04312,1.04412,16.00,16.00,1.000
2208,BUY,1.04179,1.04079,17.00,-17.68,-1.040
2209,BUY,1.04081,1.03981,16.00,-17.92,-1.120
2210,BUY,1.03976,1.03876,14.00,14.00,1.000
2211,SELL,1.04132,1.04232,15.00,15.15,1.010
2212,BUY,1.04031,1.03931,17.00,-17.00,-1.000
2213,SELL,1.04036,1.04136,15.00,-15.00,-1.000
2214,SELL,1.04167,1.04267,14.00,-93.52,-6.680
2215,SELL,1.04799,1.04899,5.00,5.15,1.030
2216,BUY,1.04667,1.04567,6.00,6.48,1.080
2217,SELL,1.04775,1.04875,6.00,-6.42,-1.070
2218,SELL,1.04888,1.04988,6.00,-6.06,-1.010
2219,SELL,1.04982,1.05082,5.00,5.35,1.070
2220,BUY,1.04863,1.04763,5.00,-5.15,-1.030
2221,SELL,1.04789,1.04889,5.00,-5.10,-1.020
2222,BUY,1.04820,1.04720,5.00,-5.15,-1.030
2223,BUY,1.04699,1.04599,4.00,-4.00,-1.000
2224,BUY,1.04558,1.04458,4.00,4.00,1.000
2225,SELL,1.04658,1.04758,4.00,-4.28,-1.070
2226,SELL,1.04825,1.04925,4.00,4.08,1.020
2227,SELL,1.04798,1.04898,4.00,-4.04,-1.010
2228,BUY,1.04860,1.04760,4.00,4.00,1.000
2229,SELL,1.04968,1.05068,4.00,4.00,1.000
2230,BUY,1.04868,1.04768,4.00,-4.12,-1.030
2231,BUY,1.04771,1.04671,4.00,4.00,1.000
2232,SELL,1.04880,1.04980,4.00,-4.00,-1.000
2233,SELL,1.04975,1.05075,4.00,-4.04,-1.010
2234,SELL,1.05070,1.05170,4.00,-4.08,-1.020
2235,SELL,1.05202,1.05302,3.00,-3.12,-1.040
2236,SELL,1.05300,1.05400,3.00,3.06,1.020
2237,BUY,1.05185,1.05085,3.00,-3.09,-1.030
2238,BUY,1.05061,1.04961,3.00,-3.00,-1.000
2239,BUY,1.04966,1.04866,3.00,-3.03,-1.010
2240,BUY,1.04909,1.04809,2.00,2.00,1.000
2241,SELL,1.05097,1.05197,3.00,3.00,1.000
2242,BUY,1.04997,1.04897,3.00,-3.06,-1.020
2243,BUY,1.04892,1.04792,3.00,-3.09,-1.030
2244,BUY,1.04794,1.04694,2.00,-2.48,-1.240
2245,BUY,1.04697,1.04597,2.00,2.08,1.040
2246,SELL,1.04801,1.04901,2.00,-2.12,-1.060
2247,SELL,1.04910,1.05010,2.00,-2.04,-1.020
2248,SELL,1.05019,1.05119,2.00,2.00,1.000
2249,BUY,1.04918,1.04818,2.00,-2.10,-1.050
2250,BUY,1.04735,1.04635,2.00,-2.00,-1.000
2251,BUY,1.04625,1.04525,2.00,-2.06,-1.030
2252,BUY,1.04484,1.04384,2.00,-2.22,-1.110
2253,SELL,1.04532,1.04632,1.00,1.09,1.090
2254,BUY,1.04414,1.04314,1.00,-1.02,-1.020
2255,BUY,1.04273,1.04173,1.00,1.00,1.000
2256,SELL,1.04444,1.04544,1.00,-1.08,-1.080
2257,BUY,1.04482,1.04382,1.00,-1.00,-1.000
2258,BUY,1.04387,1.04287,1.00,1.07,1.070
2259,SELL,1.04525,1.04625,1.00,-1.01,-1.010
2260,SELL,1.04622,1.04722,1.00,1.00,1.000
2261,BUY,1.04514,1.04414,1.00,1.00,1.000
2262,SELL,1.04628,1.04728,1.00,-1.01,-1.010
2263,SELL,1.04736,1.04836,1.00,-1.09,-1.090
2264,SELL,1.04839,1.04939,1.00,1.02,1.020
2265,SELL,1.04814,1.04914,1.00,1.04,1.040
2266,SELL,1.04809,1.04909,1.00,-1.06,-1.060
2267,SELL,1.04926,1.05026,1.00,-1.10,-1.100
2268,SELL,1.05032,1.05132,1.00,-1.01,-1.010
2269,SELL,1.05128,1.05228,1.00,1.01,1.010
2270,BUY,1.05027,1.04927,1.00,-1.01,-1.010
2271,BUY,1.04931,1.04831,1.00,1.03,1.030
2272,SELL,1.05034,1.05134,1.00,-1.02,-1.020
2273,BUY,1.05066,1.04966,1.00,1.00,1.000
2274,BUY,1.05128,1.05028,1.00,1.06,1.060
2275,SELL,1.05234,1.05334,1.00,-1.12,-1.120
2276,SELL,1.05409,1.05509,1.00,1.01,1.010
2277,BUY,1.05304,1.05204,1.00,1.00,1.000
2278,SELL,1.05419,1.05519,1.00,1.00,1.000
2279,BUY,1.05319,1.05219,2.00,-2.00,-1.000
2280,BUY,1.05190,1.05090,1.00,-1.10,-1.100
2281,BUY,1.05087,1.04987,1.00,-1.00,-1.000
2282,BUY,1.04986,1.04886,1.00,1.02,1.020
2283,SELL,1.05088,1.05188,1.00,1.06,1.060
2284,SELL,1.05046,1.05146,1.00,1.03,1.030
2285,BUY,1.04943,1.04843,1.00,-1.00,-1.000
2286,BUY,1.04835,1.04735,1.00,-1.02,-1.020
2287,BUY,1.04738,1.04638,1.00,-1.03,-1.030
2288,BUY,1.04641,1.04541,1.00,1.01,1.010
2289,SELL,1.04779,1.04879,1.00,1.03,1.030
2290,BUY,1.04664,1.04564,1.00,1.01,1.010
2291,SELL,1.04765,1.04865,1.00,1.12,1.120
2292,BUY,1.04647,1.04547,2.00,2.00,1.000
2293,SELL,1.04749,1.04849,2.00,-2.02,-1.010
2294,SELL,1.04871,1.04971,2.00,-2.08,-1.040
2295,SELL,1.04848,1.04948,1.00,-1.03,-1.030
2296,SELL,1.04977,1.05077,1.00,-1.05,-1.050
2297,SELL,1.05079,1.05179,1.00,-1.06,-1.060
2298,SELL,1.05197,1.05297,1.00,-1.06,-1.060
2299,BUY,1.05245,1.05145,1.00,-1.05,-1.050
2300,BUY,1.05138,1.05038,1.00,1.00,1.000
2301,SELL,1.05268,1.05368,1.00,1.00,1.000
2302,BUY,1.05129,1.05029,1.00,1.01,1.010
2303,BUY,1.05185,1.05085,1.00,1.00,1.000
2304,SELL,1.05268,1.05368,1.00,-1.04,-1.040
2305,SELL,1.05367,1.05467,1.00,1.02,1.020
2306,BUY,1.05265,1.05165,1.00,1.01,1.010
2307,SELL,1.05366,1.05466,1.00,-1.01,-1.010
2308,SELL,1.05480,1.05580,1.00,-1.03,-1.030
2309,SELL,1.05576,1.05676,1.00,1.01,1.010
2310,SELL,1.05547,1.05647,1.00,-1.03,-1.030
2311,SELL,1.05707,1.05807,1.00,1.02,1.020
2312,BUY,1.05604,1.05504,1.00,-1.03,-1.030
2313,SELL,1.05565,1.05665,1.00,1.02,1.020
2314,BUY,1.05463,1.05363,1.00,-1.00,-1.000
2315,SELL,1.05461,1.05561,1.00,1.00,1.000
2316,BUY,1.05361,1.05261,1.00,1.01,1.010
2317,SELL,1.05462,1.05562,1.00,-1.05,-1.050
2318,SELL,1.05562,1.05662,1.00,-1.01,-1.010
2319,SELL,1.05658,1.05758,1.00,-1.01,-1.010
2320,SELL,1.05752,1.05852,1.00,1.01,1.010
2321,BUY,1.05651,1.05551,1.00,-1.00,-1.000
2322,SELL,1.05627,1.05727,1.00,-1.02,-1.020
2323,SELL,1.05728,1.05828,1.00,-1.07,-1.070
2324,SELL,1.05838,1.05938,1.00,1.00,1.000
2325,SELL,1.05803,1.05903,1.00,1.02,1.020
2326,BUY,1.05575,1.05475,1.00,-1.01,-1.010
2327,BUY,1.05453,1.05353,1.00,-1.00,-1.000
2328,SELL,1.05378,1.05478,1.00,-1.02,-1.020
2329,SELL,1.05475,1.05575,1.00,1.09,1.090
2330,BUY,1.05366,1.05266,1.00,1.01,1.010
2331,SELL,1.05534,1.05634,1.00,1.00,1.000
2332,BUY,1.05361,1.05261,1.00,1.00,1.000
2333,BUY,1.05465,1.05365,1.00,-1.01,-1.010
2334,BUY,1.05368,1.05268,1.00,1.03,1.030
2335,SELL,1.05494,1.05594,1.00,-1.03,-1.030
2336,SELL,1.05523,1.05623,1.00,-1.03,-1.030
2337,SELL,1.05709,1.05809,1.00,1.00,1.000
2338,SELL,1.05726,1.05826,1.00,1.01,1.010
2339,SELL,1.05941,1.06041,1.00,1.00,1.000
2340,BUY,1.05816,1.05716,1.00,-1.00,-1.000
2341,BUY,1.05688,1.05588,1.00,1.00,1.000
2342,SELL,1.05809,1.05909,1.00,1.00,1.000
2343,BUY,1.05709,1.05609,1.00,-1.00,-1.000
2344,BUY,1.05614,1.05514,1.00,1.02,1.020
2345,SELL,1.05716,1.05816,1.00,1.03,1.030
2346,BUY,1.05613,1.05513,1.00,-1.08,-1.080
2347,SELL,1.05585,1.05685,1.00,-1.00,-1.000
2348,SELL,1.05621,1.05721,1.00,1.00,1.000
2349,BUY,1.05514,1.05414,1.00,1.04,1.040
2350,BUY,1.05569,1.05469,1.00,-1.05,-1.050
2351,SELL,1.05526,1.05626,1.00,-1.09,-1.090
2352,SELL,1.05630,1.05730,1.00,1.01,1.010
2353,BUY,1.05529,1.05429,1.00,-1.00,-1.000
2354,BUY,1.05420,1.05320,1.00,1.01,1.010
2355,SELL,1.05547,1.05647,1.00,-1.07,-1.070
2356,SELL,1.05647,1.05747,1.00,-1.02,-1.020
2357,SELL,1.05744,1.05844,1.00,-1.00,-1.000
2358,BUY,1.05772,1.05672,1.00,-1.66,-1.660
2359,SELL,1.05719,1.05819,1.00,1.00,1.000
2360,BUY,1.05578,1.05478,1.00,-1.04,-1.040
2361,BUY,1.05435,1.05335,1.00,-1.00,-1.000
2362,BUY,1.05341,1.05241,1.00,1.08,1.080
2363,BUY,1.05393,1.05293,1.00,-1.05,-1.050
2364,BUY,1.05204,1.05104,1.00,1.01,1.010
2365,SELL,1.05310,1.05410,1.00,1.01,1.010
2366,BUY,1.05209,1.05109,1.00,-1.02,-1.020
2367,BUY,1.05112,1.05012,1.00,1.02,1.020
2368,SELL,1.05214,1.05314,1.00,1.02,1.020
2369,BUY,1.05051,1.04951,1.00,1.00,1.000
2370,SELL,1.05162,1.05262,1.00,-1.02,-1.020
2371,SELL,1.05268,1.05368,1.00,-1.03,-1.030
2372,SELL,1.05366,1.05466,1.00,1.01,1.010
2373,BUY,1.05229,1.05129,1.00,-1.00,-1.000
2374,BUY,1.05133,1.05033,1.00,-1.02,-1.020
2375,BUY,1.05035,1.04935,1.00,1.00,1.000
2376,SELL,1.05076,1.05176,1.00,1.01,1.010
2377,BUY,1.04975,1.04875,1.00,-1.00,-1.000
2378,BUY,1.04879,1.04779,1.00,-1.03,-1.030
2379,BUY,1.04781,1.04681,1.00,-1.00,-1.000
2380,BUY,1.04681,1.04581,1.00,1.03,1.030
2381,SELL,1.04787,1.04887,1.00,1.03,1.030
2382,BUY,1.04684,1.04584,1.00,1.01,1.010
2383,SELL,1.04818,1.04918,1.00,-1.00,-1.000
2384,BUY,1.04897,1.04797,1.00,1.00,1.000
2385,SELL,1.04997,1.05097,1.00,-1.05,-1.050
2386,BUY,1.05091,1.04991,1.00,-1.00,-1.000
2387,BUY,1.04897,1.04797,1.00,1.01,1.010
2388,SELL,1.05078,1.05178,1.00,1.01,1.010
2389,BUY,1.04977,1.04877,1.00,1.01,1.010
2390,SELL,1.05078,1.05178,1.00,-1.03,-1.030
2391,SELL,1.05198,1.05298,1.00,-1.02,-1.020
2392,SELL,1.05303,1.05403,1.00,1.00,1.000
2393,BUY,1.05203,1.05103,1.00,-1.00,-1.000
2394,BUY,1.05100,1.05000,1.00,1.03,1.030
2395,SELL,1.05255,1.05355,1.00,1.28,1.280
2396,BUY,1.05127,1.05027,1.00,-1.00,-1.000
2397,BUY,1.04963,1.04863,1.00,1.00,1.000
2398,SELL,1.05138,1.05238,1.00,1.01,1.010
2399,SELL,1.05111,1.05211,1.00,-1.00,-1.000
2400,SELL,1.05224,1.05324,1.00,1.01,1.010
2401,BUY,1.05117,1.05017,1.00,1.01,1.010
2402,SELL,1.05254,1.05354,1.00,-1.00,-1.000
2403,SELL,1.05349,1.05449,1.00,1.01,1.010
2404,BUY,1.05208,1.05108,1.00,-1.00,-1.000
2405,SELL,1.05117,1.05217,1.00,1.00,1.000
2406,SELL,1.05038,1.05138,1.00,1.00,1.000
2407,SELL,1.04972,1.05072,1.00,-1.01,-1.010
2408,SELL,1.05230,1.05330,1.00,1.00,1.000
2409,BUY,1.05130,1.05030,1.00,-1.04,-1.040
2410,BUY,1.04990,1.04890,1.00,-1.00,-1.000
2411,BUY,1.04866,1.04766,1.00,1.00,1.000
2412,SELL,1.04992,1.05092,1.00,-1.01,-1.010
2413,BUY,1.05021,1.04921,1.00,1.00,1.000
2414,BUY,1.05071,1.04971,1.00,-1.03,-1.030
2415,BUY,1.04927,1.04827,1.00,-1.02,-1.020
2416,BUY,1.04830,1.04730,1.00,-1.01,-1.010
2417,BUY,1.04735,1.04635,1.00,1.01,1.010
2418,SELL,1.04867,1.04967,1.00,-1.01,-1.010
2419,SELL,1.04964,1.05064,1.00,-1.35,-1.350
2420,SELL,1.05058,1.05158,1.00,-1.05,-1.050
2421,SELL,1.05144,1.05244,1.00,-1.03,-1.030
2422,SELL,1.05265,1.05365,1.00,-1.00,-1.000
2423,SELL,1.05367,1.05467,1.00,1.00,1.000
2424,BUY,1.05267,1.05167,1.00,1.02,1.020
2425,SELL,1.05369,1.05469,1.00,1.05,1.050
2426,BUY,1.05234,1.05134,1.00,1.00,1.000
2427,BUY,1.05241,1.05141,1.00,1.03,1.030
2428,BUY,1.05374,1.05274,1.00,-1.01,-1.010
2429,BUY,1.05278,1.05178,1.00,-1.07,-1.070
2430,BUY,1.05157,1.05057,1.00,1.00,1.000
2431,SELL,1.05257,1.05357,1.00,1.01,1.010
2432,BUY,1.05156,1.05056,1.00,-1.02,-1.020
2433,BUY,1.05060,1.04960,1.00,1.00,1.000
2434,SELL,1.05155,1.05255,1.00,-1.01,-1.010
2435,SELL,1.05323,1.05423,1.00,-1.02,-1.020
2436,SELL,1.05420,1.05520,1.00,1.00,1.000
2437,BUY,1.05308,1.05208,1.00,1.03,1.030
2438,SELL,1.05422,1.05522,1.00,-1.04,-1.040
2439,SELL,1.05518,1.05618,1.00,-1.02,-1.020
2440,SELL,1.05604,1.05704,1.00,1.00,1.000
2441,BUY,1.05504,1.05404,1.00,1.01,1.010
2442,SELL,1.05612,1.05712,1.00,-1.00,-1.000
2443,SELL,1.05720,1.05820,1.00,-1.11,-1.110
2444,SELL,1.05845,1.05945,1.00,1.00,1.000
2445,BUY,1.05729,1.05629,1.00,-1.02,-1.020
2446,BUY,1.05632,1.05532,1.00,-1.02,-1.020
2447,BUY,1.05513,1.05413,1.00,1.00,1.000
2448,SELL,1.05626,1.05726,1.00,-1.00,-1.000
2449,SELL,1.05699,1.05799,1.00,1.02,1.020
2450,SELL,1.05691,1.05791,1.00,1.01,1.010
2451,BUY,1.05582,1.05482,1.00,1.00,1.000
2452,SELL,1.05732,1.05832,1.00,-1.01,-1.010
2453,SELL,1.05836,1.05936,1.00,-1.07,-1.070
2454,BUY,1.05696,1.05596,1.00,1.00,1.000
2455,SELL,1.05838,1.05938,1.00,-1.01,-1.010
2456,SELL,1.05935,1.06035,1.00,1.00,1.000
2457,SELL,1.05817,1.05917,1.00,1.00,1.000
2458,SELL,1.05799,1.05899,1.00,-1.00,-1.000
2459,SELL,1.05894,1.05994,1.00,-1.08,-1.080
2460,SELL,1.06253,1.06353,1.00,1.03,1.030
2461,SELL,1.06193,1.06293,1.00,1.01,1.010
2462,BUY,1.06092,1.05992,1.00,-1.17,-1.170
2463,SELL,1.06064,1.06164,1.00,1.04,1.040
2464,BUY,1.05960,1.05860,1.00,-1.27,-1.270
2465,BUY,1.05848,1.05748,1.00,-1.03,-1.030
2466,BUY,1.05774,1.05674,1.00,1.00,1.000
2467,BUY,1.05736,1.05636,1.00,1.00,1.000
2468,SELL,1.05838,1.05938,1.00,1.08,1.080
2469,BUY,1.05730,1.05630,1.00,1.01,1.010
2470,SELL,1.05863,1.05963,1.00,1.01,1.010
2471,BUY,1.05729,1.05629,1.00,-1.08,-1.080
2472,BUY,1.05590,1.05490,1.00,-1.04,-1.040
2473,BUY,1.05462,1.05362,1.00,1.01,1.010
2474,SELL,1.05563,1.05663,1.00,-1.01,-1.010
2475,SELL,1.05659,1.05759,1.00,1.00,1.000
2476,BUY,1.05559,1.05459,1.00,1.00,1.000
2477,SELL,1.05674,1.05774,1.00,1.01,1.010
2478,BUY,1.05573,1.05473,1.00,-1.01,-1.010
2479,SELL,1.05579,1.05679,1.00,1.00,1.000
2480,BUY,1.05612,1.05512,1.00,-1.00,-1.000
2481,BUY,1.05461,1.05361,1.00,-1.01,-1.010
2482,BUY,1.05425,1.05325,1.00,1.01,1.010
2483,SELL,1.05531,1.05631,1.00,-1.13,-1.130
2484,SELL,1.05637,1.05737,1.00,-1.05,-1.050
2485,BUY,1.05676,1.05576,1.00,1.00,1.000
2486,SELL,1.05776,1.05876,1.00,1.00,1.000
2487,BUY,1.05633,1.05533,1.00,1.00,1.000
2488,SELL,1.05753,1.05853,1.00,-1.01,-1.010
2489,SELL,1.05851,1.05951,1.00,1.02,1.020
2490,BUY,1.05708,1.05608,1.00,-1.01,-1.010
2491,BUY,1.05521,1.05421,1.00,0.99,0.990
2492,BUY,1.05483,1.05383,1.00,-1.00,-1.000
2493,BUY,1.05331,1.05231,1.00,-1.00,-1.000
2494,BUY,1.05236,1.05136,1.00,1.01,1.010
2495,BUY,1.05281,1.05181,1.00,-1.00,-1.000
2496,BUY,1.05180,1.05080,1.00,1.01,1.010
2497,SELL,1.05258,1.05358,1.00,1.15,1.150
2498,BUY,1.05143,1.05043,1.00,-1.00,-1.000
2499,SELL,1.05106,1.05206,1.00,1.00,1.000
2500,BUY,1.05006,1.04906,1.00,1.05,1.050
2501,SELL,1.05167,1.05267,2.00,-2.00,-1.000
2502,BUY,1.05204,1.05104,1.00,-1.00,-1.000
2503,BUY,1.05106,1.05006,1.00,-1.02,-1.020
2504,BUY,1.05009,1.04909,1.00,-1.01,-1.010
2505,BUY,1.04915,1.04815,1.00,1.04,1.040
2506,SELL,1.05027,1.05127,1.00,-1.01,-1.010
2507,SELL,1.05091,1.05191,1.00,1.00,1.000
2508,BUY,1.04990,1.04890,1.00,-1.01,-1.010
2509,SELL,1.04954,1.05054,1.00,-1.00,-1.000
2510,SELL,1.05144,1.05244,1.00,1.00,1.000
2511,BUY,1.05021,1.04921,1.00,1.00,1.000
2512,SELL,1.05155,1.05255,1.00,-1.26,-1.260
2513,BUY,1.05047,1.04947,1.00,1.02,1.020
2514,SELL,1.05231,1.05331,1.00,-1.03,-1.030
2515,SELL,1.05330,1.05430,1.00,1.02,1.020
2516,BUY,1.05228,1.05128,1.00,-1.07,-1.070
2517,BUY,1.05128,1.05028,1.00,-1.03,-1.030
2518,BUY,1.05028,1.04928,1.00,-1.04,-1.040
2519,BUY,1.04928,1.04828,1.00,1.00,1.000
2520,SELL,1.05033,1.05133,1.00,1.00,1.000
2521,BUY,1.04924,1.04824,1.00,-1.00,-1.000
2522,BUY,1.04828,1.04728,1.00,1.01,1.010
2523,SELL,1.04929,1.05029,1.00,-1.04,-1.040
2524,SELL,1.05068,1.05168,1.00,1.01,1.010
2525,SELL,1.04935,1.05035,1.00,1.00,1.000
2526,BUY,1.04944,1.04844,1.00,1.00,1.000
2527,SELL,1.05236,1.05336,1.00,1.00,1.000
2528,BUY,1.05117,1.05017,1.00,-1.02,-1.020
2529,BUY,1.04949,1.04849,1.00,-1.10,-1.100
2530,BUY,1.04844,1.04744,1.00,1.01,1.010
2531,BUY,1.04801,1.04701,1.00,1.00,1.000
2532,SELL,1.04864,1.04964,1.00,-1.03,-1.030
2533,SELL,1.04989,1.05089,1.00,1.00,1.000
2534,BUY,1.04889,1.04789,1.00,-1.01,-1.010
2535,BUY,1.04792,1.04692,1.00,1.03,1.030
2536,SELL,1.04895,1.04995,1.00,1.07,1.070
2537,BUY,1.04788,1.04688,1.00,1.01,1.010
2538,SELL,1.04889,1.04989,1.00,-1.03,-1.030
2539,SELL,1.04976,1.05076,1.00,-1.00,-1.000
2540,SELL,1.05108,1.05208,1.00,-1.03,-1.030
2541,BUY,1.05142,1.05042,1.00,-1.00,-1.000
2542,BUY,1.05046,1.04946,1.00,-1.05,-1.050
2543,BUY,1.04945,1.04845,1.00,-1.02,-1.020
2544,BUY,1.04843,1.04743,1.00,-1.04,-1.040
2545,BUY,1.04773,1.04673,1.00,-1.04,-1.040
2546,BUY,1.04698,1.04598,1.00,1.00,1.000
2547,SELL,1.04806,1.04906,1.00,-1.07,-1.070
2548,SELL,1.04932,1.05032,1.00,-1.00,-1.000
2549,SELL,1.05032,1.05132,1.00,-1.00,-1.000
2550,BUY,1.05124,1.05024,1.00,-1.00,-1.000
