t_trigger,dir,impulse_pips,outcome,mfe_pips,mae_pips,secs_to_mfe,secs_total
2024.01.02 00:00:00,UP,7.7,2,1.4,-10.0,360,14782
2024.01.02 08:53:47,DOWN,-5.1,1,10.1,-9.2,3862,3862
2024.01.02 09:58:36,DOWN,-5.0,2,2.3,-10.1,81,327
2024.01.02 10:04:03,UP,11.8,1,10.1,-3.4,571,571
2024.01.02 10:13:34,UP,7.4,2,1.3,-10.0,8,2510
2024.01.02 11:01:52,UP,5.1,2,3.1,-10.0,937,2386
2024.01.02 11:41:38,DOWN,-5.1,1,10.1,-0.5,270,270
2024.01.02 11:46:38,DOWN,-6.1,1,10.0,-6.4,1438,1438
2024.01.02 12:12:17,DOWN,-5.1,1,10.0,-9.9,3722,3722
2024.01.02 13:14:19,DOWN,-7.2,1,10.1,-0.8,354,354
2024.01.02 14:36:55,DOWN,-5.1,1,10.0,-1.0,2726,2726
2024.01.02 15:22:21,DOWN,-5.8,2,0.9,-10.1,7,637
2024.01.02 15:33:04,UP,5.1,2,1.9,-10.1,53,1144
2024.01.02 15:52:08,DOWN,-6.0,2,8.6,-10.4,1381,2921
2024.01.02 16:41:08,UP,5.1,2,0.8,-10.1,258,433
2024.01.02 16:49:18,DOWN,-5.2,2,0.5,-10.2,0,578
2024.01.02 16:58:56,UP,7.7,2,6.3,-10.1,146,2289
2024.01.02 17:37:14,DOWN,-5.0,2,9.6,-10.2,1269,2733
2024.01.02 18:31:08,DOWN,-5.1,1,10.2,-5.1,9355,9355
2024.01.02 22:56:53,DOWN,-5.1,2,6.9,-10.2,3994,16785
2024.01.03 09:31:33,UP,5.1,2,2.8,-10.0,2415,3393
2024.01.03 10:28:06,DOWN,-5.5,1,10.1,-5.3,2909,2909
2024.01.03 11:17:44,DOWN,-5.0,1,10.1,-5.9,4824,4824
2024.01.03 12:38:08,DOWN,-5.1,1,10.1,-6.3,3826,3826
2024.01.03 13:42:07,DOWN,-5.0,2,0.6,-10.0,12,1985
2024.01.03 14:39:26,DOWN,-5.1,2,9.9,-10.2,2664,3649
2024.01.03 15:43:35,DOWN,-5.1,1,10.1,-1.5,1634,1634
2024.01.03 16:22:23,DOWN,-5.1,2,2.0,-10.0,848,1493
2024.01.03 16:49:57,UP,5.0,2,3.7,-10.3,68,603
2024.01.03 17:00:00,DOWN,-5.2,2,0.3,-10.0,0,1
2024.01.03 17:06:59,DOWN,-5.2,1,10.0,-2.3,223,223
2024.01.03 17:12:42,DOWN,-5.0,1,10.1,-5.8,1301,1301
2024.01.03 17:34:23,DOWN,-6.6,1,10.0,-6.6,731,731
2024.01.03 17:46:34,DOWN,-9.9,2,0.8,-10.0,524,971
2024.01.03 18:02:49,UP,5.1,2,8.6,-10.0,1061,10780
2024.01.03 21:02:29,DOWN,-5.9,2,7.4,-10.1,701,1347
2024.01.03 21:25:42,UP,5.0,1,10.1,-0.5,273,273
2024.01.03 21:36:09,DOWN,-5.1,2,0.9,-10.0,265,538
2024.01.03 21:55:39,DOWN,-5.1,2,9.9,-10.1,7549,11087
2024.01.04 08:33:43,DOWN,-5.2,2,5.9,-10.1,109,2427
2024.01.04 10:08:47,UP,5.1,1,10.1,-5.1,2780,2780
2024.01.04 10:55:31,UP,5.1,1,10.0,-8.5,2821,2821
2024.01.04 12:27:34,DOWN,-5.1,1,10.1,-4.3,3046,3046
2024.01.04 13:54:50,DOWN,-5.1,1,10.1,-6.8,5743,5743
2024.01.04 15:30:33,DOWN,-9.2,2,6.7,-10.2,147,1631
2024.01.04 16:07:08,DOWN,-5.0,2,2.2,-10.0,1920,3252
2024.01.04 17:01:20,UP,5.1,1,10.1,-0.2,812,812
2024.01.04 17:14:52,UP,6.9,2,4.7,-10.0,1887,7555
2024.01.05 00:12:35,DOWN,-6.4,2,0.0,-10.1,0,8777
2024.01.05 09:44:45,DOWN,-5.1,1,10.1,-4.2,2831,2831
2024.01.05 10:32:09,DOWN,-5.1,2,9.2,-10.1,2107,2967
2024.01.05 11:34:11,UP,5.3,2,2.9,-10.0,17,610
2024.01.05 11:44:22,DOWN,-5.5,1,10.1,-0.5,1505,1505
2024.01.05 12:09:28,DOWN,-5.0,2,3.2,-10.0,1376,5881
2024.01.05 15:24:01,UP,5.1,2,1.0,-11.1,5,360
2024.01.05 15:30:01,DOWN,-6.2,1,10.7,0.0,0,0
2024.01.05 15:35:05,UP,5.1,2,1.3,-10.0,1,44
2024.01.05 15:40:50,DOWN,-5.0,2,0.2,-10.0,5,81
2024.01.05 15:45:50,DOWN,-5.6,2,5.8,-10.1,22,402
2024.01.05 15:52:32,UP,6.3,1,10.0,-8.5,734,734
2024.01.05 16:04:46,UP,9.8,1,10.1,-6.6,745,745
2024.01.05 16:17:11,UP,15.3,1,10.0,-5.4,1953,1953
2024.01.05 16:49:44,UP,10.3,1,10.1,-4.5,616,616
2024.01.05 17:00:00,UP,11.6,1,11.5,0.0,14,14
2024.01.05 17:09:08,DOWN,-5.0,2,0.4,-10.2,7,55
2024.01.05 17:14:14,DOWN,-5.1,1,10.0,-1.2,94,94
2024.01.05 17:19:14,DOWN,-9.5,2,1.0,-10.1,14,237
2024.01.05 17:24:14,UP,7.1,2,8.2,-10.1,1103,1631
2024.01.05 17:51:25,DOWN,-6.2,1,10.2,-8.0,1730,1730
2024.01.05 18:20:24,DOWN,-5.1,1,10.1,-5.4,2227,2227
2024.01.05 18:57:31,DOWN,-6.5,1,10.1,-1.9,751,751
2024.01.05 19:14:17,UP,5.0,2,3.2,-10.0,520,2925
2024.01.05 20:03:02,DOWN,-5.2,2,5.8,-10.1,992,2166
2024.01.05 20:39:08,UP,5.0,2,8.6,-10.1,1923,5872
2024.01.08 00:01:16,DOWN,-7.7,2,0.5,-10.0,2,190
2024.01.08 01:03:10,DOWN,-5.1,2,4.8,-10.0,2226,7424
2024.01.08 09:19:39,DOWN,-5.1,1,10.0,-2.8,2737,2737
2024.01.08 10:12:44,DOWN,-5.2,1,10.0,-6.2,4673,4673
2024.01.08 11:48:05,UP,5.0,1,10.1,-3.4,5116,5116
2024.01.08 13:14:51,UP,5.1,2,2.6,-10.1,416,1694
2024.01.08 14:04:43,UP,5.2,1,10.0,-6.0,5230,5230
2024.01.08 15:38:59,UP,5.1,1,10.1,-8.2,5550,5550
2024.01.08 17:17:17,UP,5.2,2,9.7,-10.2,5294,10865
2024.01.08 20:33:32,DOWN,-5.0,2,3.9,-10.0,455,4484
2024.01.08 22:14:07,DOWN,-5.0,2,5.6,-10.1,6423,20387
2024.01.09 09:09:58,UP,5.1,2,8.8,-10.0,1446,3700
2024.01.09 10:11:38,DOWN,-5.3,1,10.2,-7.8,9391,9391
2024.01.09 12:48:09,DOWN,-7.1,2,5.2,-10.1,2967,8663
2024.01.09 15:13:20,UP,5.1,2,2.2,-10.3,85,709
2024.01.09 15:38:00,UP,5.1,2,9.1,-10.1,3431,6829
2024.01.09 17:41:32,DOWN,-5.0,1,10.1,-3.9,944,944
2024.01.09 18:09:12,DOWN,-5.1,2,1.7,-10.2,26,688
2024.01.09 18:23:59,UP,5.1,1,10.1,-2.6,1957,1957
2024.01.09 19:27:38,UP,5.1,2,2.8,-10.0,2068,3746
2024.01.10 00:01:58,DOWN,-5.4,2,2.0,-10.1,438,7928
2024.01.10 08:24:49,UP,5.1,2,0.0,-10.0,0,1991
2024.01.10 09:45:16,UP,5.1,2,0.5,-10.1,285,739
2024.01.10 09:57:46,DOWN,-5.0,2,9.8,-10.0,231,3627
2024.01.10 11:09:05,UP,5.2,2,8.3,-10.1,7467,18125
2024.01.10 16:54:22,UP,5.1,1,10.1,-6.4,1405,1405
2024.01.10 17:31:14,UP,5.1,1,10.2,-2.1,596,596
2024.01.10 17:42:16,UP,5.1,2,5.9,-10.0,585,3244
2024.01.10 22:14:40,DOWN,-5.1,2,5.0,-10.0,1738,15261
2024.01.11 10:04:19,DOWN,-5.1,1,10.0,-7.7,5171,5171
2024.01.11 11:31:01,DOWN,-5.2,2,3.8,-10.0,2054,5548
2024.01.11 13:18:10,UP,5.1,1,10.2,-6.1,7910,7910
2024.01.11 15:30:00,UP,7.8,2,4.4,-39.3,0,2
2024.01.11 15:35:06,DOWN,-5.1,2,0.6,-10.1,1,26
2024.01.11 15:40:28,DOWN,-5.5,1,10.2,-6.5,511,511
2024.01.11 15:49:04,DOWN,-5.2,1,10.1,-2.9,311,311
2024.01.11 15:54:15,DOWN,-10.9,2,6.4,-10.1,718,1151
2024.01.11 16:13:26,UP,9.0,1,10.2,-3.9,711,711
2024.01.11 16:26:16,UP,5.0,1,10.1,-4.1,535,535
2024.01.11 16:35:16,UP,5.1,2,3.9,-10.0,8,243
2024.01.11 16:41:31,DOWN,-5.3,1,10.1,-1.0,1294,1294
2024.01.11 17:03:05,DOWN,-9.0,1,10.0,-1.5,442,442
2024.01.11 17:14:50,DOWN,-5.2,2,1.3,-10.1,5,294
2024.01.11 17:19:50,UP,10.4,1,10.1,-0.4,636,636
2024.01.11 17:30:59,UP,5.1,1,10.0,-4.9,821,821
2024.01.11 17:44:40,UP,5.4,2,0.7,-10.0,12,326
2024.01.11 17:50:36,DOWN,-5.1,1,10.1,-8.7,3913,3913
2024.01.11 19:02:32,UP,5.2,1,10.1,-6.2,3774,3774
2024.01.11 21:03:29,UP,5.0,1,10.1,-2.4,1513,1513
2024.01.11 21:28:42,UP,8.7,2,3.1,-10.0,1611,2335
2024.01.11 22:07:37,DOWN,-6.2,1,10.1,-0.8,528,528
2024.01.11 22:16:25,DOWN,-6.2,2,3.7,-10.0,134,1946
2024.01.11 22:48:55,UP,5.0,1,10.1,-8.5,10462,10462
2024.01.12 09:04:11,DOWN,-5.1,2,9.7,-10.0,1958,5389
2024.01.12 10:42:40,DOWN,-5.0,1,10.1,-7.6,4254,4254
2024.01.12 11:53:41,DOWN,-5.2,1,10.0,-3.7,5590,5590
2024.01.12 14:57:15,DOWN,-5.1,2,1.4,-10.1,181,1703
2024.01.12 15:28:23,UP,5.4,1,10.2,-2.1,99,99
2024.01.12 15:33:23,UP,11.9,2,7.3,-10.2,371,910
2024.01.12 15:48:33,DOWN,-6.1,2,8.0,-10.1,129,905
2024.01.12 16:03:38,UP,7.4,2,3.6,-10.0,59,567
2024.01.12 16:20:45,UP,5.3,1,10.1,-1.7,634,634
2024.01.12 16:31:19,UP,5.8,1,10.1,-4.6,941,941
2024.01.12 16:53:40,DOWN,-5.0,2,4.8,-10.1,423,887
2024.01.12 17:08:27,UP,6.5,2,1.1,-10.0,109,1729
2024.01.12 17:37:16,DOWN,-5.1,1,10.1,-2.8,719,719
2024.01.12 17:49:15,DOWN,-7.7,1,10.1,-8.2,4294,4294
2024.01.15 00:00:53,DOWN,-6.8,2,2.3,-10.0,7659,10403
2024.01.15 09:18:22,DOWN,-5.1,1,10.1,-6.0,8271,8271
2024.01.15 11:37:51,DOWN,-5.1,1,10.1,-1.6,2243,2243
2024.01.15 14:41:08,UP,5.1,2,2.4,-10.1,52,1635
2024.01.15 15:09:46,DOWN,-5.1,1,10.1,-9.0,41370,41370
2024.01.16 02:53:12,DOWN,-5.1,1,10.0,-6.6,14027,14027
2024.01.16 09:11:14,DOWN,-5.2,2,3.3,-10.1,553,1868
2024.01.16 09:57:31,DOWN,-5.1,1,10.2,-4.1,2096,2096
2024.01.16 10:32:48,DOWN,-5.1,1,10.1,-0.4,332,332
2024.01.16 10:38:20,DOWN,-5.5,2,2.5,-10.1,11,903
2024.01.16 11:00:27,DOWN,-5.1,1,10.0,-3.4,2180,2180
2024.01.16 11:36:47,DOWN,-5.0,1,10.2,-1.3,4878,4878
2024.01.16 13:19:37,UP,5.1,1,10.0,-0.5,951,951
2024.01.16 13:38:53,UP,5.0,2,0.6,-10.0,75,3842
2024.01.16 15:12:04,DOWN,-5.1,2,1.4,-11.5,710,1076
2024.01.16 15:30:00,UP,9.8,1,10.0,-6.4,752,752
2024.01.16 15:42:32,UP,5.2,2,0.5,-10.2,15,203
2024.01.16 15:47:32,DOWN,-8.9,1,10.1,-0.1,370,370
2024.01.16 15:53:42,DOWN,-5.9,2,3.0,-10.0,432,1004
2024.01.16 16:23:37,UP,5.1,2,3.6,-10.2,48,766
2024.01.16 16:37:12,DOWN,-5.2,2,9.4,-10.2,1848,2873
2024.01.16 18:00:12,DOWN,-5.0,1,10.5,0.0,36,36
2024.01.16 18:05:42,UP,5.1,1,10.0,-7.3,662,662
2024.01.16 18:16:44,UP,6.6,2,7.0,-10.1,512,1420
2024.01.16 19:03:13,DOWN,-5.1,1,10.2,-0.8,707,707
2024.01.16 19:17:56,UP,5.1,1,10.1,-9.5,28773,28773
2024.01.17 04:08:23,UP,5.1,2,0.2,-10.0,3,1846
2024.01.17 05:19:28,DOWN,-5.2,1,10.0,-4.1,10224,10224
2024.01.17 09:00:33,UP,5.1,1,10.1,-8.7,3691,3691
2024.01.17 10:02:04,UP,7.0,2,4.6,-10.2,1613,2715
2024.01.17 10:47:20,DOWN,-5.0,2,6.2,-10.0,2523,4120
2024.01.17 12:03:13,UP,5.1,2,2.3,-10.0,477,1760
2024.01.17 13:17:01,UP,5.1,2,6.6,-10.0,1640,7773
2024.01.17 15:30:00,DOWN,-5.4,1,10.2,-0.5,5,5
2024.01.17 15:39:28,UP,5.1,2,1.3,-10.0,1,343
2024.01.17 15:51:01,UP,5.4,2,3.9,-10.2,1533,3218
2024.01.17 16:44:39,DOWN,-5.9,2,10.0,-10.0,955,1352
2024.01.17 17:07:11,UP,6.3,2,4.9,-10.2,41,821
2024.01.17 17:21:49,DOWN,-5.0,2,0.6,-10.2,30,1186
2024.01.17 17:41:35,UP,5.0,2,0.0,-10.1,0,203
2024.01.17 17:52:51,DOWN,-5.1,2,3.2,-10.1,46,696
2024.01.17 18:04:27,UP,8.5,1,10.1,-10.0,6259,6259
2024.01.17 19:48:46,UP,5.5,2,2.6,-10.1,522,1931
2024.01.18 08:09:31,UP,5.1,2,3.6,-10.0,2705,4967
2024.01.18 10:32:01,DOWN,-5.1,2,3.4,-10.0,1847,3289
2024.01.18 11:29:42,UP,5.1,2,5.6,-10.0,216,1761
2024.01.18 13:06:59,DOWN,-5.0,1,10.1,-4.9,5796,5796
2024.01.18 15:30:00,DOWN,-12.9,2,0.7,-10.1,0,14
2024.01.18 15:37:16,DOWN,-5.2,1,10.2,-1.5,276,276
2024.01.18 15:42:21,DOWN,-5.1,2,0.0,-10.1,0,689
2024.01.18 15:54:11,UP,5.1,2,0.3,-10.0,0,208
2024.01.18 15:59:11,DOWN,-12.9,2,0.8,-10.1,2,673
2024.01.18 16:12:12,UP,5.4,2,3.5,-10.0,17,350
2024.01.18 16:18:02,DOWN,-9.3,2,0.9,-10.0,1,781
2024.01.18 16:36:56,DOWN,-5.1,2,7.7,-10.1,593,2454
2024.01.18 17:17:50,UP,5.9,2,0.5,-10.1,0,371
2024.01.18 17:24:01,DOWN,-5.3,2,0.9,-10.2,293,835
2024.01.18 17:38:01,UP,5.1,2,0.8,-10.1,72,561
2024.01.18 17:47:22,DOWN,-7.9,1,10.2,-2.5,616,616
2024.01.18 17:57:39,DOWN,-5.1,2,0.4,-10.0,1,660
2024.01.18 18:09:11,UP,5.2,1,10.1,-2.5,1249,1249
2024.01.18 19:02:14,DOWN,-5.1,2,6.8,-10.1,536,7548
2024.01.19 00:01:11,DOWN,-5.7,1,10.9,-5.9,456,456
2024.01.19 00:08:48,DOWN,-9.4,2,0.0,-10.2,0,173
2024.01.19 00:13:49,UP,6.4,1,10.1,-5.2,6329,6329
2024.01.19 09:09:23,DOWN,-5.1,2,9.5,-10.0,4982,14563
2024.01.19 13:12:06,UP,5.6,2,5.7,-10.0,1199,9039
2024.01.19 15:42:45,DOWN,-5.3,1,10.2,-6.4,3436,3436
2024.01.19 17:00:00,UP,5.9,2,3.9,-10.1,35,392
2024.01.19 17:06:32,DOWN,-5.6,2,6.7,-10.1,400,3609
2024.01.19 18:29:30,UP,5.1,3,10.0,-7.4,19564,192666
2024.01.22 00:00:36,DOWN,-7.0,2,6.6,-10.1,2335,10518
2024.01.22 09:42:31,UP,5.1,2,0.7,-10.0,55,1390
2024.01.22 10:32:58,DOWN,-5.1,1,10.1,-8.3,10352,10352
2024.01.22 14:44:11,UP,5.1,2,0.0,-10.1,0,1638
2024.01.22 15:13:47,DOWN,-5.4,2,4.9,-10.0,1264,2522
2024.01.22 16:04:42,DOWN,-5.2,2,1.5,-10.0,2395,4209
2024.01.22 17:32:33,DOWN,-5.2,2,8.0,-10.0,1917,7237
2024.01.22 20:28:14,DOWN,-5.1,1,10.0,-4.9,19950,19950
2024.01.23 03:57:34,UP,5.2,1,10.2,-2.9,10567,10567
2024.01.23 09:24:56,DOWN,-5.0,1,10.2,-5.0,4524,4524
2024.01.23 10:41:04,DOWN,-5.0,1,10.1,-3.2,1591,1591
2024.01.23 12:49:12,DOWN,-5.1,1,10.1,-0.5,2045,2045
2024.01.23 13:27:54,DOWN,-5.2,2,0.0,-10.2,0,2459
2024.01.23 14:24:12,DOWN,-5.2,2,5.3,-10.0,1496,5667
2024.01.23 15:58:40,UP,5.1,2,0.2,-10.0,0,791
2024.01.23 16:24:04,DOWN,-5.2,1,10.0,-1.6,1050,1050
2024.01.23 16:41:47,DOWN,-5.1,1,10.1,-5.3,2491,2491
2024.01.23 17:23:52,DOWN,-6.0,1,10.1,-0.6,708,708
2024.01.23 17:41:35,DOWN,-5.3,2,6.8,-10.0,192,1322
2024.01.23 18:03:38,UP,7.3,2,1.2,-10.2,107,2551
2024.01.23 19:38:27,DOWN,-5.1,2,4.9,-10.1,776,2920
2024.01.24 00:01:06,DOWN,-12.8,2,0.0,-11.8,0,21
2024.01.24 00:59:32,DOWN,-5.3,2,0.1,-10.2,3,1125
2024.01.24 09:54:33,DOWN,-5.6,2,9.2,-10.1,2209,4440
2024.01.24 11:08:33,UP,5.6,1,10.0,-0.3,892,892
2024.01.24 11:32:04,UP,5.4,1,10.0,0.0,377,377
2024.01.24 11:38:21,UP,5.6,2,4.4,-10.0,93,3348
2024.01.24 13:32:54,DOWN,-5.1,2,0.4,-10.1,12,733
2024.01.24 13:57:22,DOWN,-5.1,2,4.5,-10.1,1808,3986
2024.01.24 15:03:48,UP,7.0,1,10.1,-0.7,1528,1528
2024.01.24 15:32:25,UP,5.2,1,10.1,-8.6,1525,1525
2024.01.24 16:45:00,DOWN,-8.6,1,12.5,-0.6,0,0
2024.01.24 16:53:20,UP,5.2,2,2.2,-10.0,29,351
2024.01.24 16:59:12,DOWN,-8.1,1,10.1,-4.8,4098,4098
2024.01.24 18:07:30,DOWN,-6.7,2,2.6,-10.1,358,1212
2024.01.24 18:27:42,UP,5.4,2,5.7,-10.0,5426,6476
2024.01.24 20:27:05,UP,5.1,2,2.0,-10.0,28,2843
2024.01.25 10:09:17,UP,5.1,1,10.1,-7.8,18395,18395
2024.01.25 15:15:52,UP,7.6,2,1.3,-10.1,0,52
2024.01.25 15:21:55,DOWN,-5.2,1,10.0,-5.1,487,487
2024.01.25 15:30:03,DOWN,-13.8,2,4.7,-10.0,9,43
2024.01.25 15:39:02,UP,5.1,2,1.3,-10.3,9,442
2024.01.25 15:49:43,DOWN,-5.1,1,10.2,-3.0,289,289
2024.01.25 15:54:43,DOWN,-11.6,1,10.3,-7.4,528,528
2024.01.25 16:03:31,DOWN,-15.7,1,10.0,-8.9,1738,1738
2024.01.25 16:32:29,DOWN,-14.3,2,0.3,-10.0,0,172
2024.01.25 16:42:57,DOWN,-5.1,1,10.2,-5.8,1743,1743
2024.01.25 17:12:02,DOWN,-5.3,1,10.0,-6.0,1610,1610
2024.01.25 17:39:11,DOWN,-5.1,2,9.5,-10.0,1513,5805
2024.01.25 19:15:56,UP,6.1,2,8.7,-10.2,223,1392
2024.01.25 19:39:08,DOWN,-5.4,2,2.1,-10.1,324,1428
2024.01.25 20:02:56,UP,5.7,2,3.2,-10.0,258,3166
2024.01.25 20:58:05,DOWN,-5.0,2,10.0,-10.2,1551,7769
2024.01.26 00:01:00,DOWN,-7.5,2,2.4,-10.1,60,15541
2024.01.26 08:34:41,DOWN,-5.1,1,10.1,-2.8,2520,2520
2024.01.26 09:16:49,DOWN,-5.3,2,7.4,-10.0,1729,4977
2024.01.26 11:06:06,UP,5.0,2,1.8,-10.1,195,1047
2024.01.26 11:31:17,UP,5.1,1,10.1,-3.4,1971,1971
2024.01.26 12:04:08,UP,9.6,1,10.1,-1.3,2742,2742
2024.01.26 13:11:15,UP,5.0,1,11.8,-7.5,8334,8334
2024.01.26 15:30:09,UP,10.2,2,1.0,-10.2,1,6
2024.01.26 15:36:26,DOWN,-5.1,2,2.8,-10.1,117,370
2024.01.26 15:42:36,UP,7.1,1,10.1,-0.9,316,316
2024.01.26 15:47:52,UP,9.0,2,4.4,-10.1,77,1887
2024.01.26 16:25:20,DOWN,-5.1,2,3.4,-10.0,379,2074
2024.01.26 16:59:54,UP,5.5,2,0.2,-10.0,0,177
2024.01.26 17:04:54,DOWN,-7.0,1,10.2,-0.3,748,748
2024.01.26 17:17:22,DOWN,-6.1,2,1.9,-10.0,62,4241
2024.01.26 18:39:57,DOWN,-5.0,1,10.3,-6.1,8118,8118
2024.01.29 00:00:46,DOWN,-9.3,1,10.0,-6.2,36058,36058
2024.01.29 11:18:27,DOWN,-5.1,1,10.1,-6.2,3840,3840
2024.01.29 13:13:38,DOWN,-5.1,2,3.2,-10.1,346,3853
2024.01.29 14:51:38,DOWN,-5.1,1,10.0,-1.4,582,582
2024.01.29 15:01:20,DOWN,-6.0,1,10.0,-8.4,5549,5549
2024.01.29 17:09:59,UP,5.1,2,0.5,-10.0,18,719
2024.01.29 17:49:25,DOWN,-5.1,2,0.8,-10.2,771,2226
2024.01.29 22:01:01,UP,5.1,1,10.1,-0.1,915,915
2024.01.29 22:16:34,UP,5.1,2,5.5,-10.7,144,6286
2024.01.30 03:04:22,DOWN,-5.1,1,10.1,-2.8,13473,13473
2024.01.30 10:00:00,UP,5.0,2,4.5,-10.1,110,2033
2024.01.30 11:34:07,UP,5.2,1,10.1,-3.0,3846,3846
2024.01.30 12:48:32,UP,5.0,2,10.0,-10.0,7789,11631
2024.01.30 16:02:25,DOWN,-5.0,2,0.2,-10.1,0,512
2024.01.30 16:11:00,UP,5.2,1,10.2,-0.9,1171,1171
2024.01.30 16:33:04,UP,5.2,2,2.2,-12.6,1040,1617
2024.01.30 17:00:01,DOWN,-8.0,1,10.1,-2.6,850,850
2024.01.30 17:14:12,DOWN,-7.7,2,4.6,-10.0,169,1619
2024.01.30 17:51:28,DOWN,-5.0,2,3.3,-10.0,180,4315
2024.01.30 20:04:51,DOWN,-5.1,2,2.5,-10.1,1178,5320
2024.01.31 00:00:00,DOWN,-5.1,1,10.0,-8.1,14451,14451
2024.01.31 04:03:09,DOWN,-5.3,1,10.0,-1.1,2670,2670
2024.01.31 09:45:02,DOWN,-5.2,2,6.9,-10.0,214,2469
2024.01.31 10:33:49,UP,5.1,1,10.1,-7.5,2258,2258
2024.01.31 11:23:57,UP,5.1,2,3.9,-10.0,575,1949
2024.01.31 12:54:49,DOWN,-5.2,2,0.9,-10.1,4,987
2024.01.31 15:15:01,UP,9.3,1,10.1,-6.4,1913,1913
2024.01.31 15:46:56,UP,5.2,1,10.1,-7.7,1642,1642
2024.01.31 16:14:18,UP,6.9,1,10.0,-9.8,1697,1697
2024.01.31 16:51:46,DOWN,-5.2,2,0.1,-10.3,0,100
2024.01.31 16:56:46,UP,6.1,2,1.8,-10.1,357,457
2024.01.31 17:04:25,DOWN,-5.1,1,10.0,-6.0,1242,1242
2024.01.31 17:44:37,DOWN,-5.0,2,1.5,-10.0,487,969
2024.01.31 18:01:07,UP,5.1,2,1.7,-10.1,23,317
2024.01.31 18:14:50,DOWN,-5.3,1,10.1,-6.2,4401,4401
2024.01.31 19:33:38,UP,5.1,2,9.6,-18.1,5187,5189
2024.01.31 21:00:07,DOWN,-15.9,1,10.0,-7.9,138,138
2024.01.31 21:05:31,UP,5.3,2,2.7,-10.2,56,102
2024.01.31 21:10:31,DOWN,-5.7,2,1.3,-10.1,9,194
2024.01.31 21:17:21,UP,5.1,2,0.5,-10.1,11,349
2024.01.31 21:23:10,DOWN,-5.6,2,2.7,-10.4,22,511
2024.01.31 21:31:41,UP,6.5,1,10.1,-5.1,219,219
2024.01.31 21:37:27,DOWN,-5.2,2,0.9,-10.3,14,51
2024.01.31 21:42:51,UP,5.1,2,2.6,-10.0,310,462
2024.01.31 21:50:42,DOWN,-5.1,1,10.2,-3.9,489,489
2024.01.31 21:58:51,DOWN,-10.6,1,10.3,-2.6,187,187
2024.01.31 22:03:51,DOWN,-37.6,2,6.5,-10.0,47,585
2024.01.31 22:17:36,UP,5.2,2,0.2,-10.1,0,438
2024.01.31 22:31:42,DOWN,-5.1,2,3.0,-10.1,152,723
2024.01.31 22:43:48,UP,5.1,1,10.3,-7.8,3304,3304
2024.01.31 23:38:52,UP,5.8,2,2.4,-10.0,3199,4204
2024.02.01 00:48:56,DOWN,-8.6,2,6.2,-10.1,5232,12291
2024.02.01 08:57:55,DOWN,-5.1,1,10.0,-1.3,1263,1263
2024.02.01 09:18:58,DOWN,-5.5,2,6.2,-10.1,4342,7578
2024.02.01 11:29:30,UP,5.1,1,10.1,-7.8,7738,7738
2024.02.01 14:04:09,UP,5.0,1,10.1,-6.7,5584,5584
2024.02.01 15:37:27,UP,5.2,2,2.5,-10.0,553,1245
2024.02.01 15:59:19,DOWN,-5.1,2,2.9,-10.1,471,2611
2024.02.01 16:49:31,DOWN,-5.1,2,0.6,-10.2,1,307
2024.02.01 16:54:38,UP,8.6,2,1.1,-14.9,18,322
2024.02.01 17:00:00,DOWN,-16.1,2,4.6,-10.2,0,241
2024.02.01 17:06:41,DOWN,-5.1,2,1.2,-10.1,8,89
2024.02.01 17:16:36,UP,5.2,1,10.0,-8.0,3086,3086
2024.02.01 18:08:03,UP,5.2,1,10.1,-1.0,898,898
2024.02.01 18:23:01,UP,6.9,1,10.1,-1.5,1233,1233
2024.02.01 18:43:36,UP,5.1,1,10.1,-1.3,1351,1351
2024.02.01 19:49:06,UP,5.1,1,10.1,-9.2,43156,43156
2024.02.02 09:04:33,UP,5.2,1,10.1,-7.5,8207,8207
2024.02.02 11:22:44,UP,5.1,2,4.8,-10.0,1240,4839
2024.02.02 15:30:01,DOWN,-11.0,1,11.7,0.0,1,1
2024.02.02 15:35:42,DOWN,-5.2,2,6.5,-10.0,52,493
2024.02.02 15:43:55,UP,6.9,2,1.4,-10.1,36,132
2024.02.02 15:48:55,DOWN,-15.7,1,10.1,-3.6,810,810
2024.02.02 16:02:25,DOWN,-5.4,1,10.0,-0.2,99,99
2024.02.02 16:31:16,UP,5.1,2,1.5,-10.1,113,554
2024.02.02 16:40:30,DOWN,-5.1,2,0.3,-10.1,43,274
2024.02.02 16:45:37,UP,5.1,2,9.8,-10.1,187,999
2024.02.02 17:02:16,DOWN,-11.7,1,10.1,-2.0,1385,1385
2024.02.02 17:26:51,DOWN,-5.1,2,1.1,-10.0,309,777
2024.02.02 17:39:48,UP,7.6,1,10.0,-1.1,516,516
2024.02.02 17:48:24,UP,7.4,2,0.6,-10.1,3,1757
2024.02.02 19:19:15,UP,5.1,2,0.5,-10.1,13,1566
2024.02.02 20:48:23,DOWN,-5.1,2,0.8,-10.0,3,4819
2024.02.05 01:09:55,DOWN,-5.1,2,6.3,-10.1,5236,25097
2024.02.05 09:43:04,UP,5.1,2,2.9,-10.0,1845,2766
2024.02.05 11:19:20,DOWN,-5.1,1,10.0,-1.9,2156,2156
2024.02.05 12:39:37,DOWN,-5.1,2,1.0,-10.0,1456,4118
2024.02.05 14:29:12,UP,5.1,2,0.2,-10.1,58,1915
2024.02.05 15:53:50,DOWN,-5.1,1,10.1,-4.9,3970,3970
2024.02.05 17:00:00,DOWN,-12.0,2,7.3,-10.0,2652,8912
2024.02.06 09:02:16,UP,5.1,2,6.7,-10.1,792,6679
2024.02.06 11:56:12,DOWN,-5.2,2,3.0,-10.0,4844,6257
2024.02.06 14:33:46,DOWN,-5.1,2,0.4,-10.1,0,658
2024.02.06 15:07:48,UP,5.2,2,2.1,-10.1,75,1134
2024.02.06 16:03:08,UP,5.2,1,10.1,-6.6,4251,4251
2024.02.06 17:14:52,UP,5.1,1,10.0,-8.5,20639,20639
2024.02.07 00:01:01,DOWN,-7.1,2,0.0,-10.1,0,7141
2024.02.07 11:33:38,UP,5.0,1,10.2,-6.2,13803,13803
2024.02.07 15:39:29,DOWN,-5.2,1,10.1,-1.8,2741,2741
2024.02.07 16:38:45,UP,5.1,2,6.3,-10.1,3737,4440
2024.02.07 17:52:45,DOWN,-9.4,2,8.0,-10.0,245,9356
2024.02.08 00:01:00,DOWN,-11.1,2,0.0,-11.8,0,28
2024.02.08 09:43:22,DOWN,-5.1,1,10.1,-3.9,3250,3250
2024.02.08 10:38:32,DOWN,-5.2,2,0.1,-10.1,6,1400
2024.02.08 12:33:57,DOWN,-5.1,1,10.2,-1.4,2684,2684
2024.02.08 14:19:03,DOWN,-5.1,1,10.3,-5.5,5049,5049
2024.02.08 15:43:13,DOWN,-5.3,2,5.1,-10.1,514,2965
2024.02.08 16:33:58,UP,5.0,1,10.1,-7.2,8405,8405
2024.02.08 18:57:33,UP,5.1,1,10.1,-4.7,54299,54299
2024.02.09 10:22:12,UP,5.1,2,3.7,-10.1,552,2809
2024.02.09 11:37:43,DOWN,-5.1,2,8.9,-10.3,2291,14006
2024.02.09 15:31:10,UP,10.0,1,10.3,-0.9,12,12
2024.02.09 15:36:21,UP,5.1,2,9.3,-10.3,2317,2935
2024.02.09 16:32:06,UP,5.2,3,8.5,-4.0,14563,199729
2024.02.12 00:01:04,DOWN,-5.9,2,1.0,-10.1,647,3668
2024.02.12 01:04:06,UP,5.1,1,10.0,-0.4,5181,5181
2024.02.12 09:22:52,UP,5.2,2,9.3,-10.1,2101,3623
2024.02.12 10:24:34,DOWN,-5.0,1,10.2,-0.7,2190,2190
2024.02.12 12:19:56,DOWN,-5.1,2,0.3,-10.1,1,1091
2024.02.12 16:03:17,UP,5.0,2,5.3,-10.0,2969,4479
2024.02.12 17:17:56,DOWN,-5.1,2,3.0,-10.3,80,2723
2024.02.13 00:01:04,DOWN,-6.5,2,0.0,-10.1,0,1252
2024.02.13 09:38:42,DOWN,-5.4,1,10.1,-6.0,5504,5504
2024.02.13 13:09:13,UP,5.1,1,10.1,-6.6,6867,6867
2024.02.13 15:09:08,UP,5.1,2,4.6,-48.0,1253,1258
2024.02.13 15:30:06,DOWN,-44.7,1,10.0,-2.1,16,16
2024.02.13 15:35:06,UP,5.0,2,0.5,-10.0,2,47
2024.02.13 15:40:12,DOWN,-5.1,1,10.2,-1.6,184,184
2024.02.13 15:46:11,DOWN,-5.1,1,10.0,-2.9,869,869
2024.02.13 16:00:40,DOWN,-6.6,2,1.8,-10.1,209,989
2024.02.13 16:17:19,UP,5.0,1,10.1,-1.9,1587,1587
2024.02.13 16:43:46,UP,7.7,2,0.6,-10.1,3,1306
2024.02.13 17:07:37,DOWN,-5.1,2,5.6,-10.1,161,1121
2024.02.13 17:26:20,UP,5.1,2,4.7,-10.2,521,7109
2024.02.14 02:58:34,DOWN,-5.0,2,5.6,-10.0,327,20530
2024.02.14 09:00:36,DOWN,-5.0,1,10.2,-4.8,3924,3924
2024.02.14 10:44:46,UP,5.2,1,10.0,-9.5,17637,17637
2024.02.14 15:48:46,DOWN,-5.2,2,2.5,-10.1,895,2520
2024.02.14 16:30:46,UP,5.8,1,10.1,-5.7,6341,6341
2024.02.14 19:04:29,DOWN,-5.0,2,6.0,-10.0,17732,51930
2024.02.15 14:28:17,UP,5.2,1,10.2,-2.1,3706,3706
2024.02.15 15:30:03,UP,8.3,1,10.4,-0.1,10,10
2024.02.15 15:35:57,UP,5.1,1,10.0,-3.5,526,526
2024.02.15 15:46:32,DOWN,-5.1,2,6.6,-10.1,1282,2736
2024.02.15 16:32:08,UP,6.4,2,9.2,-10.1,2719,4169
2024.02.15 17:43:00,DOWN,-5.1,2,9.4,-10.0,2828,26419
2024.02.16 09:39:11,UP,5.0,1,10.2,-8.1,14383,14383
2024.02.16 14:38:37,DOWN,-5.2,1,10.9,-3.7,3084,3084
2024.02.16 15:30:02,DOWN,-13.4,1,10.2,-0.1,34,34
2024.02.16 15:35:30,DOWN,-5.0,2,6.5,-10.0,241,1251
2024.02.16 15:57:29,UP,5.1,1,10.1,-8.5,4211,4211
2024.02.16 17:08:37,UP,5.2,1,10.0,-0.5,644,644
2024.02.16 17:39:48,UP,5.0,1,10.1,-9.2,11110,11110
2024.02.19 00:03:46,DOWN,-5.1,2,1.2,-10.1,1482,6017
2024.02.19 10:57:11,DOWN,-5.0,1,10.1,-7.2,18491,18491
2024.02.20 00:08:35,DOWN,-7.5,2,0.5,-10.1,0,1500
2024.02.20 10:01:19,UP,5.1,1,10.3,-6.2,4645,4645
2024.02.20 11:18:44,UP,5.8,1,10.1,0.0,1013,1013
2024.02.20 11:39:56,UP,5.1,1,10.1,-5.4,3408,3408
2024.02.20 12:36:44,UP,5.5,2,1.8,-10.0,32,2047
2024.02.20 15:31:23,UP,5.1,1,10.2,-3.5,1345,1345
2024.02.20 15:53:48,UP,5.2,1,10.0,-5.7,2300,2300
2024.02.20 16:32:43,UP,5.0,2,3.6,-10.0,66,1790
2024.02.20 17:33:22,DOWN,-5.2,1,10.0,-4.7,5688,5688
2024.02.21 10:57:21,DOWN,-5.1,2,7.5,-10.1,727,14707
2024.02.21 15:04:25,UP,5.1,1,10.0,-4.2,7507,7507
2024.02.21 17:23:19,DOWN,-5.1,1,10.3,-3.8,2469,2469
2024.02.21 18:09:07,UP,5.1,1,10.1,0.0,1546,1546
2024.02.21 20:01:35,DOWN,-5.1,2,2.7,-10.1,52,2192
2024.02.21 21:00:06,DOWN,-5.5,2,1.0,-10.1,63,199
2024.02.21 21:06:22,DOWN,-5.1,2,3.5,-10.0,10478,18503
2024.02.22 09:18:55,UP,5.1,1,10.0,-3.4,3009,3009
2024.02.22 10:15:00,UP,9.4,1,11.4,0.0,0,0
2024.02.22 10:20:47,UP,5.0,2,4.0,-11.1,536,553
2024.02.22 10:30:00,DOWN,-17.4,1,10.1,0.0,6,6
2024.02.22 10:48:34,UP,5.0,2,2.6,-10.0,225,1744
2024.02.22 11:19:55,DOWN,-5.1,1,10.1,-0.4,950,950
2024.02.22 13:04:24,DOWN,-5.1,1,10.2,-7.1,7789,7789
2024.02.22 15:24:29,DOWN,-5.0,1,10.2,-4.5,506,506
2024.02.22 15:32:56,DOWN,-13.1,1,10.1,-9.6,2182,2182
2024.02.22 16:09:21,DOWN,-5.1,1,10.0,-2.1,1978,1978
2024.02.22 16:42:19,DOWN,-7.4,2,3.0,-10.1,26,162
2024.02.22 16:47:19,UP,12.2,2,0.3,-10.0,0,288
2024.02.22 16:52:48,DOWN,-5.1,2,5.3,-10.1,760,2922
2024.02.22 18:48:20,DOWN,-5.1,2,0.0,-10.1,0,2343
2024.02.23 02:35:41,DOWN,-5.1,2,7.4,-10.1,128,26901
2024.02.23 13:22:54,UP,5.2,2,9.3,-10.1,4746,13370
2024.02.23 17:12:49,DOWN,-5.0,2,7.1,-10.0,2083,6199
2024.02.26 00:01:00,UP,12.5,2,0.0,-13.5,0,27
2024.02.26 00:06:07,DOWN,-5.2,1,10.1,0.0,10592,10592
2024.02.26 09:43:40,DOWN,-5.0,2,3.7,-10.0,1834,8472
2024.02.26 14:58:43,DOWN,-5.1,1,10.1,-9.7,7863,7863
2024.02.26 17:09:59,DOWN,-5.1,2,0.6,-10.1,5,1442
2024.02.26 17:53:58,UP,5.1,2,1.8,-10.0,3859,7020
2024.02.27 12:02:18,DOWN,-5.1,2,6.1,-10.1,492,6734
2024.02.27 15:30:26,UP,5.1,2,1.1,-10.0,41,755
2024.02.27 15:49:52,UP,5.0,2,0.5,-10.0,202,2055
2024.02.27 17:00:01,UP,5.0,2,1.9,-10.0,0,2101
2024.02.27 17:46:42,UP,5.0,1,10.1,-1.0,1691,1691
2024.02.27 18:14:53,UP,5.8,2,6.0,-10.1,2132,12714
2024.02.28 10:08:56,DOWN,-5.1,1,10.0,-3.9,3488,3488
2024.02.28 11:19:27,DOWN,-5.2,2,5.8,-10.4,1095,3838
2024.02.28 15:14:42,UP,5.1,1,10.1,-4.6,1940,1940
2024.02.28 15:47:54,UP,5.4,1,10.1,-4.7,5710,5710
2024.02.28 18:42:52,UP,5.2,2,7.6,-10.1,1440,33299
2024.02.29 09:48:36,DOWN,-5.1,2,4.6,-10.1,559,855
2024.02.29 10:02:51,UP,11.3,1,10.1,-5.5,3590,3590
2024.02.29 11:02:41,UP,12.1,2,4.6,-10.2,4747,6739
2024.02.29 13:29:59,DOWN,-5.1,1,10.1,-1.0,3021,3021
2024.02.29 15:00:44,DOWN,-5.2,2,2.2,-12.0,187,1761
2024.02.29 15:30:05,UP,5.4,1,10.0,-1.2,49,49
2024.02.29 15:40:59,UP,5.0,1,10.1,-7.8,1807,1807
2024.02.29 16:11:06,UP,5.6,2,9.6,-10.0,3082,4970
2024.02.29 17:33:56,DOWN,-6.8,1,10.1,-2.2,1101,1101
2024.02.29 17:52:30,DOWN,-5.0,1,10.1,-0.2,1275,1275
2024.02.29 18:23:01,DOWN,-5.1,1,10.0,-5.7,3961,3961
2024.03.01 00:01:28,DOWN,-5.6,2,1.9,-10.1,7,7714
2024.03.01 09:03:44,UP,5.1,2,8.4,-10.1,10586,11420
2024.03.01 12:14:04,DOWN,-7.6,2,6.2,-10.3,1148,3062
2024.03.01 14:59:15,DOWN,-5.1,1,10.0,-8.5,6497,6497
2024.03.01 16:47:32,DOWN,-8.1,2,4.5,-11.7,549,748
2024.03.01 17:00:00,UP,16.4,1,10.1,-9.4,952,952
2024.03.01 17:15:52,UP,6.0,1,10.0,-2.2,563,563
2024.03.01 17:27:59,UP,5.1,2,2.3,-10.3,480,3202
2024.03.01 18:24:22,DOWN,-5.1,2,1.7,-10.0,272,2723
2024.03.04 00:01:39,DOWN,-9.7,2,0.0,-11.0,0,1056
2024.03.04 10:13:03,DOWN,-5.1,1,10.0,-2.4,854,854
2024.03.04 14:57:24,DOWN,-5.1,2,1.4,-10.1,1833,5568
2024.03.04 16:52:27,UP,5.1,2,8.2,-10.3,4949,39393
2024.03.05 10:48:22,DOWN,-5.1,2,0.6,-10.0,27,1523
2024.03.05 15:41:22,DOWN,-5.1,2,4.5,-10.4,3820,4718
2024.03.05 17:00:00,UP,8.9,1,10.2,-1.4,33,33
2024.03.05 17:17:38,UP,5.1,2,0.0,-10.1,0,1285
2024.03.05 17:44:21,UP,5.2,2,3.0,-10.0,244,1552
2024.03.06 15:30:47,DOWN,-5.0,2,1.4,-10.0,4,600
2024.03.06 15:41:19,UP,5.1,1,10.1,-4.7,6331,6331
2024.03.06 17:37:14,DOWN,-5.1,2,0.4,-10.0,4,782
2024.03.06 17:54:04,UP,5.1,1,10.1,-4.2,3681,3681
2024.03.06 19:09:48,DOWN,-5.0,1,10.1,-3.6,6843,6843
2024.03.06 21:04:00,DOWN,-5.2,1,10.0,-9.6,47340,47340
2024.03.07 10:13:00,DOWN,-5.8,2,0.6,-10.2,4,4538
2024.03.07 15:15:30,DOWN,-5.5,1,10.0,-0.2,22,22
2024.03.07 15:21:18,DOWN,-5.1,1,10.1,-5.0,1986,1986
2024.03.07 15:54:24,DOWN,-5.3,2,3.1,-10.0,18,468
2024.03.07 16:02:12,UP,8.7,1,10.0,-6.4,1112,1112
2024.03.07 16:21:24,UP,5.1,1,10.5,-1.3,518,518
2024.03.07 16:41:38,DOWN,-5.1,2,0.5,-10.0,1,585
2024.03.07 16:51:23,UP,5.6,1,10.4,-1.1,261,261
2024.03.07 16:56:23,UP,8.8,2,0.0,-10.0,0,768
2024.03.07 17:09:11,DOWN,-8.0,2,1.4,-10.0,828,1603
2024.03.07 17:38:02,UP,5.2,1,10.2,-1.1,3021,3021
2024.03.07 18:28:24,UP,5.1,1,10.0,-3.4,8378,8378
2024.03.08 00:00:37,DOWN,-5.6,2,0.0,-10.1,0,7134
2024.03.08 09:26:39,DOWN,-5.1,1,10.1,-8.7,21807,21807
2024.03.08 15:30:06,DOWN,-14.6,2,7.1,-10.3,8,20
2024.03.08 15:35:25,UP,5.2,1,10.1,-4.2,180,180
2024.03.08 15:40:34,UP,5.1,2,9.3,-10.3,189,895
2024.03.08 15:57:08,DOWN,-5.1,1,10.1,-9.3,1098,1098
2024.03.08 16:15:33,DOWN,-5.0,2,1.8,-10.0,14,807
2024.03.08 16:34:04,UP,5.1,2,1.3,-10.1,84,287
2024.03.08 16:39:04,DOWN,-9.6,2,0.4,-10.0,2,571
2024.03.08 17:18:56,DOWN,-5.2,2,3.0,-10.1,44,1775
2024.03.08 18:02:15,DOWN,-5.1,1,10.2,-0.2,1296,1296
2024.03.08 18:43:36,DOWN,-5.1,3,7.5,-5.1,6863,191784
2024.03.11 09:29:31,UP,5.0,2,1.5,-10.0,3246,8312
2024.03.11 14:57:42,DOWN,-5.1,1,10.2,-1.5,3261,3261
2024.03.11 16:39:30,DOWN,-5.1,2,2.0,-10.1,3904,4684
2024.03.11 23:00:57,DOWN,-5.8,2,1.0,-10.1,261,9177
2024.03.12 14:30:01,DOWN,-20.9,1,11.0,0.0,1,1
2024.03.12 14:35:44,UP,5.2,1,10.2,-0.7,300,300
2024.03.12 14:40:44,UP,5.4,2,5.0,-10.0,48,664
2024.03.12 14:51:55,DOWN,-5.2,1,10.2,-1.3,497,497
2024.03.12 15:12:07,DOWN,-5.1,2,7.8,-10.2,1670,16391
2024.03.13 09:24:00,DOWN,-5.0,2,3.4,-10.0,7672,13274
2024.03.13 15:49:04,UP,5.2,2,0.1,-10.0,1,865
2024.03.13 16:03:29,DOWN,-5.1,2,0.6,-10.0,145,2215
2024.03.13 17:49:18,UP,5.1,1,10.7,-3.5,4356,4356
2024.03.13 19:01:54,UP,5.9,2,8.8,-10.5,681,14289
2024.03.14 09:31:05,DOWN,-5.0,1,10.3,-8.6,17936,17936
2024.03.14 14:30:01,DOWN,-7.6,2,3.5,-10.2,25,458
2024.03.14 14:37:41,UP,5.1,2,6.6,-10.2,342,1269
2024.03.14 14:58:51,DOWN,-5.5,1,10.1,-3.3,1997,1997
2024.03.14 15:48:17,DOWN,-5.1,1,10.1,-2.0,2084,2084
2024.03.14 16:38:32,DOWN,-5.0,1,10.1,-2.3,1968,1968
2024.03.15 02:53:21,UP,5.1,1,10.0,-8.3,32008,32008
2024.03.15 15:24:21,DOWN,-5.3,3,6.3,-6.7,8740,203739
2024.03.18 17:39:12,DOWN,-5.1,1,10.2,-5.4,2735,2735
2024.03.19 09:53:46,DOWN,-5.0,1,10.2,-2.0,2711,2711
2024.03.19 11:47:52,DOWN,-5.3,2,3.0,-10.0,500,5748
2024.03.19 15:03:34,UP,5.2,1,10.2,-7.5,14292,14292
2024.03.19 23:01:00,DOWN,-6.1,2,1.6,-10.1,2,22913
2024.03.20 10:02:43,DOWN,-5.1,1,10.0,-0.1,2957,2957
2024.03.20 11:09:50,DOWN,-5.0,2,6.1,-10.0,2853,21552
2024.03.20 20:00:01,UP,6.9,1,10.3,-0.3,3,3
2024.03.20 20:05:04,UP,5.4,2,3.9,-10.2,21,264
2024.03.20 20:11:00,UP,5.5,2,0.8,-10.0,11,225
2024.03.20 20:17:54,DOWN,-5.5,2,0.5,-10.2,71,652
2024.03.20 20:28:46,UP,7.2,2,3.8,-10.1,90,323
2024.03.20 20:34:09,DOWN,-11.1,2,4.4,-10.6,51,225
2024.03.20 20:39:09,UP,20.5,1,10.2,-5.6,353,353
2024.03.20 20:45:07,UP,5.3,1,10.3,-1.3,445,445
2024.03.20 20:52:33,UP,5.1,2,5.3,-10.1,208,1443
2024.03.20 21:22:28,DOWN,-5.4,2,0.0,-10.2,0,408
2024.03.20 21:29:29,UP,5.1,1,12.0,-0.2,9693,9693
2024.03.21 10:13:47,DOWN,-5.4,1,12.6,-0.8,73,73
2024.03.21 10:30:03,DOWN,-8.1,1,10.1,-3.2,738,738
2024.03.21 10:42:22,DOWN,-6.1,2,9.0,-10.1,678,3713
2024.03.21 11:44:42,UP,5.1,1,10.2,-1.6,1258,1258
2024.03.21 13:28:30,DOWN,-5.0,1,10.1,-7.1,6673,6673
2024.03.21 15:19:50,DOWN,-5.2,1,10.1,-1.7,1671,1671
2024.03.21 15:47:42,DOWN,-6.9,1,10.0,-2.9,934,934
2024.03.21 16:03:17,DOWN,-6.4,1,10.2,-2.3,3850,3850
2024.03.21 19:28:48,DOWN,-5.1,2,4.8,-10.2,12734,25714
2024.03.22 03:36:52,DOWN,-5.2,1,10.1,-1.6,3611,3611
2024.03.22 10:13:44,DOWN,-5.1,1,10.5,-0.5,1317,1317
2024.03.22 11:00:05,UP,5.6,1,10.2,-5.4,12406,12406
2024.03.25 03:15:30,UP,5.0,1,10.2,-1.2,1341,1341
2024.03.25 03:38:47,UP,5.3,2,4.2,-10.4,24164,25200
2024.03.25 10:38:47,DOWN,-7.0,2,2.2,-10.1,255,3955
2024.03.25 15:34:50,UP,5.2,1,10.2,-2.9,42042,42042
2024.03.26 14:23:22,DOWN,-5.1,1,10.0,-8.1,7688,7688
2024.03.26 17:57:15,DOWN,-5.1,2,5.5,-10.4,35155,62178
2024.03.27 13:54:36,DOWN,-5.1,1,10.0,-1.6,6115,6115
2024.03.27 23:03:52,DOWN,-5.7,1,10.1,-6.5,6232,6232
2024.03.28 04:14:49,UP,5.1,2,3.6,-10.3,12938,17839
2024.03.28 09:18:46,DOWN,-5.1,1,10.1,0.0,2697,2697
2024.03.28 10:03:49,DOWN,-5.1,1,10.1,-1.5,3854,3854
2024.03.28 12:33:45,UP,5.1,1,10.2,-7.8,8630,8630
2024.03.28 14:57:41,UP,5.2,1,10.1,0.0,161,161
2024.03.28 15:03:35,UP,5.2,2,1.9,-10.1,72,2177
2024.03.28 15:39:53,DOWN,-6.2,2,0.4,-10.1,72,585
2024.03.28 15:49:39,UP,7.6,2,5.3,-10.1,638,1756
2024.03.28 16:48:03,DOWN,-5.0,1,10.2,-5.5,12677,12677
2024.03.29 09:45:29,DOWN,-5.2,2,8.4,-10.2,808,9896
2024.03.29 14:30:28,UP,5.2,1,10.9,-0.6,663,663
2024.03.29 14:41:36,UP,6.0,2,3.6,-10.5,1,8415
2024.03.29 17:02:00,DOWN,-5.0,3,4.9,-4.6,21349,197881
2024.04.01 00:01:14,DOWN,-5.2,2,2.4,-10.1,3546,11995
2024.04.01 17:00:00,DOWN,-9.8,1,10.2,-2.6,180,180
2024.04.01 17:17:56,DOWN,-5.1,1,10.0,-3.7,4391,4391
2024.04.02 00:02:14,DOWN,-6.9,1,10.3,-8.3,32320,32320
2024.04.02 10:54:41,UP,5.2,2,0.9,-10.4,125,473
2024.04.02 11:02:34,DOWN,-10.6,2,4.7,-10.2,1639,6723
2024.04.02 15:38:31,UP,5.1,1,10.3,-5.3,3510,3510
2024.04.02 16:37:54,UP,5.1,1,10.2,-4.1,1578,1578
2024.04.02 17:04:12,UP,9.0,2,5.3,-10.1,1161,2960
2024.04.02 17:53:37,DOWN,-5.1,2,3.5,-10.0,16620,40199
2024.04.03 12:49:48,UP,5.0,1,10.1,-8.4,7731,7731
2024.04.03 15:22:44,DOWN,-5.0,2,5.1,-10.0,1719,4041
2024.04.03 17:00:00,UP,11.5,1,10.2,-2.6,29,29
2024.04.03 17:14:31,UP,5.1,1,10.1,-3.6,1730,1730
2024.04.03 17:43:21,UP,5.9,1,10.1,-0.2,2296,2296
2024.04.03 18:23:03,UP,5.0,1,10.1,-8.4,29265,29265
2024.04.04 11:29:15,UP,5.1,1,10.0,-9.5,16194,16194
2024.04.04 16:17:29,UP,5.0,2,4.5,-10.2,1559,11924
2024.04.04 22:49:13,DOWN,-5.1,1,12.7,-3.6,4308,4308
2024.04.05 00:03:42,DOWN,-6.1,2,0.1,-10.1,1,9468
2024.04.05 09:12:43,DOWN,-5.1,2,0.9,-10.4,193,2991
2024.04.05 10:47:43,UP,5.3,2,5.1,-10.1,3444,11861
2024.04.05 15:03:33,UP,5.2,2,7.8,-16.0,1376,1588
2024.04.05 15:30:01,DOWN,-24.5,1,11.0,-1.8,9,9
2024.04.05 15:37:52,UP,5.0,2,5.1,-10.2,50,608
2024.04.05 15:48:00,DOWN,-10.6,1,10.1,-8.4,1213,1213
2024.04.05 16:08:13,DOWN,-9.7,2,3.8,-10.4,405,2807
2024.04.05 17:11:27,UP,5.3,1,10.2,-0.3,753,753
2024.04.05 17:24:57,UP,5.1,1,10.1,-3.0,2802,2802
2024.04.05 18:38:49,UP,5.3,3,9.5,-4.1,1729,192071
2024.04.08 15:49:05,UP,5.1,1,10.2,-1.6,2710,2710
2024.04.08 16:34:40,UP,5.3,1,10.2,-2.6,4790,4790
2024.04.08 17:54:31,UP,6.6,1,10.0,-9.1,67848,67848
2024.04.09 15:34:14,UP,5.1,1,10.3,-1.2,1080,1080
2024.04.09 17:38:00,DOWN,-5.0,1,10.4,-1.9,2166,2166
2024.04.10 15:30:01,DOWN,-26.8,1,10.1,0.0,10,10
2024.04.10 15:36:35,DOWN,-5.2,2,6.9,-10.1,523,949
2024.04.10 15:53:05,UP,5.1,2,0.0,-10.0,0,96
2024.04.10 15:58:05,DOWN,-6.4,1,10.0,-1.4,718,718
2024.04.10 16:11:54,DOWN,-5.1,1,10.6,-7.4,2015,2015
2024.04.10 16:45:29,DOWN,-5.3,2,9.7,-10.0,1168,2232
2024.04.10 17:24:46,UP,5.1,2,0.5,-10.2,48,408
2024.04.10 17:42:20,DOWN,-5.1,1,10.2,-1.0,1691,1691
2024.04.10 18:42:50,DOWN,-5.6,2,8.3,-10.1,3135,6010
2024.04.10 20:23:07,UP,5.2,2,6.9,-10.5,518,5577
2024.04.10 21:57:46,DOWN,-5.3,2,0.2,-10.2,2,2974
2024.04.11 09:58:37,DOWN,-5.2,2,0.9,-10.1,10,681
2024.04.11 10:09:58,UP,6.9,1,10.0,-3.2,3417,3417
2024.04.11 11:47:00,DOWN,-5.1,1,10.0,-0.1,3071,3071
2024.04.11 15:15:30,DOWN,-5.7,1,10.1,0.0,46,46
2024.04.11 15:29:09,UP,5.3,1,10.6,-9.8,55,55
2024.04.11 15:34:09,UP,16.4,2,5.1,-10.2,32,615
2024.04.11 15:44:24,DOWN,-7.8,2,1.7,-10.2,160,360
2024.04.11 15:50:24,UP,5.6,2,3.6,-10.1,403,802
2024.04.11 16:03:46,DOWN,-8.9,2,4.5,-10.1,31,104
2024.04.11 16:09:19,UP,5.5,1,10.0,-3.0,1096,1096
2024.04.11 16:27:35,UP,12.6,2,3.1,-10.2,118,455
2024.04.11 16:38:36,DOWN,-5.3,1,10.5,-1.5,1314,1314
2024.04.11 17:00:33,DOWN,-5.2,1,10.3,-3.8,1167,1167
2024.04.11 17:28:42,DOWN,-5.1,1,10.1,-2.2,1174,1174
2024.04.11 18:04:46,UP,5.1,1,10.5,-8.1,3266,3266
2024.04.11 21:07:45,UP,5.3,2,0.1,-11.7,1,10395
2024.04.12 09:03:00,DOWN,-5.1,1,10.2,-3.6,2164,2164
2024.04.12 09:39:04,DOWN,-8.6,1,10.0,0.0,302,302
2024.04.12 09:44:06,DOWN,-5.2,1,10.3,-1.3,2045,2045
2024.04.12 10:32:39,UP,5.2,2,3.7,-10.1,2082,5147
2024.04.12 11:58:28,DOWN,-5.4,1,10.0,-3.7,1512,1512
2024.04.12 12:23:40,DOWN,-5.1,1,10.1,-2.8,3512,3512
2024.04.12 13:22:12,DOWN,-5.1,1,10.0,-7.6,8266,8266
2024.04.12 15:39:58,DOWN,-5.9,1,10.1,-1.8,2715,2715
2024.04.12 16:48:15,UP,5.1,2,4.0,-10.1,909,1204
2024.04.12 17:08:19,DOWN,-6.8,1,10.1,-1.1,876,876
2024.04.12 17:39:22,UP,5.3,1,10.0,-8.4,3335,3335
2024.04.12 20:48:41,UP,5.1,2,0.9,-10.1,1362,4251
2024.04.15 00:00:47,DOWN,-6.6,2,6.2,-10.0,53,4834
2024.04.15 05:03:50,UP,5.2,1,10.0,-7.7,15832,15832
2024.04.15 10:54:21,UP,5.1,2,5.1,-12.9,12035,16539
2024.04.15 15:30:00,DOWN,-9.5,1,10.6,-4.7,63,63
2024.04.15 15:36:07,UP,5.2,1,10.1,-5.6,1186,1186
2024.04.15 16:00:22,UP,5.3,2,8.4,-10.2,352,2205
2024.04.15 16:43:51,DOWN,-5.3,1,10.1,-2.7,1472,1472
2024.04.15 17:18:45,UP,5.1,2,1.6,-10.0,90,459
2024.04.15 17:31:19,UP,5.0,1,10.3,-8.6,4659,4659
2024.04.16 04:15:59,DOWN,-5.2,2,2.3,-10.2,4991,15442
2024.04.16 09:08:47,DOWN,-5.3,1,10.0,-1.1,1406,1406
2024.04.16 10:04:12,UP,5.3,1,10.1,-4.3,7373,7373
2024.04.16 12:07:22,UP,5.1,1,10.2,-8.4,9531,9531
2024.04.16 14:49:52,UP,5.0,1,10.1,-3.7,2891,2891
2024.04.16 15:38:43,UP,5.1,2,2.5,-10.1,18,760
2024.04.16 16:13:07,DOWN,-5.1,2,5.3,-10.1,638,1790
2024.04.16 16:42:57,UP,5.8,2,0.2,-10.3,3,298
2024.04.16 16:47:57,DOWN,-5.2,2,5.6,-10.1,257,1641
2024.04.16 17:15:32,UP,5.0,2,0.0,-10.0,0,495
2024.04.16 17:23:47,DOWN,-8.7,1,10.1,-4.5,4059,4059
2024.04.16 19:03:48,DOWN,-5.0,1,10.4,-5.4,5185,5185
2024.04.16 20:30:20,DOWN,-5.2,2,7.5,-10.0,100,623
2024.04.16 20:40:43,UP,6.6,1,10.1,-5.6,1626,1626
2024.04.16 21:07:50,UP,8.9,2,4.6,-10.1,107,767
2024.04.16 21:34:21,UP,5.2,1,10.1,0.0,1166,1166
2024.04.16 21:53:48,UP,7.0,2,0.6,-10.0,44,1391
2024.04.16 22:34:18,DOWN,-5.1,2,9.3,-10.0,9435,24260
2024.04.17 09:01:51,DOWN,-5.1,2,0.5,-10.2,138,772
2024.04.17 09:33:08,UP,5.1,1,10.2,-0.6,1159,1159
2024.04.17 09:53:22,UP,5.1,2,3.3,-10.1,34,1609
2024.04.17 10:26:48,UP,5.0,1,10.1,-6.6,3255,3255
2024.04.17 11:23:35,UP,5.1,1,10.6,-9.9,19448,19448
2024.04.17 17:22:55,DOWN,-5.0,2,5.1,-10.2,1900,4805
2024.04.17 19:04:13,DOWN,-5.1,2,1.9,-10.3,129,1303
2024.04.17 19:25:57,UP,5.1,1,10.2,-0.9,4085,4085
2024.04.17 21:09:41,UP,5.2,2,2.2,-10.3,2443,3748
2024.04.18 05:14:04,UP,5.3,1,10.3,-3.7,13868,13868
2024.04.18 11:09:27,DOWN,-5.1,1,10.2,-4.1,15225,15225
2024.04.18 15:23:56,DOWN,-5.1,1,10.0,-6.5,3226,3226
2024.04.18 16:17:42,DOWN,-5.1,1,10.1,-8.8,1440,1440
2024.04.18 16:41:42,DOWN,-5.3,2,1.0,-10.1,253,1683
2024.04.18 17:09:45,UP,5.9,2,7.2,-10.1,4452,10888
2024.04.18 20:29:52,UP,5.1,2,2.7,-10.3,986,24451
2024.04.19 04:36:33,DOWN,-6.2,2,7.1,-10.0,2056,5645
2024.04.19 06:11:00,UP,5.0,1,10.2,-5.8,1204,1204
2024.04.19 07:01:54,UP,5.1,2,0.9,-10.0,303,4851
2024.04.19 09:11:48,UP,5.1,1,10.1,-4.9,2644,2644
2024.04.19 10:09:13,UP,5.2,1,10.1,-8.5,9691,9691
2024.04.19 12:59:01,DOWN,-5.1,1,10.4,-2.4,3682,3682
2024.04.19 14:13:48,DOWN,-5.1,2,0.0,-10.0,0,2045
2024.04.19 15:32:07,UP,5.2,2,9.9,-10.2,7107,12038
2024.04.19 19:09:54,DOWN,-5.1,1,10.0,-0.1,725,725
2024.04.19 19:32:56,UP,5.1,1,10.0,-0.5,1661,1661
2024.04.19 20:29:43,DOWN,-5.2,3,4.3,-6.9,4145,185484
2024.04.22 00:02:02,DOWN,-6.5,2,1.4,-10.3,239,792
2024.04.22 04:24:10,UP,5.3,2,4.8,-10.2,3462,21991
2024.04.22 10:49:25,UP,5.1,2,0.8,-10.2,23,1604
2024.04.22 11:59:53,DOWN,-5.1,1,10.1,-5.2,7880,7880
2024.04.22 15:14:58,UP,5.1,2,7.0,-10.3,1179,4445
2024.04.22 16:44:52,UP,5.1,1,10.2,-3.2,3631,3631
2024.04.23 10:15:00,UP,7.2,1,10.6,-3.8,667,667
2024.04.23 10:26:08,UP,5.1,1,10.5,-0.4,232,232
2024.04.23 10:31:08,UP,24.2,2,4.7,-10.1,148,918
2024.04.23 11:01:50,DOWN,-5.7,1,10.0,-9.1,3725,3725
2024.04.23 12:03:55,DOWN,-6.6,1,10.0,-1.2,6470,6470
2024.04.23 14:16:37,UP,5.3,1,10.0,-4.0,2343,2343
2024.04.23 15:59:55,UP,5.1,2,0.0,-10.2,0,2168
2024.04.23 16:36:21,DOWN,-5.3,2,0.5,-15.2,326,519
2024.04.23 16:45:00,UP,17.0,1,10.7,-0.5,18,18
2024.04.23 16:52:06,UP,5.2,1,10.5,-0.1,85,85
2024.04.23 16:57:06,UP,6.5,2,0.5,-10.7,1,316
2024.04.23 17:02:45,DOWN,-5.4,2,5.4,-10.2,198,947
2024.04.23 17:18:33,UP,7.6,2,3.1,-10.0,181,502
2024.04.23 17:26:55,DOWN,-5.9,2,0.1,-10.0,42,307
2024.04.23 17:32:03,UP,6.0,2,5.6,-10.1,278,1739
2024.04.23 18:02:52,DOWN,-5.3,2,3.2,-10.1,116,1746
2024.04.23 18:44:54,DOWN,-5.5,2,5.6,-10.0,764,6966
2024.04.24 09:12:55,DOWN,-5.0,1,10.1,-4.7,3914,3914
2024.04.24 11:34:33,DOWN,-5.1,2,1.1,-10.0,832,6843
2024.04.24 15:12:42,DOWN,-5.7,2,1.9,-10.1,35,1270
2024.04.24 15:41:27,DOWN,-5.1,2,8.3,-10.0,255,2758
2024.04.24 17:06:00,UP,5.3,2,5.2,-10.1,165,2337
2024.04.24 18:18:41,UP,5.1,1,10.9,-8.2,13840,13840
2024.04.24 22:09:21,UP,5.4,2,6.6,-11.4,1056,6743
2024.04.25 00:01:45,DOWN,-9.6,2,0.0,-10.2,0,3498
2024.04.25 15:30:11,UP,10.6,1,11.5,0.0,1,1
2024.04.25 15:36:17,UP,5.0,2,0.3,-10.0,2,43
2024.04.25 15:42:08,UP,5.3,2,1.9,-10.0,46,243
2024.04.25 15:53:39,DOWN,-5.1,2,1.5,-10.0,61,447
2024.04.25 16:01:09,UP,5.3,2,2.5,-10.6,63,388
2024.04.25 16:07:37,DOWN,-6.0,2,8.3,-10.6,376,2120
2024.04.25 16:42:58,UP,6.3,1,10.6,-4.7,1945,1945
2024.04.25 17:18:05,UP,5.4,1,10.2,-3.6,5973,5973
2024.04.25 19:44:15,UP,5.2,1,10.0,-0.7,2946,2946
2024.04.26 00:01:01,DOWN,-6.1,2,4.4,-10.0,20802,34371
2024.04.26 09:44:49,UP,5.1,2,1.7,-10.2,492,2226
2024.04.26 11:01:26,UP,5.1,1,10.3,-3.0,1491,1491
2024.04.26 14:39:04,DOWN,-5.2,1,10.1,-0.1,1142,1142
2024.04.26 15:30:04,UP,7.7,1,12.9,0.0,2,2
2024.04.26 15:38:37,UP,5.2,2,0.5,-10.0,11,147
2024.04.26 15:43:37,DOWN,-8.1,1,10.1,-3.4,302,302
2024.04.26 15:48:39,DOWN,-12.8,2,1.7,-10.3,319,774
2024.04.26 16:01:34,UP,5.8,2,1.6,-10.0,48,1161
2024.04.26 16:42:34,DOWN,-5.3,1,10.2,-5.3,2189,2189
2024.04.26 17:19:22,DOWN,-5.1,1,10.3,-2.0,1419,1419
2024.04.26 17:51:24,DOWN,-5.1,1,10.2,-1.7,1276,1276
2024.04.26 18:39:04,UP,5.1,1,10.1,-3.3,5146,5146
2024.04.29 00:02:06,DOWN,-5.7,2,0.0,-10.1,0,3531
2024.04.29 07:14:32,UP,5.1,2,9.0,-10.0,3471,9628
2024.04.29 10:00:10,DOWN,-5.5,2,1.5,-10.7,3,762
2024.04.29 10:12:53,UP,6.4,2,5.5,-11.0,1677,5360
2024.04.29 11:42:47,DOWN,-5.0,2,9.0,-10.0,1999,3565
2024.04.29 14:33:08,DOWN,-5.1,1,10.3,-5.7,5067,5067
2024.04.29 15:57:58,DOWN,-5.1,1,10.3,-1.3,2162,2162
2024.04.29 16:34:08,DOWN,-5.2,2,3.3,-10.0,356,1627
2024.04.29 17:02:30,UP,5.2,1,10.1,-3.4,3620,3620
2024.04.29 18:03:46,UP,5.1,1,10.3,-3.2,6173,6173
2024.04.29 22:01:01,DOWN,-5.2,1,10.0,-3.3,24758,24758
2024.04.30 09:09:16,DOWN,-5.3,2,5.6,-10.1,727,2859
2024.04.30 11:57:25,UP,5.1,1,10.1,-0.4,332,332
2024.04.30 12:02:58,UP,9.5,1,10.3,-0.1,1781,1781
2024.04.30 15:30:01,DOWN,-7.6,1,10.9,0.0,1,1
2024.04.30 15:42:42,UP,5.4,2,5.1,-10.5,315,1068
2024.04.30 16:00:30,DOWN,-5.2,2,0.6,-10.1,2,173
2024.04.30 16:14:16,UP,5.2,1,10.0,-9.0,3111,3111
2024.04.30 17:06:08,UP,9.1,2,0.3,-10.4,66,362
2024.04.30 17:12:50,DOWN,-5.0,2,1.1,-10.0,12,308
2024.04.30 17:17:59,UP,8.5,2,1.2,-10.1,13,1020
2024.04.30 17:37:23,DOWN,-5.2,1,10.0,-4.1,947,947
2024.04.30 17:53:10,DOWN,-8.1,1,10.0,-6.1,4279,4279
2024.04.30 19:48:09,UP,5.1,2,1.7,-10.1,560,11425
2024.05.01 00:09:53,UP,5.1,2,1.3,-11.0,19,11591
2024.05.01 03:23:04,DOWN,-5.3,2,8.6,-10.6,23463,29370
2024.05.01 15:32:07,UP,5.2,1,11.2,-6.3,5275,5275
2024.05.01 17:00:02,UP,7.7,2,3.7,-10.7,2,625
2024.05.01 17:29:46,UP,5.1,2,1.7,-10.4,63,5474
2024.05.01 21:00:05,UP,5.7,1,10.4,-5.8,43,43
2024.05.01 21:05:42,DOWN,-5.6,2,7.9,-10.4,318,1695
2024.05.01 21:34:08,UP,5.4,2,2.9,-11.1,5,90
2024.05.01 21:39:09,UP,5.2,1,10.7,-0.7,109,109
2024.05.01 21:44:09,UP,12.8,2,10.0,-10.0,671,1987
2024.05.01 22:18:37,DOWN,-5.4,1,10.1,0.0,89,89
2024.05.01 22:24:28,UP,5.3,2,1.8,-10.4,35,471
2024.05.01 22:32:19,DOWN,-7.0,1,10.1,-6.4,1746,1746
2024.05.01 23:19:49,UP,5.4,1,10.5,-0.1,367,367
2024.05.01 23:25:57,UP,6.8,1,10.2,-2.2,1298,1298
2024.05.01 23:52:55,DOWN,-5.2,1,23.7,-0.9,518,518
2024.05.02 00:01:34,DOWN,-15.9,2,0.0,-14.4,0,1
2024.05.02 00:54:00,UP,5.4,1,10.1,-6.6,30161,30161
2024.05.02 09:38:55,DOWN,-5.5,1,10.2,-6.8,5699,5699
2024.05.02 11:13:58,DOWN,-5.2,1,10.1,-2.1,1377,1377
2024.05.02 12:28:05,DOWN,-5.2,2,6.4,-10.2,11029,11551
2024.05.02 15:54:03,DOWN,-5.3,1,10.5,-0.1,869,869
2024.05.02 16:09:20,DOWN,-5.4,1,10.5,-7.0,2270,2270
2024.05.02 16:47:11,DOWN,-6.4,2,7.3,-10.2,1332,4831
2024.05.02 18:08:29,UP,5.4,1,10.1,-1.5,1687,1687
2024.05.02 18:37:25,UP,5.1,1,10.1,-3.0,3984,3984
2024.05.02 19:44:17,UP,5.1,1,10.3,-2.3,7329,7329
2024.05.03 00:02:00,DOWN,-5.3,2,0.0,-10.1,0,7214
2024.05.03 09:29:33,UP,5.3,2,0.2,-10.2,4,3135
2024.05.03 11:04:11,UP,5.9,1,10.3,-1.8,15361,15361
2024.05.03 15:30:01,UP,6.9,1,20.9,0.0,0,0
2024.05.03 15:36:01,UP,5.8,2,6.0,-10.2,259,510
2024.05.03 15:44:32,DOWN,-14.0,1,10.4,-4.0,436,436
2024.05.03 15:51:48,DOWN,-5.3,2,4.9,-10.0,22,214
2024.05.03 15:57:15,UP,5.3,2,1.4,-10.1,100,459
2024.05.03 16:04:54,DOWN,-6.1,1,10.5,-8.0,1650,1650
2024.05.03 16:32:24,DOWN,-5.9,2,6.3,-16.9,80,1656
2024.05.03 17:00:00,UP,17.6,2,5.0,-11.1,1,11
2024.05.03 17:05:35,UP,5.0,2,4.3,-10.6,76,390
2024.05.03 17:12:06,DOWN,-6.1,2,9.8,-10.0,816,3234
2024.05.03 18:32:47,UP,5.1,2,4.1,-10.1,388,2428
2024.05.06 13:28:29,DOWN,-5.0,2,0.0,-10.0,0,5828
2024.05.07 09:33:06,DOWN,-5.2,2,0.0,-10.0,0,1362
2024.05.07 11:04:39,DOWN,-5.2,2,4.3,-10.0,6093,10464
2024.05.07 18:58:34,DOWN,-5.2,1,10.2,-6.0,4715,4715
2024.05.07 20:18:22,DOWN,-5.1,1,10.0,-7.6,27920,27920
2024.05.08 04:23:03,DOWN,-5.1,2,6.4,-10.1,23932,30592
2024.05.08 15:43:56,UP,5.1,1,10.1,-1.4,11287,11287
2024.05.09 00:01:28,DOWN,-7.7,2,0.2,-10.2,29,3563
2024.05.09 15:04:23,UP,5.1,1,10.4,-2.1,1543,1543
2024.05.09 15:30:06,UP,8.5,1,10.4,-2.8,228,228
2024.05.09 15:44:01,UP,5.0,2,1.6,-10.1,16,1891
2024.05.09 17:03:41,UP,5.2,1,10.4,-2.2,2041,2041
2024.05.09 18:54:05,DOWN,-5.0,2,0.5,-10.1,61,5662
2024.05.10 00:04:26,DOWN,-5.2,2,4.9,-10.1,35066,40503
2024.05.10 15:37:21,DOWN,-5.1,2,5.3,-10.1,884,3814
2024.05.10 16:49:37,UP,5.1,2,0.3,-10.0,501,1276
2024.05.10 17:11:01,DOWN,-5.1,1,10.0,0.0,512,512
2024.05.10 17:19:33,DOWN,-5.6,2,8.1,-10.2,2035,8940
2024.05.13 12:03:40,UP,5.1,2,0.0,-10.0,0,5726
2024.05.13 14:48:08,UP,5.1,1,10.1,-4.9,5287,5287
2024.05.13 17:09:03,DOWN,-5.1,1,10.1,-7.6,11080,11080
2024.05.14 15:30:01,DOWN,-10.1,1,10.8,-2.0,2,2
2024.05.14 15:37:36,UP,5.1,1,10.2,0.0,160,160
2024.05.14 15:42:36,UP,6.4,1,10.0,-5.6,1758,1758
2024.05.14 16:12:39,UP,5.0,1,10.1,-9.1,63612,63612
2024.05.15 15:30:01,UP,7.7,1,11.3,0.0,1,1
2024.05.15 15:35:29,DOWN,-5.2,2,3.1,-10.4,336,540
2024.05.15 15:44:29,UP,7.6,2,2.2,-10.0,62,1119
2024.05.15 16:03:08,DOWN,-8.4,2,0.2,-10.2,3,176
2024.05.15 16:14:09,UP,5.2,2,1.1,-10.0,9,418
2024.05.15 16:21:56,DOWN,-5.1,1,10.3,-6.0,1515,1515
2024.05.15 16:49:35,DOWN,-5.0,2,9.1,-10.0,320,2331
2024.05.15 18:08:01,UP,5.3,1,10.0,-8.4,7100,7100
2024.05.16 15:30:17,UP,5.5,2,0.8,-10.1,2,113
2024.05.16 15:36:43,DOWN,-5.1,2,8.9,-10.4,5457,11813
2024.05.16 20:24:20,DOWN,-5.0,1,10.6,-2.0,13041,13041
2024.05.17 00:01:42,DOWN,-7.0,1,10.1,-9.5,40313,40313
2024.05.17 11:33:50,DOWN,-5.3,2,8.3,-10.3,9191,17263
2024.05.17 16:48:28,UP,5.2,1,10.2,-1.6,2444,2444
2024.05.17 17:49:01,UP,5.1,3,3.5,-9.6,836,195059
2024.05.21 15:08:30,DOWN,-5.1,1,11.7,-1.4,3092,3092
2024.05.21 16:00:03,DOWN,-5.4,2,8.8,-10.1,150,6848
2024.05.21 20:13:46,DOWN,-5.0,2,0.3,-10.3,8,19369
2024.05.22 09:00:11,UP,5.0,2,2.4,-10.0,3648,4887
2024.05.22 14:59:13,UP,5.1,1,10.2,-1.0,5142,5142
2024.05.22 17:49:24,UP,5.3,2,7.1,-10.3,8390,11628
2024.05.22 21:03:12,DOWN,-7.5,1,10.1,-4.8,1137,1137
2024.05.22 21:22:09,DOWN,-5.7,2,2.5,-10.1,3434,26810
2024.05.23 10:15:00,DOWN,-5.1,2,9.6,-10.4,735,901
2024.05.23 10:30:01,UP,20.1,2,0.0,-10.4,0,19
2024.05.23 10:39:50,UP,5.4,1,10.2,-5.2,1972,1972
2024.05.23 12:00:57,UP,5.1,2,0.0,-10.0,0,992
2024.05.23 15:53:03,UP,5.3,2,7.6,-16.2,2569,3117
2024.05.23 16:45:00,DOWN,-23.5,2,1.0,-10.3,1,9
2024.05.23 16:50:53,DOWN,-5.2,2,3.8,-10.1,205,610
2024.05.23 17:01:04,UP,8.2,2,0.0,-10.0,0,993
2024.05.23 17:19:33,DOWN,-5.4,1,10.1,-7.0,4608,4608
2024.05.23 19:13:15,DOWN,-5.3,1,10.7,-3.2,5425,5425
2024.05.24 00:02:03,DOWN,-6.1,2,2.9,-10.1,25154,36621
2024.05.24 17:00:23,UP,5.1,3,9.7,-5.9,8863,197977
2024.05.27 11:03:49,DOWN,-5.0,2,0.4,-10.0,4,4884
2024.05.27 12:59:24,UP,5.0,2,1.0,-10.2,44,1245
2024.05.27 15:00:43,DOWN,-5.2,1,10.0,-1.5,368,368
2024.05.27 15:06:51,DOWN,-5.8,2,1.0,-10.0,22,3281
2024.05.27 16:29:59,UP,5.7,1,10.0,-4.4,38167,38167
2024.05.28 14:04:35,UP,5.1,2,5.7,-10.0,805,8483
2024.05.28 16:58:43,DOWN,-5.1,2,7.2,-10.1,476,3112
2024.05.28 20:04:35,DOWN,-5.2,1,10.1,-4.7,4717,4717
2024.05.29 11:00:06,DOWN,-5.2,1,10.1,0.0,385,385
2024.05.29 11:07:01,DOWN,-5.2,2,4.4,-10.1,115,3944
2024.05.29 13:54:03,UP,5.1,2,2.3,-10.2,168,1020
2024.05.29 15:01:28,UP,5.2,2,3.3,-10.6,435,3668
2024.05.29 16:04:50,DOWN,-5.1,1,10.2,-2.3,4595,4595
2024.05.29 17:21:35,DOWN,-5.1,1,10.2,0.0,596,596
2024.05.29 17:32:54,DOWN,-5.3,1,10.2,-6.5,15595,15595
2024.05.30 10:38:26,DOWN,-5.2,2,0.3,-10.2,57,669
2024.05.30 10:49:36,UP,8.4,1,10.3,-3.2,4069,4069
2024.05.30 15:30:06,UP,7.6,1,10.1,-5.5,2160,2160
2024.05.30 16:52:52,UP,5.0,1,10.1,-5.7,3169,3169
2024.05.31 10:43:03,UP,5.0,1,10.1,-2.4,2975,2975
2024.05.31 12:00:11,UP,5.2,1,10.1,-2.7,6087,6087
2024.05.31 15:30:29,UP,5.3,1,10.2,-0.2,505,505
2024.05.31 15:39:34,UP,5.1,1,10.1,-0.7,974,974
2024.05.31 16:54:30,DOWN,-5.1,1,12.4,-9.3,2876,2876
2024.05.31 17:42:28,DOWN,-5.1,1,10.4,-4.3,2231,2231
2024.05.31 18:19:44,DOWN,-5.3,3,5.7,-8.3,3166,193223
2024.06.03 11:06:55,DOWN,-5.1,2,7.3,-10.2,8868,15212
2024.06.03 17:00:00,UP,10.5,1,10.1,0.0,10,10
2024.06.03 17:06:38,UP,5.0,1,10.7,-8.5,4696,4696
2024.06.04 00:06:47,DOWN,-6.2,2,0.0,-10.3,0,3200
2024.06.04 01:04:38,UP,5.1,2,8.5,-10.3,10243,31061
2024.06.04 11:03:06,DOWN,-5.0,1,10.1,-5.6,2234,2234
2024.06.04 12:11:47,DOWN,-5.3,1,10.0,-9.8,9704,9704
2024.06.04 15:02:49,UP,5.0,1,10.1,-4.4,7091,7091
2024.06.04 17:01:00,UP,10.0,2,4.1,-10.4,168,565
2024.06.04 17:29:59,UP,5.1,1,10.2,-2.7,1558,1558
2024.06.04 18:21:55,UP,5.1,2,4.7,-10.2,8900,53854
2024.06.05 15:15:01,UP,5.9,1,10.0,-4.2,2809,2809
2024.06.05 16:45:44,DOWN,-5.2,1,11.0,-5.6,856,856
2024.06.05 17:00:00,DOWN,-20.4,2,2.4,-10.2,0,12
2024.06.05 17:21:39,UP,5.2,2,7.9,-10.4,1104,5959
2024.06.05 19:03:28,DOWN,-5.1,2,5.3,-10.1,579,8639
2024.06.06 10:08:14,DOWN,-5.1,1,10.1,-4.4,15262,15262
2024.06.06 15:15:29,UP,5.2,1,10.2,-0.7,26,26
2024.06.06 15:24:14,UP,5.8,1,10.1,-2.2,365,365
2024.06.06 15:30:19,UP,9.8,2,2.2,-10.1,17,386
2024.06.06 15:37:37,DOWN,-5.1,1,10.2,-1.7,829,829
2024.06.06 15:51:27,DOWN,-7.2,2,4.4,-10.3,912,1302
2024.06.06 16:13:10,UP,7.6,2,0.9,-10.1,1,283
2024.06.06 16:26:41,UP,5.0,2,8.6,-10.0,2193,3676
2024.06.07 15:30:01,DOWN,-5.3,1,20.8,-5.7,1,1
2024.06.07 15:35:39,DOWN,-5.1,1,10.0,-2.6,585,585
2024.06.07 15:45:25,DOWN,-6.6,2,1.9,-10.2,60,314
2024.06.07 15:50:41,UP,5.4,2,2.7,-10.6,13,638
2024.06.07 16:01:20,DOWN,-6.6,1,10.5,-9.1,4180,4180
2024.06.07 17:18:16,UP,5.6,2,5.9,-10.1,1327,2871
2024.06.07 18:18:04,DOWN,-5.1,1,33.2,-4.9,193352,193352
2024.06.10 00:00:37,DOWN,-26.4,1,10.6,-4.7,116,116
2024.06.10 00:38:42,DOWN,-5.9,2,5.1,-10.0,2302,8722
2024.06.10 07:04:00,DOWN,-5.0,2,2.6,-10.0,10744,12284
2024.06.10 10:28:58,UP,5.1,2,6.6,-10.0,2280,7235
2024.06.10 12:29:34,DOWN,-5.2,1,10.2,-3.4,1558,1558
2024.06.10 16:37:01,UP,5.1,1,10.0,-9.7,8675,8675
2024.06.11 11:48:07,DOWN,-5.5,1,10.1,-0.5,255,255
2024.06.11 12:26:43,DOWN,-5.1,2,4.0,-10.1,175,2243
2024.06.11 13:13:22,DOWN,-5.1,1,10.2,-0.7,1871,1871
2024.06.11 14:12:44,DOWN,-5.4,1,10.0,-3.9,7685,7685
2024.06.11 16:47:27,DOWN,-5.0,2,3.9,-10.0,377,7808
2024.06.11 20:02:58,UP,5.1,1,10.1,-9.4,54475,54475
2024.06.12 15:30:05,UP,27.9,1,10.6,0.0,7,7
2024.06.12 15:35:29,DOWN,-5.2,2,2.3,-10.2,5,910
2024.06.12 15:53:41,UP,5.4,1,10.2,-7.7,2366,2366
2024.06.12 16:37:35,DOWN,-5.1,1,10.1,-6.5,1870,1870
2024.06.12 17:08:46,DOWN,-5.4,2,3.4,-10.1,217,444
2024.06.12 17:16:11,UP,5.6,1,10.1,-0.6,562,562
2024.06.12 18:47:05,DOWN,-5.0,1,19.0,-5.4,7976,7976
2024.06.12 21:00:01,DOWN,-21.7,2,3.6,-11.8,1,7
2024.06.12 21:05:50,UP,5.7,2,1.1,-11.0,29,432
2024.06.12 21:14:19,DOWN,-5.1,2,0.1,-10.3,38,253
2024.06.12 21:19:19,UP,9.1,2,5.1,-10.4,707,787
2024.06.12 21:32:27,DOWN,-9.0,1,10.0,-7.5,1208,1208
2024.06.12 21:52:58,DOWN,-5.4,2,2.1,-10.3,3,199
2024.06.12 21:57:58,UP,5.4,2,0.2,-10.0,2,1640
2024.06.12 22:26:04,DOWN,-5.0,2,1.5,-10.0,5636,16762
2024.06.13 13:58:31,DOWN,-5.1,1,10.1,-3.3,3650,3650
2024.06.13 15:22:54,UP,5.1,1,10.3,-7.3,429,429
2024.06.13 15:30:03,UP,10.2,1,10.1,-3.5,20,20
2024.06.13 15:36:13,DOWN,-5.4,1,10.3,-0.6,843,843
2024.06.13 15:59:17,DOWN,-5.1,2,5.9,-10.3,437,2083
2024.06.13 16:46:57,DOWN,-5.1,1,10.2,-0.3,502,502
2024.06.13 17:26:41,DOWN,-5.2,1,10.3,-0.4,612,612
2024.06.13 17:57:29,UP,5.1,2,0.6,-10.1,171,1544
2024.06.13 18:27:49,DOWN,-5.3,1,10.1,-7.3,2404,2404
2024.06.13 19:08:58,DOWN,-5.1,1,10.1,-2.2,1925,1925
2024.06.13 20:02:04,UP,5.2,2,4.5,-10.0,36831,46563
2024.06.14 09:37:32,DOWN,-5.3,1,10.1,-8.0,2509,2509
2024.06.14 10:19:22,DOWN,-7.2,2,0.1,-10.1,284,943
2024.06.14 10:39:57,DOWN,-5.3,1,10.0,-1.4,2766,2766
2024.06.14 11:44:02,DOWN,-5.1,1,10.3,-0.6,1163,1163
2024.06.14 12:03:26,DOWN,-7.3,1,10.1,-4.5,2049,2049
2024.06.14 12:47:20,UP,5.3,1,10.3,-3.0,2392,2392
2024.06.14 14:54:51,UP,5.1,2,0.2,-10.0,1,207
2024.06.14 14:59:54,DOWN,-10.6,1,10.3,-2.1,1942,1942
2024.06.14 15:49:32,UP,5.2,2,3.1,-10.1,385,1679
2024.06.14 16:19:22,DOWN,-5.3,1,10.1,-0.5,811,811
2024.06.14 16:33:03,DOWN,-5.3,2,0.0,-10.2,0,473
2024.06.14 17:04:54,UP,5.1,1,10.2,-4.4,2916,2916
2024.06.14 17:53:30,UP,8.3,1,10.0,-1.9,1487,1487
2024.06.17 09:01:02,DOWN,-5.0,2,8.4,-10.0,517,5054
2024.06.17 10:28:56,UP,5.1,2,0.0,-10.1,0,744
2024.06.17 10:42:50,DOWN,-5.4,2,3.6,-10.3,500,1579
2024.06.17 11:44:12,UP,5.0,1,10.3,-7.8,16353,16353
2024.06.17 16:24:03,DOWN,-5.2,2,3.5,-10.6,2643,10159
2024.06.17 21:02:43,UP,5.1,2,9.9,-10.1,20744,34264
2024.06.18 09:22:16,UP,5.0,2,3.5,-10.0,3532,6041
2024.06.18 12:57:45,DOWN,-5.1,2,9.7,-10.6,6635,9147
2024.06.18 15:30:13,UP,17.0,1,10.3,-6.0,4505,4505
2024.06.18 16:47:33,UP,5.0,1,10.2,-3.5,2028,2028
2024.06.18 17:28:09,UP,5.2,2,0.0,-10.2,0,537
2024.06.18 17:52:52,DOWN,-5.0,1,10.6,-6.4,59250,59250
2024.06.19 12:42:26,DOWN,-5.0,2,1.2,-10.2,361,2749
2024.06.19 13:49:38,UP,5.1,2,7.9,-10.0,1353,69411
2024.06.20 11:19:51,DOWN,-5.1,2,2.2,-10.2,135,5191
2024.06.20 14:57:15,DOWN,-5.2,2,5.2,-10.3,119,1978
2024.06.20 15:30:13,UP,5.5,2,1.2,-10.1,114,636
2024.06.20 15:57:15,DOWN,-5.1,2,2.7,-10.5,279,5141
2024.06.20 17:48:47,DOWN,-5.4,1,10.4,-1.2,1494,1494
2024.06.20 18:14:21,DOWN,-5.5,1,10.0,-7.6,18765,18765
2024.06.21 09:39:24,DOWN,-5.5,1,10.0,-2.7,1775,1775
2024.06.21 10:09:00,DOWN,-5.0,1,12.9,-4.8,360,360
2024.06.21 10:15:01,DOWN,-14.0,1,10.2,-8.1,901,901
2024.06.21 10:30:02,DOWN,-15.9,1,10.2,-3.3,462,462
2024.06.21 10:42:31,UP,5.0,1,10.3,-4.6,3314,3314
2024.06.21 11:49:40,DOWN,-5.2,1,10.2,-8.7,7174,7174
2024.06.21 15:29:59,UP,5.2,2,4.5,-10.5,2135,4501
2024.06.21 16:45:00,DOWN,-12.0,2,5.0,-10.0,120,1986
2024.06.21 17:49:28,UP,5.1,2,0.2,-10.0,1,488
2024.06.21 17:57:37,DOWN,-5.4,2,2.5,-10.1,105,3282
2024.06.24 00:00:00,DOWN,-6.5,2,1.5,-10.0,88,7583
2024.06.24 10:34:49,UP,5.1,1,10.1,-1.3,5768,5768
2024.06.24 12:24:48,UP,5.1,1,10.1,-4.5,6154,6154
2024.06.24 14:59:41,UP,5.3,1,10.0,-9.2,7465,7465
2024.06.24 17:12:24,DOWN,-5.1,1,10.3,0.0,2247,2247
2024.06.25 10:17:49,DOWN,-5.1,2,1.8,-10.0,41,4528
2024.06.25 16:02:19,UP,5.0,2,3.0,-10.5,668,3550
2024.06.25 17:03:00,DOWN,-5.1,2,6.6,-10.0,402,4399
2024.06.26 00:01:41,DOWN,-12.1,2,0.0,-10.2,0,220
2024.06.26 14:58:11,UP,5.1,2,1.7,-10.2,69,2338
2024.06.26 15:49:53,DOWN,-5.2,1,10.0,-3.6,2511,2511
2024.06.26 17:04:01,UP,5.2,1,10.0,-1.6,2238,2238
2024.06.26 17:46:11,UP,5.2,2,0.0,-10.2,0,405
2024.06.26 17:52:57,DOWN,-5.6,1,10.0,-0.9,1167,1167
2024.06.26 18:13:31,DOWN,-5.3,2,0.4,-10.2,8,1063
2024.06.26 18:58:24,DOWN,-5.1,2,8.2,-10.2,18214,41544
2024.06.27 13:43:53,UP,5.1,1,10.2,-8.2,6818,6818
2024.06.27 15:37:31,UP,6.2,1,10.1,-0.3,995,995
2024.06.27 15:54:07,UP,8.9,2,5.6,-10.1,2523,5621
2024.06.27 17:29:17,DOWN,-5.1,1,10.1,-9.5,37799,37799
2024.06.28 10:23:59,UP,5.1,1,10.1,-6.0,9202,9202
2024.06.28 14:33:28,DOWN,-5.1,2,5.8,-12.1,1386,3395
2024.06.28 15:30:03,UP,8.1,2,7.4,-10.5,11,671
2024.06.28 15:41:22,DOWN,-5.1,2,7.7,-10.1,3151,7705
2024.06.28 17:49:48,UP,10.3,1,10.0,-1.6,265,265
2024.06.28 17:54:48,UP,11.2,2,0.2,-10.0,1,527
2024.06.28 18:03:35,DOWN,-7.0,2,2.0,-10.2,3247,5360
2024.06.28 20:29:24,DOWN,-5.3,1,10.5,-0.4,7303,7303
2024.07.01 00:00:01,UP,33.4,2,0.0,-10.2,0,3599
2024.07.01 01:00:01,DOWN,-5.4,2,1.0,-10.1,645,8472
2024.07.01 03:23:28,UP,5.0,1,10.2,-3.9,3720,3720
2024.07.01 04:38:35,DOWN,-5.3,2,7.4,-10.0,805,15824
2024.07.01 09:02:19,UP,8.7,1,10.0,-0.3,1296,1296
2024.07.01 09:38:46,DOWN,-5.3,1,10.3,-4.5,2842,2842
2024.07.01 12:09:46,DOWN,-5.1,1,10.1,-7.2,3715,3715
2024.07.01 14:56:18,UP,5.0,1,10.1,-9.5,7421,7421
2024.07.01 17:00:00,UP,5.3,2,4.5,-10.1,1,452
2024.07.01 17:13:00,DOWN,-5.2,1,10.7,-0.3,1318,1318
2024.07.01 17:34:58,DOWN,-5.5,1,10.2,-1.3,1572,1572
2024.07.01 18:04:43,DOWN,-5.1,2,5.3,-10.1,361,15421
2024.07.02 00:01:10,DOWN,-9.6,2,0.0,-11.6,0,3540
2024.07.02 10:24:24,DOWN,-5.1,2,1.2,-10.1,1398,2903
2024.07.02 11:18:03,DOWN,-5.2,2,5.9,-10.1,6538,13390
2024.07.02 16:39:11,UP,5.1,2,6.1,-10.0,242,1696
2024.07.02 17:07:28,DOWN,-5.2,2,6.6,-10.0,284,2953
2024.07.03 00:00:42,DOWN,-7.7,2,0.0,-10.0,0,3571
2024.07.03 03:08:59,UP,5.2,2,0.0,-10.3,0,4559
2024.07.03 10:02:35,UP,5.2,1,10.1,-1.6,4347,4347
2024.07.03 11:58:47,DOWN,-5.1,2,4.9,-10.4,4322,12685
2024.07.03 15:34:16,UP,5.1,1,10.2,-0.7,2544,2544
2024.07.03 16:18:59,UP,5.1,1,13.9,-3.2,2461,2461
2024.07.03 17:00:00,UP,14.0,1,10.2,-4.9,658,658
2024.07.03 17:14:06,UP,5.1,2,2.1,-10.1,156,456
2024.07.03 17:21:42,DOWN,-6.1,1,10.2,-8.9,7762,7762
2024.07.03 23:59:57,DOWN,-7.1,2,3.5,-10.1,64,10720
2024.07.04 09:04:27,DOWN,-5.1,2,0.0,-10.1,0,3521
2024.07.05 10:39:58,UP,5.1,2,4.8,-15.2,9495,17405
2024.07.05 15:30:03,DOWN,-11.2,2,9.6,-10.3,2,6
2024.07.05 15:36:50,UP,5.5,2,0.1,-10.4,2,48
2024.07.05 15:42:11,UP,5.1,1,10.1,0.0,169,169
2024.07.05 15:48:27,DOWN,-5.2,1,10.2,-6.8,3809,3809
2024.07.05 16:52:51,DOWN,-5.6,2,4.7,-10.0,1144,2965
2024.07.05 18:07:53,UP,5.1,1,10.1,-4.9,13476,13476
2024.07.08 00:00:02,DOWN,-37.7,2,1.8,-10.3,162,931
2024.07.08 00:16:10,UP,5.3,1,13.7,-2.7,2865,2865
2024.07.08 01:03:55,UP,7.3,2,9.8,-10.1,20124,29376
2024.07.08 09:49:32,DOWN,-5.2,2,2.6,-10.0,501,2510
2024.07.08 10:48:12,UP,5.3,2,4.8,-10.2,3542,10209
2024.07.08 13:38:22,DOWN,-6.6,2,4.4,-10.3,216,5825
2024.07.09 17:00:14,UP,6.0,2,0.0,-10.3,0,222
2024.07.09 17:05:17,DOWN,-5.2,2,0.5,-10.2,5,530
2024.07.09 17:27:06,DOWN,-5.1,2,8.8,-10.1,2885,59917
2024.07.10 12:19:20,UP,5.4,1,10.0,-9.6,46465,46465
2024.07.11 11:43:49,UP,5.1,1,10.1,-2.6,11375,11375
2024.07.11 15:18:48,DOWN,-5.4,2,4.3,-11.3,514,673
2024.07.11 15:30:02,UP,26.0,1,10.6,-6.5,12,12
2024.07.11 15:35:42,DOWN,-5.2,2,8.6,-10.1,43,404
2024.07.11 15:42:27,UP,12.6,2,6.9,-10.6,538,2700
2024.07.11 16:27:27,DOWN,-7.4,1,10.2,-4.6,788,788
2024.07.11 16:41:37,DOWN,-5.1,2,3.4,-10.0,95,556
2024.07.11 16:53:08,UP,5.1,2,5.4,-10.0,773,1562
2024.07.11 17:19:10,DOWN,-5.4,1,10.1,-6.3,7515,7515
2024.07.11 20:02:05,DOWN,-5.3,2,1.8,-10.2,2673,23237
2024.07.12 02:29:23,UP,5.3,1,10.0,-9.8,32170,32170
2024.07.12 15:28:07,DOWN,-5.2,1,12.3,-1.4,115,115
2024.07.12 15:33:21,DOWN,-5.4,2,2.5,-10.1,408,1224
2024.07.12 16:44:10,DOWN,-5.1,2,2.1,-10.1,84,2999
2024.07.12 17:54:34,UP,5.0,2,2.5,-22.8,16287,194774
2024.07.15 00:00:52,DOWN,-20.5,2,3.2,-10.5,174,3339
2024.07.15 13:21:29,UP,5.1,2,1.2,-10.0,9,876
2024.07.15 13:36:36,DOWN,-5.1,2,5.6,-10.0,7937,14002
2024.07.15 17:37:54,DOWN,-5.2,2,1.3,-10.0,43,1550
2024.07.15 18:16:39,DOWN,-5.0,1,10.7,-1.0,2902,2902
2024.07.15 19:41:48,UP,5.3,2,8.6,-10.0,18,1292
2024.07.15 20:03:21,DOWN,-7.9,1,10.0,-5.5,44732,44732
2024.07.16 11:04:58,DOWN,-5.1,2,0.1,-10.1,0,3564
2024.07.16 14:47:40,UP,5.1,2,5.3,-10.2,2044,2540
2024.07.16 15:30:00,DOWN,-13.1,1,10.5,-7.1,1202,1202
2024.07.17 09:04:29,DOWN,-5.1,2,4.7,-10.1,3746,5297
2024.07.17 10:33:07,UP,5.1,1,10.0,-5.6,3679,3679
2024.07.17 11:34:26,UP,8.3,1,10.2,-1.7,386,386
2024.07.17 11:43:50,UP,5.4,1,10.1,-3.1,862,862
2024.07.17 13:43:35,DOWN,-5.1,2,5.1,-10.0,1328,7279
2024.07.17 16:38:44,UP,5.1,2,2.0,-10.0,6,1341
2024.07.17 18:18:47,UP,5.1,2,8.2,-10.5,30223,78493
2024.07.18 18:41:17,UP,5.2,2,6.5,-10.2,126,9172
2024.07.18 21:14:47,DOWN,-5.2,1,10.0,-1.7,24633,24633
2024.07.19 10:03:08,UP,5.3,2,0.1,-10.1,34,3625
2024.07.19 11:03:33,DOWN,-7.5,2,4.1,-10.1,3119,11561
2024.07.19 15:43:10,DOWN,-5.0,1,10.2,-4.2,21650,21650
2024.07.22 01:00:01,UP,5.3,1,10.0,-3.4,2662,2662
2024.07.22 15:45:51,DOWN,-5.0,2,0.0,-10.6,0,3301
2024.07.23 00:01:37,DOWN,-7.9,2,0.0,-10.2,0,11246
2024.07.23 10:29:40,DOWN,-5.1,1,10.1,-5.2,8683,8683
2024.07.23 13:07:23,DOWN,-5.4,1,10.2,-5.6,10955,10955
2024.07.24 10:15:21,UP,5.3,2,3.5,-16.1,25,879
2024.07.24 10:30:00,DOWN,-12.9,2,8.2,-10.1,1685,10443
2024.07.24 15:48:10,UP,5.2,1,10.4,-2.5,4968,4968
2024.07.25 10:16:38,UP,5.1,1,10.1,-3.5,2094,2094
2024.07.25 10:52:58,UP,5.1,1,10.1,-0.4,1069,1069
2024.07.25 11:19:10,DOWN,-5.0,1,11.2,-8.8,15059,15059
2024.07.25 15:30:10,DOWN,-14.9,2,3.0,-10.1,297,1393
2024.07.25 16:37:56,DOWN,-5.3,2,1.6,-10.2,50,436
2024.07.25 18:13:40,UP,5.3,2,6.3,-10.1,7027,10094
2024.07.26 10:12:10,DOWN,-5.0,2,6.8,-10.0,5068,16505
2024.07.26 15:30:05,DOWN,-6.6,2,0.0,-10.4,0,7
2024.07.26 17:12:23,UP,5.3,2,0.7,-10.1,96,781
2024.07.26 17:34:02,DOWN,-5.1,2,2.6,-10.1,84,6410
2024.07.29 10:14:59,DOWN,-5.2,1,10.3,-4.1,2763,2763
2024.07.29 17:52:12,UP,5.1,1,10.1,-0.1,596,596
2024.07.29 18:03:34,UP,5.2,1,10.0,-6.3,62717,62717
2024.07.30 15:34:55,DOWN,-5.5,1,10.2,-5.0,5350,5350
2024.07.30 17:04:06,DOWN,-10.2,2,1.6,-10.2,2487,6156
2024.07.31 09:03:05,DOWN,-5.6,1,10.3,-6.2,7723,7723
2024.07.31 11:19:59,UP,5.1,1,10.0,-2.3,2121,2121
2024.07.31 11:56:53,UP,5.4,1,10.1,-6.6,8604,8604
2024.07.31 14:44:51,DOWN,-5.1,2,8.9,-11.4,1007,2711
2024.07.31 15:30:02,UP,5.8,2,1.1,-10.2,1,689
2024.07.31 17:42:54,DOWN,-5.0,1,10.7,-1.6,508,508
2024.07.31 17:51:22,DOWN,-5.9,1,10.0,-7.4,5621,5621
2024.07.31 21:00:03,DOWN,-7.2,2,6.2,-10.2,59,1981
2024.07.31 21:33:04,UP,5.5,1,10.2,-6.8,1003,1003
2024.07.31 22:29:46,DOWN,-5.1,2,5.2,-10.0,1958,21741
2024.08.01 09:28:11,DOWN,-5.4,1,10.0,-1.3,2889,2889
2024.08.01 11:04:22,DOWN,-5.2,1,10.1,-0.2,475,475
2024.08.01 11:12:18,DOWN,-6.5,2,8.1,-10.1,6459,11023
2024.08.01 15:30:00,UP,5.3,1,10.1,-0.7,128,128
2024.08.01 15:39:12,DOWN,-5.1,1,10.0,-1.0,1708,1708
2024.08.01 16:48:01,UP,5.2,1,10.6,-3.6,720,720
2024.08.01 17:00:02,UP,13.3,2,2.4,-10.2,178,963
2024.08.01 17:16:06,DOWN,-5.4,1,10.7,-2.4,1651,1651
2024.08.01 17:47:40,DOWN,-5.1,1,10.1,-5.0,7447,7447
2024.08.02 00:01:28,DOWN,-5.5,2,3.8,-10.2,11075,26101
2024.08.02 09:54:39,DOWN,-5.0,2,7.6,-10.0,618,3917
2024.08.02 11:04:01,UP,5.0,1,10.3,-5.6,3784,3784
2024.08.02 15:30:01,UP,13.7,1,14.1,0.0,1,1
2024.08.02 15:35:20,UP,5.1,2,1.2,-10.1,10,112
2024.08.02 15:40:36,UP,5.2,1,10.8,0.0,258,258
2024.08.02 15:46:48,UP,5.1,1,10.0,-0.4,188,188
2024.08.02 15:52:06,UP,6.1,1,10.3,-1.0,219,219
2024.08.02 16:00:39,DOWN,-5.0,2,1.6,-10.0,26,995
2024.08.02 16:18:23,UP,5.1,2,2.7,-10.0,240,1189
2024.08.02 16:38:53,DOWN,-5.4,2,0.0,-10.1,0,528
2024.08.02 16:48:18,UP,5.1,1,10.1,0.0,605,605
2024.08.02 16:58:23,UP,5.2,1,10.1,-6.3,1818,1818
2024.08.02 17:28:50,UP,5.3,2,9.2,-10.1,1672,5632
2024.08.02 19:02:42,DOWN,-5.5,2,4.4,-14.4,32,190688
2024.08.05 00:00:50,UP,11.9,2,1.1,-10.3,70,3694
2024.08.05 01:02:25,DOWN,-7.1,2,9.0,-10.1,2995,8608
2024.08.05 03:36:21,DOWN,-5.7,2,3.6,-10.3,1668,11032
2024.08.05 06:57:36,UP,5.0,2,9.0,-10.0,1814,6917
2024.08.05 08:52:54,DOWN,-6.3,1,10.2,-1.1,650,650
2024.08.05 09:04:55,DOWN,-5.5,1,10.1,-3.2,192,192
2024.08.05 09:09:55,DOWN,-5.5,2,8.3,-10.1,160,626
2024.08.05 09:27:00,DOWN,-5.5,2,2.4,-10.0,54,520
2024.08.05 09:43:56,UP,5.1,2,0.0,-10.3,0,585
2024.08.05 09:53:42,DOWN,-6.1,2,2.7,-10.1,383,645
2024.08.05 10:04:27,UP,10.0,1,10.1,0.0,286,286
2024.08.05 10:09:27,UP,5.9,1,10.3,-4.5,367,367
2024.08.05 10:15:39,UP,5.2,1,10.3,-6.0,893,893
2024.08.05 10:30:41,UP,5.5,1,10.2,-0.5,105,105
2024.08.05 10:37:20,DOWN,-5.1,1,10.1,-4.9,952,952
2024.08.05 10:53:12,DOWN,-11.2,1,10.3,0.0,54,54
2024.08.05 11:01:26,UP,5.1,1,10.1,-2.9,289,289
2024.08.05 11:07:07,UP,5.5,1,10.3,-1.2,249,249
2024.08.05 11:13:16,DOWN,-5.1,1,10.1,-8.0,2443,2443
2024.08.05 11:54:00,DOWN,-5.7,1,10.0,-1.0,969,969
2024.08.05 12:13:44,UP,5.2,2,7.6,-10.0,1054,2897
2024.08.05 13:02:02,DOWN,-8.1,1,10.1,-1.0,439,439
2024.08.05 13:09:21,DOWN,-6.4,2,0.2,-10.3,1,496
2024.08.05 13:18:02,UP,5.1,1,10.2,-5.6,3173,3173
2024.08.05 14:10:55,UP,7.4,2,3.2,-10.2,177,1412
2024.08.05 14:57:58,UP,5.1,1,10.2,-0.7,916,916
2024.08.05 15:13:53,UP,5.3,1,10.2,-4.8,1550,1550
2024.08.05 15:39:43,UP,6.9,1,10.2,-1.9,488,488
2024.08.05 15:47:51,UP,7.0,1,10.5,0.0,45,45
2024.08.05 15:52:51,DOWN,-18.7,2,1.0,-10.1,2,488
2024.08.05 16:03:20,DOWN,-5.1,2,1.3,-10.1,338,1055
2024.08.05 16:34:05,UP,5.8,2,0.6,-10.2,1,258
2024.08.05 16:39:05,DOWN,-6.0,1,10.6,-4.8,659,659
2024.08.05 16:50:26,DOWN,-5.1,1,14.8,-1.2,574,574
2024.08.05 17:00:00,DOWN,-9.7,2,5.7,-10.2,7,17
2024.08.05 17:06:07,DOWN,-5.1,2,0.5,-10.4,7,57
2024.08.05 17:11:07,DOWN,-7.5,2,9.4,-10.1,1338,2531
2024.08.05 17:53:18,UP,6.6,2,10.0,-10.1,609,1549
2024.08.05 18:19:07,DOWN,-7.4,1,10.0,-7.5,2442,2442
2024.08.05 18:59:50,DOWN,-5.5,1,16.5,-8.3,18070,18070
2024.08.06 00:01:02,DOWN,-10.9,2,0.0,-11.0,0,537
2024.08.06 01:04:14,UP,5.4,2,4.2,-10.0,936,7406
2024.08.06 03:08:05,DOWN,-5.8,2,1.3,-10.2,430,1993
2024.08.06 09:12:24,DOWN,-5.1,1,10.7,-5.9,3194,3194
2024.08.06 10:36:24,DOWN,-5.2,1,10.3,-1.5,1733,1733
2024.08.06 11:08:06,UP,5.0,2,8.1,-10.0,2880,3838
2024.08.06 12:13:01,DOWN,-5.2,1,10.0,-3.6,5926,5926
2024.08.06 14:22:02,UP,5.1,1,10.4,-5.3,7493,7493
2024.08.06 16:44:56,UP,5.2,1,10.1,-8.6,4204,4204
2024.08.06 18:28:27,DOWN,-5.1,1,10.1,-6.6,36884,36884
2024.08.07 04:44:20,DOWN,-5.1,2,9.2,-10.1,15374,21208
2024.08.07 11:54:18,DOWN,-5.1,1,10.1,0.0,1247,1247
2024.08.07 12:24:28,UP,5.1,1,10.0,-8.3,18741,18741
2024.08.07 17:44:47,UP,5.2,2,3.7,-10.1,2191,4529
2024.08.08 00:02:00,DOWN,-5.5,2,0.0,-10.0,0,3494
2024.08.08 09:12:13,UP,5.5,2,2.7,-10.1,2988,11098
2024.08.08 13:24:23,UP,5.0,2,5.7,-10.0,5426,7657
2024.08.08 15:32:00,DOWN,-11.6,1,10.0,-0.1,370,370
2024.08.08 15:38:10,DOWN,-6.1,1,10.4,-3.0,631,631
2024.08.08 15:48:41,DOWN,-9.5,1,10.0,-10.0,3125,3125
2024.08.08 16:41:20,DOWN,-5.2,2,4.6,-10.1,484,1417
2024.08.08 17:28:33,UP,5.1,1,10.1,-3.3,2084,2084
2024.08.08 18:04:23,UP,5.0,1,10.1,-6.2,40867,40867
2024.08.12 17:29:07,UP,5.1,1,10.1,-0.2,1571,1571
2024.08.12 18:13:29,UP,5.0,2,0.0,-10.1,0,1513
2024.08.12 18:38:57,DOWN,-5.0,2,6.7,-10.0,4629,43401
2024.08.13 11:18:32,DOWN,-5.2,2,9.5,-12.0,2871,15089
2024.08.13 15:30:01,UP,9.9,1,10.2,-3.2,3136,3136
2024.08.13 16:22:21,UP,5.3,1,10.2,-1.0,1280,1280
2024.08.13 17:42:47,UP,5.0,1,10.1,-9.5,7441,7441
2024.08.13 21:04:23,UP,5.3,1,10.1,-0.4,1627,1627
2024.08.14 00:00:38,DOWN,-7.6,2,5.0,-10.1,78,3688
2024.08.14 09:39:32,UP,5.1,1,10.0,-2.7,3523,3523
2024.08.14 11:47:47,UP,5.1,1,10.0,-0.9,2064,2064
2024.08.14 15:23:29,UP,5.3,1,10.5,-2.7,398,398
2024.08.14 15:30:08,UP,10.8,2,0.2,-10.1,0,44
2024.08.14 15:44:03,UP,5.1,1,10.1,-7.9,1364,1364
2024.08.14 16:06:47,UP,6.3,1,10.8,-1.6,242,242
2024.08.14 16:12:21,DOWN,-5.3,1,10.1,-0.9,801,801
2024.08.14 16:32:22,UP,5.1,1,10.1,0.0,483,483
2024.08.14 16:44:37,UP,5.1,2,1.1,-10.2,97,1682
2024.08.14 17:13:40,DOWN,-5.1,2,2.4,-10.2,104,985
2024.08.14 17:31:32,UP,5.2,2,2.7,-10.2,513,1427
2024.08.15 11:04:33,DOWN,-5.2,1,10.1,-6.0,15931,15931
2024.08.15 15:30:04,DOWN,-12.3,1,11.8,-1.1,12,12
2024.08.15 15:36:33,DOWN,-5.3,1,10.1,0.0,329,329
2024.08.15 15:42:06,DOWN,-5.1,2,7.6,-10.2,1821,4204
2024.08.15 17:08:29,DOWN,-5.1,2,0.4,-10.0,5,856
2024.08.16 00:01:00,DOWN,-5.0,2,0.0,-10.0,0,12716
2024.08.16 15:31:20,UP,5.0,1,10.1,-9.0,5109,5109
2024.08.16 17:00:28,DOWN,-5.1,1,10.1,-2.7,2430,2430
2024.08.19 01:01:01,UP,5.4,1,10.1,-8.8,24360,24360
2024.08.19 17:09:58,UP,6.4,1,10.2,-5.2,1266,1266
2024.08.19 17:31:15,UP,5.1,1,10.1,-4.5,11432,11432
2024.08.20 00:01:01,DOWN,-5.5,2,6.9,-10.1,38008,39889
2024.08.20 11:34:50,UP,5.4,1,10.0,-8.9,15315,15315
2024.08.20 16:13:10,UP,5.7,1,10.6,-9.0,4959,4959
2024.08.20 17:35:52,UP,5.1,2,3.8,-10.2,1123,2799
2024.08.20 19:08:52,UP,5.1,1,10.2,-3.4,7983,7983
2024.08.21 00:00:53,DOWN,-5.4,1,10.2,-9.9,38812,38812
2024.08.21 12:38:09,DOWN,-5.1,2,5.9,-10.1,7424,10595
2024.08.21 15:34:58,UP,5.1,2,3.0,-10.0,673,3811
2024.08.21 16:39:17,DOWN,-5.3,1,10.6,-3.8,1253,1253
2024.08.21 17:00:10,DOWN,-10.2,2,4.8,-10.3,4,152
2024.08.21 17:05:10,UP,5.0,2,0.7,-10.4,6,229
2024.08.21 17:10:39,UP,5.3,1,10.1,-3.1,218,218
2024.08.21 17:19:30,DOWN,-5.8,2,4.1,-10.1,225,777
2024.08.21 17:32:36,UP,5.1,2,0.3,-10.2,0,61
2024.08.21 17:39:13,UP,5.1,1,10.2,-3.9,693,693
2024.08.21 18:25:55,UP,5.7,1,10.0,-1.6,1489,1489
2024.08.21 21:00:42,UP,5.1,1,10.0,-4.4,855,855
2024.08.21 21:14:57,UP,5.4,2,2.4,-10.1,895,1672
2024.08.22 00:01:28,DOWN,-5.9,2,0.4,-10.2,80,1043
2024.08.22 10:15:00,UP,7.3,2,5.3,-10.1,3,505
2024.08.22 10:30:00,DOWN,-9.6,2,9.7,-10.2,277,2263
2024.08.22 11:22:58,UP,5.1,2,4.1,-10.1,1082,2271
2024.08.22 12:00:49,DOWN,-5.7,1,10.1,-9.1,12582,12582
2024.08.22 15:44:28,UP,5.3,2,6.5,-10.1,614,3480
2024.08.22 16:45:00,DOWN,-7.4,1,10.2,-2.7,731,731
2024.08.22 17:00:37,DOWN,-5.4,1,10.1,-3.2,1229,1229
2024.08.22 17:22:28,DOWN,-5.1,2,2.7,-10.1,120,959
2024.08.22 17:38:41,UP,5.2,2,5.6,-10.0,6789,10014
2024.08.23 00:00:50,DOWN,-7.4,2,0.2,-10.2,147,4500
2024.08.23 13:09:27,UP,5.1,2,2.3,-10.0,2346,4985
2024.08.23 15:22:07,DOWN,-5.2,1,10.1,-0.3,3643,3643
2024.08.23 16:58:29,UP,5.0,1,10.1,-0.4,101,101
2024.08.23 17:03:29,UP,24.6,1,10.5,-1.1,56,56
2024.08.23 17:10:18,UP,5.4,1,10.2,0.0,220,220
2024.08.23 17:16:03,DOWN,-5.2,1,10.0,-3.1,346,346
2024.08.23 17:21:50,DOWN,-6.2,2,0.8,-10.0,1,118
2024.08.23 17:27:42,UP,5.4,1,10.2,0.0,275,275
2024.08.23 17:32:42,UP,6.3,1,10.5,-8.5,2308,2308
2024.08.23 18:11:16,UP,5.3,2,8.2,-10.2,877,2541
2024.08.23 19:17:52,DOWN,-5.1,2,5.1,-10.0,1668,2823
2024.08.23 20:04:58,UP,5.4,1,10.4,-0.1,948,948
2024.08.23 20:20:54,UP,5.3,1,10.6,-5.0,3013,3013
2024.08.23 21:22:40,DOWN,-5.2,3,8.0,-2.7,2151,182291
2024.08.26 00:00:59,DOWN,-8.7,2,0.0,-10.1,0,1229
2024.08.26 00:29:16,DOWN,-5.6,2,1.9,-10.2,3537,10754
2024.08.26 03:59:21,DOWN,-5.0,1,10.4,-5.5,9171,9171
2024.08.26 12:52:59,DOWN,-5.3,1,10.1,-2.5,6061,6061
2024.08.26 15:32:09,DOWN,-5.2,2,9.9,-10.1,2071,7072
2024.08.26 18:04:30,DOWN,-5.3,1,10.1,-2.2,4074,4074
2024.08.27 10:03:40,UP,5.1,1,10.1,-4.7,7945,7945
2024.08.27 12:16:53,UP,5.0,2,0.2,-10.2,2,2531
2024.08.27 15:39:40,UP,5.0,1,10.5,-4.9,4552,4552
2024.08.27 17:08:14,DOWN,-5.1,2,6.1,-10.5,6665,11156
2024.08.27 20:14:10,UP,5.9,1,10.3,-0.3,2855,2855
2024.08.28 00:01:01,DOWN,-7.1,1,10.2,-9.4,22073,22073
2024.08.28 08:07:28,DOWN,-5.9,1,10.7,-0.8,1386,1386
2024.08.28 08:39:26,UP,5.6,2,0.0,-10.9,0,2034
2024.08.28 09:13:21,DOWN,-5.1,2,1.6,-10.0,205,1829
2024.08.28 11:24:03,DOWN,-5.4,1,10.0,-0.1,1265,1265
2024.08.28 12:08:42,UP,5.1,2,3.6,-10.1,559,3423
2024.08.28 14:57:44,DOWN,-6.1,1,10.1,-4.2,1947,1947
2024.08.28 15:32:14,DOWN,-5.1,2,0.1,-10.0,7,1826
2024.08.28 16:13:33,UP,5.1,1,10.1,-8.2,4125,4125
2024.08.28 17:33:05,UP,5.1,1,10.5,-2.1,928,928
2024.08.28 17:48:33,UP,7.8,2,0.5,-10.3,101,410
2024.08.28 18:02:59,DOWN,-5.3,1,10.1,-6.1,4356,4356
2024.08.29 10:04:35,DOWN,-5.2,1,10.3,-8.7,3421,3421
2024.08.29 11:01:37,DOWN,-18.4,1,10.3,-3.2,145,145
2024.08.29 11:07:45,DOWN,-5.6,1,10.2,-6.2,887,887
2024.08.29 11:22:32,DOWN,-10.0,2,6.8,-10.1,129,2488
2024.08.29 12:32:25,UP,5.1,2,1.2,-10.2,371,2904
2024.08.29 15:04:10,DOWN,-5.2,1,10.1,-7.0,1571,1571
2024.08.29 15:30:21,DOWN,-14.4,1,10.3,-9.2,6356,6356
2024.08.29 17:16:18,DOWN,-5.0,1,10.2,-0.4,302,302
2024.08.29 17:27:35,UP,5.1,2,0.5,-10.1,46,441
2024.08.29 17:34:59,DOWN,-5.1,2,0.2,-10.0,1,315
2024.08.29 19:03:39,DOWN,-5.0,1,10.1,-8.0,36176,36176
2024.08.30 09:45:09,UP,5.8,1,10.1,-8.9,6380,6380
2024.08.30 11:43:07,DOWN,-5.3,1,10.2,-1.2,953,953
2024.08.30 11:59:01,DOWN,-7.7,2,2.4,-10.2,42,9447
2024.08.30 15:08:32,UP,5.1,2,0.3,-10.5,4,1602
2024.08.30 15:35:15,DOWN,-5.1,1,10.0,-2.4,578,578
2024.08.30 15:44:53,DOWN,-8.9,1,10.0,-4.8,1364,1364
2024.08.30 16:07:57,DOWN,-5.4,2,0.4,-10.1,135,1473
2024.08.30 16:32:33,UP,5.1,1,10.6,-4.8,1497,1497
2024.08.30 17:00:11,UP,5.7,2,1.3,-10.0,7,1213
2024.08.30 17:23:11,DOWN,-5.0,2,2.3,-10.0,201,750
2024.08.30 17:35:56,UP,5.4,2,3.0,-10.3,453,739
2024.08.30 17:48:17,DOWN,-5.1,2,0.5,-10.2,3,141
2024.08.30 17:53:17,UP,7.0,2,0.4,-10.0,1,343
2024.08.30 17:59:00,DOWN,-7.5,1,10.1,-3.4,2010,2010
2024.08.30 18:32:39,DOWN,-5.1,1,10.1,-3.9,3016,3016
2024.09.02 11:02:31,UP,5.2,2,5.6,-10.1,1050,9860
2024.09.02 17:14:32,DOWN,-5.3,1,10.0,-8.2,50157,50157
2024.09.03 09:02:37,DOWN,-5.1,2,3.4,-10.2,1976,4316
2024.09.03 10:58:33,DOWN,-5.1,1,10.2,-3.5,3979,3979
2024.09.03 12:07:16,DOWN,-5.1,2,7.5,-10.0,5288,12922
2024.09.03 16:03:45,UP,5.2,1,10.1,-1.9,1588,1588
2024.09.03 16:58:13,UP,5.1,2,8.2,-10.4,107,137
2024.09.03 17:03:22,UP,5.3,2,1.1,-10.4,5,498
2024.09.03 17:11:59,DOWN,-5.2,1,10.2,-0.7,453,453
2024.09.03 17:19:34,DOWN,-5.6,2,6.0,-10.1,340,1550
2024.09.03 17:52:18,DOWN,-5.1,1,10.1,-2.9,8393,8393
2024.09.04 00:01:28,DOWN,-7.5,2,3.7,-10.3,211,1978
2024.09.04 01:03:16,DOWN,-5.3,2,0.3,-10.1,4,4670
2024.09.04 10:01:24,DOWN,-5.3,2,1.1,-10.1,154,824
2024.09.04 14:56:04,UP,5.3,1,10.0,-8.8,7400,7400
2024.09.04 16:59:25,UP,5.9,1,10.2,-2.0,36,36
2024.09.04 17:04:25,UP,22.8,2,0.7,-10.1,6,217
2024.09.04 17:09:25,DOWN,-8.7,2,1.9,-10.2,82,729
2024.09.04 17:21:47,UP,5.1,1,10.3,-2.0,1228,1228
2024.09.04 17:43:09,UP,5.6,2,3.4,-10.4,880,1603
2024.09.04 18:09:52,DOWN,-5.8,1,10.1,-5.5,8409,8409
2024.09.05 10:12:55,UP,5.1,1,10.7,-8.1,4408,4408
2024.09.05 11:26:56,UP,5.7,1,11.3,-8.5,13685,13685
2024.09.05 15:15:02,UP,8.8,2,9.3,-10.5,413,1632
2024.09.05 15:42:50,DOWN,-5.1,1,10.2,-4.7,608,608
2024.09.05 15:53:42,DOWN,-5.2,2,0.1,-10.1,65,1132
2024.09.05 16:21:40,UP,5.1,2,4.1,-10.9,842,2306
2024.09.05 17:00:07,DOWN,-11.9,1,10.0,-3.9,2307,2307
2024.09.05 17:38:34,DOWN,-6.0,2,7.0,-10.0,506,4519
2024.09.05 19:02:41,UP,5.1,1,10.2,-4.3,7283,7283
2024.09.06 00:01:01,DOWN,-8.4,2,0.0,-10.0,0,1564
2024.09.06 13:19:45,DOWN,-5.1,1,10.5,-3.3,7816,7816
2024.09.06 15:30:01,DOWN,-13.6,1,12.4,-0.1,2,2
2024.09.06 15:35:51,UP,5.8,2,8.8,-10.3,69,557
2024.09.06 15:45:09,DOWN,-5.8,1,10.1,-6.2,621,621
2024.09.06 16:04:13,DOWN,-5.6,1,10.1,-4.3,362,362
2024.09.06 16:17:34,DOWN,-5.1,1,10.0,-2.0,552,552
2024.09.06 16:26:47,DOWN,-9.3,1,10.1,-8.7,655,655
2024.09.06 16:37:43,DOWN,-14.5,1,10.6,-1.7,453,453
2024.09.06 16:46:07,DOWN,-5.8,2,2.5,-10.2,178,668
2024.09.06 16:57:19,UP,5.1,1,10.0,-4.9,933,933
2024.09.06 17:12:54,UP,12.4,1,10.2,-6.9,1466,1466
2024.09.06 17:37:21,UP,13.8,1,10.8,-0.3,236,236
2024.09.06 17:42:21,UP,9.0,2,0.0,-11.3,0,545
2024.09.06 17:51:27,DOWN,-7.0,2,3.9,-10.4,351,522
2024.09.06 18:00:10,UP,10.7,1,10.8,0.0,7,7
2024.09.06 18:06:24,DOWN,-5.4,1,10.3,-4.0,108,108
2024.09.06 18:11:24,UP,9.5,1,10.2,-1.8,828,828
2024.09.06 18:26:02,UP,5.3,2,0.1,-10.7,1,315
2024.09.06 18:31:18,DOWN,-7.8,1,10.3,-1.2,999,999
2024.09.06 18:52:00,DOWN,-5.5,1,10.1,-0.6,848,848
2024.09.06 19:42:05,DOWN,-5.3,2,3.7,-10.3,1269,2054
2024.09.06 20:22:16,UP,5.1,3,3.0,-8.3,7648,185957
2024.09.09 00:01:43,DOWN,-5.4,2,2.5,-10.1,17,5581
2024.09.09 09:49:06,DOWN,-5.1,1,10.0,-1.7,4978,4978
2024.09.09 12:43:07,UP,5.1,2,2.0,-10.0,320,2065
2024.09.09 15:33:49,UP,5.1,2,4.8,-10.6,3201,5957
2024.09.09 17:13:08,DOWN,-5.1,2,2.0,-10.1,1925,6676
2024.09.10 09:59:43,UP,5.1,2,0.2,-10.1,16,2021
2024.09.10 15:28:29,DOWN,-5.3,1,10.0,-6.6,5190,5190
2024.09.11 04:32:04,UP,5.6,1,10.5,-0.5,2097,2097
2024.09.11 11:07:00,DOWN,-5.1,2,0.0,-10.1,0,415
2024.09.11 15:27:28,DOWN,-5.5,1,10.6,-0.6,153,153
2024.09.11 15:32:28,DOWN,-14.3,1,10.1,-4.2,301,301
2024.09.11 15:37:29,DOWN,-8.3,1,10.2,-0.5,420,420
2024.09.11 15:44:30,DOWN,-5.5,2,3.8,-10.2,117,732
2024.09.11 15:56:43,UP,5.8,2,9.0,-10.1,1646,3881
2024.09.11 17:01:25,DOWN,-6.0,2,5.0,-10.2,2847,7733
2024.09.12 09:59:28,DOWN,-5.0,2,2.8,-10.0,3703,5435
2024.09.12 11:39:19,UP,5.0,2,1.6,-10.1,7756,12875
2024.09.12 15:15:02,UP,6.4,1,10.7,-7.6,1551,1551
2024.09.12 15:41:01,UP,5.3,1,10.5,-8.4,1785,1785
2024.09.12 16:14:54,DOWN,-5.1,2,8.0,-10.5,521,5539
2024.09.12 17:47:21,UP,5.1,2,1.7,-10.0,225,1681
2024.09.12 18:19:42,DOWN,-5.1,2,0.9,-10.1,33,2315
2024.09.12 19:03:49,UP,5.1,1,10.5,-8.2,6817,6817
2024.09.12 20:57:27,UP,8.2,1,10.1,-4.5,4931,4931
2024.09.13 00:01:00,DOWN,-5.3,2,0.0,-10.3,0,10722
2024.09.13 05:07:38,UP,5.1,2,3.2,-10.0,5080,15345
2024.09.13 12:28:18,UP,5.2,2,4.4,-10.0,1070,7339
2024.09.13 16:09:25,UP,5.5,2,2.5,-10.1,177,2313
2024.09.13 17:00:52,DOWN,-5.1,1,10.1,-5.0,7553,7553
2024.09.16 01:01:30,UP,5.2,1,10.1,-0.6,7466,7466
2024.09.16 10:33:26,UP,5.1,1,10.3,-2.5,5054,5054
2024.09.16 12:08:32,UP,5.2,2,0.3,-10.1,93,2749
2024.09.16 16:46:48,DOWN,-5.3,1,10.0,-4.1,6718,6718
2024.09.17 09:59:52,DOWN,-5.4,2,5.3,-10.3,886,2469
2024.09.17 10:42:32,UP,5.1,1,10.1,-2.1,4253,4253
2024.09.17 11:53:40,UP,5.1,2,2.5,-10.4,189,6471
2024.09.17 14:47:13,UP,5.2,2,0.0,-10.0,0,2470
2024.09.17 15:30:00,DOWN,-6.5,2,1.8,-10.5,1,16
2024.09.17 16:02:25,DOWN,-5.1,2,9.4,-10.0,14986,44359
2024.09.18 10:19:55,UP,5.2,1,10.2,-2.8,7357,7357
2024.09.18 14:04:31,DOWN,-5.0,2,7.0,-10.1,5904,7993
2024.09.18 16:53:48,DOWN,-5.2,1,10.5,-5.8,1595,1595
2024.09.18 17:21:02,DOWN,-5.2,2,9.6,-10.1,849,11666
2024.09.18 21:00:01,UP,16.6,1,18.0,0.0,2,2
2024.09.18 21:05:13,UP,5.3,1,10.2,-2.1,128,128
2024.09.18 21:10:21,UP,5.1,2,0.6,-10.0,16,88
2024.09.18 21:15:32,UP,5.4,1,10.0,-3.6,271,271
2024.09.18 21:24:15,DOWN,-5.4,2,4.0,-10.4,126,486
2024.09.18 21:32:22,UP,9.3,2,8.2,-10.1,129,280
2024.09.18 21:37:22,DOWN,-12.1,2,2.9,-10.2,26,153
2024.09.18 21:42:22,DOWN,-11.3,1,10.6,-2.9,61,61
2024.09.18 21:47:22,UP,6.9,2,3.8,-10.2,20,100
2024.09.18 21:52:45,UP,5.7,2,8.2,-10.1,191,378
2024.09.18 21:59:03,DOWN,-8.7,1,10.3,-1.2,123,123
2024.09.18 22:04:03,DOWN,-8.1,1,10.0,-1.2,121,121
2024.09.18 22:09:03,DOWN,-7.5,2,1.9,-10.3,19,159
2024.09.18 22:14:03,UP,12.9,2,4.4,-10.5,65,401
2024.09.18 22:20:45,DOWN,-8.4,1,10.2,0.0,116,116
2024.09.18 22:25:53,UP,5.1,2,6.9,-10.1,110,557
2024.09.18 22:43:11,DOWN,-5.1,1,10.4,-1.7,190,190
2024.09.18 22:48:11,DOWN,-9.2,2,8.5,-10.2,165,1947
2024.09.19 00:00:35,DOWN,-5.3,2,3.5,-10.0,265,4622
2024.09.19 03:09:59,DOWN,-5.1,1,10.1,-4.1,2345,2345
2024.09.19 03:49:43,DOWN,-5.1,1,10.1,-0.4,214,214
2024.09.19 03:54:44,DOWN,-5.9,1,10.1,-1.2,1944,1944
2024.09.19 04:28:48,DOWN,-5.1,2,8.1,-10.1,322,2193
2024.09.19 05:09:03,UP,5.1,1,10.1,-1.2,2754,2754
2024.09.19 06:24:30,UP,5.1,1,10.1,-0.8,2196,2196
2024.09.19 09:48:43,UP,5.1,1,10.1,-3.7,1223,1223
2024.09.19 10:18:59,DOWN,-5.0,2,3.7,-10.0,206,4063
2024.09.19 11:34:34,UP,5.6,1,10.3,-3.0,2276,2276
2024.09.19 12:36:25,UP,5.1,2,3.8,-10.2,969,5794
2024.09.19 14:13:00,DOWN,-5.1,1,11.2,0.0,320,320
2024.09.19 14:18:20,DOWN,-5.4,1,11.8,-9.8,4300,4300
2024.09.19 15:30:00,DOWN,-8.9,1,10.2,-2.9,357,357
2024.09.19 15:35:58,DOWN,-8.4,1,10.7,-7.1,3929,3929
2024.09.19 16:44:29,DOWN,-5.0,2,3.7,-10.0,127,1197
2024.09.19 17:04:26,UP,9.4,2,0.0,-10.3,0,246
2024.09.19 17:09:26,DOWN,-10.9,2,1.6,-10.1,66,967
2024.09.19 17:26:10,UP,5.4,2,0.8,-10.2,80,1084
2024.09.19 17:44:20,DOWN,-5.0,2,4.1,-10.1,105,1169
2024.09.19 18:09:35,DOWN,-5.1,2,0.0,-10.1,0,759
2024.09.19 18:22:43,UP,5.1,1,10.0,-2.7,1688,1688
2024.09.19 19:26:11,UP,5.3,1,10.1,-6.1,7186,7186
2024.09.20 09:34:20,UP,5.2,2,4.3,-10.4,2345,4212
2024.09.20 10:44:33,DOWN,-5.8,1,10.8,-1.2,1724,1724
2024.09.20 11:18:02,DOWN,-5.2,2,0.2,-10.1,21,904
2024.09.20 11:33:28,UP,5.1,1,10.0,-9.8,15739,15739
2024.09.20 16:14:58,DOWN,-5.0,1,10.1,-1.1,838,838
2024.09.20 17:00:44,DOWN,-5.2,1,10.0,-1.4,1349,1349
2024.09.20 17:23:55,DOWN,-5.2,2,0.7,-10.0,5,1111
2024.09.20 17:56:26,DOWN,-5.0,2,8.2,-10.1,1601,2735
2024.09.20 18:42:02,UP,6.3,1,10.5,-3.1,1140,1140
2024.09.20 19:01:03,UP,6.2,1,10.3,-5.3,3125,3125
2024.09.23 00:01:22,DOWN,-5.7,1,10.0,-9.9,36349,36349
2024.09.23 10:07:15,DOWN,-5.4,1,11.2,-0.1,465,465
2024.09.23 10:15:00,DOWN,-9.3,1,11.6,0.0,4,4
2024.09.23 10:28:41,UP,5.2,2,0.4,-15.8,2,79
2024.09.23 10:33:41,DOWN,-11.7,1,10.0,-0.7,1037,1037
2024.09.23 10:52:01,DOWN,-5.4,1,10.2,-1.9,921,921
2024.09.23 11:13:54,DOWN,-5.3,2,4.2,-10.2,23,2323
2024.09.23 11:59:25,DOWN,-5.1,2,0.5,-10.1,1,1031
2024.09.23 12:19:49,UP,5.3,1,10.1,-0.5,4437,4437
2024.09.23 13:33:47,UP,6.1,1,10.5,-3.4,4538,4538
2024.09.23 15:19:56,DOWN,-5.1,2,0.5,-10.3,2,1697
2024.09.23 15:53:23,UP,5.2,1,10.0,-2.7,1858,1858
2024.09.23 16:24:22,UP,5.3,2,5.2,-10.6,1238,1285
2024.09.23 16:45:48,DOWN,-6.2,2,7.9,-10.0,1432,2482
2024.09.23 17:34:07,UP,5.1,2,3.3,-10.0,105,1119
2024.09.23 19:02:36,DOWN,-5.1,1,10.1,-3.3,10705,10705
2024.09.24 00:00:35,UP,5.3,2,0.9,-10.0,3567,13703
2024.09.24 09:49:25,UP,5.1,1,10.3,-2.4,1722,1722
2024.09.24 10:48:03,UP,5.1,1,10.3,-5.2,2990,2990
2024.09.24 13:36:04,DOWN,-5.2,2,8.3,-10.4,3525,7370
2024.09.24 15:39:18,UP,5.3,2,3.2,-10.0,174,3382
2024.09.24 16:58:45,UP,5.1,1,10.1,-1.8,534,534
2024.09.24 17:08:04,UP,5.1,1,10.0,0.0,654,654
2024.09.24 17:18:58,UP,5.3,2,2.8,-10.0,580,1072
2024.09.24 17:37:12,DOWN,-5.3,2,3.1,-10.0,950,5827
2024.09.25 00:01:01,DOWN,-5.9,2,0.0,-10.0,0,5900
2024.09.25 10:34:01,UP,5.1,2,2.1,-10.1,143,4352
2024.09.25 13:02:23,UP,5.1,1,10.0,-7.3,8875,8875
2024.09.25 15:30:25,UP,5.9,1,10.1,-9.5,2158,2158
2024.09.25 16:13:07,DOWN,-5.1,1,10.1,-4.0,2768,2768
2024.09.25 16:59:16,DOWN,-8.6,1,10.3,-0.4,838,838
2024.09.25 17:13:14,DOWN,-5.9,1,10.0,-1.0,1821,1821
2024.09.25 17:43:38,DOWN,-6.1,1,10.0,-1.9,575,575
2024.09.25 17:53:13,DOWN,-6.4,1,10.1,-9.2,1963,1963
2024.09.25 18:54:32,DOWN,-5.2,1,10.1,0.0,1266,1266
2024.09.25 19:37:10,DOWN,-5.0,1,10.1,-1.3,1897,1897
2024.09.25 20:08:48,DOWN,-5.1,2,5.2,-10.1,72,2940
2024.09.26 00:02:04,DOWN,-5.5,2,0.3,-10.0,32,12598
2024.09.26 10:30:06,UP,5.2,2,0.5,-10.0,1,1529
2024.09.26 10:55:36,DOWN,-6.1,1,10.1,0.0,281,281
2024.09.26 11:00:36,DOWN,-6.9,2,1.9,-10.1,94,843
2024.09.26 11:14:39,UP,5.2,2,0.0,-10.4,0,589
2024.09.26 11:24:28,DOWN,-6.2,2,1.9,-10.0,13,378
2024.09.26 11:33:03,UP,5.5,1,10.1,-6.7,3237,3237
2024.09.26 13:37:41,UP,5.5,1,10.4,-4.8,6464,6464
2024.09.26 15:30:11,DOWN,-5.2,1,11.0,-0.2,261,261
2024.09.26 15:35:28,UP,5.1,2,0.3,-10.1,1,237
2024.09.26 15:42:15,UP,5.2,1,10.1,-0.1,161,161
2024.09.26 16:04:02,DOWN,-5.1,2,9.3,-10.1,861,1569
2024.09.26 16:38:33,DOWN,-5.2,1,10.2,-0.1,412,412
2024.09.26 16:53:36,DOWN,-5.2,2,10.0,-10.8,809,1613
2024.09.26 17:20:30,UP,6.0,1,10.2,-6.5,1036,1036
2024.09.26 17:42:43,UP,5.1,1,10.4,-0.4,360,360
2024.09.26 17:48:44,UP,7.8,1,10.1,-7.4,3077,3077
2024.09.26 18:44:49,UP,5.2,2,3.2,-10.2,612,1039
2024.09.26 19:02:08,DOWN,-7.2,1,10.1,-8.5,34688,34688
2024.09.27 09:23:04,UP,5.6,2,6.1,-17.3,538,1316
2024.09.27 09:45:00,DOWN,-10.0,1,10.1,-1.7,341,341
2024.09.27 09:50:42,DOWN,-5.1,1,10.3,-9.8,1994,1994
2024.09.27 10:24:09,DOWN,-5.7,2,4.0,-10.1,71,3689
2024.09.27 11:53:21,UP,5.1,1,10.1,-5.4,3158,3158
2024.09.27 12:49:56,UP,5.1,1,10.1,-1.8,2454,2454
2024.09.27 13:33:17,UP,5.3,2,2.5,-10.1,169,5598
2024.09.27 15:30:03,UP,5.2,1,10.8,-0.3,23,23
2024.09.27 15:37:53,UP,5.2,1,10.1,-0.2,368,368
2024.09.27 15:44:02,UP,6.1,1,10.1,-0.6,813,813
2024.09.27 15:57:37,UP,5.3,1,10.1,0.0,92,92
2024.09.27 16:02:43,DOWN,-5.4,1,10.0,-8.7,2708,2708
2024.09.27 16:47:51,DOWN,-5.1,1,10.1,-2.6,2253,2253
2024.09.27 17:29:58,UP,5.1,1,10.1,-0.4,379,379
2024.09.27 17:48:50,DOWN,-5.2,1,10.1,-4.6,900,900
2024.09.27 18:03:51,DOWN,-10.2,1,10.1,-6.2,2453,2453
2024.09.27 18:44:45,DOWN,-5.1,1,10.0,-2.1,3199,3199
2024.09.27 20:39:56,DOWN,-5.4,2,2.1,-10.2,44,4709
2024.09.27 23:56:03,UP,5.3,3,1.5,-5.8,5,173107
2024.09.30 00:01:17,DOWN,-10.3,2,0.2,-13.2,11,1975
2024.09.30 01:01:07,UP,5.6,1,10.1,-9.3,35495,35495
2024.09.30 11:00:01,UP,5.5,1,10.2,-4.8,1581,1581
2024.09.30 11:32:42,UP,5.0,1,10.2,-3.5,1465,1465
2024.09.30 11:57:08,UP,5.2,2,4.0,-10.0,33,820
2024.09.30 12:12:33,DOWN,-5.1,2,8.0,-10.0,5053,9150
2024.09.30 15:32:28,DOWN,-5.1,1,10.2,-5.4,1995,1995
2024.09.30 16:07:50,DOWN,-5.7,1,10.1,-10.0,3327,3327
2024.09.30 17:03:17,DOWN,-5.3,1,10.1,-4.7,1337,1337
2024.09.30 17:25:35,DOWN,-5.4,1,10.0,0.0,148,148
2024.09.30 17:33:45,UP,5.5,1,10.1,-5.7,1283,1283
2024.09.30 17:56:04,UP,5.4,2,0.7,-10.5,4,851
2024.09.30 18:19:08,DOWN,-5.1,1,10.2,-4.9,1206,1206
2024.09.30 18:39:23,DOWN,-5.2,2,6.2,-10.0,786,4969
2024.09.30 20:44:33,DOWN,-5.1,1,10.0,-9.2,1304,1304
2024.09.30 21:06:18,DOWN,-9.3,1,10.3,0.0,301,301
2024.09.30 21:11:19,DOWN,-8.2,1,10.2,-0.3,53,53
2024.09.30 21:17:13,DOWN,-5.8,2,5.9,-10.5,171,1392
2024.09.30 21:41:44,UP,5.1,2,3.3,-10.2,776,1834
2024.09.30 22:39:31,UP,5.1,1,10.0,-4.5,10367,10367
2024.10.01 09:04:48,DOWN,-5.3,1,10.0,-8.8,3680,3680
2024.10.01 10:06:10,DOWN,-5.7,1,10.5,-1.9,225,225
2024.10.01 10:16:45,UP,5.3,2,8.4,-10.1,388,2884
2024.10.01 11:04:49,DOWN,-6.5,2,7.9,-10.0,722,1892
2024.10.01 11:37:54,UP,5.0,2,0.0,-10.0,0,361
2024.10.01 11:44:08,DOWN,-5.4,1,10.5,0.0,554,554
2024.10.01 11:53:23,DOWN,-8.2,2,1.1,-10.6,6,908
2024.10.01 12:14:35,UP,5.1,2,1.3,-10.1,105,1100
2024.10.01 12:42:32,DOWN,-5.1,1,10.0,-3.2,3201,3201
2024.10.01 14:01:38,UP,5.1,2,8.1,-10.0,331,2272
2024.10.01 14:59:09,UP,5.0,2,2.2,-10.0,601,1173
2024.10.01 15:39:45,DOWN,-5.5,1,10.5,-9.5,3670,3670
2024.10.01 16:42:03,DOWN,-5.4,2,3.0,-10.5,278,886
2024.10.01 16:57:00,UP,5.1,2,1.4,-10.4,11,181
2024.10.01 17:02:00,UP,7.9,2,9.8,-10.2,862,3830
2024.10.01 18:06:39,DOWN,-5.3,1,10.0,-5.9,5468,5468
2024.10.01 19:37:48,DOWN,-5.2,2,9.2,-10.3,2584,4972
2024.10.02 00:05:24,UP,5.5,2,6.2,-10.2,17304,29810
2024.10.02 10:37:09,UP,5.0,1,10.7,-8.0,3495,3495
2024.10.02 11:43:57,DOWN,-5.0,1,10.5,-1.3,1155,1155
2024.10.02 12:03:12,DOWN,-5.6,2,5.5,-10.0,2126,10451
2024.10.02 15:16:38,DOWN,-5.3,1,10.3,-1.5,1448,1448
2024.10.02 15:43:53,DOWN,-5.1,2,2.6,-10.3,1119,1445
2024.10.02 16:07:59,UP,8.6,2,2.2,-10.2,57,1147
2024.10.02 16:34:26,DOWN,-5.2,1,10.8,-8.9,3720,3720
2024.10.02 17:49:25,DOWN,-5.8,2,3.3,-10.1,767,2908
2024.10.02 22:59:23,UP,6.0,2,0.0,-10.1,0,3614
2024.10.02 23:59:37,DOWN,-5.3,1,10.1,-6.7,23798,23798
2024.10.03 08:08:30,DOWN,-5.2,2,4.1,-10.1,763,5953
2024.10.03 10:43:13,DOWN,-5.2,2,1.1,-10.2,359,1724
2024.10.03 12:22:24,UP,5.1,2,4.6,-10.1,11260,11564
2024.10.03 15:36:34,UP,5.8,2,0.6,-10.1,5,422
2024.10.03 15:46:26,UP,5.1,2,6.7,-17.1,3640,4414
2024.10.03 17:00:00,DOWN,-15.2,2,0.0,-10.8,0,12
2024.10.03 17:05:27,UP,5.1,2,6.7,-10.2,130,843
2024.10.03 17:21:11,UP,5.2,2,2.1,-10.3,360,1160
2024.10.03 17:42:44,DOWN,-5.1,2,6.9,-10.1,62,6179
2024.10.03 19:38:30,UP,5.1,1,10.1,-6.2,27135,27135
2024.10.04 10:12:36,UP,5.1,2,0.8,-10.5,63,3842
2024.10.04 15:29:19,UP,5.1,2,0.2,-28.3,1,42
2024.10.04 15:34:19,DOWN,-55.7,2,4.8,-10.4,97,365
2024.10.04 15:40:24,UP,7.0,2,0.6,-10.1,2,125
2024.10.04 15:53:01,DOWN,-5.3,2,1.5,-10.1,542,720
2024.10.04 16:07:45,UP,5.3,2,2.9,-10.2,510,912
2024.10.04 16:22:58,DOWN,-5.7,2,4.9,-10.1,134,804
2024.10.04 16:36:23,UP,5.9,2,7.0,-10.1,1963,6163
2024.10.04 18:19:07,DOWN,-5.4,1,10.1,-1.4,3065,3065
2024.10.07 00:01:10,DOWN,-10.4,2,9.0,-10.4,123,11653
2024.10.07 04:03:11,UP,5.0,2,2.6,-10.0,1977,15914
2024.10.07 09:04:56,DOWN,-5.2,2,6.0,-10.3,4715,7498
2024.10.07 11:09:55,UP,7.7,2,4.2,-10.2,991,3240
2024.10.07 12:03:56,DOWN,-5.3,1,10.3,-3.3,2832,2832
2024.10.07 13:17:26,UP,5.1,1,10.1,-6.8,5099,5099
2024.10.07 17:03:27,UP,5.1,2,0.0,-10.3,0,1114
2024.10.07 17:49:55,DOWN,-5.1,2,1.5,-10.3,146,5487
2024.10.08 00:01:28,DOWN,-8.1,2,7.7,-10.2,119,3628
2024.10.08 10:44:57,UP,5.4,2,4.5,-10.1,1248,10803
2024.10.08 15:09:19,DOWN,-5.1,1,10.0,-3.2,2807,2807
2024.10.08 16:08:27,UP,5.5,2,0.0,-10.1,0,4743
2024.10.08 17:28:04,DOWN,-5.0,1,10.1,-2.2,3946,3946
2024.10.08 20:04:11,DOWN,-5.2,2,4.7,-10.1,874,17828
2024.10.09 08:01:05,UP,5.2,2,7.6,-10.1,307,7536
2024.10.09 10:18:13,UP,5.0,1,10.1,-1.7,1177,1177
2024.10.09 10:43:50,DOWN,-5.1,1,10.4,-9.4,20044,20044
2024.10.09 16:18:00,DOWN,-5.1,2,2.2,-10.1,32,3223
2024.10.09 17:11:44,UP,5.6,2,1.1,-10.2,137,1694
2024.10.09 17:46:57,DOWN,-5.5,2,0.0,-10.1,0,977
2024.10.09 18:07:49,UP,5.1,2,3.9,-10.0,1169,5999
2024.10.10 11:09:08,DOWN,-5.2,1,17.3,-7.2,15653,15653
2024.10.10 15:30:01,DOWN,-8.8,1,11.4,0.0,0,0
2024.10.10 15:35:35,DOWN,-5.3,1,10.1,-3.1,259,259
2024.10.10 15:43:56,UP,5.1,1,10.2,-3.7,277,277
2024.10.10 15:48:56,UP,9.2,2,7.7,-10.3,1831,4822
2024.10.10 17:09:19,DOWN,-5.1,1,10.6,-7.5,1332,1332
2024.10.10 17:31:47,DOWN,-5.1,2,3.6,-10.1,614,2882
2024.10.10 19:46:28,DOWN,-5.7,1,10.0,-1.0,204,204
2024.10.10 20:18:34,UP,5.2,1,10.8,-0.4,720,720
2024.10.11 00:00:46,DOWN,-9.7,2,0.1,-11.3,4,42
2024.10.11 00:05:47,UP,9.1,1,10.1,-3.5,38737,38737
2024.10.11 14:38:08,UP,5.0,1,10.6,-3.9,3114,3114
2024.10.11 15:30:08,UP,5.1,2,5.1,-10.1,136,461
2024.10.11 15:37:50,DOWN,-9.0,2,9.0,-10.7,891,6130
2024.10.11 18:49:00,DOWN,-5.2,1,10.0,-5.2,15416,15416
2024.10.14 00:01:00,DOWN,-6.2,1,10.1,-4.5,10895,10895
2024.10.14 03:02:45,DOWN,-5.3,2,2.5,-10.4,17,12305
2024.10.14 12:09:59,UP,5.2,2,4.5,-10.1,955,6680
2024.10.14 14:48:34,DOWN,-5.2,2,4.8,-10.2,4763,7010
2024.10.14 16:48:35,UP,5.1,2,3.7,-10.3,411,1039
2024.10.14 17:09:07,DOWN,-5.1,1,10.1,-5.6,8243,8243
2024.10.14 22:00:57,DOWN,-5.0,2,4.1,-10.3,48,117
2024.10.15 09:03:45,DOWN,-5.7,2,1.0,-10.1,4619,6152
2024.10.15 11:08:29,UP,5.1,1,10.2,-1.5,2336,2336
2024.10.15 11:47:31,UP,5.1,2,1.6,-10.1,32,7081
2024.10.15 13:58:19,DOWN,-5.1,2,6.0,-10.5,1647,7749
2024.10.15 19:24:21,DOWN,-5.7,1,10.1,-1.1,3382,3382
2024.10.16 09:00:06,DOWN,-5.3,2,7.5,-10.1,3691,11596
2024.10.16 12:27:41,UP,5.1,2,4.6,-10.3,10735,12137
2024.10.16 16:16:27,UP,5.1,2,4.2,-10.0,526,3061
2024.10.16 17:27:36,DOWN,-5.7,1,10.1,-8.7,10994,10994
2024.10.17 00:01:09,DOWN,-5.2,2,0.0,-10.9,0,404
2024.10.17 00:07:53,UP,8.8,2,9.7,-10.0,3129,22423
2024.10.17 12:40:55,UP,5.6,1,10.4,-5.7,9282,9282
2024.10.17 15:15:37,UP,11.7,2,0.7,-10.1,1,40
2024.10.17 15:30:01,DOWN,-9.8,1,10.4,-7.3,23,23
2024.10.17 15:35:24,DOWN,-5.2,2,4.0,-10.1,226,681
2024.10.17 15:47:59,UP,5.2,2,1.5,-10.1,370,884
2024.10.17 16:02:43,DOWN,-5.3,1,10.1,-1.7,341,341
2024.10.17 16:08:24,DOWN,-9.4,1,10.6,-1.7,145,145
2024.10.17 16:13:24,DOWN,-5.3,2,8.9,-10.1,883,1667
2024.10.17 16:41:11,UP,5.9,2,5.8,-10.0,964,2223
2024.10.17 17:18:15,DOWN,-6.3,2,5.7,-10.2,1010,3188
2024.10.17 18:26:21,UP,5.1,2,8.2,-10.0,370,4330
2024.10.18 15:33:35,UP,5.1,1,10.0,-2.9,6101,6101
2024.10.21 00:01:00,DOWN,-5.6,2,1.9,-10.1,378,3753
2024.10.21 01:03:35,UP,5.6,2,0.4,-10.1,14,23954
2024.10.21 17:23:19,DOWN,-5.1,1,10.5,-1.7,2526,2526
2024.10.21 20:14:21,DOWN,-5.1,2,7.1,-10.1,13629,48070
2024.10.22 10:41:39,UP,5.0,2,3.1,-10.0,313,7159
2024.10.22 14:34:50,DOWN,-5.0,1,10.1,-1.6,4689,4689
2024.10.22 16:02:18,DOWN,-5.1,2,0.6,-10.0,1,1071
2024.10.22 16:34:08,DOWN,-5.1,1,10.1,-2.1,630,630
2024.10.22 16:44:39,DOWN,-6.8,2,1.4,-10.1,1804,3637
2024.10.22 20:06:56,DOWN,-5.0,1,10.1,-1.8,10440,10440
2024.10.23 00:01:30,DOWN,-5.6,2,1.1,-10.1,0,20546
2024.10.23 10:01:34,DOWN,-5.5,1,10.1,-4.4,14996,14996
2024.10.23 14:42:07,DOWN,-5.1,1,10.1,-1.4,2741,2741
2024.10.23 15:33:03,UP,5.1,1,10.1,-0.9,3305,3305
2024.10.23 16:57:38,DOWN,-5.1,2,3.6,-10.2,3142,4388
2024.10.24 09:46:09,DOWN,-5.1,1,10.2,-5.8,2358,2358
2024.10.24 10:30:00,UP,14.1,1,10.1,-0.7,881,881
2024.10.24 11:01:58,UP,5.1,2,7.6,-10.6,3020,16086
2024.10.24 15:30:05,DOWN,-11.0,2,1.5,-10.1,1,54
2024.10.24 15:37:43,DOWN,-5.3,2,0.2,-10.0,3,2249
2024.10.24 16:31:16,UP,5.1,2,1.3,-10.3,8,734
2024.10.24 16:43:30,DOWN,-9.1,2,4.6,-10.1,105,1593
2024.10.24 17:18:27,DOWN,-5.3,2,7.6,-10.2,4562,10051
2024.10.25 11:17:00,UP,5.5,2,5.4,-10.2,221,13365
2024.10.25 14:59:47,DOWN,-6.3,2,0.4,-10.3,1840,2249
2024.10.25 15:38:39,UP,5.0,2,5.5,-10.4,788,9860
2024.10.25 18:37:02,DOWN,-5.3,1,10.0,-1.5,4377,4377
2024.10.28 00:00:02,DOWN,-6.3,2,3.2,-10.1,96,3864
2024.10.28 03:09:19,UP,5.1,2,0.2,-10.0,6,9178
2024.10.28 14:39:38,DOWN,-5.1,2,2.4,-10.1,498,8000
2024.10.28 16:53:03,UP,5.0,2,0.0,-10.0,0,1773
2024.10.29 10:09:03,UP,5.1,2,9.2,-10.0,5435,8417
2024.10.29 14:28:44,DOWN,-5.1,1,10.0,-0.3,552,552
2024.10.29 14:38:38,DOWN,-5.4,2,8.4,-10.1,1624,4262
2024.10.29 15:49:42,UP,6.4,1,14.5,-2.1,619,619
2024.10.29 16:00:01,UP,18.8,2,4.3,-10.1,3,90
2024.10.29 16:12:56,DOWN,-5.1,2,4.3,-10.4,121,679
2024.10.29 16:24:16,UP,7.2,2,6.1,-10.0,90,2436
2024.10.29 17:04:56,DOWN,-5.3,2,10.0,-10.1,841,3754
2024.10.29 18:32:08,DOWN,-5.5,2,3.2,-10.1,908,1811
2024.10.29 19:02:19,UP,7.3,1,10.1,-5.5,6702,6702
2024.10.30 10:00:17,UP,5.2,1,10.4,0.0,494,494
2024.10.30 10:08:31,UP,8.8,1,10.1,-2.0,418,418
2024.10.30 10:15:30,UP,6.2,2,0.4,-10.1,870,2663
2024.10.30 10:59:54,DOWN,-7.5,2,1.0,-10.4,2,27
2024.10.30 11:04:54,UP,23.4,2,2.2,-10.0,18,432
2024.10.30 11:22:48,DOWN,-5.7,1,10.0,-7.1,8476,8476
2024.10.30 14:15:01,DOWN,-7.9,1,10.0,-0.7,930,930
2024.10.30 14:36:21,UP,5.1,1,10.1,-5.9,3638,3638
2024.10.30 15:37:40,UP,5.1,1,10.1,-2.0,966,966
2024.10.30 15:53:54,UP,5.2,1,10.1,0.0,583,583
2024.10.30 16:18:53,DOWN,-5.3,2,2.0,-10.0,95,1727
2024.10.30 16:52:19,DOWN,-5.2,2,9.2,-10.1,806,2433
2024.10.30 18:08:30,DOWN,-5.1,2,4.0,-10.2,3713,5348
2024.10.30 21:03:21,DOWN,-5.0,1,10.3,-0.2,6973,6973
2024.10.31 08:47:05,UP,5.0,1,10.4,-6.7,11287,11287
2024.10.31 12:33:03,DOWN,-5.1,2,9.5,-11.3,3670,7021
2024.10.31 14:30:04,UP,8.3,2,0.0,-10.4,0,7
2024.10.31 14:40:28,UP,5.1,2,3.2,-10.1,621,2521
2024.10.31 15:29:33,UP,5.2,2,8.4,-10.1,320,1322
2024.10.31 15:52:17,DOWN,-5.5,1,10.2,-0.1,330,330
2024.10.31 16:24:38,UP,5.1,1,10.3,-0.4,458,458
2024.10.31 16:32:25,UP,5.1,2,0.4,-10.5,5,456
2024.10.31 17:01:03,DOWN,-5.9,1,10.0,-1.1,2647,2647
2024.10.31 17:51:04,DOWN,-5.0,2,2.6,-10.2,20,829
2024.10.31 18:20:50,UP,5.4,1,10.1,-7.1,7219,7219
2024.10.31 20:27:32,DOWN,-5.1,2,1.3,-10.1,1415,2369
2024.11.01 14:29:59,DOWN,-5.6,2,0.0,-14.9,0,2
2024.11.01 14:34:59,UP,27.3,1,10.1,-1.0,209,209
2024.11.01 14:41:13,DOWN,-5.5,1,10.5,-4.1,977,977
2024.11.01 14:57:31,DOWN,-8.6,1,10.2,-2.5,800,800
2024.11.01 15:10:52,DOWN,-7.5,1,10.2,-1.6,2725,2725
2024.11.01 15:56:41,DOWN,-5.3,1,10.1,-7.4,1831,1831
2024.11.01 16:36:49,DOWN,-5.1,1,10.1,-4.6,10720,10720
2024.11.01 19:39:50,DOWN,-5.5,2,7.1,-36.6,9418,188457
2024.11.04 00:00:49,UP,42.4,1,10.2,-5.6,12154,12154
2024.11.04 09:23:12,DOWN,-5.1,2,0.9,-10.2,32,2840
2024.11.04 15:22:27,DOWN,-5.2,1,10.0,-8.1,10281,10281
2024.11.04 20:08:24,DOWN,-5.1,2,8.3,-10.1,23272,48671
2024.11.05 16:14:42,UP,5.5,2,8.5,-12.2,1266,2718
2024.11.05 17:00:00,DOWN,-16.4,2,0.0,-10.2,0,93
2024.11.05 17:06:40,DOWN,-5.1,2,1.4,-10.1,30,1188
2024.11.05 17:34:33,UP,5.3,1,10.1,-7.9,3195,3195
2024.11.06 00:04:46,DOWN,-5.8,2,8.7,-10.1,4439,6630
2024.11.06 01:55:34,UP,5.0,2,2.0,-10.3,52,597
2024.11.06 02:06:30,DOWN,-5.2,1,10.1,-2.3,272,272
2024.11.06 02:11:30,DOWN,-10.5,1,11.2,-1.2,114,114
2024.11.06 02:16:52,DOWN,-5.2,2,0.0,-10.1,0,67
2024.11.06 02:23:05,UP,5.0,2,0.0,-10.7,0,55
2024.11.06 02:30:37,DOWN,-5.1,1,10.2,-5.2,98,98
2024.11.06 02:35:58,UP,5.1,2,6.9,-10.2,165,312
2024.11.06 02:41:45,DOWN,-5.6,1,10.3,-2.5,202,202
2024.11.06 02:46:45,DOWN,-18.0,2,0.3,-11.3,6,32
2024.11.06 02:51:46,UP,5.2,2,5.7,-10.2,171,471
2024.11.06 02:59:38,DOWN,-10.8,1,10.1,-0.2,68,68
2024.11.06 03:04:38,DOWN,-5.2,2,9.9,-10.6,98,372
2024.11.06 03:10:53,UP,5.1,1,10.1,-4.6,350,350
2024.11.06 03:16:43,UP,11.7,2,3.6,-10.3,35,227
2024.11.06 03:27:51,DOWN,-5.1,1,11.0,-1.9,678,678
2024.11.06 03:39:09,DOWN,-7.1,2,0.0,-10.5,0,345
2024.11.06 03:44:54,UP,6.5,1,10.1,-1.0,194,194
2024.11.06 03:49:54,UP,5.4,2,6.1,-10.0,296,617
2024.11.06 04:03:45,DOWN,-5.3,1,10.2,-1.6,365,365
2024.11.06 04:09:51,DOWN,-10.1,1,11.3,0.0,236,236
2024.11.06 04:14:51,DOWN,-12.9,2,3.6,-10.3,198,421
2024.11.06 04:21:52,UP,7.7,2,1.3,-10.4,17,189
2024.11.06 04:27:38,DOWN,-5.5,1,10.4,-0.7,101,101
2024.11.06 04:33:28,DOWN,-5.8,1,11.0,-4.5,157,157
2024.11.06 04:38:59,UP,5.1,2,7.0,-10.1,224,439
2024.11.06 04:46:18,DOWN,-6.2,2,2.2,-10.2,20,87
2024.11.06 04:52:27,DOWN,-5.3,1,10.1,-4.3,409,409
2024.11.06 04:59:16,DOWN,-10.8,1,11.0,-0.8,60,60
2024.11.06 05:04:16,DOWN,-8.0,2,8.0,-10.5,90,322
2024.11.06 05:09:38,UP,11.9,1,10.4,0.0,55,55
2024.11.06 05:14:38,DOWN,-8.2,1,10.9,-1.2,229,229
2024.11.06 05:19:39,DOWN,-8.4,2,0.8,-10.1,2,110
2024.11.06 05:24:39,UP,11.4,2,6.0,-10.2,131,683
2024.11.06 05:36:42,DOWN,-5.1,1,10.2,-1.1,140,140
2024.11.06 05:41:42,DOWN,-7.1,1,10.5,-1.1,145,145
2024.11.06 05:46:42,UP,8.0,1,11.1,-0.2,90,90
2024.11.06 05:52:06,DOWN,-5.1,2,0.5,-10.1,0,413
2024.11.06 05:59:00,UP,6.3,1,10.1,-1.1,99,99
2024.11.06 06:04:00,DOWN,-6.3,2,0.6,-10.1,3,353
2024.11.06 06:12:40,UP,5.9,1,10.4,-4.1,1356,1356
2024.11.06 06:35:33,UP,5.2,1,10.3,-8.0,352,352
2024.11.06 06:41:25,UP,10.3,2,7.8,-10.1,35,241
2024.11.06 06:48:58,DOWN,-5.1,2,6.7,-11.8,401,622
2024.11.06 06:59:20,UP,14.4,1,10.2,-4.9,164,164
2024.11.06 07:04:20,UP,5.2,1,10.0,-0.5,204,204
2024.11.06 07:09:20,UP,5.2,2,0.0,-10.6,0,53
2024.11.06 07:14:20,DOWN,-9.7,2,1.8,-10.3,45,161
2024.11.06 07:19:20,UP,13.3,2,9.5,-10.2,105,319
2024.11.06 07:24:39,DOWN,-12.4,1,10.8,-6.0,538,538
2024.11.06 07:33:37,DOWN,-14.2,1,10.1,-5.7,262,262
2024.11.06 07:38:37,DOWN,-11.0,2,0.4,-10.4,4,104
2024.11.06 07:52:26,DOWN,-5.8,1,10.7,-5.5,835,835
2024.11.06 08:06:22,DOWN,-7.8,1,10.1,-6.3,419,419
2024.11.06 08:13:22,DOWN,-11.4,1,10.7,-3.8,757,757
2024.11.06 08:27:42,DOWN,-5.3,1,10.3,-5.3,615,615
2024.11.06 08:38:10,DOWN,-5.2,2,6.5,-10.1,334,554
2024.11.06 08:47:24,UP,6.1,2,5.4,-10.0,38,401
2024.11.06 08:54:06,DOWN,-8.8,2,0.5,-10.4,0,61
2024.11.06 08:59:07,UP,5.3,1,10.0,0.0,94,94
2024.11.06 09:04:07,UP,8.0,1,10.2,-3.1,799,799
2024.11.06 09:18:16,UP,5.3,2,7.0,-10.4,664,1341
2024.11.06 09:41:54,DOWN,-5.1,2,7.5,-10.6,653,1298
2024.11.06 10:03:33,UP,10.8,2,1.8,-10.5,143,212
2024.11.06 10:12:11,DOWN,-5.1,2,0.5,-10.1,2,585
2024.11.06 10:26:21,UP,5.2,1,10.1,-1.7,505,505
2024.11.06 10:34:46,UP,8.7,1,10.2,-4.7,197,197
2024.11.06 10:41:48,UP,5.0,1,10.9,-3.5,512,512
2024.11.06 10:50:23,UP,5.1,2,4.4,-10.2,81,757
2024.11.06 11:03:01,DOWN,-6.5,1,10.0,-7.0,1402,1402
2024.11.06 11:27:50,DOWN,-5.2,2,3.0,-10.0,71,510
2024.11.06 11:39:29,DOWN,-5.1,1,10.0,-7.4,1785,1785
2024.11.06 12:24:03,UP,5.3,2,7.5,-11.0,200,2207
2024.11.06 13:01:26,DOWN,-5.2,1,10.2,-2.5,630,630
2024.11.06 13:17:06,DOWN,-5.1,1,10.0,-1.2,285,285
2024.11.06 13:22:43,DOWN,-5.4,1,10.3,-8.4,1575,1575
2024.11.06 13:48:59,DOWN,-5.2,2,4.3,-10.3,332,753
2024.11.06 14:01:33,UP,7.6,2,3.1,-10.1,207,1111
2024.11.06 14:21:07,DOWN,-5.5,1,11.2,-6.0,677,677
2024.11.06 14:32:24,DOWN,-8.5,2,6.4,-10.1,37,367
2024.11.06 14:38:32,UP,5.1,2,0.6,-10.0,21,300
2024.11.06 14:43:33,DOWN,-5.1,2,4.7,-10.0,164,693
2024.11.06 14:59:23,DOWN,-5.2,2,8.8,-10.0,416,708
2024.11.06 15:11:12,UP,6.6,1,10.2,-0.3,45,45
2024.11.06 15:16:12,UP,6.4,2,3.8,-10.1,28,718
2024.11.06 15:28:21,DOWN,-5.4,2,0.0,-10.0,0,381
2024.11.06 15:34:43,UP,5.2,1,10.3,-6.8,1124,1124
2024.11.06 15:53:27,UP,16.6,2,0.0,-10.2,0,393
2024.11.06 16:01:12,UP,5.4,2,4.5,-10.0,881,1863
2024.11.06 16:32:19,DOWN,-5.0,2,6.2,-10.2,1318,1540
2024.11.06 16:58:00,UP,12.6,1,11.0,0.0,143,143
2024.11.06 17:03:00,UP,10.4,1,10.3,-9.3,353,353
2024.11.06 17:08:54,UP,17.8,2,1.0,-10.1,3,136
2024.11.06 17:13:54,DOWN,-9.5,2,8.2,-10.1,695,2155
2024.11.06 17:49:49,UP,8.6,1,10.5,-2.9,802,802
2024.11.06 18:03:11,UP,5.2,2,1.6,-10.1,9,777
2024.11.06 18:17:22,DOWN,-5.1,2,5.0,-10.9,1995,3594
2024.11.06 19:24:03,UP,5.6,2,3.5,-10.1,145,1508
2024.11.06 20:02:44,UP,5.4,1,10.1,-0.4,601,601
2024.11.06 20:12:46,UP,6.5,1,10.4,-0.4,426,426
2024.11.06 20:19:53,UP,7.7,2,5.2,-10.0,215,3031
2024.11.06 21:11:16,DOWN,-5.0,1,10.4,-4.5,2048,2048
2024.11.07 02:22:13,DOWN,-5.5,1,10.1,-2.1,3424,3424
2024.11.07 03:19:20,DOWN,-9.5,2,5.2,-10.1,839,3796
2024.11.07 06:19:11,UP,5.1,1,10.1,-6.2,10004,10004
2024.11.07 09:08:03,UP,5.1,1,10.1,-0.8,813,813
2024.11.07 09:24:14,UP,5.0,2,2.4,-10.2,139,902
2024.11.07 09:39:17,DOWN,-5.3,2,8.3,-10.1,1557,2382
2024.11.07 10:18:59,UP,7.9,2,3.7,-10.1,384,1336
2024.11.07 11:13:22,DOWN,-5.2,1,10.0,-3.7,2439,2439
2024.11.07 12:04:20,UP,5.1,1,10.0,-1.2,923,923
2024.11.07 12:19:45,UP,5.0,2,4.8,-10.2,298,1915
2024.11.07 13:28:40,UP,5.1,1,10.2,-4.0,3739,3739
2024.11.07 14:53:46,UP,5.1,1,10.1,-2.2,858,858
2024.11.07 15:08:06,UP,5.1,1,10.2,-5.9,2767,2767
2024.11.07 16:08:23,DOWN,-5.3,2,4.8,-10.4,403,1192
2024.11.07 16:28:15,UP,5.9,1,10.7,-6.4,760,760
2024.11.07 16:40:57,UP,5.6,1,10.0,-2.5,2077,2077
2024.11.07 17:18:54,DOWN,-5.1,2,0.9,-10.3,75,727
2024.11.07 17:31:15,UP,5.1,2,0.9,-10.1,1,490
2024.11.07 17:39:26,DOWN,-6.8,1,10.6,-4.1,1506,1506
2024.11.07 18:04:32,DOWN,-7.9,1,10.2,-1.1,671,671
2024.11.07 18:16:10,DOWN,-5.2,2,6.7,-10.5,676,4696
2024.11.07 20:03:57,DOWN,-5.2,1,10.7,-3.9,3406,3406
2024.11.07 21:00:43,DOWN,-9.2,1,10.7,-3.4,117,117
2024.11.07 21:05:43,UP,6.3,1,10.1,-3.4,582,582
2024.11.07 21:22:26,DOWN,-5.3,2,0.6,-10.4,428,868
2024.11.07 21:36:55,UP,6.8,2,4.2,-10.3,90,188
2024.11.07 21:41:55,DOWN,-19.1,2,5.1,-10.2,119,221
2024.11.07 21:46:55,UP,9.0,1,10.1,-4.6,197,197
2024.11.07 21:55:39,UP,5.0,2,0.1,-10.3,1,239
2024.11.07 22:01:33,UP,5.2,1,10.0,0.0,68,68
2024.11.07 22:07:34,DOWN,-5.1,2,0.5,-10.7,1,381
2024.11.07 22:13:56,UP,8.2,2,4.4,-10.8,105,1678
2024.11.07 22:58:58,UP,5.0,2,2.6,-10.4,3850,10981
2024.11.08 02:02:14,DOWN,-5.2,1,10.3,-7.1,5577,5577
2024.11.08 03:49:42,UP,5.0,2,2.5,-10.0,1333,7582
2024.11.08 08:14:26,DOWN,-5.1,1,10.0,-7.2,6609,6609
2024.11.08 10:04:35,DOWN,-12.8,2,5.8,-10.1,403,1429
2024.11.08 10:28:25,UP,8.1,1,10.1,-3.2,2387,2387
2024.11.08 11:23:12,DOWN,-5.2,1,10.4,-1.5,1833,1833
2024.11.08 11:53:46,DOWN,-8.4,2,6.2,-10.1,2679,4507
2024.11.08 13:18:18,UP,5.4,2,6.6,-10.1,1168,3055
2024.11.08 14:14:39,DOWN,-5.0,1,10.3,-3.6,3628,3628
2024.11.08 15:23:39,DOWN,-5.1,1,10.1,-2.0,668,668
2024.11.08 15:34:48,DOWN,-9.6,2,9.1,-10.1,451,3037
2024.11.08 17:02:18,DOWN,-5.7,1,10.3,-7.3,4236,4236
2024.11.08 18:48:25,DOWN,-5.2,1,10.2,-3.0,643,643
2024.11.08 18:59:09,DOWN,-6.8,1,10.0,-1.0,558,558
2024.11.08 19:09:58,DOWN,-5.7,2,9.5,-10.2,198,2653
2024.11.08 19:54:32,UP,5.1,1,10.2,-0.1,836,836
2024.11.08 20:08:53,UP,5.1,2,0.0,-10.2,0,1088
2024.11.08 20:58:15,UP,5.2,1,10.0,-1.4,5647,5647
2024.11.11 00:01:02,DOWN,-9.9,2,3.8,-10.0,111,8877
2024.11.11 03:22:40,UP,5.0,2,0.9,-10.1,158,8056
2024.11.11 09:19:44,DOWN,-5.1,1,10.0,-0.2,739,739
2024.11.11 09:32:04,DOWN,-5.9,1,10.3,-3.2,1021,1021
2024.11.11 09:49:06,DOWN,-5.6,1,10.5,-2.5,1937,1937
2024.11.11 10:21:23,DOWN,-8.0,2,2.8,-10.4,876,1471
2024.11.11 10:52:11,DOWN,-5.6,1,10.2,-2.4,2122,2122
2024.11.11 11:27:52,DOWN,-5.1,2,8.6,-10.0,889,3734
2024.11.11 12:48:29,DOWN,-5.1,1,10.1,-1.9,1062,1062
2024.11.11 13:06:12,DOWN,-5.2,1,10.1,-1.2,5171,5171
2024.11.11 14:38:28,UP,5.1,2,1.5,-10.8,110,2269
2024.11.11 15:17:26,DOWN,-5.4,2,8.7,-10.0,1139,3135
2024.11.11 16:09:42,UP,5.0,2,2.5,-10.1,1050,2010
2024.11.11 16:46:15,DOWN,-5.0,2,9.8,-10.1,338,889
2024.11.11 17:01:05,UP,6.0,2,1.9,-10.0,250,1216
2024.11.11 17:56:15,DOWN,-5.7,2,0.6,-10.1,3,274
2024.11.11 18:38:26,UP,5.2,2,3.7,-13.3,17456,19538
2024.11.12 04:22:49,UP,5.1,2,1.9,-10.3,604,5144
2024.11.12 06:03:05,UP,5.2,2,2.1,-10.0,1663,8090
2024.11.12 09:13:34,DOWN,-5.2,1,10.1,-5.3,4568,4568
2024.11.12 10:29:48,DOWN,-5.4,2,2.4,-10.1,45,1474
2024.11.12 11:24:29,DOWN,-5.6,1,10.7,-8.2,4203,4203
2024.11.12 13:12:52,UP,5.1,2,4.9,-10.1,1030,3366
2024.11.12 14:08:59,DOWN,-5.1,2,8.5,-10.0,1402,4218
2024.11.12 15:19:31,UP,5.1,2,1.8,-10.2,848,4246
2024.11.12 16:37:59,UP,5.2,2,3.0,-10.3,153,1739
2024.11.12 17:56:09,UP,5.1,2,2.0,-10.0,1551,2508
2024.11.12 18:43:50,DOWN,-5.1,2,2.0,-10.3,1783,4255
2024.11.12 19:54:46,UP,6.9,1,10.1,-1.5,4250,4250
2024.11.12 22:59:54,UP,5.0,2,3.1,-10.0,320,11334
2024.11.13 03:15:33,UP,5.9,2,7.3,-10.1,2702,14678
2024.11.13 08:06:15,DOWN,-5.2,1,10.3,-5.8,7337,7337
2024.11.13 10:08:51,DOWN,-5.1,2,4.4,-10.1,67,1882
2024.11.13 10:47:11,UP,5.0,1,10.1,-2.0,2355,2355
2024.11.13 11:26:42,UP,5.1,2,8.6,-10.0,1701,7037
2024.11.13 13:47:08,UP,5.1,1,10.2,-0.6,438,438
2024.11.13 13:54:26,UP,8.3,1,10.0,-1.2,387,387
2024.11.13 14:01:07,UP,5.3,2,0.6,-10.0,5,215
2024.11.13 15:21:54,UP,5.0,1,10.9,-6.9,489,489
2024.11.13 15:30:04,UP,15.0,1,12.6,-3.6,5,5
2024.11.13 15:37:55,UP,5.6,2,4.2,-10.3,21,154
2024.11.13 15:43:21,DOWN,-5.2,1,11.0,-0.4,337,337
2024.11.13 15:48:59,DOWN,-5.6,2,2.2,-10.0,7,281
2024.11.13 15:53:59,UP,6.8,2,3.8,-10.0,69,1354
2024.11.13 16:16:34,DOWN,-8.0,1,10.1,-5.4,917,917
2024.11.13 16:31:53,DOWN,-5.1,1,10.2,-0.6,294,294
2024.11.13 16:37:18,DOWN,-5.0,2,1.6,-10.2,14,428
2024.11.13 16:44:52,UP,5.3,2,0.4,-10.1,7,278
2024.11.13 16:49:52,DOWN,-12.5,1,10.0,-1.2,182,182
2024.11.13 16:54:52,DOWN,-15.8,1,10.0,-0.8,669,669
2024.11.13 17:06:11,DOWN,-6.7,1,10.3,-1.3,55,55
2024.11.13 17:11:24,UP,5.3,1,10.0,-5.2,1190,1190
2024.11.13 17:31:15,UP,6.6,1,10.5,-0.5,160,160
2024.11.13 17:40:30,DOWN,-5.2,2,2.8,-10.1,28,695
2024.11.13 17:52:13,UP,5.2,2,4.3,-10.1,33,965
2024.11.13 18:08:19,DOWN,-7.6,1,10.0,-4.7,354,354
2024.11.13 18:14:15,DOWN,-13.3,2,2.4,-10.2,379,832
2024.11.13 18:28:41,UP,5.2,2,0.2,-10.1,1,746
2024.11.13 18:58:04,DOWN,-5.3,2,1.1,-10.7,449,688
2024.11.13 19:09:33,UP,10.3,2,4.2,-10.0,460,3402
2024.11.13 20:08:44,DOWN,-5.3,2,5.2,-10.0,2404,4166
2024.11.14 03:02:19,DOWN,-5.1,1,10.8,-2.0,6693,6693
2024.11.14 07:15:51,DOWN,-5.1,2,1.8,-10.0,1,2474
2024.11.14 09:34:03,UP,5.3,2,9.5,-10.2,2154,4718
2024.11.14 11:14:29,DOWN,-5.4,1,10.0,-0.7,911,911
2024.11.14 11:29:42,DOWN,-5.3,1,10.2,-2.7,2369,2369
2024.11.14 12:09:33,DOWN,-5.1,1,10.8,-5.2,1711,1711
2024.11.14 12:43:10,UP,5.4,2,6.7,-10.4,379,1836
2024.11.14 13:13:46,DOWN,-5.6,2,5.4,-10.0,20,1422
2024.11.14 13:38:05,UP,5.1,1,10.2,-0.5,465,465
2024.11.14 13:49:31,UP,5.4,1,10.7,-2.8,2962,2962
2024.11.14 14:39:06,UP,5.4,2,7.5,-10.2,488,3094
2024.11.14 15:30:40,DOWN,-12.4,1,10.1,-7.4,322,322
2024.11.14 15:36:03,DOWN,-8.5,2,2.5,-10.1,32,375
2024.11.14 15:42:27,UP,5.1,1,10.2,-7.4,1201,1201
2024.11.14 16:02:29,UP,6.9,1,10.1,-4.0,944,944
2024.11.14 16:18:45,UP,5.1,1,10.4,-4.5,1082,1082
2024.11.14 16:37:55,UP,5.4,2,9.1,-10.3,40,1104
2024.11.14 17:02:45,UP,5.1,1,10.5,-4.7,603,603
2024.11.14 17:12:49,UP,9.6,1,10.1,-9.2,4050,4050
2024.11.14 18:22:22,UP,5.3,2,1.9,-10.1,250,1319
2024.11.14 18:51:24,DOWN,-5.3,1,10.1,-1.4,5068,5068
2024.11.14 22:00:04,DOWN,-6.2,1,10.4,-7.2,249,249
2024.11.14 22:05:37,DOWN,-5.0,1,10.1,-9.9,2851,2851
2024.11.14 22:53:10,DOWN,-5.3,2,2.1,-10.8,89,549
2024.11.14 23:02:25,UP,5.2,1,10.2,-6.8,15340,15340
2024.11.15 03:24:26,UP,5.4,1,10.1,-8.2,19241,19241
2024.11.15 08:46:45,UP,5.0,1,10.1,-2.6,3096,3096
2024.11.15 09:38:22,UP,6.1,2,0.1,-10.0,39,1617
2024.11.15 10:44:58,UP,5.4,2,9.4,-10.0,1897,4395
2024.11.15 12:30:22,DOWN,-5.3,2,3.2,-10.1,63,546
2024.11.15 12:39:29,UP,6.2,1,10.6,-8.4,8776,8776
2024.11.15 15:11:34,UP,5.0,2,5.1,-11.0,145,1108
2024.11.15 15:30:02,DOWN,-9.4,2,7.9,-10.5,3,8
2024.11.15 15:37:40,UP,5.1,1,10.2,-4.6,780,780
2024.11.15 15:51:55,DOWN,-5.1,1,10.5,0.0,150,150
2024.11.15 16:09:07,DOWN,-5.4,1,10.0,-1.5,587,587
2024.11.15 16:18:55,DOWN,-5.9,1,10.1,-6.7,1076,1076
2024.11.15 16:37:24,DOWN,-5.2,2,5.3,-10.5,106,579
2024.11.15 16:47:04,UP,6.1,2,0.0,-10.1,0,219
2024.11.15 16:52:57,DOWN,-5.4,2,5.7,-10.0,188,947
2024.11.15 17:08:45,UP,5.8,2,2.8,-10.0,64,576
2024.11.15 17:18:22,DOWN,-5.5,2,4.7,-10.1,1573,2725
2024.11.15 18:03:56,UP,5.3,1,10.1,-3.8,3332,3332
2024.11.15 19:01:22,UP,5.1,2,3.6,-10.2,1247,3743
2024.11.15 20:34:29,DOWN,-5.2,2,3.6,-10.2,243,992
2024.11.15 20:52:15,UP,5.1,2,0.8,-10.1,40,1098
2024.11.15 22:38:24,DOWN,-5.1,2,1.5,-10.0,79,1166
2024.11.15 23:57:46,UP,5.9,3,1.2,-9.2,5,172988
2024.11.18 00:00:54,DOWN,-8.9,2,1.0,-10.0,34,8975
2024.11.18 03:06:52,DOWN,-5.1,1,10.1,-5.9,9476,9476
2024.11.18 09:23:51,DOWN,-5.3,2,1.2,-10.2,380,2213
2024.11.18 10:25:42,UP,5.2,2,0.5,-10.0,14,579
2024.11.18 11:20:47,UP,5.0,1,10.2,-1.8,573,573
2024.11.18 12:13:39,DOWN,-5.0,1,10.2,-4.3,2882,2882
2024.11.18 13:03:27,DOWN,-5.1,1,10.0,-2.2,2052,2052
2024.11.18 15:23:44,UP,5.1,1,10.2,-0.9,1651,1651
2024.11.18 15:51:39,UP,5.5,1,10.3,-5.6,10703,10703
2024.11.18 18:57:57,UP,5.1,1,10.1,-3.2,5479,5479
2024.11.18 21:06:57,UP,5.3,2,2.2,-10.2,106,1065
2024.11.19 02:52:35,UP,5.1,2,7.7,-10.0,8808,16772
2024.11.19 09:03:40,DOWN,-5.3,1,10.4,-1.0,524,524
2024.11.19 09:13:16,DOWN,-5.0,2,1.8,-10.0,172,1913
2024.11.19 09:57:17,DOWN,-5.1,1,11.7,-8.2,2542,2542
2024.11.19 10:39:40,DOWN,-14.2,1,10.0,-9.7,2255,2255
2024.11.19 11:17:16,DOWN,-15.4,1,10.1,-1.0,160,160
2024.11.19 11:22:16,DOWN,-20.1,2,0.0,-10.3,0,32
2024.11.19 11:27:43,DOWN,-5.7,2,2.2,-10.1,91,480
2024.11.19 11:46:16,DOWN,-5.2,2,1.2,-10.4,6,618
2024.11.19 11:59:09,UP,5.4,1,10.0,-9.0,1651,1651
2024.11.19 12:26:47,UP,5.0,2,5.9,-10.0,823,3073
2024.11.19 15:06:47,UP,5.1,1,10.1,-3.9,1804,1804
2024.11.19 15:37:06,UP,5.1,2,7.3,-10.1,296,739
2024.11.19 15:49:26,DOWN,-11.5,2,9.9,-10.0,982,1491
2024.11.19 16:14:18,UP,8.0,2,5.6,-10.3,215,2195
2024.11.19 16:53:57,DOWN,-5.6,1,10.3,-0.9,632,632
2024.11.19 17:04:29,DOWN,-5.3,2,1.8,-10.2,29,1282
2024.11.19 17:29:39,UP,5.1,1,10.1,-1.3,562,562
2024.11.19 17:39:01,UP,6.9,1,10.2,-0.7,295,295
2024.11.19 17:44:01,UP,8.3,2,0.0,-10.2,0,409
2024.11.19 17:53:05,DOWN,-5.1,1,10.1,-6.8,2518,2518
2024.11.19 18:37:17,DOWN,-5.2,2,0.6,-10.0,27,254
2024.11.19 19:02:17,UP,5.3,2,6.3,-10.2,1335,3697
2024.11.19 20:03:55,DOWN,-7.9,2,1.3,-10.1,333,2121
2024.11.19 21:19:41,DOWN,-5.2,2,0.0,-10.0,0,2281
2024.11.20 01:00:23,UP,5.1,1,10.0,-0.5,2733,2733
2024.11.20 08:48:10,DOWN,-5.2,1,10.2,-6.4,4142,4142
2024.11.20 09:58:03,DOWN,-5.1,1,10.0,-0.8,629,629
2024.11.20 10:08:33,DOWN,-5.1,1,10.3,-8.1,4919,4919
2024.11.20 11:34:01,DOWN,-5.2,2,0.6,-10.2,39,366
2024.11.20 12:11:43,DOWN,-5.1,1,10.4,-3.0,2333,2333
2024.11.20 13:42:44,UP,5.2,1,10.1,-4.7,3780,3780
2024.11.20 14:57:28,DOWN,-5.1,1,10.1,-4.3,4214,4214
2024.11.20 16:07:49,DOWN,-5.2,1,10.3,-3.9,784,784
2024.11.20 16:20:57,DOWN,-5.1,1,10.1,-0.1,31,31
2024.11.20 16:31:38,UP,5.3,2,1.4,-10.1,45,390
2024.11.20 16:38:09,DOWN,-5.5,1,10.0,-9.6,1094,1094
2024.11.20 17:01:07,UP,5.8,2,7.2,-10.2,1752,2964
2024.11.20 17:50:51,DOWN,-5.8,1,10.6,-6.8,1267,1267
2024.11.20 18:11:58,DOWN,-11.5,2,0.0,-10.4,0,180
2024.11.20 18:27:42,DOWN,-5.3,2,1.5,-10.3,587,1331
2024.11.20 20:47:48,UP,5.2,1,10.1,-2.1,10885,10885
2024.11.20 23:49:30,UP,5.0,1,10.9,-7.4,22374,22374
2024.11.21 09:09:16,DOWN,-5.5,1,10.3,0.0,4562,4562
2024.11.21 10:42:23,UP,5.1,1,10.1,-2.3,816,816
2024.11.21 11:03:28,DOWN,-5.1,1,10.2,-2.0,998,998
2024.11.21 11:21:49,DOWN,-5.1,2,7.5,-10.3,795,12455
2024.11.21 14:55:38,DOWN,-5.2,1,10.3,-0.1,2057,2057
2024.11.21 15:29:56,DOWN,-8.0,2,3.5,-10.1,7,290
2024.11.21 15:34:56,UP,11.3,1,10.0,-9.2,5640,5640
2024.11.21 17:09:23,UP,5.1,2,0.5,-10.2,3,270
2024.11.21 17:14:25,DOWN,-8.9,1,10.2,-5.9,2053,2053
2024.11.21 17:48:38,DOWN,-7.1,1,10.0,-0.9,311,311
2024.11.21 17:53:49,DOWN,-10.4,1,10.2,-4.1,909,909
2024.11.21 18:08:59,DOWN,-9.1,1,10.1,-8.1,454,454
2024.11.21 18:16:33,DOWN,-11.3,1,10.0,-0.4,96,96
2024.11.21 18:21:33,DOWN,-6.6,2,0.1,-10.3,1,64
2024.11.21 18:28:31,DOWN,-5.2,1,10.8,-8.2,1045,1045
2024.11.21 18:45:57,DOWN,-5.8,1,10.2,-7.2,1070,1070
2024.11.21 19:03:48,DOWN,-10.9,2,1.2,-10.2,12,430
2024.11.21 19:11:06,UP,5.1,1,10.1,-9.5,1835,1835
2024.11.21 20:08:59,DOWN,-5.1,2,0.0,-10.2,0,479
2024.11.21 21:13:13,DOWN,-5.1,1,10.0,-9.0,16602,16602
2024.11.22 01:50:52,UP,5.4,2,5.1,-10.1,13064,20484
2024.11.22 09:04:26,DOWN,-5.1,2,2.1,-10.0,98,1163
2024.11.22 09:24:06,UP,5.1,1,10.0,-0.7,818,818
2024.11.22 09:38:58,UP,5.0,1,10.1,-2.8,2038,2038
2024.11.22 10:15:00,DOWN,-16.6,1,11.2,0.0,5,5
2024.11.22 10:28:46,UP,5.1,2,0.4,-12.1,0,74
2024.11.22 10:34:23,DOWN,-5.1,1,10.2,-6.4,896,896
2024.11.22 10:49:20,DOWN,-9.1,1,10.0,-0.6,86,86
2024.11.22 10:56:25,DOWN,-5.1,1,10.5,-2.7,193,193
2024.11.22 11:01:25,DOWN,-11.4,2,0.0,-10.1,0,76
2024.11.22 11:09:13,DOWN,-6.2,1,10.3,-0.7,20,20
2024.11.22 11:14:13,DOWN,-52.7,1,10.0,-0.5,19,19
2024.11.22 11:19:13,UP,44.9,1,10.8,-3.6,253,253
2024.11.22 11:24:13,UP,8.0,1,10.2,-9.9,305,305
2024.11.22 11:29:19,UP,15.4,1,10.3,-5.7,507,507
2024.11.22 11:37:47,UP,6.7,2,4.9,-10.0,269,745
2024.11.22 11:54:01,UP,5.4,2,2.6,-10.3,9,345
2024.11.22 11:59:46,DOWN,-10.9,1,10.6,-0.4,73,73
2024.11.22 12:04:47,DOWN,-12.4,2,4.7,-10.1,58,412
2024.11.22 12:17:45,UP,5.9,1,10.0,-5.3,520,520
2024.11.22 12:26:35,UP,5.1,1,10.1,-0.1,314,314
2024.11.22 12:31:49,UP,7.0,1,10.1,-5.1,1391,1391
2024.11.22 13:01:53,DOWN,-5.2,1,10.0,-2.6,2526,2526
2024.11.22 13:44:00,DOWN,-5.5,1,10.1,-5.1,2312,2312
2024.11.22 14:22:38,DOWN,-5.1,2,6.5,-10.4,494,3043
2024.11.22 15:13:31,UP,5.7,1,10.1,-1.2,710,710
2024.11.22 15:28:44,DOWN,-5.5,2,0.9,-10.0,74,751
2024.11.22 15:42:18,UP,5.2,2,3.4,-10.1,1189,2232
2024.11.22 16:21:52,DOWN,-5.3,1,10.1,-8.0,1444,1444
2024.11.22 16:45:57,DOWN,-12.4,1,11.1,-6.9,989,989
2024.11.22 17:02:26,DOWN,-6.5,2,0.9,-10.5,55,116
2024.11.22 17:07:31,UP,5.4,2,6.7,-10.1,376,2651
2024.11.22 17:51:42,DOWN,-10.0,1,10.0,-8.1,1759,1759
2024.11.22 19:01:49,UP,5.4,1,10.0,-5.5,2125,2125
2024.11.22 19:43:37,UP,5.0,1,63.2,-8.8,188228,188228
2024.11.25 00:00:45,UP,62.1,2,1.8,-10.5,47,1030
2024.11.25 00:22:36,DOWN,-6.3,2,0.5,-10.1,82,804
2024.11.25 00:38:21,UP,5.4,1,10.1,-8.2,2110,2110
2024.11.25 01:13:32,UP,9.6,1,10.9,-3.2,929,929
2024.11.25 01:29:01,UP,6.9,2,5.1,-10.2,45,545
2024.11.25 01:38:06,DOWN,-6.1,1,10.1,-4.0,1618,1618
2024.11.25 02:13:25,UP,5.1,1,10.0,-4.9,5118,5118
2024.11.25 03:42:03,DOWN,-5.0,1,10.3,-7.9,20417,20417
2024.11.25 09:24:44,DOWN,-5.5,1,10.1,-4.0,1845,1845
2024.11.25 09:56:49,DOWN,-5.2,2,6.4,-10.2,1770,3678
2024.11.25 10:58:07,UP,7.8,1,10.4,-2.8,257,257
2024.11.25 11:03:07,UP,17.2,2,4.5,-10.2,97,1385
2024.11.25 11:30:47,UP,5.5,1,10.1,-6.0,1338,1338
2024.11.25 12:21:00,DOWN,-5.7,2,0.1,-10.2,2,959
2024.11.25 12:38:21,UP,5.1,2,0.0,-10.4,0,302
2024.11.25 12:43:24,DOWN,-6.2,1,10.0,-4.1,3596,3596
2024.11.25 13:43:20,DOWN,-6.3,2,2.6,-10.2,2511,3844
2024.11.25 14:48:26,UP,5.3,1,10.0,-1.5,1207,1207
2024.11.25 15:08:41,UP,5.4,1,10.4,-5.7,599,599
2024.11.25 15:18:40,UP,9.3,1,10.1,-0.4,439,439
2024.11.25 15:26:07,UP,5.3,2,9.8,-10.2,1795,4434
2024.11.25 16:44:24,DOWN,-5.5,1,10.5,-5.6,1235,1235
2024.11.25 17:04:59,DOWN,-12.6,2,9.1,-10.1,91,1203
2024.11.25 17:25:46,UP,5.2,2,9.4,-10.4,617,1627
2024.11.25 17:52:54,DOWN,-5.9,1,10.0,-3.3,287,287
2024.11.25 17:57:54,DOWN,-10.3,1,10.3,-5.8,2761,2761
2024.11.25 18:43:56,DOWN,-6.1,1,11.3,0.0,118,118
2024.11.25 18:49:07,DOWN,-5.1,2,2.5,-10.1,62,2480
2024.11.25 19:30:29,UP,5.3,1,10.2,-0.7,1894,1894
2024.11.25 20:02:05,UP,5.1,1,10.0,-1.2,1922,1922
2024.11.25 20:34:35,UP,5.4,2,8.7,-10.1,1695,8692
2024.11.26 01:03:08,UP,5.0,2,1.5,-10.2,90,2141
2024.11.26 01:38:51,DOWN,-7.8,1,10.0,-1.1,239,239
2024.11.26 01:43:51,DOWN,-16.7,1,10.6,-2.8,131,131
2024.11.26 01:48:51,DOWN,-9.6,1,10.0,-4.0,629,629
2024.11.26 01:59:21,DOWN,-5.1,1,10.6,-0.5,88,88
2024.11.26 02:04:21,UP,9.9,2,3.1,-10.0,16,219
2024.11.26 02:09:21,DOWN,-11.1,1,10.8,-5.9,374,374
2024.11.26 02:15:48,DOWN,-6.2,2,1.5,-10.3,61,124
2024.11.26 02:21:27,UP,5.7,1,10.4,-0.6,190,190
2024.11.26 02:36:36,DOWN,-5.1,1,10.4,-1.9,1352,1352
2024.11.26 02:59:08,DOWN,-8.3,2,6.8,-10.0,348,854
2024.11.26 03:13:22,UP,7.9,1,10.8,-3.8,1016,1016
2024.11.26 03:34:16,UP,5.2,1,10.1,-10.0,7605,7605
2024.11.26 05:41:48,UP,5.0,1,10.3,-2.4,1159,1159
2024.11.26 06:01:07,UP,5.4,2,7.0,-10.1,622,10985
2024.11.26 09:13:50,UP,5.2,2,4.0,-10.0,1510,2921
2024.11.26 10:09:04,UP,5.1,1,10.0,-10.0,2727,2727
2024.11.26 10:54:45,UP,5.2,1,10.6,-1.9,516,516
2024.11.26 11:03:21,UP,13.1,1,10.3,-2.1,591,591
2024.11.26 11:13:13,UP,10.1,2,4.1,-10.6,19,760
2024.11.26 11:26:21,DOWN,-5.1,1,10.3,-2.3,472,472
2024.11.26 11:34:13,DOWN,-5.5,2,0.2,-10.8,3,577
2024.11.26 11:43:51,UP,7.4,1,10.3,-1.6,2229,2229
2024.11.26 13:24:47,DOWN,-5.0,2,1.3,-10.0,51,724
2024.11.26 13:58:45,DOWN,-5.3,2,2.3,-10.1,274,938
2024.11.26 14:14:24,UP,9.4,1,11.7,-1.1,181,181
2024.11.26 14:19:24,UP,17.3,2,0.9,-10.1,3,473
2024.11.26 14:27:36,DOWN,-5.3,2,1.9,-10.5,61,576
2024.11.26 14:37:51,UP,5.1,2,2.6,-10.1,55,709
2024.11.26 14:49:40,DOWN,-5.6,1,10.1,-3.8,695,695
2024.11.26 15:02:37,DOWN,-5.3,1,10.5,-7.0,1145,1145
2024.11.26 15:21:42,DOWN,-7.0,1,11.1,-8.5,2437,2437
2024.11.26 16:02:19,DOWN,-7.9,2,6.1,-10.3,261,1376
2024.11.26 16:28:58,DOWN,-5.3,1,10.2,-9.5,3413,3413
2024.11.26 17:25:58,DOWN,-5.0,2,2.6,-10.2,261,1227
2024.11.26 17:46:26,UP,6.4,2,3.6,-11.1,261,514
2024.11.26 17:57:41,DOWN,-5.2,1,10.2,-2.7,639,639
2024.11.26 18:08:20,DOWN,-9.1,2,9.1,-10.3,801,1758
2024.11.26 18:39:08,UP,5.1,2,3.0,-10.5,100,1695
2024.11.26 19:07:33,DOWN,-5.2,1,10.0,-4.1,4800,4800
2024.11.26 20:27:36,DOWN,-5.1,2,3.8,-10.4,472,2127
2024.11.26 21:03:04,UP,6.2,2,9.9,-10.0,467,1600
2024.11.26 21:53:59,UP,5.1,1,10.4,-3.4,4641,4641
2024.11.26 23:14:01,UP,5.2,2,3.0,-10.8,804,2819
2024.11.27 00:01:28,UP,7.2,2,7.9,-10.1,7514,18685
2024.11.27 09:00:54,UP,5.1,1,10.1,-1.9,1804,1804
2024.11.27 09:34:02,UP,5.1,1,10.2,-2.6,1958,1958
2024.11.27 10:06:40,UP,7.6,1,10.6,-4.6,806,806
2024.11.27 10:20:09,UP,5.5,1,10.1,0.0,15,15
2024.11.27 10:31:39,DOWN,-5.3,1,10.4,-5.4,1246,1246
2024.11.27 10:52:26,DOWN,-5.3,2,6.0,-10.1,329,6601
2024.11.27 12:56:09,UP,5.1,2,3.6,-10.0,439,1223
2024.11.27 13:23:31,DOWN,-5.1,2,2.1,-10.1,425,1161
2024.11.27 13:47:07,DOWN,-5.1,2,1.6,-10.0,92,895
2024.11.27 14:29:07,UP,5.1,1,10.1,-0.8,782,782
2024.11.27 14:42:09,UP,6.2,2,0.9,-10.2,221,969
2024.11.27 14:58:19,DOWN,-7.4,2,0.4,-10.0,4,1854
2024.11.27 15:29:14,UP,5.1,1,10.9,-6.0,301,301
2024.11.27 15:34:16,UP,16.7,1,10.3,-2.6,338,338
2024.11.27 15:39:55,UP,10.3,2,2.4,-10.1,7,321
2024.11.27 15:52:52,UP,5.2,1,10.1,-0.8,224,224
2024.11.27 15:57:52,UP,14.9,2,7.9,-10.8,229,1175
2024.11.27 16:17:28,DOWN,-5.1,1,10.4,-2.0,1939,1939
2024.11.27 16:49:47,DOWN,-7.9,1,10.0,-9.9,915,915
2024.11.27 17:06:13,UP,5.4,2,2.9,-10.3,201,475
2024.11.27 17:14:09,DOWN,-9.8,2,2.4,-10.0,171,891
2024.11.27 17:29:00,UP,6.1,1,10.0,-4.0,777,777
2024.11.27 17:41:57,UP,5.7,1,10.9,-0.3,362,362
2024.11.27 17:47:59,UP,7.4,1,10.3,-3.4,337,337
2024.11.27 17:53:36,UP,11.1,2,3.6,-10.1,78,552
2024.11.27 18:02:57,DOWN,-5.1,1,10.0,-9.4,1474,1474
2024.11.27 18:32:33,UP,5.1,1,10.1,-1.1,300,300
2024.11.27 18:37:34,UP,7.0,1,10.4,-1.2,723,723
2024.11.27 18:49:37,UP,6.0,2,0.8,-10.0,50,585
2024.11.27 19:08:07,UP,5.1,2,7.2,-10.3,716,5592
2024.11.28 03:54:12,DOWN,-5.2,1,10.2,-3.9,14843,14843
2024.11.28 08:01:49,DOWN,-5.2,2,3.3,-10.2,3682,4783
2024.11.28 09:32:25,DOWN,-5.4,1,10.3,-3.4,1865,1865
2024.11.28 10:03:30,DOWN,-10.9,2,3.3,-10.1,14,494
2024.11.28 10:11:45,UP,7.3,2,0.4,-10.0,5,520
2024.11.28 10:51:11,UP,5.0,2,2.0,-10.2,277,556
2024.11.28 11:00:27,DOWN,-8.1,2,0.5,-10.3,2,86
2024.11.28 11:05:38,UP,5.5,2,2.9,-10.3,14,243
2024.11.28 11:16:29,DOWN,-6.4,2,5.7,-10.4,3040,5538
2024.11.28 13:54:20,DOWN,-5.4,1,10.0,-7.5,6599,6599
2024.11.28 15:44:19,DOWN,-6.9,2,6.3,-10.1,791,3964
2024.11.28 16:59:34,UP,5.4,1,10.1,-7.6,29792,29792
2024.11.29 02:37:49,UP,5.3,2,0.8,-10.1,16,911
2024.11.29 03:11:49,UP,5.2,2,2.0,-10.1,726,1897
2024.11.29 09:29:05,UP,5.3,2,2.9,-10.6,25,395
2024.11.29 09:37:43,DOWN,-5.1,1,10.1,-6.9,2070,2070
2024.11.29 10:14:26,DOWN,-5.3,2,4.5,-10.5,69,3364
2024.11.29 11:10:43,UP,5.2,2,0.6,-10.3,2,743
2024.11.29 11:23:07,DOWN,-5.5,1,10.0,-3.1,861,861
2024.11.29 11:37:29,DOWN,-6.1,2,8.5,-10.4,259,3333
2024.11.29 12:33:03,UP,6.7,2,2.0,-10.2,152,485
2024.11.29 12:41:09,DOWN,-6.6,1,10.4,-6.7,5946,5946
2024.11.29 14:57:44,UP,5.8,2,9.7,-10.1,246,4514
2024.11.29 16:13:01,DOWN,-7.6,2,3.0,-10.1,397,3350
2024.11.29 17:08:51,UP,9.6,2,4.7,-10.0,238,1178
2024.11.29 17:28:29,DOWN,-9.3,2,2.5,-10.1,100,395
2024.11.29 17:44:29,UP,5.8,2,4.5,-10.0,750,1137
2024.11.29 18:03:26,DOWN,-7.6,1,10.2,-4.2,2414,2414
2024.11.29 18:52:51,DOWN,-5.0,2,0.1,-10.4,8,722
2024.11.29 19:04:53,UP,5.1,1,10.1,-8.0,2975,2975
2024.11.29 19:54:36,UP,5.1,1,10.4,-0.9,502,502
2024.11.29 20:02:59,UP,5.9,1,10.4,-4.1,9023,9023
2024.11.29 23:54:33,DOWN,-5.8,3,2.6,-4.0,173189,173189
2024.12.02 00:01:10,DOWN,-14.8,2,6.3,-11.2,50,856
2024.12.02 00:15:26,UP,6.9,2,0.0,-10.4,0,2508
2024.12.02 01:02:51,DOWN,-5.3,1,10.0,-1.0,483,483
2024.12.02 01:22:29,DOWN,-5.1,1,10.0,-3.1,4858,4858
2024.12.02 04:16:02,DOWN,-5.1,2,4.8,-10.2,11176,15749
2024.12.02 08:38:35,UP,5.1,2,6.1,-10.2,1327,1686
2024.12.02 09:06:42,DOWN,-8.3,1,10.0,-4.1,577,577
2024.12.02 09:16:20,DOWN,-6.0,2,4.3,-10.1,84,364
2024.12.02 09:22:25,UP,7.4,2,1.0,-10.3,5,774
2024.12.02 09:54:23,DOWN,-5.2,2,8.8,-10.4,608,4540
2024.12.02 11:53:24,UP,5.2,2,2.8,-10.0,197,1261
2024.12.02 12:14:25,DOWN,-8.3,2,0.0,-10.1,0,383
2024.12.02 12:21:42,UP,5.3,1,10.0,-9.4,4406,4406
2024.12.02 13:53:38,DOWN,-5.0,2,3.4,-11.2,650,1174
2024.12.02 14:13:13,UP,5.4,2,6.2,-10.1,50,737
2024.12.02 14:37:07,DOWN,-5.4,1,10.4,-0.6,929,929
2024.12.02 14:53:08,DOWN,-5.1,2,9.2,-10.1,238,1999
2024.12.02 15:53:47,UP,5.1,2,7.0,-10.1,601,1838
2024.12.02 16:24:25,DOWN,-7.5,1,10.1,-0.1,801,801
2024.12.02 16:37:47,DOWN,-6.2,1,10.2,-2.2,589,589
2024.12.02 16:47:36,DOWN,-6.8,1,10.2,-3.4,855,855
2024.12.02 17:01:52,DOWN,-5.7,2,5.6,-10.0,73,1118
2024.12.02 17:20:38,UP,5.2,2,0.5,-10.4,5,428
2024.12.02 17:27:46,DOWN,-6.1,2,7.4,-10.0,2214,3136
2024.12.02 18:20:38,UP,5.1,1,10.2,-0.2,135,135
2024.12.02 18:25:49,DOWN,-5.2,2,9.4,-10.4,1857,13766
2024.12.02 22:15:15,UP,9.6,1,10.1,0.0,206,206
2024.12.02 22:23:02,DOWN,-5.4,1,10.1,-5.8,2222,2222
2024.12.03 03:28:41,DOWN,-5.1,2,8.5,-10.1,12949,21365
2024.12.03 09:31:57,UP,5.1,2,3.6,-10.0,37,1657
2024.12.03 09:59:35,DOWN,-8.1,2,0.8,-10.1,10,322
2024.12.03 10:04:58,UP,9.7,1,10.5,-6.1,1555,1555
2024.12.03 10:30:56,UP,5.4,1,10.5,-1.7,1807,1807
2024.12.03 11:14:26,UP,5.0,2,1.4,-10.0,62,587
2024.12.03 11:24:14,DOWN,-8.9,2,3.1,-10.3,997,4717
2024.12.03 12:48:54,DOWN,-5.2,1,10.3,-7.2,6052,6052
2024.12.03 14:56:08,DOWN,-5.1,2,3.2,-10.0,374,2978
2024.12.03 16:07:25,UP,5.2,2,3.3,-10.0,546,3156
2024.12.03 17:00:01,DOWN,-5.0,1,10.1,-5.6,664,664
2024.12.03 17:27:17,DOWN,-5.3,2,3.8,-10.0,189,1022
2024.12.03 17:47:40,UP,5.4,2,4.7,-10.1,778,1349
2024.12.03 18:18:25,UP,5.1,1,10.0,-8.0,2538,2538
2024.12.03 19:03:19,UP,5.1,2,0.7,-10.0,787,2340
2024.12.03 19:43:09,DOWN,-5.2,2,3.1,-10.0,133,702
2024.12.03 19:54:52,UP,7.7,1,10.4,-0.8,359,359
2024.12.03 20:03:49,UP,6.2,2,0.2,-10.1,23,3850
2024.12.03 21:12:53,DOWN,-5.2,1,10.2,-0.7,2317,2317
2024.12.03 22:09:40,UP,5.2,2,0.8,-10.1,36,15655
2024.12.04 03:17:06,UP,5.0,2,8.7,-10.0,1312,6700
2024.12.04 06:07:54,UP,5.1,1,10.0,-1.5,2151,2151
2024.12.04 08:49:44,UP,5.1,2,5.8,-10.2,79,2072
2024.12.04 09:24:21,DOWN,-5.4,1,10.3,-3.1,3961,3961
2024.12.04 10:33:01,DOWN,-5.2,1,10.9,-4.2,1626,1626
2024.12.04 11:04:02,DOWN,-5.1,2,3.7,-10.4,485,1574
2024.12.04 11:43:32,UP,5.2,1,10.0,-0.4,1958,1958
2024.12.04 12:19:28,DOWN,-5.1,2,5.8,-10.0,2342,4878
2024.12.04 13:47:49,DOWN,-5.1,1,10.1,-0.5,1914,1914
2024.12.04 14:54:54,DOWN,-5.4,1,10.1,-5.0,2873,2873
2024.12.04 15:42:48,DOWN,-10.2,1,10.2,-4.9,1600,1600
2024.12.04 16:09:28,DOWN,-6.3,2,0.0,-10.5,0,704
2024.12.04 16:22:25,UP,5.3,1,10.0,-2.5,2136,2136
2024.12.04 16:58:04,UP,5.1,1,12.1,-3.9,116,116
2024.12.04 17:03:04,UP,13.5,1,10.1,-1.6,479,479
2024.12.04 17:11:03,UP,6.7,1,10.8,-2.3,340,340
2024.12.04 17:16:43,UP,6.9,1,10.2,-6.9,514,514
2024.12.04 17:25:18,UP,7.7,2,4.6,-10.1,34,391
2024.12.04 17:31:49,DOWN,-6.0,1,10.0,-2.5,979,979
2024.12.04 17:48:09,DOWN,-6.6,2,0.5,-10.3,1,272
2024.12.04 17:53:09,UP,9.8,2,4.5,-10.1,56,1475
2024.12.04 18:19:14,DOWN,-5.3,2,0.0,-10.0,0,248
2024.12.04 18:24:14,UP,8.2,1,10.2,-9.5,4134,4134
2024.12.04 19:39:55,DOWN,-5.1,1,10.0,-2.0,3861,3861
2024.12.04 20:44:17,DOWN,-7.9,1,11.4,-3.3,942,942
2024.12.04 20:59:59,DOWN,-5.3,2,8.6,-10.1,163,583
2024.12.04 21:09:42,UP,8.4,2,2.6,-10.8,392,885
2024.12.04 21:24:28,DOWN,-5.3,1,10.1,-9.1,3271,3271
2024.12.04 22:18:59,DOWN,-7.5,2,0.5,-10.0,10,1476
2024.12.05 02:32:37,UP,5.1,1,10.0,-6.4,17353,17353
2024.12.05 09:07:43,UP,5.1,1,10.6,-7.6,3303,3303
2024.12.05 10:02:47,UP,7.6,2,3.5,-10.4,1435,3059
2024.12.05 10:54:04,DOWN,-5.1,2,9.3,-10.7,1920,14964
2024.12.05 15:03:42,UP,5.5,1,11.0,-4.1,1581,1581
2024.12.05 15:30:03,UP,8.6,1,10.1,-5.5,110,110
2024.12.05 15:38:01,UP,5.3,2,1.1,-10.4,13,386
2024.12.05 15:44:28,DOWN,-5.7,2,1.0,-10.7,37,202
2024.12.05 15:49:28,UP,10.9,1,10.5,-4.1,653,653
2024.12.05 16:00:25,UP,5.1,1,10.3,-6.3,1934,1934
2024.12.05 16:34:06,UP,5.1,2,5.0,-10.1,420,1570
2024.12.05 17:09:06,DOWN,-5.5,1,10.1,-2.4,332,332
2024.12.05 17:14:39,DOWN,-7.6,1,10.3,-6.2,1623,1623
2024.12.05 17:44:33,DOWN,-5.4,2,0.2,-10.3,0,243
2024.12.05 17:49:33,UP,10.8,1,10.0,-0.1,141,141
2024.12.05 17:54:43,UP,5.3,2,8.3,-10.0,904,5436
2024.12.05 19:53:37,UP,5.1,2,0.7,-10.0,39,1856
2024.12.05 20:24:49,DOWN,-5.2,2,0.8,-10.2,40,2027
2024.12.05 21:00:25,UP,5.2,1,10.4,-1.0,2192,2192
2024.12.05 21:36:58,UP,5.3,2,4.7,-10.0,1058,20201
2024.12.06 07:09:33,DOWN,-5.7,2,1.7,-10.2,6946,9694
2024.12.06 09:58:35,UP,5.1,2,10.0,-10.4,654,4259
2024.12.06 11:24:13,UP,5.2,2,1.2,-10.4,15,467
2024.12.06 12:33:36,UP,5.3,1,18.3,-3.3,10585,10585
2024.12.06 15:30:01,UP,16.1,1,10.1,-1.5,5,5
2024.12.06 15:35:49,DOWN,-5.2,2,1.4,-10.0,3,103
2024.12.06 15:41:03,DOWN,-5.7,1,11.3,-8.0,413,413
2024.12.06 15:47:57,DOWN,-11.9,1,10.7,-8.1,905,905
2024.12.06 16:03:02,DOWN,-10.1,1,10.9,-1.6,277,277
2024.12.06 16:08:02,DOWN,-5.3,1,10.4,-0.9,191,191
2024.12.06 16:15:23,DOWN,-5.4,2,1.2,-10.1,5,180
2024.12.06 16:20:28,DOWN,-5.1,2,3.7,-10.4,23,405
2024.12.06 16:27:17,UP,5.2,2,5.8,-10.2,293,657
2024.12.06 16:38:14,DOWN,-8.9,2,1.1,-10.2,27,435
2024.12.06 16:51:17,UP,5.6,2,0.6,-10.5,4,390
2024.12.06 17:00:17,DOWN,-5.3,1,10.4,-1.9,587,587
2024.12.06 17:12:26,DOWN,-5.0,1,10.1,-7.9,1669,1669
2024.12.06 17:40:28,DOWN,-5.3,2,1.5,-10.1,6,378
2024.12.06 17:46:50,UP,5.1,1,10.3,-1.2,529,529
2024.12.06 17:55:40,UP,5.5,2,1.7,-10.1,40,403
2024.12.06 18:02:24,DOWN,-7.5,2,1.8,-10.2,343,1087
2024.12.06 18:21:16,UP,5.1,2,8.0,-10.1,961,2539
2024.12.06 19:03:36,DOWN,-5.1,1,10.1,-2.8,1405,1405
2024.12.06 19:33:20,UP,5.1,2,3.9,-10.0,204,4890
2024.12.09 00:00:53,DOWN,-10.8,2,2.3,-10.0,185,3554
2024.12.09 01:01:12,UP,5.4,2,1.2,-10.2,96,3965
2024.12.09 05:28:06,DOWN,-5.1,1,10.4,-3.8,2253,2253
2024.12.09 09:09:52,DOWN,-5.1,2,0.9,-10.1,27,955
2024.12.09 09:25:54,UP,5.3,1,10.6,-5.6,1806,1806
2024.12.09 09:56:00,UP,8.1,1,10.3,-7.4,4194,4194
2024.12.09 11:08:33,DOWN,-5.1,2,5.8,-10.3,2262,3636
2024.12.09 12:09:09,UP,8.0,2,8.1,-10.1,2213,6768
2024.12.09 14:18:47,DOWN,-5.1,2,5.0,-10.4,1740,4413
2024.12.09 15:34:39,UP,5.0,1,10.5,-4.2,7607,7607
2024.12.09 17:41:27,UP,5.6,2,8.6,-10.1,1192,3530
2024.12.09 18:54:20,DOWN,-5.8,1,10.1,-3.9,6493,6493
2024.12.09 21:53:33,DOWN,-5.3,2,6.4,-10.2,20818,35674
2024.12.10 09:56:39,DOWN,-5.1,1,10.2,-3.6,3791,3791
2024.12.10 11:03:45,DOWN,-5.1,1,10.2,-5.1,12100,12100
2024.12.10 14:37:48,UP,5.1,2,4.3,-10.1,1213,2374
2024.12.10 15:17:47,DOWN,-5.3,2,1.6,-10.0,248,1183
2024.12.10 15:53:09,UP,5.2,2,5.2,-11.9,2407,4183
2024.12.10 17:02:52,DOWN,-5.9,1,10.0,-1.7,1324,1324
2024.12.10 17:46:44,UP,5.0,2,2.5,-10.0,110,343
2024.12.10 17:52:28,DOWN,-7.9,2,1.8,-10.1,34,1205
2024.12.10 18:12:34,UP,6.0,1,10.4,-9.8,8288,8288
2024.12.11 09:09:00,DOWN,-5.2,1,10.8,-1.0,102,102
2024.12.11 09:23:34,DOWN,-6.0,1,10.0,-2.3,725,725
2024.12.11 09:35:40,DOWN,-6.4,1,11.7,-2.1,443,443
2024.12.11 09:43:03,DOWN,-7.1,2,0.9,-10.4,40,1500
2024.12.11 10:24:38,UP,5.2,2,9.7,-10.4,1704,6159
2024.12.11 12:08:02,DOWN,-5.0,2,6.0,-10.0,142,4379
2024.12.11 14:15:55,UP,5.2,2,3.6,-10.4,385,881
2024.12.11 14:49:23,DOWN,-5.1,2,1.8,-10.0,175,2147
2024.12.11 15:27:54,UP,5.1,1,10.0,-3.5,129,129
2024.12.11 15:32:54,DOWN,-9.0,2,0.9,-11.1,3,73
2024.12.11 15:37:54,UP,9.1,1,10.4,-9.5,425,425
2024.12.11 15:49:19,DOWN,-5.2,1,10.2,-3.5,1254,1254
2024.12.11 16:12:55,DOWN,-5.3,1,10.1,-7.4,1089,1089
2024.12.11 16:31:54,DOWN,-5.1,1,10.1,-6.6,1809,1809
2024.12.11 17:02:04,DOWN,-8.4,2,1.8,-10.3,9,620
2024.12.11 17:12:25,UP,5.3,2,4.7,-10.3,155,1226
2024.12.11 17:33:06,DOWN,-5.3,1,10.2,-1.3,963,963
2024.12.11 17:49:10,DOWN,-6.5,2,1.6,-10.1,4,397
2024.12.11 17:55:47,UP,9.3,1,10.2,-6.6,2656,2656
2024.12.11 18:43:04,UP,5.3,2,5.0,-10.0,714,2218
2024.12.11 20:02:01,UP,6.0,2,6.3,-10.0,1641,3158
2024.12.12 00:11:22,DOWN,-5.2,2,0.5,-10.1,1,3198
2024.12.12 09:08:45,UP,5.3,2,7.3,-10.5,559,3251
2024.12.12 10:04:22,DOWN,-5.0,1,10.1,-7.4,9819,9819
2024.12.12 14:16:57,DOWN,-5.2,1,10.6,-8.5,3449,3449
2024.12.12 15:14:26,DOWN,-9.1,2,1.8,-10.2,8,58
2024.12.12 15:20:32,DOWN,-5.5,2,1.4,-10.5,6,110
2024.12.12 15:30:04,UP,6.4,1,10.2,-6.3,640,640
2024.12.12 15:43:15,UP,5.3,2,2.6,-10.3,57,690
2024.12.12 15:54:46,DOWN,-7.6,1,10.3,-6.3,1065,1065
2024.12.12 16:12:32,DOWN,-6.6,2,6.6,-10.1,35,396
2024.12.12 16:19:09,UP,11.1,2,5.3,-10.2,334,476
2024.12.12 16:27:05,DOWN,-13.5,2,2.8,-10.7,44,639
2024.12.12 16:37:44,UP,8.6,1,10.0,-3.7,171,171
2024.12.12 16:42:44,UP,5.7,1,10.7,-1.5,144,144
2024.12.12 16:48:02,UP,5.4,1,10.1,-2.8,720,720
2024.12.12 17:02:39,DOWN,-5.5,1,10.6,-4.4,393,393
2024.12.12 17:09:13,DOWN,-7.1,1,10.0,-1.3,650,650
2024.12.12 17:21:58,DOWN,-5.1,1,10.1,-5.6,521,521
2024.12.12 17:30:40,DOWN,-5.6,1,10.8,-5.5,516,516
2024.12.12 17:39:16,DOWN,-8.0,2,3.5,-10.1,260,1402
2024.12.12 18:02:39,UP,5.6,1,10.1,-4.7,373,373
2024.12.12 18:08:53,UP,13.0,1,10.1,-7.5,1318,1318
2024.12.12 18:38:31,UP,5.2,1,10.5,-0.6,1006,1006
2024.12.12 19:18:59,DOWN,-5.0,1,10.1,-0.4,319,319
2024.12.12 19:24:18,DOWN,-6.8,1,10.4,-3.8,2483,2483
2024.12.12 20:34:39,DOWN,-5.6,1,10.0,-3.6,3242,3242
2024.12.12 21:28:51,DOWN,-5.1,1,10.1,-1.5,4136,4136
2024.12.12 23:08:46,UP,5.3,2,9.0,-10.3,13895,19342
2024.12.13 09:00:47,DOWN,-5.0,2,7.3,-10.1,702,4299
2024.12.13 10:12:30,UP,5.1,1,10.4,-9.8,6235,6235
2024.12.13 11:56:25,UP,5.6,1,10.1,0.0,99,99
2024.12.13 12:12:53,UP,5.0,2,1.4,-10.0,1045,2509
2024.12.13 12:54:45,DOWN,-5.0,2,0.0,-10.0,0,1502
2024.12.13 14:33:43,UP,5.1,1,10.6,-1.5,414,414
2024.12.13 14:40:38,UP,8.5,1,10.8,-3.3,1855,1855
2024.12.13 15:11:40,UP,5.3,2,1.2,-10.4,17,1158
2024.12.13 15:34:58,DOWN,-5.2,2,0.6,-10.7,29,610
2024.12.13 15:59:39,DOWN,-5.1,1,10.2,-0.1,512,512
2024.12.13 16:08:18,DOWN,-5.4,1,10.5,-5.5,1653,1653
2024.12.13 17:00:49,DOWN,-5.1,2,3.3,-10.2,3071,4280
2024.12.13 18:12:09,UP,5.7,1,10.4,-2.4,2325,2325
2024.12.13 18:57:29,DOWN,-5.3,1,13.1,-7.3,191005,191005
2024.12.16 00:01:00,DOWN,-18.4,2,0.0,-10.2,0,2048
2024.12.16 00:40:55,UP,5.1,1,10.2,-5.7,3652,3652
2024.12.16 02:37:37,UP,5.2,2,4.6,-10.1,5695,26217
2024.12.16 09:54:35,DOWN,-7.1,2,7.8,-11.0,1179,2125
2024.12.16 10:30:00,UP,12.0,2,5.4,-10.6,129,1524
2024.12.16 11:00:11,UP,5.6,2,6.9,-10.2,795,3209
2024.12.16 11:54:46,DOWN,-5.0,1,10.2,-3.6,3010,3010
2024.12.16 14:59:06,DOWN,-5.5,2,0.7,-10.2,52,1369
2024.12.16 15:24:35,UP,5.3,2,3.8,-10.7,2100,3370
2024.12.16 16:22:26,DOWN,-5.9,1,13.6,-1.7,1354,1354
2024.12.16 16:45:00,DOWN,-11.3,2,1.4,-10.1,386,991
2024.12.16 17:07:42,UP,5.1,1,10.1,-7.1,1503,1503
2024.12.16 17:42:44,UP,5.1,2,5.1,-10.5,1298,2644
2024.12.16 18:26:49,DOWN,-6.6,2,2.0,-10.0,74,1480
2024.12.16 18:52:53,UP,5.4,1,10.0,-6.0,7567,7567
2024.12.16 20:59:01,UP,10.0,2,1.1,-10.2,94,2193
2024.12.16 23:59:31,DOWN,-6.6,2,1.6,-10.4,29,6796
2024.12.17 02:53:45,UP,5.2,2,5.2,-10.3,45,2930
2024.12.17 11:01:20,DOWN,-5.5,2,4.6,-10.0,5176,10202
2024.12.17 15:30:02,UP,6.5,1,10.0,-8.7,2719,2719
2024.12.17 16:51:35,DOWN,-5.1,2,7.7,-10.3,5526,8124
2024.12.17 19:07:10,UP,5.3,2,1.5,-10.6,15,310
2024.12.17 19:12:20,DOWN,-9.6,1,10.1,-3.9,5964,5964
2024.12.17 20:52:37,DOWN,-5.0,2,5.6,-10.0,6989,20119
2024.12.18 09:54:00,DOWN,-5.3,1,10.1,-9.2,19715,19715
2024.12.18 15:39:01,UP,5.1,1,10.1,-5.4,4466,4466
2024.12.18 16:53:27,UP,7.5,2,0.0,-10.0,0,322
2024.12.18 16:58:50,DOWN,-6.8,1,10.4,-5.3,2837,2837
2024.12.18 17:46:08,DOWN,-5.1,1,10.3,-3.1,378,378
2024.12.18 18:19:37,UP,5.2,2,1.1,-10.1,6,1139
2024.12.18 18:38:44,DOWN,-5.2,2,1.9,-10.3,782,4189
2024.12.18 20:34:17,UP,5.1,2,2.9,-20.0,702,1544
2024.12.18 21:00:01,DOWN,-15.8,1,10.2,-4.1,16,16
2024.12.18 21:05:30,DOWN,-5.2,1,10.2,-0.1,180,180
2024.12.18 21:12:10,UP,5.3,2,6.5,-10.5,494,1095
2024.12.18 21:30:26,DOWN,-5.2,2,0.4,-10.1,0,144
2024.12.18 21:35:26,DOWN,-5.1,1,10.5,-2.0,156,156
2024.12.18 21:40:38,UP,5.7,2,8.4,-10.3,79,208
2024.12.18 21:45:40,DOWN,-5.1,1,10.4,-5.6,159,159
2024.12.18 21:51:19,UP,5.9,2,7.9,-11.2,111,821
2024.12.18 22:05:08,DOWN,-5.3,1,10.1,-1.3,48,48
2024.12.18 22:10:11,UP,5.1,2,2.2,-10.0,20,221
2024.12.18 22:15:41,DOWN,-5.1,1,10.2,-1.3,150,150
2024.12.18 22:20:41,UP,5.9,1,10.0,-1.5,171,171
2024.12.18 22:26:51,DOWN,-5.1,1,10.2,-1.5,546,546
2024.12.18 22:42:43,UP,5.0,1,11.0,-8.5,1243,1243
2024.12.18 23:03:26,UP,8.2,2,2.8,-10.1,221,2104
2024.12.18 23:39:08,DOWN,-5.1,1,10.1,-6.1,712,712
2024.12.18 23:53:45,DOWN,-5.1,2,7.2,-10.5,443,4620
2024.12.19 01:47:48,DOWN,-5.1,2,1.4,-10.2,23,992
2024.12.19 02:04:20,UP,9.0,1,10.1,-1.3,1821,1821
2024.12.19 03:18:46,UP,5.2,1,10.1,-8.7,5946,5946
2024.12.19 04:57:52,UP,10.2,2,0.9,-10.1,141,596
2024.12.19 05:08:25,DOWN,-5.3,2,3.3,-10.2,171,12107
2024.12.19 09:02:10,UP,5.4,1,10.1,0.0,644,644
2024.12.19 09:12:55,UP,7.0,2,8.4,-10.2,77,1281
2024.12.19 09:34:16,DOWN,-7.8,2,0.4,-10.1,2,2008
2024.12.19 10:07:45,UP,7.8,1,10.2,-9.0,3204,3204
2024.12.19 11:01:10,UP,5.5,2,8.4,-10.2,2500,9946
2024.12.19 14:07:45,UP,5.1,2,3.5,-10.7,2688,2838
2024.12.19 14:55:20,DOWN,-5.5,2,6.3,-10.2,604,1210
2024.12.19 15:17:31,UP,5.2,2,8.9,-10.2,1404,3691
2024.12.19 16:19:03,DOWN,-6.3,2,0.0,-10.6,0,1061
2024.12.19 16:36:50,UP,5.1,2,0.0,-10.3,0,1422
2024.12.19 17:04:54,DOWN,-5.5,2,0.0,-10.0,0,165
2024.12.19 17:09:55,UP,10.2,2,0.5,-10.5,28,1871
2024.12.19 17:47:18,DOWN,-5.3,1,10.0,-2.1,1083,1083
2024.12.19 18:12:08,DOWN,-5.2,2,2.7,-10.0,173,657
2024.12.19 18:23:53,UP,5.4,2,1.3,-10.1,298,1052
2024.12.19 18:47:45,DOWN,-6.3,1,10.2,-2.0,671,671
2024.12.19 18:58:57,DOWN,-6.1,2,2.4,-10.0,139,575
2024.12.19 19:09:26,UP,5.1,2,8.0,-10.0,1123,3186
2024.12.19 20:04:42,DOWN,-5.1,2,1.2,-10.2,31,431
2024.12.19 20:11:54,UP,5.2,1,10.0,-1.7,3154,3154
2024.12.20 08:09:11,DOWN,-6.7,1,10.0,-1.8,66,66
2024.12.20 08:14:11,DOWN,-9.3,2,1.2,-10.2,19,614
2024.12.20 08:27:45,UP,5.2,1,10.4,-0.3,1402,1402
2024.12.20 09:26:30,UP,5.0,1,10.1,-5.8,2650,2650
2024.12.20 10:10:41,UP,5.2,2,8.9,-10.2,823,4457
2024.12.20 11:24:59,DOWN,-6.1,2,3.4,-10.4,1223,2719
2024.12.20 13:09:53,DOWN,-5.0,2,3.5,-10.0,163,1564
2024.12.20 14:37:20,DOWN,-5.2,2,6.9,-10.2,1669,3167
2024.12.20 15:30:07,UP,5.8,1,10.2,-1.2,89,89
2024.12.20 15:35:50,UP,5.1,2,0.0,-10.3,0,216
2024.12.20 15:44:00,UP,5.0,2,1.3,-10.2,53,533
2024.12.20 16:04:26,DOWN,-5.1,1,10.1,-1.1,692,692
2024.12.20 16:16:07,DOWN,-5.1,2,4.8,-10.0,2020,2904
2024.12.20 17:04:32,UP,7.8,1,10.1,-9.5,4459,4459
2024.12.20 18:18:52,UP,9.2,1,10.3,-0.7,1048,1048
2024.12.20 18:36:58,UP,5.8,1,10.1,-0.3,303,303
2024.12.20 18:42:01,UP,5.2,1,10.4,-7.7,2148,2148
2024.12.20 19:18:14,UP,5.1,2,0.9,-10.0,13,861
2024.12.20 19:33:14,DOWN,-5.1,1,10.1,-1.6,3431,3431
2024.12.20 20:37:09,UP,5.1,1,10.2,-0.1,472,472
2024.12.23 00:23:36,UP,5.7,1,10.1,-3.6,776,776
2024.12.23 00:38:35,DOWN,-5.5,1,10.1,-8.3,32603,32603
2024.12.23 09:42:35,DOWN,-5.1,1,10.1,-0.2,549,549
2024.12.23 09:52:18,DOWN,-5.1,1,10.0,-6.8,9245,9245
2024.12.23 12:56:26,DOWN,-5.1,2,2.3,-10.8,33,1149
2024.12.23 13:33:28,DOWN,-5.1,2,7.7,-10.1,2791,9050
2024.12.23 16:58:29,DOWN,-5.1,2,7.5,-10.1,637,5705
2024.12.23 18:33:37,UP,5.4,1,10.1,0.0,1928,1928
2024.12.23 19:26:46,DOWN,-5.2,1,10.6,-1.0,1295,1295
2024.12.23 19:48:23,DOWN,-5.0,2,0.7,-10.0,209,1418
2024.12.23 20:43:41,DOWN,-5.1,1,10.0,-7.8,30208,30208
2024.12.24 05:47:59,DOWN,-5.9,2,0.5,-10.2,1,16963
2024.12.24 10:54:31,DOWN,-5.2,2,3.2,-10.4,4316,8397
2024.12.24 14:55:15,DOWN,-5.6,2,4.9,-10.8,142,5508
2024.12.24 17:54:44,DOWN,-5.1,2,7.9,-10.7,6686,18414
2024.12.24 23:14:19,UP,6.4,2,1.0,-11.2,259,804
2024.12.24 23:27:45,DOWN,-6.9,2,2.4,-12.2,1086,88373
2024.12.26 00:34:52,DOWN,-5.0,2,8.2,-10.0,31734,60009
2024.12.26 17:54:31,DOWN,-5.1,2,0.9,-10.1,418,3645
2024.12.26 19:23:50,DOWN,-5.1,2,4.8,-10.0,1379,2312
2024.12.26 20:02:22,UP,8.9,2,9.5,-10.0,2052,30363
2024.12.27 09:53:58,UP,5.1,1,10.0,-0.2,189,189
2024.12.27 09:58:59,UP,8.0,2,1.0,-10.0,488,1824
2024.12.27 10:29:33,DOWN,-5.1,2,5.3,-10.3,2102,9987
2024.12.27 13:16:49,UP,5.7,1,10.5,-3.6,2332,2332
2024.12.27 13:56:30,UP,5.2,2,4.9,-10.1,422,3572
2024.12.27 15:01:57,UP,5.3,2,1.9,-10.5,3491,6869
2024.12.27 16:56:58,DOWN,-5.0,1,10.1,-0.6,1199,1199
2024.12.27 17:44:52,UP,5.3,2,6.6,-10.1,354,788
2024.12.27 17:58:01,DOWN,-8.3,2,2.1,-10.0,28,1471
2024.12.27 18:54:35,DOWN,-5.5,1,10.1,-2.2,1054,1054
2024.12.30 00:04:17,UP,5.5,2,6.6,-10.1,3854,37118
2024.12.30 10:54:53,DOWN,-5.1,2,5.8,-10.3,229,3240
2024.12.30 11:52:02,UP,5.5,1,10.1,0.0,1106,1106
2024.12.30 13:20:52,UP,5.1,1,10.1,-2.8,3188,3188
2024.12.30 14:14:04,UP,5.0,2,0.2,-10.0,28,423
2024.12.30 14:21:19,DOWN,-5.3,1,10.3,-5.0,3285,3285
2024.12.30 15:23:31,UP,5.1,2,0.1,-10.2,1,776
2024.12.30 15:47:48,DOWN,-5.1,1,10.2,-0.1,322,322
2024.12.30 15:53:11,DOWN,-5.5,1,10.1,-0.5,113,113
2024.12.30 15:58:12,DOWN,-19.3,2,9.4,-10.1,234,753
2024.12.30 16:11:31,UP,5.1,2,5.2,-10.6,278,1231
2024.12.30 16:32:03,DOWN,-9.1,2,6.2,-10.0,613,1096
2024.12.30 16:53:12,UP,5.0,2,2.2,-10.0,173,896
2024.12.30 17:08:08,DOWN,-8.6,1,10.5,-3.5,2177,2177
2024.12.30 17:44:26,DOWN,-8.4,1,10.1,-0.4,366,366
2024.12.30 17:52:51,DOWN,-5.3,2,0.0,-10.1,0,325
2024.12.30 17:58:17,UP,6.1,1,10.2,-7.3,4679,4679
2024.12.31 00:01:00,DOWN,-9.0,2,0.0,-11.7,0,29
2024.12.31 01:00:24,DOWN,-5.2,2,1.9,-10.0,6077,8570
2024.12.31 10:28:31,DOWN,-5.4,2,0.1,-10.7,1,1676
2024.12.31 10:56:28,UP,5.9,2,6.2,-10.2,3335,4130
2024.12.31 12:05:24,DOWN,-5.4,2,0.1,-10.0,0,2713
2024.12.31 12:51:26,UP,5.1,2,1.5,-10.0,43,3215
2024.12.31 14:29:40,DOWN,-5.1,1,10.0,-1.9,1574,1574
2024.12.31 14:56:42,DOWN,-5.4,1,10.2,-4.5,4135,4135
2024.12.31 16:13:25,UP,5.1,2,2.3,-10.4,197,1138
2024.12.31 16:32:46,DOWN,-5.1,2,0.7,-10.1,27,282
2024.12.31 16:43:45,DOWN,-5.6,2,5.7,-10.2,1043,1645
2024.12.31 17:12:33,UP,5.1,2,2.4,-10.6,31,832
2024.12.31 17:28:42,DOWN,-5.0,1,10.5,-3.1,995,995
2024.12.31 17:54:21,DOWN,-5.2,1,10.1,-4.9,5774,5774
2024.12.31 19:42:17,UP,5.0,1,10.1,-6.4,5503,5503
2024.12.31 21:14:51,UP,5.4,2,2.3,-12.8,129,9881
2024.12.31 23:59:34,DOWN,-5.4,3,0.8,-1.8,24,86459
2025.01.02 01:00:01,DOWN,-5.0,2,5.9,-10.0,7214,9696
2025.01.02 09:58:56,DOWN,-5.0,1,10.1,-5.7,1131,1131
2025.01.02 10:34:19,UP,5.1,1,10.2,-0.1,1544,1544
2025.01.02 11:18:15,UP,5.4,2,1.9,-10.4,122,1276
2025.01.02 12:31:50,DOWN,-5.2,1,10.4,0.0,1017,1017
2025.01.02 12:48:48,DOWN,-6.8,1,10.4,0.0,10,10
2025.01.02 12:53:48,UP,9.7,2,0.8,-10.1,44,200
2025.01.02 12:58:48,DOWN,-5.6,2,1.4,-10.0,23,405
2025.01.02 13:23:35,DOWN,-5.2,1,10.1,-1.8,685,685
2025.01.02 13:47:56,UP,5.1,2,5.3,-10.4,865,4069
2025.01.02 14:55:46,DOWN,-8.4,2,7.6,-10.2,2064,2395
2025.01.02 15:35:42,UP,5.7,2,1.0,-10.4,26,696
2025.01.02 15:47:19,DOWN,-6.2,1,11.4,-3.4,1203,1203
2025.01.02 16:23:05,UP,5.3,2,6.4,-10.0,574,1579
2025.01.02 16:49:28,DOWN,-5.3,1,11.7,-2.1,2263,2263
2025.01.02 17:27:11,DOWN,-11.6,1,10.0,-3.1,87,87
2025.01.02 17:36:51,UP,5.2,2,7.8,-10.7,366,1331
2025.01.02 17:59:02,DOWN,-7.1,1,10.3,0.0,225,225
2025.01.02 18:04:02,DOWN,-49.5,2,0.0,-10.1,0,3
2025.01.02 18:09:03,UP,11.5,1,10.3,-4.2,465,465
2025.01.02 18:18:47,UP,5.2,2,0.2,-10.7,2,191
2025.01.02 18:23:47,DOWN,-10.7,1,10.1,-6.5,1150,1150
2025.01.02 18:42:58,DOWN,-9.8,2,0.1,-10.2,2,496
2025.01.02 18:51:47,UP,5.6,1,10.1,-1.0,346,346
2025.01.02 18:57:34,UP,7.3,2,5.0,-10.8,768,1996
2025.01.02 19:31:08,DOWN,-5.3,2,0.0,-10.0,0,531
2025.01.02 19:52:40,UP,5.1,2,1.8,-10.2,248,4663
2025.01.02 21:13:50,DOWN,-5.1,2,2.6,-10.0,2572,4265
2025.01.02 23:59:58,DOWN,-11.2,2,1.0,-10.9,0,91
2025.01.03 09:09:48,DOWN,-5.1,2,7.7,-10.1,698,3052
2025.01.03 10:00:40,UP,6.1,2,1.1,-10.2,1473,2075
2025.01.03 11:10:22,UP,5.1,2,7.5,-11.6,1319,4069
2025.01.03 13:09:52,UP,5.3,1,10.2,-0.3,963,963
2025.01.03 13:31:47,DOWN,-5.1,2,0.8,-10.0,50,1077
2025.01.03 15:52:46,DOWN,-5.1,2,4.5,-10.0,994,3986
2025.01.03 17:00:00,DOWN,-6.4,2,0.5,-10.2,21,305
2025.01.03 17:05:07,UP,5.7,2,0.2,-10.4,9,540
2025.01.03 17:14:16,DOWN,-5.1,1,10.0,-0.2,372,372
2025.01.03 17:21:27,DOWN,-5.4,2,7.9,-10.1,584,2403
2025.01.03 18:38:29,DOWN,-5.1,1,10.2,-0.3,920,920
2025.01.03 18:59:47,UP,5.2,1,10.3,-0.2,449,449
2025.01.03 19:07:30,UP,5.1,3,8.5,-8.8,14497,190405
2025.01.06 00:00:55,DOWN,-5.7,2,6.6,-10.2,9571,14095
2025.01.06 09:32:55,UP,5.6,1,11.1,-3.6,2448,2448
2025.01.06 10:14:43,UP,5.0,1,10.1,-4.4,2505,2505
2025.01.06 10:56:28,UP,5.1,1,10.3,-7.4,463,463
2025.01.06 11:04:11,UP,7.1,1,10.4,-7.3,381,381
2025.01.06 11:14:15,DOWN,-5.3,1,10.1,-8.2,3201,3201
2025.01.06 12:07:36,DOWN,-6.2,1,10.1,-1.1,2530,2530
2025.01.06 13:02:42,DOWN,-5.2,2,1.1,-11.1,1,146
2025.01.06 13:08:53,UP,5.2,1,10.4,0.0,124,124
2025.01.06 13:13:53,UP,19.4,1,11.1,-0.4,33,33
2025.01.06 13:18:53,UP,10.0,1,10.8,-3.1,82,82
2025.01.06 13:23:53,UP,20.8,2,3.8,-10.1,28,184
2025.01.06 13:29:40,UP,5.2,1,10.7,-0.9,81,81
2025.01.06 13:34:40,UP,11.4,2,2.6,-10.1,365,662
2025.01.06 13:46:08,DOWN,-5.3,2,3.5,-10.0,98,552
2025.01.06 14:01:16,UP,5.0,2,3.9,-10.2,161,398
2025.01.06 14:07:55,DOWN,-7.4,1,10.1,-3.5,937,937
2025.01.06 14:23:40,DOWN,-5.2,1,10.2,-0.9,402,402
2025.01.06 14:30:26,DOWN,-5.2,2,1.9,-10.1,12,301
2025.01.06 14:35:39,UP,5.3,1,10.1,-8.2,1483,1483
2025.01.06 15:00:31,UP,5.1,1,10.1,-3.5,911,911
2025.01.06 15:27:36,UP,5.4,2,3.8,-10.2,123,289
2025.01.06 15:32:36,DOWN,-12.7,1,10.0,-2.8,510,510
2025.01.06 15:41:07,DOWN,-5.1,2,8.3,-11.0,282,1498
2025.01.06 16:06:06,UP,6.6,2,0.1,-10.5,0,163
2025.01.06 16:15:30,DOWN,-5.1,1,10.6,-1.0,8,8
2025.01.06 16:21:08,UP,5.0,1,10.1,-6.0,398,398
2025.01.06 16:27:46,UP,11.4,1,10.4,-1.7,156,156
2025.01.06 16:32:53,DOWN,-5.6,2,8.7,-11.0,698,952
2025.01.06 16:48:46,UP,17.0,1,10.1,-0.9,319,319
2025.01.06 16:54:06,UP,8.0,2,2.7,-10.4,368,580
2025.01.06 17:03:47,DOWN,-6.7,1,10.1,-8.1,2077,2077
2025.01.06 17:38:26,DOWN,-6.9,2,3.7,-10.5,131,733
2025.01.06 17:50:41,UP,8.9,1,10.1,-1.6,418,418
2025.01.06 17:57:40,UP,7.7,2,2.7,-10.0,15,895
2025.01.06 18:12:36,DOWN,-5.7,2,0.6,-10.1,6,1015
2025.01.06 18:29:31,UP,5.6,2,6.7,-10.1,138,2490
2025.01.06 20:02:15,DOWN,-5.1,2,5.1,-10.1,453,11866
2025.01.07 00:00:31,DOWN,-6.0,2,3.7,-10.2,129,977
2025.01.07 09:09:47,UP,5.1,1,10.2,-0.1,988,988
2025.01.07 09:39:51,UP,5.9,2,5.8,-10.0,304,2309
2025.01.07 10:24:04,UP,5.0,1,10.7,-7.8,1795,1795
2025.01.07 11:54:22,UP,5.8,2,2.0,-10.1,208,597
2025.01.07 12:04:19,DOWN,-8.4,2,1.7,-11.1,33,473
2025.01.07 12:12:13,UP,5.8,2,4.9,-10.5,429,3726
2025.01.07 14:08:30,DOWN,-5.2,1,10.1,-3.1,1781,1781
2025.01.07 14:42:26,DOWN,-5.2,1,10.1,-1.1,755,755
2025.01.07 15:19:56,UP,5.2,2,3.3,-10.2,1013,1668
2025.01.07 15:47:53,DOWN,-5.1,1,11.5,-7.0,4327,4327
2025.01.07 17:00:00,DOWN,-9.1,1,10.1,0.0,30,30
2025.01.07 17:08:49,DOWN,-5.5,2,1.3,-10.1,78,498
2025.01.07 17:19:14,UP,5.3,2,7.3,-10.0,654,1521
2025.01.07 17:44:36,DOWN,-5.7,2,8.4,-10.2,194,928
2025.01.07 18:18:20,UP,5.1,1,10.9,-6.2,837,837
2025.01.07 18:32:17,UP,15.1,2,0.0,-10.5,0,40
2025.01.07 18:39:28,UP,5.0,2,4.8,-10.2,523,1879
2025.01.07 19:15:52,UP,5.4,2,4.8,-12.2,230,430
2025.01.07 19:23:02,DOWN,-16.1,2,1.3,-10.3,13,102
2025.01.07 19:44:46,DOWN,-5.1,1,10.0,-4.8,3162,3162
2025.01.07 20:42:03,DOWN,-5.1,1,10.1,-7.1,8795,8795
2025.01.08 08:56:25,DOWN,-5.1,1,10.2,-2.8,2713,2713
2025.01.08 09:43:20,DOWN,-5.3,1,10.6,-0.7,1381,1381
2025.01.08 10:08:24,DOWN,-5.2,2,2.1,-10.6,95,484
2025.01.08 10:16:44,UP,5.1,2,3.9,-10.0,170,689
2025.01.08 10:28:13,DOWN,-6.0,1,10.1,-7.1,3421,3421
2025.01.08 11:49:50,DOWN,-5.3,1,10.1,-5.1,5408,5408
2025.01.08 13:26:54,DOWN,-5.1,1,10.2,-2.9,301,301
2025.01.08 13:31:56,DOWN,-7.8,1,10.6,-1.8,101,101
2025.01.08 13:39:17,DOWN,-5.1,2,6.5,-10.2,70,377
2025.01.08 13:45:36,UP,5.1,1,10.1,-9.2,5945,5945
2025.01.08 15:24:41,UP,10.0,2,7.1,-10.0,2230,5447
2025.01.08 17:01:37,UP,5.1,1,10.3,-0.7,314,314
2025.01.08 17:06:52,UP,5.8,2,3.2,-10.1,6,2049
2025.01.08 18:03:18,DOWN,-5.4,2,1.6,-10.3,542,1250
2025.01.08 18:24:10,UP,7.7,1,10.5,-8.2,9757,9757
2025.01.08 21:17:41,UP,5.3,2,6.3,-10.1,684,3326
2025.01.09 02:33:33,DOWN,-5.4,2,1.8,-10.0,78,2549
2025.01.09 08:56:16,DOWN,-5.0,1,10.2,-8.5,3762,3762
2025.01.09 09:58:58,DOWN,-6.2,2,6.0,-10.5,352,1379
2025.01.09 11:17:35,UP,5.0,2,6.1,-10.2,58,2738
2025.01.09 12:03:40,DOWN,-5.2,2,0.6,-10.0,67,1137
2025.01.09 12:24:50,UP,5.1,2,0.8,-10.5,25,1031
2025.01.09 12:42:01,DOWN,-6.1,2,5.2,-10.0,7178,9929
2025.01.09 15:31:43,UP,5.6,2,1.3,-10.1,0,1598
2025.01.09 16:53:06,UP,5.1,2,0.0,-10.0,0,942
2025.01.09 17:43:37,DOWN,-5.4,1,10.0,-7.2,51236,51236
2025.01.10 07:59:14,DOWN,-5.5,2,3.8,-10.0,3652,6804
2025.01.10 10:24:22,UP,5.1,2,9.4,-20.9,988,18339
2025.01.10 15:30:02,DOWN,-29.7,1,12.4,0.0,3,3
2025.01.10 15:35:42,UP,5.1,1,10.2,-0.1,81,81
2025.01.10 15:41:17,UP,5.2,1,10.8,-4.3,211,211
2025.01.10 15:47:00,DOWN,-5.6,2,6.6,-10.0,16,362
2025.01.10 15:53:03,UP,6.9,1,10.0,-5.4,613,613
2025.01.10 16:03:16,UP,7.7,2,0.0,-10.9,0,31
2025.01.10 16:08:16,DOWN,-10.2,2,4.5,-10.0,106,475
2025.01.10 16:16:12,UP,5.0,1,10.2,-8.3,1604,1604
2025.01.10 16:42:57,UP,9.3,2,3.2,-10.1,104,293
2025.01.10 16:47:57,DOWN,-11.7,1,10.2,0.0,365,365
2025.01.10 16:54:02,DOWN,-9.8,1,10.0,-3.8,438,438
2025.01.10 17:01:20,DOWN,-11.9,2,3.6,-10.1,29,236
2025.01.10 17:08:42,DOWN,-5.3,2,0.5,-10.5,1,177
2025.01.10 17:13:42,UP,9.2,1,10.4,-2.0,322,322
2025.01.10 17:19:05,UP,9.9,1,10.9,-2.0,389,389
2025.01.10 17:27:20,DOWN,-5.1,1,10.0,-0.9,461,461
2025.01.10 17:39:42,UP,5.2,2,0.1,-10.1,3,201
2025.01.10 17:44:42,DOWN,-7.5,1,10.1,-7.3,468,468
2025.01.10 17:52:32,DOWN,-9.5,1,10.1,-9.0,1584,1584
2025.01.10 18:19:32,DOWN,-5.5,2,5.0,-10.0,1286,3017
2025.01.10 19:09:50,UP,9.0,2,8.1,-11.4,2025,190260
2025.01.13 00:01:10,DOWN,-12.3,2,0.0,-15.2,0,19
2025.01.13 00:08:37,UP,5.2,1,10.0,-2.1,11752,11752
2025.01.13 05:32:28,DOWN,-5.2,1,10.2,-2.6,3640,3640
2025.01.13 06:33:52,DOWN,-5.3,2,2.1,-10.0,557,5054
2025.01.13 09:16:58,DOWN,-5.2,2,7.6,-10.3,701,3039
2025.01.13 10:11:23,UP,5.2,2,1.6,-10.0,496,1595
2025.01.13 10:49:04,DOWN,-5.3,1,10.3,-9.9,2132,2132
2025.01.13 11:24:37,DOWN,-13.4,1,10.3,-0.2,19,19
2025.01.13 11:29:37,DOWN,-5.5,2,5.6,-10.1,297,948
2025.01.13 11:46:56,UP,5.1,2,1.0,-10.1,12,497
2025.01.13 12:13:03,UP,5.3,2,3.4,-10.1,2470,3225
2025.01.13 13:17:46,DOWN,-5.2,2,3.8,-10.1,537,1092
2025.01.13 13:36:59,UP,5.5,2,1.2,-10.0,327,1723
2025.01.13 14:28:06,DOWN,-5.0,2,2.9,-10.0,89,1327
2025.01.13 14:55:45,UP,5.1,1,10.2,-8.2,2293,2293
2025.01.13 15:33:58,UP,7.2,2,4.6,-10.1,179,1605
2025.01.13 16:21:55,UP,5.1,2,0.3,-10.1,58,1154
2025.01.13 16:56:57,UP,5.1,2,1.7,-10.3,98,991
2025.01.13 17:13:29,DOWN,-6.1,2,6.1,-10.1,3192,4605
2025.01.13 18:59:16,DOWN,-5.1,2,2.4,-10.0,91,3494
2025.01.13 23:43:18,UP,6.7,1,10.3,-2.8,690,690
2025.01.13 23:57:52,UP,5.1,1,11.8,-6.3,957,957
2025.01.14 00:13:49,UP,10.1,1,10.3,-5.7,2129,2129
2025.01.14 00:49:20,UP,6.8,2,8.0,-10.5,172,894
2025.01.14 01:04:15,DOWN,-5.6,2,1.8,-10.0,14,645
2025.01.14 01:17:20,UP,5.1,1,10.5,-5.3,984,984
2025.01.14 01:33:45,UP,8.2,2,0.4,-10.1,68,1038
2025.01.14 01:51:36,DOWN,-5.3,1,10.2,-3.0,1163,1163
2025.01.14 02:14:24,DOWN,-5.2,1,10.0,-0.9,5654,5654
2025.01.14 04:07:36,DOWN,-5.0,2,3.4,-10.5,2116,3742
2025.01.14 05:09:58,UP,6.7,2,2.7,-10.1,80,8399
2025.01.14 08:57:08,UP,5.3,1,10.2,-0.2,452,452
2025.01.14 09:04:40,UP,8.6,2,4.9,-10.0,157,3047
2025.01.14 10:02:55,UP,5.1,1,10.2,-5.3,1125,1125
2025.01.14 10:21:49,UP,5.7,2,3.8,-10.0,22,893
2025.01.14 10:36:43,DOWN,-5.9,2,2.0,-10.1,44,638
2025.01.14 10:54:49,DOWN,-5.2,1,10.1,-2.8,2744,2744
2025.01.14 11:52:12,DOWN,-5.0,1,10.7,-4.6,8129,8129
2025.01.14 14:07:57,DOWN,-5.4,2,7.1,-17.7,687,4924
2025.01.14 15:30:01,UP,24.0,2,8.4,-10.9,21,293
2025.01.14 15:36:26,UP,5.0,2,0.5,-10.4,8,98
2025.01.14 15:43:51,DOWN,-5.1,2,1.9,-10.2,10,190
2025.01.14 15:48:51,UP,10.2,2,1.3,-10.2,9,251
2025.01.14 15:54:37,DOWN,-5.1,2,9.1,-10.0,678,2050
2025.01.14 16:28:53,UP,5.1,1,10.7,-0.7,670,670
2025.01.14 16:43:44,DOWN,-5.3,1,10.1,-1.9,272,272
2025.01.14 16:48:44,DOWN,-7.6,2,0.7,-10.1,12,699
2025.01.14 17:02:23,UP,5.0,2,5.1,-10.0,101,1584
2025.01.14 17:28:49,DOWN,-5.8,2,0.0,-10.0,0,181
2025.01.14 17:34:02,UP,5.1,1,10.1,0.0,554,554
2025.01.14 17:43:23,UP,5.2,1,10.6,-2.8,1485,1485
2025.01.14 18:08:08,UP,5.6,2,7.3,-10.0,543,1307
2025.01.14 18:29:56,DOWN,-7.1,2,7.6,-10.3,2617,7548
2025.01.14 22:23:09,UP,5.3,2,4.3,-10.1,303,34497
2025.01.15 07:58:07,DOWN,-6.8,2,7.3,-10.1,4981,6499
2025.01.15 09:46:34,UP,5.5,1,10.3,-4.1,1407,1407
2025.01.15 10:16:33,DOWN,-5.3,1,10.3,-1.6,1686,1686
2025.01.15 11:09:16,UP,5.5,2,7.8,-10.1,3732,13170
2025.01.15 14:48:47,DOWN,-5.8,2,2.6,-46.0,54,2475
2025.01.15 15:30:02,UP,42.7,2,2.6,-13.9,0,6
2025.01.15 15:35:49,DOWN,-5.2,2,9.9,-10.6,535,1309
2025.01.15 15:57:39,UP,5.7,2,4.4,-10.8,26,483
2025.01.15 16:06:25,DOWN,-5.2,2,5.1,-10.1,77,1262
2025.01.15 16:27:27,UP,6.4,2,1.1,-10.1,184,439
2025.01.15 16:34:47,DOWN,-7.1,1,10.5,-4.8,1525,1525
2025.01.15 17:00:35,DOWN,-5.0,1,10.3,-0.9,361,361
2025.01.15 17:06:37,DOWN,-5.6,2,2.4,-10.0,116,472
2025.01.15 17:14:30,UP,6.5,2,8.7,-10.4,1153,1916
2025.01.15 17:47:00,DOWN,-5.1,1,10.4,0.0,268,268
2025.01.15 18:01:06,DOWN,-5.1,1,10.5,-6.8,644,644
2025.01.15 18:11:57,DOWN,-5.1,1,11.7,-5.9,1165,1165
2025.01.15 18:31:22,DOWN,-10.8,1,10.5,-3.5,131,131
2025.01.15 18:47:53,UP,5.2,1,10.0,-7.5,2724,2724
2025.01.15 19:33:17,UP,6.1,2,6.9,-10.9,10877,16092
2025.01.16 00:02:21,DOWN,-6.6,2,0.0,-11.1,0,857
2025.01.16 02:48:47,DOWN,-5.0,1,10.1,-6.8,17225,17225
2025.01.16 10:23:31,UP,5.0,2,1.1,-10.5,3755,4705
2025.01.16 11:42:11,DOWN,-5.9,2,3.4,-10.1,209,2619
2025.01.16 14:24:08,DOWN,-5.1,1,10.4,-0.1,438,438
2025.01.16 14:31:27,DOWN,-5.3,2,6.6,-10.8,2868,3518
2025.01.16 15:30:05,UP,14.1,2,2.6,-12.2,0,16
2025.01.16 15:42:14,UP,6.0,2,6.9,-10.1,622,3013
2025.01.16 16:32:28,DOWN,-6.6,2,0.4,-10.0,40,777
2025.01.16 16:48:25,UP,5.2,1,10.0,-8.2,1048,1048
2025.01.16 17:05:54,UP,17.1,2,0.0,-10.6,0,1
2025.01.16 17:12:15,DOWN,-5.1,2,5.5,-10.2,189,1340
2025.01.16 17:34:36,UP,6.2,2,1.1,-10.1,15,125
2025.01.16 17:53:06,DOWN,-5.4,2,0.2,-10.1,3,607
2025.01.16 18:03:22,UP,5.1,2,5.5,-10.2,325,649
2025.01.16 18:14:11,DOWN,-12.5,2,9.1,-10.3,423,1112
2025.01.16 18:32:43,UP,6.1,2,9.6,-10.2,3291,4798
2025.01.16 19:52:51,DOWN,-5.1,2,1.2,-10.2,3078,4797
2025.01.16 23:59:33,DOWN,-5.9,2,4.5,-10.1,115,13475
2025.01.17 09:13:31,DOWN,-5.1,2,6.4,-10.1,1245,4362
2025.01.17 11:03:33,UP,5.1,2,1.8,-10.2,372,2433
2025.01.17 11:54:17,UP,5.2,1,10.0,-0.1,3737,3737
2025.01.17 14:03:06,DOWN,-5.1,1,10.0,-6.6,4910,4910
2025.01.17 15:33:30,UP,5.1,2,5.0,-10.3,716,1926
2025.01.17 16:13:31,DOWN,-6.0,1,10.1,-1.2,413,413
2025.01.17 16:21:47,DOWN,-5.1,2,0.7,-10.2,234,479
2025.01.17 16:29:46,UP,10.5,1,10.3,-0.5,29,29
2025.01.17 16:34:58,UP,5.2,2,1.6,-10.0,7,174
2025.01.17 16:39:58,DOWN,-5.1,2,0.2,-10.1,1,473
2025.01.17 16:47:52,UP,5.2,1,10.6,-2.2,228,228
2025.01.17 16:52:52,UP,11.4,1,10.1,-3.8,649,649
2025.01.17 17:03:42,UP,10.8,1,10.3,-2.6,110,110
2025.01.17 17:08:42,UP,11.8,2,7.1,-10.1,172,612
2025.01.17 17:18:55,DOWN,-10.1,1,10.3,-2.4,1413,1413
2025.01.17 17:42:38,DOWN,-5.1,1,10.0,-9.1,1353,1353
2025.01.17 18:05:17,DOWN,-5.3,2,3.6,-10.7,386,1701
2025.01.17 18:33:38,UP,6.2,2,0.1,-10.0,19,1300
2025.01.17 18:57:17,DOWN,-5.3,1,10.1,-5.2,8984,8984
2025.01.20 00:02:22,UP,5.4,1,10.7,-9.6,7804,7804
2025.01.20 02:12:37,UP,5.2,1,10.2,-9.6,11940,11940
2025.01.20 05:31:49,UP,5.0,1,10.2,-5.0,12159,12159
2025.01.20 08:54:29,UP,6.0,1,10.3,-5.8,13218,13218
2025.01.20 12:34:48,UP,5.1,2,5.0,-13.0,5006,10514
2025.01.20 15:30:04,UP,6.8,1,13.3,0.0,1,1
2025.01.20 15:35:20,DOWN,-5.1,1,10.3,-1.9,79,79
2025.01.20 15:41:03,UP,5.5,2,0.0,-10.6,0,84
2025.01.20 15:46:55,UP,5.1,1,10.1,-0.4,170,170
2025.01.20 15:52:21,DOWN,-5.1,2,4.4,-10.4,52,352
2025.01.20 15:58:14,UP,8.6,2,5.6,-10.1,344,558
2025.01.20 16:07:32,DOWN,-6.4,2,9.0,-10.7,282,556
2025.01.20 16:16:48,UP,8.9,2,4.6,-10.6,1084,1414
2025.01.20 16:40:44,DOWN,-5.5,2,0.0,-11.3,0,2
2025.01.20 16:47:41,DOWN,-5.4,1,10.4,-5.2,601,601
2025.01.20 16:57:42,DOWN,-8.8,2,2.2,-10.4,25,400
2025.01.20 17:04:28,UP,5.2,2,9.6,-10.1,950,1324
2025.01.20 17:26:33,DOWN,-12.3,1,10.2,-1.8,92,92
2025.01.20 17:33:01,UP,5.2,2,1.0,-10.3,82,228
2025.01.20 17:38:01,DOWN,-6.9,1,10.1,-2.7,405,405
2025.01.20 17:44:47,DOWN,-9.5,2,4.6,-10.0,65,542
2025.01.20 17:53:49,UP,8.1,2,6.6,-10.1,577,4303
2025.01.20 19:09:51,DOWN,-5.2,1,10.0,-1.7,350,350
2025.01.20 19:18:07,UP,5.1,2,3.1,-10.5,317,409
2025.01.20 19:24:56,DOWN,-7.4,1,10.1,-1.8,5,5
2025.01.20 19:30:32,UP,5.3,1,10.2,-1.1,261,261
2025.01.20 19:35:32,DOWN,-5.0,2,2.1,-10.1,111,234
2025.01.20 19:41:15,DOWN,-6.1,2,7.6,-11.1,975,7183
2025.01.20 21:40:58,UP,6.2,1,10.5,-3.3,473,473
2025.01.20 21:48:52,UP,10.8,1,10.5,-0.1,295,295
2025.01.20 21:53:52,UP,7.9,1,11.1,-9.0,1151,1151
2025.01.20 22:13:04,UP,5.7,2,0.8,-10.0,10,190
2025.01.20 22:18:06,DOWN,-8.0,1,10.3,-3.4,4620,4620
2025.01.21 00:01:29,DOWN,-10.3,2,3.1,-10.4,86,296
2025.01.21 00:07:58,UP,6.5,1,10.0,-5.1,3658,3658
2025.01.21 01:08:57,UP,8.9,2,0.0,-10.2,0,1369
2025.01.21 01:39:05,DOWN,-5.0,2,0.0,-10.1,0,389
2025.01.21 02:03:54,UP,5.2,2,8.3,-10.3,447,2756
2025.01.21 02:49:50,DOWN,-6.4,1,10.7,-0.5,23,23
2025.01.21 02:54:50,DOWN,-43.8,1,10.1,-4.0,90,90
2025.01.21 02:59:50,DOWN,-9.2,2,7.1,-10.1,274,632
2025.01.21 03:10:22,UP,6.8,1,10.3,-4.1,770,770
2025.01.21 03:23:13,UP,7.4,2,3.0,-10.2,38,168
2025.01.21 03:28:13,UP,9.0,2,0.4,-10.0,0,140
2025.01.21 03:33:13,DOWN,-6.0,1,10.1,-2.9,367,367
2025.01.21 03:39:21,DOWN,-9.9,2,4.9,-10.0,475,1453
2025.01.21 04:03:35,UP,8.0,1,10.7,-5.2,2539,2539
2025.01.21 04:58:03,UP,5.4,1,10.5,-3.0,1069,1069
2025.01.21 06:13:21,UP,5.1,2,8.3,-10.0,882,5722
2025.01.21 08:38:27,DOWN,-5.0,2,4.3,-10.0,1348,3250
2025.01.21 09:33:21,UP,5.2,2,3.7,-10.3,22,1604
2025.01.21 10:02:58,DOWN,-5.1,1,10.3,-4.0,2067,2067
2025.01.21 10:37:26,DOWN,-6.0,1,10.4,-6.6,3756,3756
2025.01.21 11:40:09,DOWN,-5.8,2,1.3,-10.1,14,792
2025.01.21 12:00:13,DOWN,-5.2,2,5.3,-10.3,762,2157
2025.01.21 12:44:11,DOWN,-5.3,2,9.2,-10.1,2907,9144
2025.01.21 15:32:58,UP,5.1,1,10.5,-1.4,1622,1622
2025.01.21 16:11:59,UP,5.6,1,10.3,-0.4,694,694
2025.01.21 16:23:36,UP,5.2,2,8.4,-10.9,1007,1712
2025.01.21 16:52:09,DOWN,-6.2,2,0.0,-10.5,0,545
2025.01.21 17:01:30,UP,5.1,2,0.0,-10.1,0,227
2025.01.21 17:06:31,DOWN,-5.3,2,1.1,-10.3,11,657
2025.01.21 17:22:27,UP,5.2,1,10.1,-2.3,1039,1039
2025.01.21 17:39:47,UP,5.2,2,3.3,-10.3,198,939
2025.01.21 18:12:00,DOWN,-5.1,2,1.8,-10.2,318,956
2025.01.21 18:27:57,UP,7.1,1,10.2,0.0,852,852
2025.01.21 18:42:10,UP,5.6,1,10.2,-7.8,6782,6782
2025.01.21 23:09:18,UP,5.2,2,8.1,-10.6,5619,6922
2025.01.22 01:04:40,DOWN,-12.1,1,10.7,-3.4,20,20
2025.01.22 01:09:59,DOWN,-5.3,2,6.1,-10.3,364,1022
2025.01.22 01:47:04,UP,5.2,1,10.1,-6.9,1997,1997
2025.01.22 02:20:24,UP,5.3,2,2.5,-10.7,2356,5220
2025.01.22 04:14:14,UP,5.1,2,8.6,-10.1,8465,16152
2025.01.22 08:43:27,DOWN,-5.7,2,2.7,-10.1,620,1538
2025.01.22 09:09:05,UP,6.7,1,10.1,-4.7,5484,5484
2025.01.22 11:27:54,UP,5.3,1,10.1,-6.5,1804,1804
2025.01.22 11:57:59,UP,5.6,1,10.3,-2.8,1778,1778
2025.01.22 13:09:00,UP,5.2,2,1.0,-10.1,422,1440
2025.01.22 14:26:05,DOWN,-5.1,2,3.5,-10.4,247,2685
2025.01.22 15:37:18,DOWN,-5.3,1,10.4,-0.8,176,176
2025.01.22 15:42:19,DOWN,-5.3,2,1.2,-10.0,1,787
2025.01.22 16:03:52,DOWN,-5.0,1,10.1,-0.9,1629,1629
2025.01.22 16:31:52,DOWN,-5.1,2,1.5,-10.2,9,975
2025.01.22 16:48:08,UP,7.4,2,2.9,-10.1,339,1259
2025.01.22 17:09:20,DOWN,-5.1,1,10.1,-8.0,24639,24639
2025.01.23 00:03:35,UP,5.1,2,5.4,-10.1,11406,14487
2025.01.23 09:10:49,DOWN,-5.1,2,6.0,-10.8,15,7730
2025.01.23 13:48:51,DOWN,-5.0,1,10.3,-0.9,1409,1409
2025.01.23 14:52:36,UP,5.1,1,10.3,-7.1,2493,2493
2025.01.23 15:34:10,UP,9.4,2,0.4,-10.1,45,925
2025.01.23 17:03:38,DOWN,-5.6,1,10.3,-0.5,1131,1131
2025.01.23 17:22:31,DOWN,-5.5,1,11.5,-7.4,2949,2949
2025.01.23 18:11:40,DOWN,-16.3,2,8.0,-10.9,38,134
2025.01.23 18:16:41,UP,8.5,1,10.0,-9.7,1652,1652
2025.01.23 18:44:14,UP,9.3,1,10.1,0.0,52,52
2025.01.23 18:51:18,DOWN,-5.5,2,4.6,-10.6,18,2942
2025.01.23 22:31:55,DOWN,-5.0,1,10.2,-5.3,5258,5258
2025.01.23 23:59:33,DOWN,-5.1,2,0.0,-10.1,0,9281
2025.01.24 04:13:18,UP,5.4,1,10.3,0.0,121,121
2025.01.24 04:18:19,UP,5.4,1,10.6,-6.5,1442,1442
2025.01.24 04:42:21,UP,6.5,2,7.3,-10.0,1348,2525
2025.01.24 05:36:28,UP,5.1,1,10.2,-3.4,9370,9370
2025.01.24 08:38:07,UP,5.1,2,7.0,-10.4,9,1645
2025.01.24 09:17:29,UP,5.3,1,10.0,-5.5,2319,2319
2025.01.24 10:08:30,UP,5.2,1,11.2,-1.6,300,300
2025.01.24 10:13:30,UP,12.8,2,5.5,-10.1,94,596
2025.01.24 10:27:32,UP,5.3,1,11.2,-2.2,148,148
2025.01.24 10:32:32,UP,11.5,1,10.4,-4.7,1751,1751
2025.01.24 11:01:43,UP,6.0,1,11.3,-8.2,1157,1157
2025.01.24 11:21:01,UP,7.5,2,4.4,-10.1,207,973
2025.01.24 11:38:10,DOWN,-5.2,1,10.2,-2.6,2716,2716
2025.01.24 12:23:42,DOWN,-5.1,1,10.1,-9.2,8589,8589
2025.01.24 14:46:53,DOWN,-5.6,1,10.1,-3.5,2526,2526
2025.01.24 16:09:35,UP,5.1,1,15.4,-2.6,2125,2125
2025.01.24 16:45:00,UP,11.1,1,10.4,-5.7,1118,1118
2025.01.24 17:03:38,UP,7.0,1,10.4,-3.4,324,324
2025.01.24 17:09:03,UP,10.6,2,3.0,-10.1,36,411
2025.01.24 17:22:51,UP,5.3,1,10.1,-3.8,1720,1720
2025.01.24 17:51:38,UP,5.2,2,3.8,-10.2,28,3710
2025.01.24 18:53:32,DOWN,-5.1,2,1.4,-10.1,22,763
2025.01.24 19:29:08,DOWN,-5.1,1,10.2,-5.3,3127,3127
2025.01.24 23:57:31,DOWN,-5.1,1,15.6,-3.8,173017,173017
2025.01.27 00:01:09,DOWN,-17.6,2,0.0,-18.0,0,20
2025.01.27 01:01:11,DOWN,-5.8,1,10.6,-5.4,3258,3258
2025.01.27 03:38:37,DOWN,-5.1,2,5.6,-10.0,3196,5823
2025.01.27 05:16:45,UP,5.3,2,0.6,-10.1,7,1190
2025.01.27 05:54:10,UP,5.0,2,0.3,-10.3,79,4478
2025.01.27 09:09:45,DOWN,-5.2,2,1.4,-10.2,10,1456
2025.01.27 09:57:52,DOWN,-5.7,2,4.8,-10.1,186,937
2025.01.27 10:13:38,UP,5.1,1,10.3,-1.6,1959,1959
2025.01.27 11:04:30,DOWN,-5.6,2,2.1,-10.0,217,446
2025.01.27 11:11:56,UP,8.1,2,1.4,-10.1,278,528
2025.01.27 11:20:57,DOWN,-5.2,2,4.1,-10.1,849,2177
2025.01.27 12:02:41,UP,5.1,1,10.0,-1.9,2418,2418
2025.01.27 12:44:25,UP,5.0,1,10.2,-2.8,1751,1751
2025.01.27 13:13:45,UP,5.3,1,10.1,-8.3,6044,6044
2025.01.27 14:54:30,UP,13.0,2,6.2,-10.1,815,1579
2025.01.27 15:22:44,DOWN,-5.5,2,2.8,-10.0,274,1206
2025.01.27 15:52:21,UP,5.1,2,0.2,-10.0,14,506
2025.01.27 16:07:56,UP,5.1,2,2.3,-10.1,109,1851
2025.01.27 16:46:05,UP,5.0,2,2.8,-10.0,111,973
2025.01.27 17:02:21,DOWN,-5.4,1,10.3,-6.2,5814,5814
2025.01.27 18:39:16,DOWN,-7.7,1,10.0,-4.5,6717,6717
2025.01.28 00:58:30,DOWN,-5.3,1,10.0,-2.3,308,308
2025.01.28 01:03:38,DOWN,-11.0,1,10.1,-4.5,807,807
2025.01.28 01:17:05,DOWN,-6.8,1,10.6,-0.6,298,298
2025.01.28 01:22:35,DOWN,-8.0,1,10.8,-3.2,285,285
2025.01.28 01:27:39,DOWN,-6.7,2,2.0,-10.4,104,179
2025.01.28 01:32:39,DOWN,-5.8,1,10.2,-1.8,151,151
2025.01.28 01:37:39,UP,7.6,1,10.1,-5.8,837,837
2025.01.28 01:51:37,UP,8.7,2,1.5,-10.1,43,473
2025.01.28 01:59:31,DOWN,-5.5,2,4.0,-11.1,25,1177
2025.01.28 02:19:09,UP,6.5,2,0.0,-10.2,0,260
2025.01.28 02:24:13,DOWN,-10.0,2,5.9,-10.6,134,966
2025.01.28 03:03:08,UP,5.3,2,6.0,-10.1,1730,3314
2025.01.28 03:58:23,DOWN,-8.7,1,10.2,-3.4,16,16
2025.01.28 04:03:24,DOWN,-6.6,2,6.3,-10.2,172,14692
2025.01.28 09:31:12,DOWN,-5.1,1,10.1,-2.2,3551,3551
2025.01.28 10:46:48,DOWN,-5.3,2,8.5,-10.0,502,2366
2025.01.28 11:26:41,UP,5.4,2,4.9,-10.0,454,3287
2025.01.28 12:53:34,DOWN,-5.2,1,11.0,-7.5,4456,4456
2025.01.28 14:13:14,UP,5.2,1,10.3,-6.7,7602,7602
2025.01.28 16:32:34,UP,5.1,2,3.7,-10.2,336,4820
2025.01.28 17:53:16,DOWN,-5.2,2,4.9,-10.0,238,9275
2025.01.28 20:37:56,DOWN,-5.3,2,9.3,-10.1,2227,34581
2025.01.29 09:24:06,DOWN,-5.3,1,10.9,0.0,1422,1422
2025.01.29 10:06:13,UP,5.0,2,7.6,-10.9,2125,3533
2025.01.29 11:05:56,DOWN,-5.1,1,10.3,-9.1,3732,3732
2025.01.29 12:08:09,DOWN,-5.3,1,11.0,-9.2,10999,10999
2025.01.29 15:11:29,DOWN,-7.2,2,6.8,-10.0,857,4399
2025.01.29 16:59:29,UP,5.3,1,10.3,-6.4,1191,1191
2025.01.29 17:19:20,UP,5.7,1,10.0,-5.8,1462,1462
2025.01.29 17:43:44,UP,6.3,2,7.0,-10.2,5930,11789
2025.01.29 21:00:13,DOWN,-6.0,1,10.1,-1.6,16,16
2025.01.29 21:05:36,DOWN,-5.1,2,9.8,-11.6,1851,1946
2025.01.29 21:38:03,UP,5.9,1,10.7,-2.2,127,127
2025.01.29 21:44:05,UP,5.1,2,10.0,-10.3,476,1758
2025.01.29 22:13:23,DOWN,-8.7,2,5.6,-10.4,1,64
2025.01.29 22:18:28,DOWN,-5.3,2,2.7,-10.2,25,350
2025.01.29 22:24:19,UP,8.6,2,0.4,-10.2,3,350
2025.01.30 09:43:17,UP,5.1,2,9.2,-10.3,1004,4822
2025.01.30 11:03:40,DOWN,-12.2,1,10.3,-3.9,6438,6438
2025.01.30 12:50:58,DOWN,-6.1,2,8.0,-10.1,4208,8667
2025.01.30 15:20:43,UP,5.1,1,10.0,-1.3,422,422
2025.01.30 15:27:48,UP,6.4,2,0.8,-10.7,7,134
2025.01.30 15:32:48,DOWN,-6.9,2,2.5,-10.1,192,588
2025.01.30 15:42:37,UP,5.3,1,10.1,-3.3,629,629
2025.01.30 15:53:06,UP,5.8,1,10.9,-2.9,260,260
2025.01.30 15:58:06,UP,22.4,1,11.7,-1.0,65,65
2025.01.30 16:03:07,DOWN,-5.5,1,10.9,0.0,147,147
2025.01.30 16:08:07,DOWN,-9.9,1,10.1,-5.4,1522,1522
2025.01.30 16:33:30,DOWN,-7.3,2,7.0,-10.0,816,1705
2025.01.30 17:01:56,UP,8.3,2,5.9,-10.2,2377,4077
2025.01.30 18:49:48,DOWN,-5.0,2,7.4,-10.1,1683,9817
2025.01.30 22:36:47,DOWN,-12.1,1,11.1,-4.1,91,91
2025.01.30 22:43:41,DOWN,-5.3,2,2.5,-11.1,48,152
2025.01.30 22:48:41,UP,21.0,2,4.4,-10.2,903,1185
2025.01.30 23:08:26,DOWN,-10.8,1,10.7,0.0,47,47
2025.01.30 23:13:40,UP,5.4,2,3.6,-13.4,508,2826
2025.01.31 00:00:50,DOWN,-5.7,2,0.0,-10.6,0,38
2025.01.31 03:27:23,DOWN,-7.2,2,4.5,-10.1,4,425
2025.01.31 09:22:39,UP,5.3,2,9.9,-10.0,893,3531
2025.01.31 10:52:00,DOWN,-5.1,1,10.1,-4.7,581,581
2025.01.31 11:01:42,DOWN,-12.3,2,6.7,-10.3,98,3210
2025.01.31 12:03:18,DOWN,-5.1,2,6.4,-10.1,6761,10939
2025.01.31 15:08:49,UP,5.1,2,3.8,-10.1,384,1584
2025.01.31 15:41:12,DOWN,-5.1,1,10.0,-4.9,1881,1881
2025.01.31 16:12:33,DOWN,-7.0,2,8.8,-10.3,3135,5095
2025.01.31 17:46:31,UP,5.0,1,10.1,-3.7,535,535
2025.01.31 17:55:26,UP,5.8,1,10.4,-7.5,2600,2600
2025.01.31 18:38:46,UP,5.5,2,3.2,-10.6,152,1793
2025.01.31 19:08:39,DOWN,-5.8,2,3.6,-10.6,2,21
2025.01.31 19:13:39,UP,5.7,2,3.2,-10.2,9,220
2025.01.31 19:18:39,DOWN,-8.6,2,0.1,-10.4,1,196
2025.01.31 19:27:19,UP,5.4,2,0.3,-10.0,9,379
2025.01.31 19:33:39,DOWN,-8.7,1,10.9,-4.5,2757,2757
2025.01.31 20:19:37,DOWN,-9.5,1,13.4,-1.2,20,20
2025.01.31 20:25:07,DOWN,-5.0,1,10.3,-1.2,209,209
2025.01.31 20:30:55,DOWN,-5.1,1,10.4,-2.8,145,145
2025.01.31 20:35:55,UP,5.8,1,10.2,-9.3,348,348
2025.01.31 20:41:44,UP,11.3,2,3.2,-10.7,44,710
2025.01.31 20:53:35,DOWN,-10.7,2,9.2,-10.8,7271,7956
2025.01.31 23:06:12,UP,5.1,2,4.1,-10.2,51,56
2025.01.31 23:11:12,DOWN,-9.0,2,7.1,-10.3,149,1009
2025.01.31 23:28:02,UP,5.2,2,2.1,-10.2,61,843
2025.01.31 23:59:59,UP,5.5,2,0.0,-113.1,0,172865
2025.02.03 00:01:04,DOWN,-111.0,1,11.0,-0.4,12,12
2025.02.03 00:06:26,UP,5.4,1,10.1,-1.0,405,405
2025.02.03 00:13:11,UP,8.7,2,2.8,-10.1,2005,2838
2025.02.03 01:00:29,DOWN,-7.3,2,8.5,-10.5,28,271
2025.02.03 01:05:31,UP,5.3,1,10.0,-1.6,99,99
2025.02.03 01:11:01,DOWN,-5.2,1,10.2,-3.9,234,234
2025.02.03 01:18:02,DOWN,-5.1,2,0.0,-10.1,0,132
2025.02.03 01:23:02,DOWN,-6.2,2,9.3,-10.0,181,1420
2025.02.03 01:46:44,UP,6.7,2,3.5,-11.0,26,815
2025.02.03 02:02:25,UP,5.1,1,10.2,0.0,135,135
2025.02.03 02:09:07,UP,5.2,2,2.2,-10.6,103,354
2025.02.03 02:16:00,DOWN,-5.0,1,10.1,-0.9,305,305
2025.02.03 02:21:06,DOWN,-6.2,1,10.0,-0.3,14,14
2025.02.03 02:26:06,UP,6.1,1,10.2,-2.8,226,226
2025.02.03 02:32:39,UP,6.5,2,0.7,-10.5,2,91
2025.02.03 02:38:29,DOWN,-5.1,2,9.5,-10.0,1000,2344
2025.02.03 03:18:19,UP,6.7,1,10.1,-3.8,609,609
2025.02.03 03:28:28,UP,9.5,2,0.6,-10.0,213,825
2025.02.03 03:49:53,DOWN,-5.1,1,10.0,-2.8,797,797
2025.02.03 04:03:11,DOWN,-6.6,1,10.2,-3.7,2941,2941
2025.02.03 04:52:12,DOWN,-5.4,2,9.1,-10.3,2855,4142
2025.02.03 06:01:15,UP,9.8,1,10.1,-9.8,6645,6645
2025.02.03 08:03:19,UP,6.0,2,5.4,-10.3,2391,4119
2025.02.03 09:11:59,DOWN,-8.1,1,10.4,-8.8,1761,1761
2025.02.03 09:41:20,DOWN,-5.3,2,1.1,-10.0,42,274
2025.02.03 09:46:20,UP,5.2,2,7.5,-10.1,184,602
2025.02.03 09:56:34,DOWN,-5.3,2,9.0,-10.0,709,1419
2025.02.03 10:22:52,UP,5.4,1,10.3,-0.3,462,462
2025.02.03 10:32:15,UP,5.3,2,3.0,-10.1,160,605
2025.02.03 10:52:34,DOWN,-5.1,2,1.9,-10.3,136,2271
2025.02.03 11:41:10,DOWN,-5.1,1,11.3,-0.2,274,274
2025.02.03 11:46:10,DOWN,-5.1,1,10.1,-0.5,647,647
2025.02.03 12:08:12,UP,5.3,1,10.2,-6.0,3659,3659
2025.02.03 13:09:12,UP,5.6,2,1.1,-10.1,256,1265
2025.02.03 14:22:30,UP,5.1,1,10.1,-2.6,317,317
2025.02.03 14:27:48,UP,9.0,2,5.8,-10.1,417,1538
2025.02.03 14:53:27,DOWN,-5.7,2,8.5,-10.4,311,650
2025.02.03 15:04:17,UP,14.6,1,10.7,0.0,57,57
2025.02.03 15:10:14,DOWN,-5.0,2,0.3,-10.3,3,326
2025.02.03 15:42:34,DOWN,-5.1,1,10.0,-5.1,4027,4027
2025.02.03 16:49:42,DOWN,-8.3,2,9.2,-10.0,948,1924
2025.02.03 17:21:51,UP,6.3,1,10.9,0.0,6,6
2025.02.03 17:26:51,DOWN,-13.4,2,7.4,-10.1,99,258
2025.02.03 17:31:51,UP,13.6,2,0.0,-10.2,0,30
2025.02.03 17:36:51,UP,7.1,2,1.8,-10.0,17,70
2025.02.03 17:41:59,UP,5.0,1,10.9,-1.0,36,36
2025.02.03 17:47:00,DOWN,-10.4,1,12.4,-7.8,966,966
2025.02.03 18:03:06,DOWN,-10.6,1,11.1,-4.3,4,4
2025.02.03 18:08:06,DOWN,-9.2,2,0.3,-11.4,1,97
2025.02.03 18:13:06,UP,7.0,2,8.7,-11.1,362,978
2025.02.03 18:29:24,DOWN,-15.8,2,0.0,-10.1,0,355
2025.02.03 18:49:23,DOWN,-6.3,1,10.1,-3.2,426,426
2025.02.03 18:56:30,DOWN,-9.1,2,5.1,-10.2,6,23
2025.02.03 19:01:30,UP,6.1,2,0.9,-10.5,2,66
2025.02.03 19:12:52,UP,5.3,2,0.4,-10.4,9,489
2025.02.03 19:55:06,DOWN,-8.2,2,8.3,-10.1,22,65
2025.02.03 20:01:02,DOWN,-5.1,2,5.7,-10.7,90,207
2025.02.03 20:09:21,DOWN,-5.3,2,1.2,-10.7,3,184
2025.02.03 20:14:21,UP,7.4,2,2.2,-10.3,371,1695
2025.02.03 21:04:44,UP,5.1,1,10.4,-1.3,959,959
2025.02.03 21:59:00,DOWN,-5.2,2,1.3,-10.4,71,1118
2025.02.03 23:19:48,UP,5.0,1,10.2,-0.4,24,24
2025.02.03 23:36:06,UP,6.2,1,10.9,0.0,9,9
2025.02.03 23:41:37,UP,5.9,2,8.3,-22.1,287,1213
2025.02.04 00:02:05,DOWN,-7.2,2,8.5,-10.9,177,4028
2025.02.04 01:09:13,UP,8.0,2,0.2,-10.1,160,692
2025.02.04 03:12:52,DOWN,-5.2,2,2.2,-10.0,634,2395
2025.02.04 07:01:59,DOWN,-5.4,1,10.7,-3.7,251,251
2025.02.04 07:06:59,DOWN,-11.2,1,10.3,-0.5,270,270
2025.02.04 07:11:59,DOWN,-9.8,2,0.0,-10.2,0,315
2025.02.04 07:23:59,DOWN,-5.1,2,0.0,-10.1,0,307
2025.02.04 07:29:06,UP,6.0,1,10.1,-1.1,1276,1276
2025.02.04 08:52:16,UP,5.2,1,10.2,-1.8,2830,2830
2025.02.04 09:53:30,DOWN,-5.1,2,2.3,-10.2,795,1309
2025.02.04 10:22:01,UP,5.1,1,10.4,-4.0,2303,2303
2025.02.04 11:41:24,DOWN,-5.0,1,10.3,-3.3,3020,3020
2025.02.04 12:33:04,DOWN,-5.1,1,10.1,-4.8,5283,5283
2025.02.04 15:03:30,UP,5.1,1,10.0,-0.6,3380,3380
2025.02.04 16:00:43,UP,5.0,1,10.1,-3.4,815,815
2025.02.04 16:17:20,UP,5.4,2,0.6,-10.1,111,427
2025.02.04 16:24:28,DOWN,-7.4,2,5.1,-10.1,802,1632
2025.02.04 16:52:04,UP,5.4,1,11.7,-4.3,484,484
2025.02.04 17:00:08,UP,13.5,2,5.2,-10.2,7,583
2025.02.04 17:09:51,DOWN,-7.5,2,3.6,-10.1,63,509
2025.02.04 17:18:20,UP,13.3,1,11.7,-3.3,1097,1097
2025.02.04 17:36:38,UP,8.6,2,2.4,-10.2,1078,3006
2025.02.04 18:37:37,UP,5.1,2,6.9,-10.7,579,2331
2025.02.04 19:31:48,DOWN,-5.1,2,1.6,-10.1,15,1458
2025.02.04 20:42:59,UP,5.4,2,2.3,-11.3,8384,11873
2025.02.05 00:02:23,DOWN,-5.4,2,3.2,-10.1,55,11023
2025.02.05 03:21:32,UP,5.2,2,3.0,-10.2,397,2081
2025.02.05 04:13:17,UP,5.0,1,10.2,-9.7,15077,15077
2025.02.05 08:24:37,UP,5.8,2,0.8,-10.4,309,2208
2025.02.05 09:19:40,UP,5.6,1,11.0,-0.7,412,412
2025.02.05 09:26:32,UP,10.9,2,2.8,-10.6,319,3175
2025.02.05 10:19:27,DOWN,-6.4,2,5.7,-10.3,1069,1655
2025.02.05 11:03:13,UP,6.1,1,10.7,-8.2,5316,5316
2025.02.05 12:33:59,UP,5.3,2,7.3,-10.3,971,3695
2025.02.05 15:15:01,DOWN,-5.2,1,10.4,-4.3,2020,2020
2025.02.05 15:58:20,UP,5.0,1,10.1,-1.7,639,639
2025.02.05 16:09:00,UP,11.7,1,15.2,-5.4,3060,3060
2025.02.05 17:00:00,UP,14.2,2,7.7,-10.1,25,351
2025.02.05 17:06:03,DOWN,-5.1,1,10.4,-7.2,4222,4222
2025.02.05 18:24:17,UP,5.4,2,4.8,-10.1,670,10931
2025.02.06 09:33:25,DOWN,-5.0,1,10.9,-3.4,2202,2202
2025.02.06 10:28:57,DOWN,-5.1,1,10.1,-2.3,13309,13309
2025.02.06 14:10:49,DOWN,-5.2,2,2.8,-10.1,1560,4781
2025.02.06 15:30:30,UP,8.4,1,10.6,-9.9,6573,6573
2025.02.06 17:29:59,DOWN,-5.1,2,5.4,-10.2,593,6359
2025.02.06 19:33:49,DOWN,-5.1,2,0.3,-10.1,106,1944
2025.02.06 20:09:54,DOWN,-7.2,2,0.9,-10.3,0,56
2025.02.06 20:15:32,UP,5.4,1,10.2,-5.0,1788,1788
2025.02.06 20:54:04,DOWN,-5.0,1,10.1,-2.5,21263,21263
2025.02.07 14:04:32,DOWN,-5.1,2,8.9,-20.7,1786,5129
2025.02.07 15:30:01,UP,27.1,1,10.2,-7.1,5,5
2025.02.07 15:36:02,DOWN,-5.1,2,2.2,-10.3,16,124
2025.02.07 15:41:02,DOWN,-6.6,1,10.1,-4.5,645,645
2025.02.07 15:57:50,UP,5.4,1,10.0,-1.9,785,785
2025.02.07 16:10:56,UP,5.2,1,10.0,-4.7,1104,1104
2025.02.07 16:29:21,UP,8.3,2,7.0,-10.5,1601,3322
2025.02.07 17:24:43,DOWN,-6.6,2,0.9,-10.1,323,1337
2025.02.07 17:48:29,UP,5.1,2,3.9,-11.7,117,290
2025.02.07 17:53:29,DOWN,-23.8,1,11.2,-0.8,5,5
2025.02.07 17:59:02,UP,5.6,2,5.1,-10.2,47,170
2025.02.07 18:04:02,DOWN,-14.4,1,10.2,-0.9,74,74
2025.02.07 18:09:02,UP,6.8,2,2.3,-10.2,202,346
2025.02.07 18:14:49,DOWN,-9.7,2,3.4,-10.9,75,291
2025.02.07 18:19:49,UP,16.2,2,2.8,-10.8,1,7
2025.02.07 18:26:26,DOWN,-5.1,1,10.2,-2.7,836,836
2025.02.07 18:42:15,DOWN,-6.3,2,1.8,-10.4,964,971
2025.02.07 18:58:27,UP,5.2,2,0.0,-10.2,0,302
2025.02.07 19:03:30,DOWN,-5.3,2,0.4,-11.4,1,149
2025.02.07 19:08:30,UP,34.8,2,0.0,-10.2,0,17
2025.02.07 19:13:52,DOWN,-5.3,1,10.4,-2.3,120,120
2025.02.07 19:18:52,DOWN,-26.8,2,5.1,-11.1,41,178
2025.02.07 19:23:52,UP,10.9,2,3.2,-10.2,35,452
2025.02.07 19:34:50,UP,5.1,2,1.0,-10.1,7,701
2025.02.07 19:46:37,DOWN,-5.1,2,0.6,-10.0,2,880
2025.02.07 20:09:51,UP,5.1,2,7.6,-34.0,7327,186657
2025.02.10 00:00:49,DOWN,-31.1,1,13.6,-0.7,30,30
2025.02.10 00:06:06,UP,6.4,1,10.4,-9.0,2219,2219
2025.02.10 00:46:18,DOWN,-5.1,2,7.2,-10.2,791,1048
2025.02.10 01:03:47,UP,16.0,1,10.1,-1.5,3554,3554
2025.02.10 02:03:01,UP,5.8,2,2.9,-10.1,1033,5240
2025.02.10 09:19:07,DOWN,-5.2,2,8.2,-10.1,3545,6242
2025.02.10 11:03:58,UP,5.3,2,9.0,-10.1,7295,10946
2025.02.10 14:08:06,DOWN,-5.1,2,5.5,-10.2,358,4332
2025.02.10 15:54:40,UP,5.0,2,0.9,-10.8,72,1136
2025.02.10 16:18:55,DOWN,-5.2,2,5.1,-10.0,554,4818
2025.02.10 18:34:55,DOWN,-5.0,1,10.2,-7.6,35968,35968
2025.02.11 10:40:59,UP,5.2,1,10.2,-2.1,5818,5818
2025.02.11 16:49:10,UP,5.2,1,10.0,-7.3,4659,4659
2025.02.11 18:08:26,UP,5.1,1,10.1,-5.8,12681,12681
2025.02.11 21:39:48,UP,9.1,1,11.2,-0.3,16,16
2025.02.11 21:48:11,DOWN,-5.1,2,4.4,-10.8,19142,43389
2025.02.12 09:51:31,UP,5.2,1,11.2,-6.5,12505,12505
2025.02.12 13:19:57,UP,5.9,2,2.7,-10.1,345,3209
2025.02.12 15:17:47,DOWN,-5.3,1,35.9,-4.9,735,735
2025.02.12 15:30:02,DOWN,-40.8,2,3.2,-10.8,0,7
2025.02.12 15:36:06,DOWN,-5.1,2,2.3,-10.2,296,545
2025.02.12 15:45:42,UP,5.1,1,10.2,-8.4,1819,1819
2025.02.12 16:16:11,UP,6.6,1,11.8,-8.3,4086,4086
2025.02.12 17:24:17,UP,18.2,1,10.4,-0.4,11,11
2025.02.12 17:34:45,UP,5.1,1,10.3,-3.1,224,224
2025.02.12 17:39:45,UP,11.1,2,7.5,-10.2,10,1546
2025.02.12 18:08:50,DOWN,-5.1,1,10.1,-0.8,495,495
2025.02.12 18:17:07,DOWN,-5.6,2,1.8,-10.1,62,930
2025.02.12 18:53:58,UP,5.6,1,11.1,-2.9,153,153
2025.02.12 18:58:58,UP,10.5,1,10.2,-2.4,221,221
2025.02.12 19:03:59,UP,9.2,1,10.7,-1.5,590,590
2025.02.12 19:13:49,UP,7.2,1,10.4,-3.1,461,461
2025.02.12 19:21:31,UP,6.6,2,2.6,-10.0,511,894
2025.02.12 19:47:34,UP,5.8,1,10.2,-0.4,285,285
2025.02.12 19:52:34,UP,5.1,2,7.9,-10.9,505,2107
2025.02.12 20:27:42,DOWN,-5.8,1,10.0,-3.5,451,451
2025.02.12 20:39:56,DOWN,-5.7,1,10.2,-4.6,1580,1580
2025.02.12 23:00:34,DOWN,-7.1,2,7.7,-10.0,3606,10963
2025.02.13 02:27:22,UP,5.4,1,10.1,-9.8,7938,7938
2025.02.13 06:03:48,UP,5.1,1,10.1,-0.3,2080,2080
2025.02.13 06:39:22,UP,5.1,2,5.5,-10.1,5862,11575
2025.02.13 09:52:17,DOWN,-6.1,1,10.4,-1.9,2685,2685
2025.02.13 11:44:44,UP,5.1,2,9.7,-10.1,1948,7311
2025.02.13 13:46:36,DOWN,-10.0,1,10.5,-3.1,94,94
2025.02.13 13:51:36,DOWN,-7.2,2,0.5,-10.0,0,423
2025.02.13 14:01:33,DOWN,-5.1,1,10.3,-1.7,805,805
2025.02.13 14:20:36,UP,5.3,2,8.4,-10.1,1768,4175
2025.02.13 15:30:52,DOWN,-5.2,2,2.9,-10.1,3,139
2025.02.13 15:37:51,UP,5.6,2,5.4,-11.9,74,744
2025.02.13 15:50:15,DOWN,-7.1,2,7.4,-10.3,1145,3608
2025.02.13 17:02:44,UP,5.8,1,10.1,-2.7,497,497
2025.02.13 17:11:02,UP,6.0,1,10.6,-1.7,203,203
2025.02.13 17:16:02,UP,7.4,1,10.4,-9.7,3244,3244
2025.02.13 18:11:02,DOWN,-5.1,2,0.0,-10.1,0,689
2025.02.13 18:31:43,DOWN,-5.1,1,10.1,-1.1,723,723
2025.02.13 19:43:57,DOWN,-5.0,1,10.1,-2.8,1308,1308
2025.02.13 20:19:08,DOWN,-5.9,2,2.1,-10.8,31,1086
2025.02.13 20:40:42,DOWN,-6.2,1,10.6,0.0,9,9
2025.02.13 20:45:59,DOWN,-5.1,2,0.0,-10.1,0,42
2025.02.13 20:51:00,DOWN,-5.1,1,10.6,-2.3,66,66
2025.02.13 20:57:27,UP,5.2,1,10.2,-1.8,393,393
2025.02.13 21:04:01,UP,10.8,1,10.3,0.0,219,219
2025.02.13 21:09:01,UP,11.3,1,10.2,-5.5,1743,1743
2025.02.13 21:42:19,DOWN,-5.5,2,6.3,-10.1,252,1946
2025.02.13 22:14:46,UP,6.1,1,10.1,-0.7,326,326
2025.02.13 22:54:40,UP,5.7,2,2.0,-10.4,5649,20946
2025.02.14 09:08:53,UP,5.1,1,10.1,-4.7,4530,4530
2025.02.14 10:24:45,UP,5.2,2,8.2,-10.7,3994,8112
2025.02.14 12:39:58,DOWN,-6.1,1,10.0,-1.8,5423,5423
2025.02.14 14:32:38,UP,5.1,1,10.1,-7.5,2933,2933
2025.02.14 15:29:50,DOWN,-5.2,2,0.0,-11.0,0,10
2025.02.14 15:34:50,UP,10.0,1,10.0,-8.1,3694,3694
2025.02.14 16:36:56,UP,5.8,2,8.6,-10.0,610,2185
2025.02.14 17:13:22,DOWN,-6.5,2,4.5,-10.1,1004,1599
2025.02.14 18:13:43,DOWN,-5.2,1,10.0,-5.9,16883,16883
2025.02.14 23:54:30,DOWN,-5.0,3,4.1,-2.6,173190,173190
2025.02.17 00:01:17,DOWN,-5.5,2,0.4,-10.1,1053,11929
2025.02.17 09:24:51,DOWN,-5.1,1,10.1,-2.3,2288,2288
2025.02.17 10:03:06,DOWN,-5.0,2,6.5,-10.0,1747,9934
2025.02.17 12:48:41,UP,5.9,2,1.8,-10.2,425,4630
2025.02.17 14:43:11,DOWN,-5.1,2,2.0,-10.0,2678,8107
2025.02.17 17:58:16,UP,5.1,2,6.6,-10.3,29513,33671
2025.02.18 05:34:29,UP,5.6,2,0.0,-10.0,0,1290
2025.02.18 10:11:18,DOWN,-5.1,2,1.9,-10.2,149,800
2025.02.18 10:24:58,UP,5.1,2,1.9,-10.1,747,1817
2025.02.18 11:53:07,UP,5.0,2,3.0,-10.0,719,8769
2025.02.18 14:19:43,DOWN,-5.8,1,10.1,-7.1,5825,5825
2025.02.18 15:56:50,DOWN,-5.1,2,1.2,-10.4,412,1786
2025.02.18 16:27:09,UP,5.1,1,10.1,-9.1,5430,5430
2025.02.18 17:57:59,UP,5.0,2,4.6,-10.0,234,3069
2025.02.18 19:04:06,DOWN,-5.1,1,10.1,-0.5,2599,2599
2025.02.18 19:47:36,DOWN,-5.0,2,5.5,-10.3,1315,17250
2025.02.19 10:33:28,UP,5.1,2,0.2,-10.6,4,1034
2025.02.19 11:01:42,DOWN,-5.1,1,10.1,-8.1,4138,4138
2025.02.19 12:39:49,DOWN,-5.5,2,2.1,-10.2,519,1562
2025.02.19 13:07:15,UP,5.4,2,0.4,-10.8,10,1979
2025.02.19 16:26:41,DOWN,-5.1,2,1.0,-10.3,583,3873
2025.02.19 17:31:15,UP,7.6,2,2.3,-10.1,318,731
2025.02.19 17:48:45,DOWN,-5.1,1,10.2,-2.5,902,902
2025.02.19 18:03:47,DOWN,-8.1,1,10.3,-4.5,1509,1509
2025.02.19 18:33:30,UP,5.1,2,2.8,-10.1,449,1899
2025.02.19 19:09:46,UP,5.0,1,10.1,-2.6,5170,5170
2025.02.19 21:08:08,UP,5.1,1,10.3,-9.5,27793,27793
2025.02.20 04:53:46,UP,5.3,2,0.2,-10.0,48,2045
2025.02.20 09:07:23,UP,5.5,1,10.3,-5.0,3618,3618
2025.02.20 10:07:41,UP,5.3,2,2.0,-10.2,1400,2043
2025.02.20 12:09:54,UP,5.4,2,5.2,-10.4,3745,6007
2025.02.20 14:26:11,DOWN,-5.3,2,1.6,-10.2,290,2941
2025.02.20 15:43:35,DOWN,-5.1,2,5.4,-10.1,1127,2881
2025.02.20 16:47:07,DOWN,-5.0,2,9.2,-10.2,865,2277
2025.02.20 17:25:24,UP,5.2,1,10.0,-2.5,1684,1684
2025.02.20 17:53:30,UP,7.7,2,1.0,-10.3,44,1890
2025.02.20 18:33:09,UP,5.0,1,10.1,-2.8,2270,2270
2025.02.20 19:11:00,UP,5.9,1,10.1,-2.7,2019,2019
2025.02.20 19:44:56,UP,5.2,1,10.3,-9.0,19555,19555
2025.02.21 09:04:27,UP,5.1,2,5.9,-10.2,2475,4233
2025.02.21 10:15:00,DOWN,-9.5,1,10.0,0.0,6,6
2025.02.21 10:29:48,DOWN,-5.1,2,0.0,-10.0,0,12
2025.02.21 10:34:48,UP,7.6,2,8.0,-10.1,483,2711
2025.02.21 11:49:19,DOWN,-5.1,2,9.0,-10.2,8714,15102
2025.02.21 16:02:14,UP,5.0,2,0.0,-10.0,0,2081
2025.02.21 16:36:56,DOWN,-6.1,2,0.0,-11.8,0,484
2025.02.21 16:45:00,UP,7.3,2,6.2,-10.0,47,1185
2025.02.21 17:04:45,DOWN,-5.2,1,10.0,-4.8,620,620
2025.02.21 17:17:04,DOWN,-5.1,1,10.2,-6.7,3946,3946
2025.02.21 18:34:16,UP,5.1,1,10.0,-7.1,5719,5719
2025.02.21 20:12:40,DOWN,-5.1,1,10.2,-2.3,1310,1310
2025.02.21 20:34:30,DOWN,-6.4,2,0.2,-10.2,1,577
2025.02.21 23:58:22,DOWN,-5.2,2,4.4,-14.5,1,172968
2025.02.24 00:01:18,UP,10.0,2,0.0,-10.3,0,10
2025.02.24 00:17:06,DOWN,-5.1,2,0.8,-10.8,146,1643
2025.02.24 00:47:29,UP,5.0,1,10.1,-9.1,5410,5410
2025.02.24 02:17:39,UP,6.3,1,10.0,0.0,624,624
2025.02.24 02:47:41,UP,5.1,1,10.1,0.0,781,781
2025.02.24 03:01:15,UP,5.0,1,10.3,-6.3,2704,2704
2025.02.24 04:58:38,DOWN,-5.2,1,10.0,-3.7,5436,5436
2025.02.24 08:04:34,DOWN,-5.1,1,10.1,-2.9,2533,2533
2025.02.24 08:54:24,UP,5.0,2,7.6,-10.0,668,2550
2025.02.24 09:36:54,DOWN,-9.0,1,10.2,-1.3,504,504
2025.02.24 10:06:06,DOWN,-5.2,1,10.1,-3.2,780,780
2025.02.24 10:19:06,DOWN,-9.3,2,4.2,-10.0,27,947
2025.02.24 10:34:53,UP,5.6,2,1.7,-10.0,1236,3052
2025.02.24 11:25:46,DOWN,-5.1,1,10.2,-8.4,11089,11089
2025.02.24 14:57:05,UP,5.2,2,9.0,-10.2,2480,6637
2025.02.24 16:48:28,DOWN,-5.2,2,1.7,-10.1,48,1124
2025.02.24 17:09:27,UP,5.3,1,10.1,-8.1,6460,6460
2025.02.24 18:57:07,UP,6.0,2,0.8,-10.1,1,602
2025.02.24 19:07:09,DOWN,-6.1,2,0.9,-10.0,1,1637
2025.02.24 19:39:19,UP,5.1,2,0.4,-10.5,0,1086
2025.02.24 19:57:25,DOWN,-5.5,2,2.0,-10.5,160,1358
2025.02.24 21:32:45,UP,5.4,2,0.5,-10.4,4,2812
2025.02.24 22:19:37,DOWN,-6.9,1,10.1,-6.6,6081,6081
2025.02.25 09:03:32,DOWN,-5.0,1,10.3,-3.7,3401,3401
2025.02.25 10:01:17,DOWN,-5.2,2,3.3,-10.4,36,351
2025.02.25 10:08:03,UP,5.1,2,7.2,-10.0,614,1604
2025.02.25 10:34:48,DOWN,-5.8,2,3.0,-10.2,31,1092
2025.02.25 10:53:01,UP,5.1,1,10.1,-6.6,9709,9709
2025.02.25 13:34:50,UP,5.1,1,10.1,-0.3,1520,1520
2025.02.25 14:04:31,UP,5.1,1,10.1,-6.0,5246,5246
2025.02.25 15:31:57,UP,5.6,2,5.3,-10.3,973,1908
2025.02.25 16:03:45,DOWN,-6.0,2,2.2,-10.0,397,1332
2025.02.25 16:36:35,DOWN,-5.2,2,1.4,-10.1,84,2036
2025.02.25 17:11:48,UP,5.1,2,6.4,-10.1,861,2159
2025.02.25 17:48:25,DOWN,-5.0,1,10.2,-5.0,4524,4524
2025.02.25 19:03:49,DOWN,-5.6,2,8.6,-10.1,459,3371
2025.02.25 20:04:49,UP,5.2,1,10.1,-4.4,2301,2301
2025.02.26 03:04:07,DOWN,-5.1,1,10.1,-6.0,5143,5143
2025.02.26 09:36:26,DOWN,-5.2,2,1.6,-10.1,1418,2448
2025.02.26 10:46:21,DOWN,-5.1,1,10.5,-8.2,14395,14395
2025.02.26 14:46:16,DOWN,-5.3,2,8.4,-10.4,679,2247
2025.02.26 15:23:47,UP,5.6,2,0.0,-10.1,0,999
2025.02.26 17:02:12,DOWN,-5.1,2,5.4,-10.2,1296,1577
2025.02.26 17:28:29,UP,13.1,1,10.2,-1.0,1104,1104
2025.02.26 17:46:53,UP,6.7,1,10.1,-2.1,1519,1519
2025.02.26 18:12:16,UP,5.1,2,0.2,-10.3,1,363
2025.02.26 18:18:25,DOWN,-5.4,2,2.7,-10.2,87,2233
2025.02.26 19:14:29,DOWN,-5.3,2,6.5,-10.0,266,902
2025.02.26 19:29:31,UP,9.3,2,6.8,-10.1,43,203
2025.02.26 19:34:31,DOWN,-19.1,1,10.0,-0.2,63,63
2025.02.26 19:39:31,DOWN,-5.2,2,1.8,-10.1,59,178
2025.02.26 19:44:31,UP,5.2,2,1.4,-10.1,5,461
2025.02.26 19:52:13,DOWN,-5.2,2,4.9,-10.2,47,767
2025.02.26 20:13:30,DOWN,-5.4,1,10.2,-5.9,3055,3055
2025.02.26 21:04:41,DOWN,-5.0,2,1.2,-10.0,59,2735
2025.02.27 00:00:35,DOWN,-5.6,2,0.0,-10.1,0,2277
2025.02.27 10:29:49,DOWN,-5.0,2,0.0,-10.0,0,2576
2025.02.27 13:04:43,UP,5.3,2,0.9,-10.0,0,3179
2025.02.27 15:30:00,UP,5.3,2,4.9,-10.1,16,208
2025.02.27 15:36:24,DOWN,-5.1,1,10.1,-0.9,326,326
2025.02.27 15:41:51,DOWN,-6.4,1,10.4,-4.8,275,275
2025.02.27 15:47:29,DOWN,-5.1,1,10.0,-1.0,65,65
2025.02.27 15:52:38,DOWN,-5.1,1,10.1,-0.7,208,208
2025.02.27 15:57:38,DOWN,-9.0,2,8.4,-10.2,59,1174
2025.02.27 16:17:50,UP,5.1,2,2.7,-10.0,107,977
2025.02.27 16:34:07,DOWN,-6.7,1,10.1,-2.1,1114,1114
2025.02.27 16:53:44,DOWN,-5.1,2,5.8,-10.0,988,1841
2025.02.27 17:24:25,UP,13.4,2,1.8,-10.0,34,655
2025.02.27 18:03:02,DOWN,-5.0,1,10.1,-8.2,18105,18105
2025.02.28 03:31:15,DOWN,-5.2,1,10.1,-2.6,2629,2629
2025.02.28 09:45:00,DOWN,-5.0,2,0.0,-10.0,0,604
2025.02.28 09:56:23,UP,5.1,1,10.2,-7.1,18306,18306
2025.02.28 15:04:14,UP,5.1,2,4.5,-10.3,1006,6037
2025.02.28 16:44:51,DOWN,-8.5,2,0.9,-10.1,12,942
2025.02.28 17:04:26,UP,5.2,2,5.2,-10.3,2023,2922
2025.02.28 17:57:23,DOWN,-5.1,2,6.5,-10.1,26,857
2025.02.28 18:18:41,DOWN,-5.4,1,10.2,-9.9,3892,3892
2025.02.28 19:23:33,DOWN,-13.2,2,0.0,-10.1,0,74
2025.02.28 19:32:01,DOWN,-5.1,1,10.3,-4.7,2659,2659
2025.02.28 20:16:21,DOWN,-6.9,1,10.0,-3.7,207,207
2025.02.28 20:21:22,DOWN,-5.1,1,10.1,-0.5,48,48
2025.02.28 20:26:47,UP,5.2,1,10.1,-3.3,796,796
2025.02.28 20:53:52,DOWN,-5.0,1,10.2,-2.9,439,439
2025.02.28 21:49:29,UP,5.2,2,0.8,-10.3,204,2767
2025.02.28 23:14:50,UP,5.1,1,29.0,-2.1,175575,175575
2025.03.03 00:01:05,UP,26.8,1,10.6,-9.7,4069,4069
2025.03.03 01:08:54,UP,11.6,1,10.1,-9.4,7445,7445
2025.03.03 09:08:55,DOWN,-5.0,1,10.4,-8.1,5250,5250
2025.03.03 10:59:48,UP,5.3,1,10.2,-1.2,491,491
2025.03.03 11:54:14,UP,5.2,1,10.1,-0.8,351,351
2025.03.03 12:00:07,UP,5.2,1,10.3,-0.7,956,956
2025.03.03 12:16:03,UP,5.1,1,10.2,-7.5,4636,4636
2025.03.03 13:44:28,UP,5.0,1,10.2,-8.2,1749,1749
2025.03.03 14:13:37,UP,7.4,1,10.1,-8.2,7696,7696
2025.03.03 16:21:56,UP,5.3,1,10.0,-3.3,1644,1644
2025.03.03 16:57:35,DOWN,-5.1,2,4.8,-10.3,146,198
2025.03.03 17:02:35,UP,11.9,2,9.2,-10.1,1668,3228
2025.03.03 18:07:02,UP,5.1,1,10.5,-7.1,9660,9660
2025.03.03 20:48:02,UP,15.5,2,0.0,-10.0,0,8
2025.03.03 21:51:29,DOWN,-5.6,1,10.0,-4.3,47,47
2025.03.03 21:56:36,DOWN,-5.1,2,9.2,-10.1,2442,4703
2025.03.04 01:41:50,DOWN,-5.0,2,8.9,-10.0,156,6769
2025.03.04 04:54:36,DOWN,-5.1,1,10.3,-2.5,7609,7609
2025.03.04 07:01:25,DOWN,-7.1,2,0.0,-10.2,0,163
2025.03.04 08:19:02,UP,5.2,1,10.1,-3.1,3646,3646
2025.03.04 09:22:13,DOWN,-5.2,2,7.9,-10.0,142,1662
2025.03.04 09:57:21,DOWN,-5.1,2,7.8,-10.4,295,1643
2025.03.04 10:24:44,UP,5.7,1,10.0,-0.1,204,204
2025.03.04 10:29:44,UP,8.0,1,10.2,-7.0,4711,4711
2025.03.04 11:48:16,UP,5.0,2,0.9,-10.0,4,131
2025.03.04 11:53:16,DOWN,-5.4,1,10.4,-3.6,686,686
2025.03.04 12:04:42,DOWN,-6.5,2,3.0,-10.0,1373,2139
2025.03.04 12:47:43,UP,5.0,2,0.0,-10.0,0,743
2025.03.04 13:19:50,DOWN,-5.3,2,1.7,-10.2,23,907
2025.03.04 13:51:01,UP,5.2,1,10.0,0.0,37,37
2025.03.04 13:59:02,UP,5.1,1,10.5,-8.4,3311,3311
2025.03.04 14:54:13,UP,8.2,2,4.5,-10.2,1011,1590
2025.03.04 15:21:38,DOWN,-5.1,1,10.0,-1.0,1143,1143
2025.03.04 15:57:47,UP,5.1,2,5.6,-10.3,566,1090
2025.03.04 16:17:07,DOWN,-5.1,1,10.2,-2.0,2555,2555
2025.03.04 17:00:45,DOWN,-5.2,2,1.0,-10.0,16,657
2025.03.04 17:16:52,DOWN,-5.1,1,10.1,-0.9,191,191
2025.03.04 17:21:52,DOWN,-5.7,2,0.4,-10.0,11,203
2025.03.04 17:29:08,UP,5.2,1,10.1,-5.7,1260,1260
2025.03.04 18:07:10,DOWN,-5.1,2,6.9,-10.1,157,789
2025.03.04 18:20:32,UP,5.1,1,10.1,-9.7,5818,5818
2025.03.04 20:05:49,UP,5.3,1,10.2,-3.9,225,225
2025.03.04 20:11:03,UP,5.1,1,10.5,-0.2,132,132
2025.03.04 20:28:40,UP,6.0,1,10.1,-0.7,657,657
2025.03.04 20:39:38,UP,6.0,1,10.1,-4.3,1035,1035
2025.03.04 21:02:01,UP,5.0,1,10.1,-9.1,3538,3538
2025.03.04 22:00:59,UP,5.2,1,10.1,-3.4,992,992
2025.03.04 22:19:10,UP,5.1,2,4.2,-10.0,334,784
2025.03.04 22:32:15,DOWN,-7.1,2,7.0,-10.8,600,3076
2025.03.04 23:23:31,UP,7.3,1,10.1,-5.0,6169,6169
2025.03.05 01:23:44,DOWN,-5.3,1,10.1,-2.9,2501,2501
2025.03.05 02:29:49,UP,5.3,1,10.2,-2.5,1506,1506
2025.03.05 02:54:56,UP,8.5,2,0.5,-10.2,2,481
2025.03.05 03:03:27,DOWN,-5.3,2,0.5,-10.3,154,1235
2025.03.05 03:28:38,DOWN,-5.1,1,10.1,-2.9,2448,2448
2025.03.05 04:09:28,DOWN,-6.6,2,4.7,-10.1,3065,5893
2025.03.05 05:47:42,UP,10.4,1,10.3,-4.0,7417,7417
2025.03.05 07:54:49,UP,5.2,1,10.1,-5.8,3990,3990
2025.03.05 09:01:20,UP,7.9,2,4.0,-10.3,299,890
2025.03.05 09:21:49,UP,5.1,1,10.2,-0.5,279,279
2025.03.05 09:26:49,UP,11.5,1,10.2,-4.4,658,658
2025.03.05 09:38:28,UP,5.3,2,4.0,-10.4,28,472
2025.03.05 09:46:20,DOWN,-9.2,2,2.0,-10.0,39,366
2025.03.05 09:52:27,UP,5.3,1,10.1,-0.8,312,312
2025.03.05 09:57:39,UP,6.6,2,2.9,-10.1,44,332
2025.03.05 10:03:11,DOWN,-10.4,2,5.0,-10.0,154,412
2025.03.05 10:11:02,UP,5.3,1,10.0,-2.7,522,522
2025.03.05 10:19:44,UP,5.1,2,1.2,-10.0,22,853
2025.03.05 10:33:58,DOWN,-10.1,2,4.1,-10.2,248,560
2025.03.05 10:43:18,UP,6.4,1,11.4,-0.8,698,698
2025.03.05 10:54:56,UP,6.4,1,10.2,-4.5,506,506
2025.03.05 11:03:23,UP,9.3,2,7.0,-10.0,41,442
2025.03.05 11:19:28,UP,5.3,1,10.2,-0.6,635,635
2025.03.05 11:31:49,UP,5.1,2,4.4,-10.2,66,830
2025.03.05 11:52:37,UP,5.0,2,5.6,-10.0,242,1057
2025.03.05 12:11:10,DOWN,-5.2,1,10.1,-7.9,921,921
2025.03.05 12:26:31,DOWN,-6.0,1,10.2,-8.9,3455,3455
2025.03.05 13:24:06,DOWN,-9.0,2,3.6,-10.2,39,2307
2025.03.05 14:02:33,UP,11.6,1,10.4,-5.8,1323,1323
2025.03.05 14:24:36,UP,6.4,1,10.0,-3.8,1051,1051
2025.03.05 14:47:28,DOWN,-5.1,1,10.1,-0.4,498,498
2025.03.05 14:58:45,DOWN,-5.3,2,8.6,-10.3,292,992
2025.03.05 15:15:17,UP,13.2,1,10.1,-7.4,998,998
2025.03.05 15:31:55,UP,9.3,2,3.7,-10.2,33,630
2025.03.05 15:42:25,DOWN,-8.1,2,1.1,-10.2,3,372
2025.03.05 15:48:38,UP,9.6,1,10.5,-2.8,995,995
2025.03.05 16:05:15,UP,5.4,1,10.0,0.0,23,23
2025.03.05 16:11:02,UP,5.0,2,3.2,-10.2,23,334
2025.03.05 16:16:37,DOWN,-8.7,2,5.7,-10.1,29,569
2025.03.05 16:27:09,UP,5.0,1,10.4,0.0,135,135
2025.03.05 16:32:25,UP,5.1,1,10.0,-2.8,471,471
2025.03.05 16:40:17,UP,5.8,1,10.3,-1.7,67,67
2025.03.05 16:47:09,UP,5.4,2,4.6,-10.5,313,799
2025.03.05 17:00:28,DOWN,-11.6,2,6.2,-10.1,119,420
2025.03.05 17:07:28,UP,9.5,2,1.3,-10.0,1,188
2025.03.05 17:12:28,DOWN,-12.7,2,6.8,-10.3,810,1210
2025.03.05 17:32:38,UP,5.0,2,0.4,-10.1,0,68
2025.03.05 17:37:38,UP,8.3,1,10.2,-5.6,854,854
2025.03.05 17:51:52,UP,12.5,2,0.9,-10.0,1,148
2025.03.05 17:58:25,UP,5.1,1,10.1,-2.7,381,381
2025.03.05 18:04:46,UP,9.3,1,10.1,-1.2,291,291
2025.03.05 18:09:46,UP,7.7,2,2.9,-10.0,22,172
2025.03.05 18:14:47,DOWN,-6.5,1,10.1,-2.8,1035,1035
2025.03.05 18:33:06,DOWN,-5.3,2,2.7,-11.7,97,1483
2025.03.05 18:57:49,UP,5.6,2,6.6,-10.5,1,5
2025.03.05 19:03:10,UP,5.2,1,10.5,-3.0,478,478
2025.03.05 19:11:08,UP,5.4,2,2.3,-10.0,189,496
2025.03.05 19:19:25,DOWN,-8.5,2,0.8,-10.0,51,180
2025.03.05 19:24:25,UP,11.0,2,4.7,-10.3,2248,2587
2025.03.05 20:07:32,DOWN,-11.8,2,8.6,-10.1,17,693
2025.03.05 20:19:06,UP,7.7,2,0.5,-10.1,9,515
2025.03.05 20:27:42,DOWN,-7.3,2,9.7,-10.1,1231,3899
2025.03.05 21:32:42,UP,5.1,1,10.0,-1.6,1769,1769
2025.03.06 02:09:35,DOWN,-5.3,2,5.2,-10.0,1021,2650
2025.03.06 02:57:28,DOWN,-5.1,2,7.6,-10.3,709,2400
2025.03.06 03:39:12,UP,5.1,1,10.1,-0.2,490,490
2025.03.06 03:51:30,UP,5.1,2,1.0,-10.1,2,1558
2025.03.06 04:17:29,DOWN,-5.0,1,10.1,0.0,305,305
2025.03.06 04:22:35,DOWN,-6.9,2,0.1,-10.0,0,667
2025.03.06 04:38:03,DOWN,-5.1,1,10.1,-4.8,2731,2731
2025.03.06 07:56:37,UP,5.1,2,9.6,-10.1,1184,3440
2025.03.06 08:54:04,DOWN,-5.0,2,0.4,-10.1,2,784
2025.03.06 09:07:08,UP,6.4,2,8.5,-10.2,201,874
2025.03.06 09:23:14,DOWN,-5.2,2,3.6,-10.1,237,421
2025.03.06 09:40:24,DOWN,-5.0,2,1.4,-10.0,5,78
2025.03.06 09:47:07,UP,5.4,2,1.5,-10.2,3,388
2025.03.06 09:53:35,DOWN,-5.8,1,10.0,0.0,241,241
2025.03.06 09:58:35,DOWN,-6.2,2,5.1,-10.1,213,690
2025.03.06 10:14:48,DOWN,-5.4,2,7.8,-10.2,643,1747
2025.03.06 10:43:55,UP,9.2,2,6.0,-10.1,258,939
2025.03.06 10:59:35,DOWN,-8.6,1,10.0,-0.7,43,43
2025.03.06 11:04:42,DOWN,-5.0,1,10.1,-5.6,936,936
2025.03.06 11:23:24,UP,5.3,2,5.0,-10.2,230,736
2025.03.06 11:38:19,DOWN,-5.3,2,0.0,-10.1,0,354
2025.03.06 11:44:13,UP,6.3,1,10.0,-0.4,383,383
2025.03.06 11:52:05,UP,5.1,2,3.5,-10.3,116,1325
2025.03.06 12:14:11,DOWN,-8.0,1,10.0,-2.1,460,460
2025.03.06 12:37:41,UP,5.1,2,3.8,-10.4,133,1984
2025.03.06 13:10:45,DOWN,-5.2,2,3.2,-10.0,4,262
2025.03.06 13:17:00,DOWN,-5.2,2,7.9,-10.3,514,3100
2025.03.06 14:08:41,UP,5.2,2,4.4,-10.2,1768,2491
2025.03.06 14:50:33,DOWN,-5.2,2,0.4,-10.1,2,508
2025.03.06 14:59:01,UP,8.9,1,10.1,-7.8,980,980
2025.03.06 15:15:21,UP,13.5,1,10.1,-2.2,25,25
2025.03.06 15:20:32,DOWN,-5.0,1,10.4,-1.3,144,144
2025.03.06 15:30:18,DOWN,-5.2,2,4.8,-10.4,102,471
2025.03.06 15:38:09,UP,7.2,1,10.0,-3.6,675,675
2025.03.06 15:49:25,UP,9.8,2,8.2,-10.0,186,662
2025.03.06 16:00:27,DOWN,-7.2,2,0.0,-10.1,0,191
2025.03.06 16:05:27,DOWN,-6.0,1,10.1,-2.1,92,92
2025.03.06 16:10:28,UP,5.1,1,10.4,-8.3,2052,2052
2025.03.06 16:44:41,UP,5.2,2,3.4,-10.2,46,239
2025.03.06 16:50:55,UP,5.3,1,10.0,-8.5,681,681
2025.03.06 17:02:16,UP,7.6,2,9.2,-10.5,89,824
2025.03.06 17:16:02,DOWN,-6.1,1,10.2,-1.2,1160,1160
2025.03.06 17:37:40,UP,5.2,2,2.4,-10.4,147,510
2025.03.06 17:46:35,DOWN,-5.0,2,5.0,-10.0,45,1011
2025.03.06 18:03:27,UP,9.8,1,10.6,-4.7,1575,1575
2025.03.06 18:29:43,UP,7.0,2,1.5,-10.2,0,71
2025.03.06 18:38:51,DOWN,-5.3,1,10.0,-2.2,1003,1003
2025.03.06 19:07:50,DOWN,-5.2,1,10.0,-3.1,518,518
2025.03.06 19:16:28,DOWN,-5.3,1,10.1,-9.8,2458,2458
2025.03.06 20:09:11,DOWN,-5.3,1,10.2,-5.9,1293,1293
2025.03.06 20:39:24,DOWN,-5.1,1,10.4,-0.7,210,210
2025.03.06 20:44:24,DOWN,-15.0,2,2.7,-10.2,36,327
2025.03.06 20:49:51,UP,12.9,1,10.0,-5.4,1630,1630
2025.03.06 21:28:50,DOWN,-5.1,2,0.3,-10.2,121,787
2025.03.06 21:42:49,UP,5.4,2,9.3,-10.3,641,3281
2025.03.06 22:37:45,DOWN,-5.2,1,10.2,-0.7,2461,2461
2025.03.06 23:24:13,DOWN,-5.3,2,0.0,-10.1,0,1360
2025.03.06 23:59:35,DOWN,-5.6,2,2.7,-10.0,113,2293
2025.03.07 02:04:44,UP,5.1,2,2.9,-10.0,551,4698
2025.03.07 04:06:25,DOWN,-5.1,2,0.7,-10.0,1,539
2025.03.07 05:38:36,UP,5.4,2,0.3,-10.1,72,2689
2025.03.07 08:13:58,UP,5.2,1,10.1,-0.4,1821,1821
2025.03.07 09:06:09,UP,5.2,1,10.5,-2.4,2327,2327
2025.03.07 09:44:57,UP,5.4,2,3.6,-10.0,221,938
2025.03.07 10:08:57,UP,5.1,1,10.1,-2.4,899,899
2025.03.07 10:23:56,UP,5.0,1,10.1,-1.7,436,436
2025.03.07 10:31:12,UP,7.3,2,0.2,-10.1,153,1497
2025.03.07 10:58:44,UP,5.0,1,10.8,-6.8,933,933
2025.03.07 11:14:17,UP,13.7,2,9.2,-10.1,34,6727
2025.03.07 13:06:50,DOWN,-5.1,2,9.8,-10.1,3894,7932
2025.03.07 15:19:02,UP,5.8,2,1.9,-12.2,615,659
2025.03.07 15:30:01,DOWN,-10.8,2,0.0,-10.2,0,0
2025.03.07 15:36:57,DOWN,-5.3,1,10.4,-2.4,95,95
2025.03.07 15:42:40,UP,5.1,2,2.9,-10.2,11,132
2025.03.07 15:49:05,DOWN,-5.3,1,10.2,-8.6,585,585
2025.03.07 15:58:51,DOWN,-5.1,2,9.5,-10.1,69,548
2025.03.07 16:08:00,UP,8.5,2,3.1,-10.1,87,270
2025.03.07 16:13:00,DOWN,-12.2,2,1.0,-10.2,0,233
2025.03.07 16:18:00,UP,5.2,1,10.2,-7.8,940,940
2025.03.07 16:33:40,UP,6.0,2,8.2,-10.0,307,698
2025.03.07 16:45:19,DOWN,-5.3,1,10.3,-3.0,196,196
2025.03.07 16:50:52,UP,5.4,2,2.0,-10.2,37,410
2025.03.07 16:57:43,DOWN,-6.0,1,10.1,-8.5,2236,2236
2025.03.07 17:34:59,DOWN,-7.1,2,8.6,-10.1,342,840
2025.03.07 17:48:59,UP,13.5,1,10.3,-4.9,9,9
2025.03.07 17:53:59,DOWN,-10.6,1,10.4,-9.5,951,951
2025.03.07 18:09:50,DOWN,-10.4,2,0.6,-10.3,41,681
2025.03.07 18:21:12,UP,5.3,2,0.9,-10.0,57,237
2025.03.07 18:29:18,DOWN,-5.3,1,10.3,-0.5,94,94
2025.03.07 18:36:10,UP,5.1,1,10.1,-5.5,1418,1418
2025.03.07 19:02:22,UP,5.2,2,0.4,-10.1,2,187
2025.03.07 19:17:36,DOWN,-5.4,1,10.0,-2.4,1420,1420
2025.03.07 19:42:05,DOWN,-5.1,1,10.3,-8.0,2023,2023
2025.03.07 20:15:48,DOWN,-6.0,2,0.8,-10.3,1,527
2025.03.07 20:24:35,UP,5.8,1,10.0,-8.9,7700,7700
2025.03.07 23:28:29,DOWN,-5.1,3,8.6,-0.2,1710,174691
2025.03.10 00:00:33,UP,7.1,1,10.2,-2.9,429,429
2025.03.10 00:07:42,UP,5.0,1,10.3,-6.1,4009,4009
2025.03.10 01:14:31,UP,8.1,1,10.0,-6.8,6464,6464
2025.03.10 03:02:16,UP,5.4,2,1.5,-10.0,75,2223
2025.03.10 04:44:14,DOWN,-5.1,1,10.1,-0.5,2365,2365
2025.03.10 05:57:10,DOWN,-5.2,2,3.4,-10.1,4083,8034
2025.03.10 09:09:30,DOWN,-5.1,1,10.5,-3.3,2361,2361
2025.03.10 09:48:52,DOWN,-13.4,1,10.1,-1.0,480,480
2025.03.10 09:56:52,DOWN,-7.4,1,10.2,-9.1,3454,3454
2025.03.10 10:54:26,DOWN,-9.5,2,0.4,-10.3,0,537
2025.03.10 11:03:26,UP,5.9,1,10.1,-6.4,880,880
2025.03.10 11:18:06,UP,10.0,1,10.2,-0.6,267,267
2025.03.10 11:23:06,UP,9.0,1,10.3,-0.5,949,949
2025.03.10 11:38:56,UP,5.3,1,10.3,-7.6,1316,1316
2025.03.10 12:00:52,UP,6.5,1,10.3,-7.2,1565,1565
2025.03.10 12:26:57,UP,5.1,2,5.1,-10.0,48,1053
2025.03.10 12:44:30,DOWN,-5.5,1,10.1,-4.9,1174,1174
2025.03.10 13:04:04,DOWN,-10.7,1,10.1,-8.7,26,26
2025.03.10 13:09:05,UP,9.6,1,10.1,-1.3,389,389
2025.03.10 13:15:34,UP,6.9,1,10.1,-4.8,2041,2041
2025.03.10 13:49:35,UP,9.3,2,1.3,-10.3,19,626
2025.03.10 14:06:54,UP,5.2,2,7.3,-10.1,1580,2942
2025.03.10 15:04:24,DOWN,-5.2,2,0.3,-10.4,1,346
2025.03.10 15:10:26,UP,5.1,2,1.2,-10.2,183,2113
2025.03.10 15:47:33,DOWN,-5.6,2,4.9,-10.3,1043,1455
2025.03.10 16:11:48,UP,7.4,2,0.7,-10.0,25,359
2025.03.10 16:41:42,UP,5.3,2,7.3,-10.0,1153,1838
2025.03.10 17:17:36,DOWN,-5.0,2,2.0,-10.0,57,600
2025.03.10 17:27:36,UP,6.6,2,1.1,-10.1,191,524
2025.03.10 17:51:54,UP,5.1,1,10.4,-1.1,511,511
2025.03.10 18:21:12,UP,5.1,2,1.1,-10.1,845,1479
2025.03.10 18:46:38,DOWN,-5.1,2,2.5,-10.4,966,2286
2025.03.10 19:27:07,DOWN,-5.3,2,0.1,-10.3,7,1300
2025.03.10 19:48:57,UP,5.1,2,0.8,-10.1,3,205
2025.03.10 19:53:57,DOWN,-9.2,1,10.1,-0.1,566,566
2025.03.10 20:03:25,DOWN,-5.3,2,1.3,-10.6,37,492
2025.03.10 20:11:37,UP,8.3,2,0.4,-10.0,0,203
2025.03.10 21:01:59,DOWN,-5.4,2,7.2,-10.0,328,3596
2025.03.10 22:58:41,UP,5.0,2,1.0,-10.4,18,288
2025.03.10 23:04:01,DOWN,-8.8,2,0.0,-10.3,0,3133
2025.03.11 01:03:41,UP,5.2,1,10.3,-0.9,6490,6490
2025.03.11 02:51:54,UP,5.4,1,10.2,-6.8,4792,4792
2025.03.11 05:18:09,DOWN,-5.6,2,2.7,-10.3,1967,4766
2025.03.11 08:20:27,UP,5.3,1,10.3,-0.4,27,27
2025.03.11 08:25:27,UP,5.3,2,8.2,-10.1,509,1774
2025.03.11 09:06:33,UP,5.1,1,10.4,-0.3,588,588
2025.03.11 09:22:02,UP,5.3,1,10.1,-3.4,1062,1062
2025.03.11 09:39:44,UP,10.9,1,10.1,-4.6,248,248
2025.03.11 09:44:44,UP,9.6,1,10.0,-9.2,2194,2194
2025.03.11 10:30:55,DOWN,-5.2,2,3.4,-10.2,751,1046
2025.03.11 10:48:21,UP,8.4,1,10.5,-0.1,406,406
2025.03.11 11:07:26,DOWN,-5.4,1,10.2,-0.3,622,622
2025.03.11 11:17:48,DOWN,-5.3,2,8.3,-10.3,1530,1879
2025.03.11 11:49:07,UP,13.0,2,5.0,-10.3,99,686
2025.03.11 12:01:17,DOWN,-5.2,1,10.1,-2.3,590,590
2025.03.11 12:11:29,DOWN,-5.0,1,10.2,-7.0,3256,3256
2025.03.11 13:08:59,UP,5.1,1,10.5,-3.7,2242,2242
2025.03.11 13:54:53,UP,5.1,1,10.0,-1.8,603,603
2025.03.11 14:09:50,DOWN,-5.3,2,2.3,-10.2,99,1477
2025.03.11 14:34:28,UP,7.0,1,10.2,-3.2,3544,3544
2025.03.11 15:41:59,UP,5.1,2,4.6,-10.4,265,1082
2025.03.11 16:00:11,DOWN,-5.2,1,10.1,-5.3,721,721
2025.03.11 16:12:13,DOWN,-5.6,2,4.3,-10.0,48,254
2025.03.11 16:18:12,UP,5.1,2,0.1,-10.2,0,268
2025.03.11 16:23:13,DOWN,-5.2,1,10.0,-4.3,329,329
2025.03.11 16:28:43,DOWN,-10.3,2,1.5,-10.1,10,202
2025.03.11 16:33:44,UP,5.6,1,10.0,-5.2,860,860
2025.03.11 16:48:04,UP,7.3,1,10.4,-4.9,3941,3941
2025.03.11 17:53:45,UP,6.8,1,10.1,-9.3,7603,7603
2025.03.11 20:01:27,UP,5.1,2,8.4,-10.1,1329,3082
2025.03.11 20:52:50,DOWN,-6.2,1,10.0,-5.6,4040,4040
2025.03.11 23:22:28,DOWN,-5.1,1,10.1,-7.7,21432,21432
2025.03.12 08:49:37,DOWN,-5.1,2,9.2,-10.3,1071,4456
2025.03.12 10:03:53,UP,5.0,1,10.1,-8.2,2279,2279
2025.03.12 10:49:17,DOWN,-5.1,2,4.5,-10.1,108,424
2025.03.12 10:59:53,UP,5.1,2,4.6,-10.0,2384,3672
2025.03.12 12:18:09,DOWN,-5.4,1,10.1,-1.6,4947,4947
2025.03.12 14:09:36,DOWN,-5.0,2,5.9,-21.9,875,1225
2025.03.12 14:30:01,UP,15.4,1,13.4,0.0,0,0
2025.03.12 14:36:42,DOWN,-5.1,1,10.1,-2.2,65,65
2025.03.12 14:42:00,UP,5.2,2,5.2,-10.2,303,724
2025.03.12 14:54:04,DOWN,-9.0,1,10.3,-2.7,299,299
2025.03.12 14:59:04,DOWN,-6.9,2,1.6,-10.0,15,485
2025.03.12 15:12:34,UP,5.4,2,4.9,-10.0,698,1594
2025.03.12 15:39:08,DOWN,-6.6,2,1.8,-10.9,200,799
2025.03.12 15:52:27,UP,6.9,2,2.2,-10.0,1,16
2025.03.12 16:01:19,UP,5.5,1,10.4,-6.5,2420,2420
2025.03.12 16:41:39,UP,5.4,1,10.0,-0.5,695,695
2025.03.12 16:58:09,UP,5.5,1,10.1,-4.1,3708,3708
2025.03.12 17:59:58,UP,7.4,2,3.9,-10.1,938,1746
2025.03.12 19:39:20,DOWN,-5.1,1,10.1,-3.9,3048,3048
2025.03.12 20:38:40,DOWN,-5.1,1,10.2,-9.2,41321,41321
2025.03.13 08:38:02,DOWN,-5.3,1,10.0,-9.4,3653,3653
2025.03.13 09:39:08,DOWN,-5.1,2,3.7,-10.3,27,1820
2025.03.13 10:09:28,UP,6.4,2,5.2,-10.0,278,527
2025.03.13 10:18:15,DOWN,-13.3,2,3.7,-10.1,1,173
2025.03.13 10:23:16,UP,9.6,1,10.2,-3.4,4078,4078
2025.03.13 11:42:23,DOWN,-5.2,1,10.5,-7.9,4498,4498
2025.03.13 12:57:21,DOWN,-5.2,2,0.9,-10.3,3,1296
2025.03.13 13:18:57,UP,7.0,2,1.3,-10.1,0,82
2025.03.13 13:24:01,UP,5.4,2,1.0,-10.2,116,1587
2025.03.13 13:56:41,UP,5.1,2,1.6,-12.8,78,121
2025.03.13 14:03:06,DOWN,-5.2,2,6.7,-10.4,412,1505
2025.03.13 14:28:11,UP,5.5,1,11.1,-1.9,110,110
2025.03.13 14:33:11,DOWN,-5.5,1,10.0,-1.0,261,261
2025.03.13 14:38:11,DOWN,-6.2,1,10.3,-3.3,383,383
2025.03.13 14:44:34,DOWN,-11.2,1,10.3,-2.1,170,170
2025.03.13 14:53:00,UP,5.1,2,0.9,-10.1,17,667
2025.03.13 15:12:19,DOWN,-5.2,2,2.7,-10.1,346,907
2025.03.13 15:27:26,UP,5.1,1,10.4,-1.6,1083,1083
2025.03.13 15:48:59,UP,5.1,1,10.2,-2.4,821,821
2025.03.13 16:02:40,UP,10.3,1,10.4,-6.7,3238,3238
2025.03.13 17:42:16,DOWN,-5.0,2,0.5,-10.0,51,179
2025.03.13 17:47:18,UP,5.4,2,5.0,-10.4,49,717
2025.03.13 17:59:17,DOWN,-5.1,2,1.3,-10.1,227,1932
2025.03.13 18:37:39,UP,5.3,2,8.5,-10.1,264,2319
2025.03.13 19:18:43,DOWN,-5.5,1,10.1,-8.7,7799,7799
2025.03.13 21:38:54,DOWN,-5.2,2,3.5,-10.2,5505,15746
2025.03.14 02:28:20,DOWN,-5.2,1,10.1,-4.0,3239,3239
2025.03.14 08:27:13,DOWN,-5.1,2,7.0,-10.1,4715,6342
2025.03.14 10:23:58,UP,5.2,1,10.1,-6.4,6174,6174
2025.03.14 12:07:06,UP,5.1,1,10.4,-4.7,1045,1045
2025.03.14 12:24:31,UP,9.4,1,10.1,-8.4,1064,1064
2025.03.14 12:42:15,UP,6.7,1,10.2,-6.6,200,200
2025.03.14 12:47:15,UP,8.0,1,10.0,-5.6,300,300
2025.03.14 12:52:15,UP,10.6,2,5.0,-10.1,30,390
2025.03.14 12:58:45,DOWN,-11.0,1,10.3,-4.6,873,873
2025.03.14 13:13:19,DOWN,-7.5,2,0.3,-10.1,1,119
2025.03.14 13:20:24,UP,5.1,1,10.2,-6.4,603,603
2025.03.14 13:30:28,UP,6.8,2,3.7,-10.4,17,901
2025.03.14 13:48:16,UP,5.3,2,4.0,-10.0,113,519
2025.03.14 14:01:35,UP,5.1,2,9.4,-10.0,1353,3403
2025.03.14 14:58:18,DOWN,-10.2,1,10.1,-5.8,2863,2863
2025.03.14 15:46:01,DOWN,-9.5,1,10.2,-4.7,787,787
2025.03.14 15:59:08,DOWN,-7.4,2,4.1,-10.0,59,392
2025.03.14 16:08:58,UP,5.0,2,0.7,-10.2,7,1403
2025.03.14 16:32:38,DOWN,-5.2,2,7.2,-10.1,193,2748
2025.03.14 17:18:27,UP,6.1,2,4.5,-10.2,355,977
2025.03.14 17:35:31,UP,5.1,1,10.2,-9.0,3967,3967
2025.03.14 18:41:41,UP,5.1,2,3.3,-10.0,433,6347
2025.03.14 20:28:25,DOWN,-5.1,3,2.3,-9.8,233,185528
2025.03.17 00:32:00,DOWN,-5.0,2,0.2,-10.1,1,1210
2025.03.17 03:44:32,UP,5.1,2,3.5,-10.1,97,5994
2025.03.17 06:03:45,UP,5.1,2,5.6,-10.2,144,705
2025.03.17 08:52:57,DOWN,-5.0,2,6.6,-10.4,2465,4955
2025.03.17 10:41:55,UP,5.1,1,10.0,-7.0,3437,3437
2025.03.17 11:39:12,UP,7.2,1,10.1,-1.5,1335,1335
2025.03.17 12:27:51,UP,5.1,2,5.3,-10.3,2361,5049
2025.03.17 14:19:04,DOWN,-5.0,2,2.5,-10.3,305,660
2025.03.17 14:30:04,UP,10.4,2,0.0,-10.2,0,5
2025.03.17 14:36:36,DOWN,-5.2,2,3.0,-10.1,338,1315
2025.03.17 15:32:15,UP,5.1,1,10.3,-8.7,4680,4680
2025.03.17 17:24:37,UP,5.2,2,6.8,-10.1,256,7502
2025.03.17 20:19:41,UP,5.1,2,6.8,-10.1,8303,29062
2025.03.18 08:51:49,UP,5.1,1,10.0,-2.1,2742,2742
2025.03.18 09:54:30,DOWN,-5.1,2,0.1,-10.1,5,256
2025.03.18 09:59:30,UP,10.5,1,10.0,-1.6,756,756
2025.03.18 10:12:06,UP,7.6,1,10.1,-2.4,253,253
2025.03.18 10:17:06,UP,5.3,2,1.4,-10.2,1033,3888
2025.03.18 12:13:48,DOWN,-5.6,1,10.4,-4.6,1094,1094
2025.03.18 12:32:18,DOWN,-5.0,1,10.2,-6.3,4762,4762
2025.03.18 13:53:42,DOWN,-5.1,1,10.1,-6.4,2305,2305
2025.03.18 14:32:08,DOWN,-8.1,1,10.2,-3.9,330,330
2025.03.18 14:37:38,DOWN,-11.3,2,4.8,-10.3,44,898
2025.03.18 15:04:07,UP,5.1,2,4.1,-10.2,1061,2205
2025.03.18 15:41:03,DOWN,-5.1,2,3.4,-10.1,39,482
2025.03.18 15:49:06,UP,8.3,1,10.4,-7.5,4265,4265
2025.03.18 17:00:11,UP,7.8,2,0.2,-10.1,0,21
2025.03.18 17:06:10,DOWN,-5.1,2,4.0,-10.1,27,1275
2025.03.18 17:27:27,UP,6.1,1,10.1,0.0,617,617
2025.03.18 17:38:07,UP,5.2,1,10.2,-2.0,253,253
2025.03.18 17:44:52,UP,5.1,1,10.1,-9.5,4678,4678
2025.03.18 19:02:50,UP,5.2,2,8.0,-10.1,1284,27459
2025.03.19 08:58:36,DOWN,-5.2,1,10.1,-1.4,667,667
2025.03.19 09:09:44,DOWN,-6.1,1,10.0,-0.6,522,522
2025.03.19 09:18:27,DOWN,-5.4,1,10.2,-8.0,1105,1105
2025.03.19 09:36:52,DOWN,-9.9,1,11.1,0.0,19,19
2025.03.19 09:42:58,DOWN,-5.1,2,4.4,-10.0,15,412
2025.03.19 09:49:58,UP,5.4,1,10.1,-1.7,628,628
2025.03.19 10:00:27,UP,5.3,1,10.1,-2.6,1809,1809
2025.03.19 10:43:47,DOWN,-5.2,1,10.1,-8.5,7009,7009
2025.03.19 12:48:41,UP,5.2,1,10.4,-5.2,3360,3360
2025.03.19 13:44:42,UP,5.1,2,8.8,-10.3,1426,5059
2025.03.19 15:09:45,DOWN,-5.1,1,10.3,-6.6,6145,6145
2025.03.19 16:52:11,DOWN,-5.6,1,10.0,-2.2,3972,3972
2025.03.19 18:34:55,DOWN,-5.0,1,10.2,-5.8,2726,2726
2025.03.19 19:36:59,DOWN,-5.1,2,0.4,-10.0,0,1152
2025.03.19 19:56:25,UP,5.2,1,10.4,-6.7,228,228
2025.03.19 20:01:25,UP,18.8,1,10.1,-8.1,2048,2048
2025.03.19 20:36:17,UP,5.1,2,1.0,-10.1,1,187
2025.03.19 20:41:44,UP,5.1,1,10.1,-0.3,85,85
2025.03.19 20:46:44,DOWN,-7.1,1,10.0,-7.5,1820,1820
2025.03.19 21:17:06,DOWN,-5.2,1,10.1,-0.4,375,375
2025.03.19 21:23:22,DOWN,-5.0,2,0.3,-10.2,28,635
2025.03.19 21:33:57,UP,6.1,1,10.1,-2.7,9078,9078
2025.03.20 00:09:57,UP,5.4,2,8.2,-10.1,15808,24749
2025.03.20 07:03:09,DOWN,-5.3,1,10.0,-0.8,8015,8015
2025.03.20 09:19:36,DOWN,-5.1,1,10.0,-2.2,958,958
2025.03.20 09:38:16,DOWN,-5.1,2,9.0,-10.1,276,1389
2025.03.20 10:01:54,UP,5.1,2,1.9,-10.0,86,825
2025.03.20 10:27:22,DOWN,-5.3,2,2.5,-10.1,158,396
2025.03.20 10:33:58,UP,9.7,2,0.0,-10.9,0,624
2025.03.20 10:44:22,DOWN,-9.7,1,10.3,-4.3,2055,2055
2025.03.20 11:18:37,DOWN,-5.1,1,10.1,-1.9,402,402
2025.03.20 11:25:52,DOWN,-5.1,2,2.2,-10.2,18,826
2025.03.20 11:39:38,UP,7.4,2,4.2,-10.3,1410,2062
2025.03.20 12:14:01,DOWN,-7.2,2,7.2,-10.1,402,2006
2025.03.20 12:54:42,DOWN,-5.5,2,6.0,-10.3,1709,4630
2025.03.20 14:23:15,DOWN,-5.1,1,10.2,-0.8,488,488
2025.03.20 14:31:24,DOWN,-5.5,1,10.4,-8.5,2941,2941
2025.03.20 15:20:25,DOWN,-5.8,1,10.0,-4.6,799,799
2025.03.20 15:33:44,DOWN,-7.1,2,0.6,-10.1,2,175
2025.03.20 15:38:46,UP,6.0,1,10.2,-8.1,1535,1535
2025.03.20 16:04:21,UP,10.1,2,3.2,-10.2,328,1595
2025.03.20 17:14:35,UP,5.3,1,10.0,-2.0,592,592
2025.03.20 17:24:28,UP,6.5,1,10.4,-5.5,3550,3550
2025.03.20 19:09:28,DOWN,-5.0,2,6.6,-10.2,453,11612
2025.03.20 22:59:58,DOWN,-6.4,2,10.0,-10.0,148,5052
2025.03.21 03:49:39,DOWN,-5.0,1,10.2,-5.0,5963,5963
2025.03.21 08:57:23,UP,5.3,1,10.0,-7.8,3906,3906
2025.03.21 10:02:30,UP,5.3,2,1.7,-10.3,53,406
2025.03.21 10:09:20,DOWN,-5.5,2,9.8,-10.0,1086,11206
2025.03.21 13:44:46,UP,5.3,1,10.1,-1.1,973,973
2025.03.21 14:01:02,UP,5.4,2,6.0,-10.1,336,1603
2025.03.21 14:28:35,DOWN,-5.0,1,10.4,-3.0,1410,1410
2025.03.21 14:53:09,DOWN,-5.1,1,10.1,-2.1,5824,5824
2025.03.21 16:34:01,DOWN,-5.1,1,10.0,-9.8,4668,4668
2025.03.21 17:51:49,DOWN,-5.9,1,10.6,-0.7,113,113
2025.03.21 17:56:49,UP,11.1,2,0.1,-10.1,1,217
2025.03.21 18:02:03,UP,5.0,1,10.4,-7.1,1911,1911
2025.03.21 18:33:55,UP,6.5,2,2.9,-10.0,108,2101
2025.03.21 19:09:06,DOWN,-5.4,2,5.0,-10.2,50,2067
2025.03.21 19:43:41,UP,5.2,2,5.1,-10.1,3773,10443
2025.03.24 00:00:00,UP,5.5,1,10.5,0.0,121,121
2025.03.24 00:07:06,UP,5.1,2,0.4,-10.3,28,371
2025.03.24 00:13:18,DOWN,-5.2,2,0.0,-10.2,0,5000
2025.03.24 07:57:04,UP,5.2,1,10.1,-2.3,2704,2704
2025.03.24 08:43:05,UP,5.3,2,6.8,-10.2,2843,4062
2025.03.24 10:01:03,UP,5.2,1,10.1,-6.2,1315,1315
2025.03.24 10:22:58,UP,6.7,2,5.3,-10.0,76,534
2025.03.24 10:31:53,DOWN,-11.5,1,10.1,-7.4,2055,2055
2025.03.24 11:17:31,DOWN,-5.1,2,2.7,-10.2,65,2140
2025.03.24 11:53:52,UP,5.4,1,10.1,-6.9,2353,2353
2025.03.24 12:48:10,DOWN,-5.4,1,10.2,-2.4,3864,3864
2025.03.24 13:58:58,DOWN,-5.1,1,10.1,-2.0,1658,1658
2025.03.24 14:54:33,DOWN,-5.1,1,10.5,-6.6,3057,3057
2025.03.24 15:45:31,DOWN,-8.0,1,10.3,-0.9,333,333
2025.03.24 15:51:05,DOWN,-9.4,1,10.1,0.0,117,117
2025.03.24 15:59:48,DOWN,-6.2,2,2.4,-10.5,38,755
2025.03.24 16:18:30,UP,5.2,1,10.0,-0.1,408,408
2025.03.24 16:28:41,DOWN,-5.2,1,10.3,-0.7,356,356
2025.03.24 16:34:37,DOWN,-9.7,1,10.5,-4.1,4864,4864
2025.03.24 17:56:00,DOWN,-5.2,2,0.1,-10.1,2,615
2025.03.24 18:07:03,UP,5.1,2,3.2,-10.3,179,1397
2025.03.24 18:41:23,DOWN,-5.1,2,4.4,-10.3,58,1668
2025.03.24 19:12:50,DOWN,-5.2,2,6.5,-10.1,3100,5220
2025.03.24 20:39:50,UP,6.3,1,10.3,-2.3,67,67
2025.03.24 20:44:51,UP,10.2,2,3.5,-10.1,50,3755
2025.03.25 09:09:03,UP,5.2,2,2.9,-10.0,157,1376
2025.03.25 09:32:06,DOWN,-5.1,1,10.1,-5.4,2605,2605
2025.03.25 10:23:19,UP,5.1,1,10.2,-6.3,2362,2362
2025.03.25 11:02:41,UP,5.8,1,10.1,-8.6,3919,3919
2025.03.25 12:13:06,UP,5.0,1,10.3,0.0,830,830
2025.03.25 12:52:40,UP,5.2,2,0.1,-10.4,0,1051
2025.03.25 13:16:49,UP,5.1,1,10.1,-2.5,1780,1780
2025.03.25 14:09:04,UP,5.1,2,7.6,-10.1,2642,6943
2025.03.25 16:07:08,DOWN,-5.1,2,6.1,-10.4,1083,2028
2025.03.25 16:49:19,UP,5.1,2,1.4,-10.1,35,3315
2025.03.25 17:48:18,DOWN,-5.0,2,6.8,-10.2,479,4717
2025.03.25 19:07:38,UP,5.4,2,0.0,-10.2,0,2548
2025.03.25 20:59:39,DOWN,-5.1,1,10.3,-4.6,14808,14808
2025.03.26 09:18:05,DOWN,-5.1,2,0.2,-10.0,6,3021
2025.03.26 10:12:35,DOWN,-5.2,2,3.3,-10.5,453,2679
2025.03.26 12:33:36,DOWN,-5.0,1,10.2,-6.9,9814,9814
2025.03.26 15:18:21,DOWN,-5.2,1,10.2,-0.3,815,815
2025.03.26 15:37:37,UP,5.1,1,10.3,-3.2,2170,2170
2025.03.26 16:13:47,UP,7.4,1,10.0,-0.5,254,254
2025.03.26 16:21:20,DOWN,-5.1,1,10.8,-8.6,5695,5695
2025.03.26 17:56:18,DOWN,-5.5,2,6.6,-10.0,8,1222
2025.03.26 18:18:39,UP,5.3,2,5.5,-11.2,1319,3444
2025.03.26 19:16:04,DOWN,-5.2,1,10.8,-2.7,222,222
2025.03.26 19:21:10,DOWN,-5.2,2,7.5,-10.8,902,1274
2025.03.26 19:42:24,UP,13.5,2,0.5,-10.6,3,171
2025.03.26 19:53:04,DOWN,-5.3,1,10.1,-6.6,5864,5864
2025.03.26 23:00:00,DOWN,-5.3,1,10.1,-7.0,1672,1672
2025.03.26 23:36:34,UP,5.3,1,10.3,-7.8,11026,11026
2025.03.27 07:52:22,DOWN,-5.2,2,7.7,-10.0,303,2936
2025.03.27 09:02:19,DOWN,-5.2,1,10.2,-6.6,1812,1812
2025.03.27 09:32:31,DOWN,-6.3,2,3.5,-10.2,80,1333
2025.03.27 10:11:40,UP,5.3,1,10.1,-8.7,2213,2213
2025.03.27 10:50:41,DOWN,-5.4,2,9.5,-10.2,2968,7706
2025.03.27 13:04:07,UP,5.1,1,10.6,-1.5,277,277
2025.03.27 13:09:07,UP,9.5,2,3.1,-10.0,48,719
2025.03.27 13:29:08,DOWN,-5.1,2,3.8,-10.1,1017,2567
2025.03.27 14:30:11,UP,6.1,2,3.5,-10.0,1014,1556
2025.03.27 14:56:58,DOWN,-5.0,2,6.2,-10.0,1483,2703
2025.03.27 15:42:14,UP,5.3,2,3.1,-10.3,243,619
2025.03.27 15:52:49,DOWN,-5.3,2,6.6,-10.0,182,3552
2025.03.27 16:52:01,UP,5.1,1,10.1,-7.7,2386,2386
2025.03.27 17:31:47,UP,6.1,1,10.2,-0.1,493,493
2025.03.27 17:41:16,UP,5.2,2,2.5,-10.2,25,701
2025.03.27 17:52:57,DOWN,-10.0,1,10.0,-3.0,295,295
2025.03.27 17:57:57,DOWN,-9.0,2,6.4,-10.1,2611,4811
2025.03.27 19:22:08,DOWN,-5.0,1,10.3,-0.2,1118,1118
2025.03.27 23:03:03,DOWN,-5.1,1,10.2,-6.0,26372,26372
2025.03.28 09:56:20,DOWN,-5.1,2,1.1,-10.1,6,396
2025.03.28 10:02:56,UP,5.6,2,3.6,-10.0,48,745
2025.03.28 10:20:23,DOWN,-5.3,1,10.1,-4.2,3899,3899
2025.03.28 14:04:47,DOWN,-5.1,2,2.1,-10.4,1516,1635
2025.03.28 14:32:02,UP,7.7,1,10.0,-2.5,1252,1252
2025.03.28 14:53:00,UP,5.7,1,10.5,-5.4,915,915
2025.03.28 15:08:15,UP,12.6,2,4.6,-10.0,41,293
2025.03.28 15:13:15,DOWN,-7.2,2,2.0,-10.1,9,353
2025.03.28 15:19:08,UP,6.5,1,10.0,-0.5,385,385
2025.03.28 15:51:17,UP,5.4,1,10.2,-0.4,692,692
2025.03.28 16:02:49,UP,9.7,1,10.1,-5.6,1104,1104
2025.03.28 16:21:21,UP,5.5,2,1.0,-10.4,842,2007
2025.03.28 16:54:49,DOWN,-7.0,2,1.1,-10.4,31,537
2025.03.28 17:03:46,UP,7.3,1,10.2,-1.3,1210,1210
2025.03.28 17:23:56,UP,5.0,2,4.2,-10.0,742,1444
2025.03.28 17:49:31,DOWN,-5.4,1,10.1,-4.6,4522,4522
2025.03.28 19:16:28,DOWN,-5.1,2,3.8,-10.1,309,1042
2025.03.28 19:33:51,UP,7.7,2,2.9,-10.1,96,1962
2025.03.28 20:07:26,DOWN,-5.1,2,1.8,-10.1,534,1610
2025.03.28 20:34:17,UP,5.9,1,10.1,-5.7,7134,7134
2025.03.31 00:01:00,DOWN,-7.3,1,10.2,-6.7,3744,3744
2025.03.31 01:04:39,DOWN,-5.5,2,3.3,-10.1,721,1955
2025.03.31 02:12:42,DOWN,-5.2,1,12.1,0.0,1032,1032
2025.03.31 02:29:54,DOWN,-6.9,2,0.0,-10.0,0,781
2025.03.31 02:44:02,UP,5.2,1,10.0,-2.3,2278,2278
2025.03.31 04:49:00,DOWN,-5.2,1,10.3,-8.3,15233,15233
2025.03.31 09:02:53,DOWN,-7.4,2,2.1,-10.4,124,2583
2025.03.31 09:46:11,UP,5.1,2,9.2,-10.0,1295,1863
2025.03.31 10:24:23,DOWN,-5.2,1,10.3,-8.1,3637,3637
2025.03.31 11:39:10,UP,5.1,2,8.9,-10.2,1487,5363
2025.03.31 13:08:33,DOWN,-5.5,2,6.1,-10.0,842,3321
2025.03.31 14:04:55,UP,5.3,2,5.6,-10.1,508,4047
2025.03.31 15:24:46,DOWN,-5.1,1,10.4,-1.5,1516,1516
2025.03.31 16:04:59,UP,5.0,1,10.2,-0.2,864,864
2025.03.31 16:19:23,UP,6.1,2,2.4,-10.1,182,1344
2025.03.31 16:52:51,DOWN,-5.1,1,10.1,-1.7,675,675
2025.03.31 17:04:07,DOWN,-8.8,1,10.1,-8.3,1333,1333
2025.03.31 17:43:01,DOWN,-5.3,2,6.3,-10.7,194,443
2025.03.31 17:50:25,UP,13.2,2,4.7,-10.1,445,1177
2025.03.31 18:11:29,UP,5.4,1,10.3,0.0,15,15
2025.03.31 18:16:30,DOWN,-5.0,1,10.6,-7.1,2440,2440
2025.03.31 18:57:11,DOWN,-7.8,1,10.1,-5.8,1823,1823
2025.03.31 19:27:35,DOWN,-11.5,2,0.5,-10.1,0,91
2025.03.31 19:38:15,UP,5.1,1,10.0,-1.2,8011,8011
2025.03.31 22:58:36,DOWN,-5.0,2,4.0,-10.1,168,15320
2025.04.01 04:32:46,DOWN,-5.1,2,2.6,-10.0,1219,9194
2025.04.01 08:02:26,DOWN,-5.1,1,10.0,-1.5,3288,3288
2025.04.01 08:57:35,DOWN,-5.1,1,10.1,-0.2,1650,1650
2025.04.01 09:33:31,UP,5.3,1,10.2,-7.1,8729,8729
2025.04.01 12:03:43,UP,5.3,2,6.7,-10.1,108,3486
2025.04.01 13:01:50,DOWN,-5.1,1,10.0,-2.4,441,441
2025.04.01 13:09:11,DOWN,-10.9,1,11.0,-1.1,34,34
2025.04.01 13:14:29,UP,5.2,1,10.1,-2.4,1165,1165
2025.04.01 13:56:12,DOWN,-5.1,1,10.2,-1.7,1599,1599
2025.04.01 14:42:36,DOWN,-5.3,2,1.7,-10.1,9,2498
2025.04.01 15:24:14,UP,6.7,2,5.1,-10.5,908,2622
2025.04.01 16:07:57,DOWN,-5.7,2,0.2,-10.7,118,854
2025.04.01 16:24:16,UP,5.2,1,11.0,-7.9,2694,2694
2025.04.01 17:09:20,UP,5.1,2,9.0,-10.0,461,7722
2025.04.01 23:47:29,UP,5.6,1,10.9,-8.8,5715,5715
2025.04.02 01:33:45,DOWN,-5.1,1,10.2,-2.1,5255,5255
2025.04.02 08:04:04,DOWN,-5.0,2,7.6,-10.0,7902,11561
2025.04.02 11:33:55,UP,5.2,2,6.7,-10.3,4701,6868
2025.04.02 13:28:24,DOWN,-12.2,2,5.2,-10.0,557,3434
2025.04.02 15:15:50,DOWN,-5.1,2,0.0,-10.2,0,664
2025.04.02 15:26:55,UP,5.1,1,10.0,-3.7,1861,1861
2025.04.02 15:57:56,UP,6.1,1,10.2,-2.1,3434,3434
2025.04.02 16:57:49,UP,5.1,1,10.4,-9.9,2735,2735
2025.04.02 17:43:25,UP,10.3,1,10.1,-6.8,296,296
2025.04.02 17:48:25,UP,14.4,1,10.1,-4.9,276,276
2025.04.02 17:53:25,UP,13.0,1,10.4,-7.2,3462,3462
2025.04.02 18:54:59,UP,5.1,2,0.6,-10.0,10,703
2025.04.02 19:17:51,DOWN,-5.1,1,10.1,-5.1,13870,13870
2025.04.02 23:09:02,DOWN,-5.5,1,10.3,-4.4,153,153
2025.04.02 23:14:02,UP,42.6,2,9.8,-10.1,16,63
2025.04.02 23:19:05,DOWN,-5.1,2,2.6,-10.0,5,56
2025.04.02 23:25:11,DOWN,-6.6,2,8.9,-10.5,6,33
2025.04.02 23:30:22,DOWN,-6.4,1,10.5,0.0,4,4
2025.04.02 23:35:52,UP,5.3,2,9.5,-10.8,38,157
2025.04.02 23:40:56,UP,5.2,2,6.5,-10.5,26,189
2025.04.02 23:45:56,UP,6.2,2,0.0,-10.3,0,39
2025.04.02 23:51:20,DOWN,-5.6,2,3.3,-10.1,8,154
2025.04.02 23:56:22,UP,8.0,1,10.3,-8.9,135,135
2025.04.03 00:01:29,UP,11.5,2,0.0,-15.4,0,2
2025.04.03 00:06:30,UP,8.8,2,7.7,-11.2,61,402
2025.04.03 00:13:13,DOWN,-9.7,1,10.3,-2.7,394,394
2025.04.03 00:19:47,DOWN,-11.2,1,11.2,-3.0,282,282
2025.04.03 00:24:47,DOWN,-13.6,2,4.8,-10.5,233,1169
2025.04.03 00:44:17,UP,10.2,1,10.5,-0.9,1095,1095
2025.04.03 01:02:32,UP,9.7,2,3.2,-10.7,114,379
2025.04.03 01:08:51,DOWN,-12.1,1,10.2,0.0,158,158
2025.04.03 01:13:51,DOWN,-11.8,2,0.0,-10.2,0,219
2025.04.03 01:21:50,DOWN,-5.3,2,2.4,-10.2,15,363
2025.04.03 01:27:53,UP,9.0,1,10.2,-2.6,787,787
2025.04.03 01:43:45,UP,5.1,1,10.6,-3.3,1022,1022
2025.04.03 02:02:02,UP,5.1,1,10.1,-4.3,707,707
2025.04.03 02:13:49,UP,7.4,1,10.1,-3.9,442,442
2025.04.03 02:21:12,UP,6.0,1,10.2,-2.4,389,389
2025.04.03 02:27:42,UP,8.7,1,10.3,-1.2,135,135
2025.04.03 02:32:42,UP,5.9,2,1.5,-10.1,8,120
2025.04.03 02:37:42,UP,6.2,1,10.2,-0.2,258,258
2025.04.03 02:42:42,UP,11.5,2,3.5,-10.0,169,379
2025.04.03 02:49:02,DOWN,-9.4,2,0.0,-10.2,0,253
2025.04.03 03:01:39,DOWN,-5.2,1,10.2,-7.5,528,528
2025.04.03 03:19:19,DOWN,-5.5,2,5.5,-10.2,722,1005
2025.04.03 03:36:11,UP,5.1,1,10.1,-1.7,615,615
2025.04.03 03:46:27,UP,6.5,2,1.3,-10.3,182,521
2025.04.03 03:55:11,DOWN,-5.1,2,5.8,-10.1,327,1599
2025.04.03 04:21:50,UP,6.4,1,10.0,-3.8,555,555
2025.04.03 04:31:05,UP,5.1,1,10.1,-3.1,1061,1061
2025.04.03 04:48:47,UP,9.5,2,0.0,-10.2,0,133
2025.04.03 04:53:48,DOWN,-7.7,2,3.1,-10.1,821,1855
2025.04.03 05:24:44,UP,10.0,2,2.3,-10.0,67,1840
2025.04.03 06:17:18,UP,5.0,2,4.7,-10.0,1146,6011
2025.04.03 08:23:10,UP,7.0,1,10.0,0.0,287,287
2025.04.03 08:28:10,UP,10.3,1,10.2,-1.4,392,392
2025.04.03 08:34:43,UP,6.3,2,3.0,-10.0,1780,2749
2025.04.03 09:22:28,DOWN,-5.0,2,0.9,-10.2,61,434
2025.04.03 09:29:43,UP,9.1,1,11.8,-4.6,295,295
2025.04.03 09:34:43,UP,13.4,1,10.2,-1.8,143,143
2025.04.03 09:39:43,UP,13.9,1,10.1,-7.5,660,660
2025.04.03 09:51:39,DOWN,-5.2,1,10.1,-9.9,1178,1178
2025.04.03 10:11:17,DOWN,-7.4,2,1.0,-10.1,3,304
2025.04.03 10:16:21,UP,7.1,2,2.2,-10.3,102,218
2025.04.03 10:21:27,DOWN,-5.0,1,10.4,-1.5,197,197
2025.04.03 10:26:28,DOWN,-6.2,2,5.1,-10.1,121,590
2025.04.03 10:36:18,UP,6.1,1,10.2,-0.8,1088,1088
2025.04.03 10:55:53,DOWN,-5.1,2,0.8,-10.0,11,254
2025.04.03 11:01:03,UP,5.2,1,10.2,-5.3,1014,1014
2025.04.03 11:17:58,UP,5.5,1,10.3,-1.1,1115,1115
2025.04.03 11:36:33,UP,5.3,1,10.0,-1.7,164,164
2025.04.03 11:41:33,UP,7.9,2,1.0,-10.1,9,82
2025.04.03 11:46:44,UP,5.1,2,5.3,-10.1,213,894
2025.04.03 12:01:38,DOWN,-5.1,2,0.4,-10.2,6,371
2025.04.03 12:07:50,UP,7.4,1,11.1,-0.1,57,57
2025.04.03 12:12:50,UP,13.7,2,2.6,-10.1,13,95
2025.04.03 12:18:21,UP,5.3,2,0.2,-10.1,0,144
2025.04.03 12:23:21,DOWN,-6.5,2,2.2,-10.2,224,330
2025.04.03 12:28:52,UP,6.2,2,2.4,-10.2,359,1070
2025.04.03 12:49:32,UP,5.5,1,10.4,-7.1,935,935
2025.04.03 13:05:56,UP,7.9,1,11.0,0.0,1,1
2025.04.03 13:11:25,UP,5.1,1,10.1,-0.8,55,55
2025.04.03 13:16:34,DOWN,-5.1,2,8.5,-10.5,44,145
2025.04.03 13:21:34,UP,10.2,2,0.4,-11.1,0,25
2025.04.03 13:26:34,DOWN,-16.4,1,10.2,-5.4,631,631
2025.04.03 13:38:17,UP,5.7,2,0.6,-11.0,3,171
2025.04.03 13:43:17,DOWN,-6.5,1,10.9,-4.0,530,530
2025.04.03 13:52:07,DOWN,-10.2,1,11.0,-3.2,205,205
2025.04.03 13:57:07,DOWN,-11.8,1,11.0,-6.0,512,512
2025.04.03 14:05:39,DOWN,-7.5,2,2.0,-10.3,13,210
2025.04.03 14:11:50,DOWN,-5.1,2,0.8,-10.0,1,175
2025.04.03 14:16:50,DOWN,-5.2,1,10.5,-1.5,156,156
2025.04.03 14:21:50,UP,7.2,1,10.3,-0.2,324,324
2025.04.03 14:27:14,UP,8.8,1,10.2,-4.5,335,335
2025.04.03 14:32:49,UP,14.5,1,10.2,-1.5,174,174
2025.04.03 14:40:15,DOWN,-5.2,2,7.4,-10.0,105,279
2025.04.03 14:45:54,UP,5.1,1,10.1,-2.4,498,498
2025.04.03 14:54:12,UP,7.6,2,1.6,-10.0,47,160
2025.04.03 14:59:12,DOWN,-13.2,2,1.1,-10.3,97,192
2025.04.03 15:04:12,UP,11.9,2,9.8,-10.9,140,381
2025.04.03 15:10:33,DOWN,-8.6,1,10.2,-7.0,1698,1698
2025.04.03 15:38:51,DOWN,-11.5,2,4.7,-10.4,38,240
2025.04.03 15:43:51,UP,13.1,1,10.2,-4.3,308,308
2025.04.03 15:49:00,UP,9.0,2,1.2,-10.0,5,235
2025.04.03 15:54:00,DOWN,-7.0,1,10.3,-1.7,206,206
2025.04.03 15:59:00,DOWN,-11.9,2,5.9,-10.4,156,387
2025.04.03 16:06:11,UP,5.2,1,10.1,-1.3,177,177
2025.04.03 16:13:01,DOWN,-5.0,2,3.1,-10.1,25,136
2025.04.03 16:18:01,UP,21.8,2,6.8,-10.3,198,364
2025.04.03 16:24:05,DOWN,-10.7,1,10.0,-1.8,204,204
2025.04.03 16:29:05,DOWN,-18.5,1,10.4,-2.8,102,102
2025.04.03 16:34:05,DOWN,-12.7,2,0.5,-10.0,71,471
2025.04.03 16:41:56,UP,5.2,1,10.0,-2.7,475,475
2025.04.03 16:49:51,UP,10.2,2,4.1,-10.0,128,253
2025.04.03 16:54:51,DOWN,-8.8,1,10.1,-0.3,107,107
2025.04.03 16:59:51,DOWN,-6.3,2,5.8,-10.2,8,17
2025.04.03 17:04:51,UP,5.4,1,10.3,-4.6,73,73
2025.04.03 17:09:52,UP,13.8,2,9.4,-10.5,269,511
2025.04.03 17:18:24,DOWN,-13.3,2,0.2,-10.1,0,64
2025.04.03 17:26:56,DOWN,-5.1,2,0.0,-10.3,0,158
2025.04.03 17:31:57,UP,8.4,1,10.1,-4.7,376,376
2025.04.03 17:38:13,UP,13.9,1,10.0,-2.8,494,494
2025.04.03 17:46:45,UP,5.1,2,2.3,-10.1,20,143
2025.04.03 17:52:21,UP,5.3,2,4.6,-10.3,81,656
2025.04.03 18:03:18,DOWN,-6.9,1,10.4,-3.1,547,547
2025.04.03 18:12:25,DOWN,-8.2,1,10.9,-0.2,182,182
2025.04.03 18:17:26,DOWN,-5.1,1,10.6,-1.0,178,178
2025.04.03 18:22:44,DOWN,-6.0,1,10.5,-2.3,200,200
2025.04.03 18:27:44,DOWN,-10.3,1,10.3,-8.2,667,667
2025.04.03 18:38:51,DOWN,-6.2,1,10.2,-9.5,2669,2669
2025.04.03 19:23:20,DOWN,-10.5,1,10.4,-4.8,2829,2829
2025.04.03 20:12:24,DOWN,-5.2,2,1.7,-10.0,19,375
2025.04.03 20:18:39,UP,9.1,2,2.9,-10.2,34,999
2025.04.03 20:52:01,UP,5.0,1,10.2,-5.5,1709,1709
2025.04.03 21:22:49,UP,5.6,2,1.4,-10.3,1747,3526
2025.04.03 22:27:36,DOWN,-5.8,2,6.4,-10.1,1065,3780
2025.04.03 23:32:22,UP,5.2,1,10.3,-2.3,821,821
2025.04.03 23:49:04,UP,5.1,1,10.1,-4.8,5575,5575
2025.04.04 01:31:47,UP,5.4,2,8.0,-10.1,462,2007
2025.04.04 02:05:31,DOWN,-5.1,1,10.2,-1.6,3437,3437
2025.04.04 03:03:05,DOWN,-5.1,2,3.4,-10.3,998,2258
2025.04.04 03:41:12,UP,5.5,1,10.1,-2.3,797,797
2025.04.04 04:18:52,UP,5.0,1,10.2,-5.7,3142,3142
2025.04.04 05:14:06,UP,5.3,2,2.3,-10.1,5,608
2025.04.04 05:24:14,DOWN,-7.8,2,9.2,-10.6,2252,3535
2025.04.04 06:34:31,UP,5.3,1,10.0,-0.9,613,613
2025.04.04 06:44:45,UP,5.1,2,6.3,-10.2,516,2929
2025.04.04 07:33:34,DOWN,-8.2,2,0.1,-10.1,45,1866
2025.04.04 08:04:40,UP,5.1,1,10.1,-0.5,691,691
2025.04.04 08:18:44,UP,5.2,2,4.0,-10.1,519,813
2025.04.04 08:32:17,DOWN,-12.2,1,10.1,0.0,448,448
2025.04.04 08:39:45,DOWN,-5.1,1,10.0,-2.4,1604,1604
2025.04.04 09:07:10,DOWN,-5.1,1,10.1,-7.0,1501,1501
2025.04.04 09:51:51,DOWN,-5.0,1,10.2,-8.8,2291,2291
2025.04.04 10:35:59,DOWN,-5.1,1,10.0,-0.8,116,116
2025.04.04 10:43:49,DOWN,-5.3,1,10.2,-2.5,188,188
2025.04.04 10:48:49,DOWN,-5.9,1,10.1,-7.5,487,487
2025.04.04 10:56:56,DOWN,-12.5,1,10.1,-4.3,204,204
2025.04.04 11:01:56,DOWN,-21.4,2,7.6,-10.5,41,125
2025.04.04 11:08:55,UP,5.6,2,8.8,-11.1,1293,1941
2025.04.04 11:41:16,DOWN,-5.3,2,1.1,-10.1,35,172
2025.04.04 11:46:47,UP,5.2,2,2.3,-10.2,19,399
2025.04.04 12:02:34,DOWN,-5.4,1,10.8,-0.2,187,187
2025.04.04 12:11:14,DOWN,-5.3,2,8.2,-10.1,2110,2395
2025.04.04 12:51:23,UP,5.1,2,1.0,-10.2,44,604
2025.04.04 13:01:40,DOWN,-5.4,1,10.1,-3.5,286,286
2025.04.04 13:06:40,DOWN,-6.6,2,3.8,-10.4,19,40
2025.04.04 13:18:03,UP,5.1,1,10.0,-3.0,65,65
2025.04.04 13:23:03,UP,16.4,1,10.0,-2.7,79,79
2025.04.04 13:28:06,UP,5.1,1,10.1,-4.4,249,249
2025.04.04 13:35:59,DOWN,-5.1,1,10.0,-5.1,570,570
2025.04.04 13:47:00,UP,5.5,2,5.8,-10.2,26,247
2025.04.04 13:52:33,DOWN,-5.3,2,7.7,-10.0,172,602
2025.04.04 14:02:35,UP,7.8,1,10.2,-2.6,239,239
2025.04.04 14:07:36,UP,5.1,1,10.9,-9.7,479,479
2025.04.04 14:15:35,UP,6.4,2,6.8,-10.4,140,300
2025.04.04 14:20:35,DOWN,-5.4,2,1.3,-10.7,41,164
2025.04.04 14:25:50,DOWN,-5.1,2,8.8,-10.3,325,645
2025.04.04 14:36:35,UP,6.5,1,10.1,-9.3,373,373
2025.04.04 14:42:49,UP,7.4,2,5.6,-10.1,19,190
2025.04.04 14:47:49,DOWN,-5.9,1,10.1,-9.0,787,787
2025.04.04 15:00:57,DOWN,-6.5,2,2.9,-10.7,9,132
2025.04.04 15:06:50,UP,5.3,2,7.2,-10.2,105,231
2025.04.04 15:11:50,DOWN,-5.4,2,8.7,-10.2,188,281
2025.04.04 15:16:50,UP,17.8,1,10.8,-3.5,152,152
2025.04.04 15:22:06,UP,5.1,1,10.2,-5.3,301,301
2025.04.04 15:27:51,UP,5.3,2,3.8,-12.5,25,130
2025.04.04 15:32:51,DOWN,-15.8,2,0.5,-10.6,1,20
2025.04.04 15:37:51,DOWN,-19.9,2,1.3,-10.0,3,32
2025.04.04 15:42:51,DOWN,-11.1,2,4.8,-10.1,145,248
2025.04.04 15:47:51,UP,8.3,2,0.6,-10.1,1,146
2025.04.04 15:52:51,DOWN,-5.5,1,10.6,-1.7,53,53
2025.04.04 15:57:55,DOWN,-5.5,2,1.5,-10.1,14,124
2025.04.04 16:02:55,UP,6.0,1,10.0,-4.5,101,101
2025.04.04 16:08:31,DOWN,-5.3,2,3.0,-11.1,25,404
2025.04.04 16:16:55,DOWN,-5.0,2,0.8,-10.0,4,72
2025.04.04 16:21:55,DOWN,-9.2,1,10.2,-7.7,324,324
2025.04.04 16:27:19,DOWN,-16.6,2,5.9,-10.7,88,186
2025.04.04 16:32:19,UP,7.6,2,1.3,-10.0,3,141
2025.04.04 16:37:37,UP,5.2,2,0.0,-10.1,0,86
2025.04.04 16:42:37,UP,6.9,2,0.0,-10.6,0,114
2025.04.04 16:49:23,DOWN,-5.2,1,11.0,-1.0,230,230
2025.04.04 16:54:23,DOWN,-7.5,1,11.0,-7.3,565,565
2025.04.04 17:03:48,DOWN,-8.0,1,10.0,-0.5,69,69
2025.04.04 17:08:48,UP,15.5,1,10.0,-4.0,522,522
2025.04.04 17:17:30,UP,7.8,2,0.3,-10.1,11,125
2025.04.04 17:22:56,DOWN,-5.4,1,10.2,-2.6,88,88
2025.04.04 17:27:57,UP,5.2,2,6.7,-10.3,114,422
2025.04.04 17:34:59,DOWN,-15.0,1,10.0,-1.5,521,521
2025.04.04 17:43:41,DOWN,-5.3,1,10.4,-4.6,443,443
2025.04.04 17:51:04,DOWN,-8.1,2,1.1,-10.3,4,75
2025.04.04 17:57:21,DOWN,-5.6,2,0.6,-10.0,4,40
2025.04.04 18:02:21,UP,14.2,2,3.8,-10.1,10,161
2025.04.04 18:07:36,DOWN,-5.1,2,5.9,-10.5,125,214
2025.04.04 18:12:50,UP,5.7,2,8.8,-10.8,272,733
2025.04.04 18:25:03,DOWN,-5.6,1,10.1,-1.1,13,13
2025.04.04 18:30:13,UP,5.2,2,0.1,-11.0,0,18
2025.04.04 18:38:18,DOWN,-5.6,2,0.0,-10.3,0,191
2025.04.04 18:43:18,UP,10.4,1,10.0,-5.8,929,929
2025.04.04 18:58:48,UP,7.1,2,6.8,-10.2,118,455
2025.04.04 19:06:23,DOWN,-6.7,1,10.3,-5.8,384,384
2025.04.04 19:12:47,DOWN,-5.9,1,10.7,-2.8,467,467
2025.04.04 19:20:34,DOWN,-5.3,1,10.2,-8.5,1356,1356
2025.04.04 19:43:54,DOWN,-5.0,1,10.1,-6.9,1408,1408
2025.04.04 20:07:22,DOWN,-7.6,1,11.3,-0.9,109,109
2025.04.04 20:12:22,DOWN,-18.4,2,4.9,-10.1,16,150
2025.04.04 20:23:58,DOWN,-5.7,2,5.4,-10.1,525,1116
2025.04.04 20:42:34,UP,10.3,1,10.6,-4.6,316,316
2025.04.04 20:47:50,UP,12.0,2,2.8,-10.7,530,764
2025.04.04 21:00:56,DOWN,-5.1,2,2.8,-10.1,191,501
2025.04.04 21:09:17,UP,7.7,1,10.3,-3.2,1332,1332
2025.04.04 21:33:02,UP,5.3,2,1.3,-10.1,9,360
2025.04.04 21:39:02,DOWN,-9.0,1,10.7,-6.9,1044,1044
2025.04.04 21:56:27,DOWN,-6.8,1,10.1,-2.8,325,325
2025.04.04 22:01:52,DOWN,-9.7,2,7.3,-10.1,517,1366
2025.04.04 22:33:02,UP,5.1,1,10.0,-2.7,561,561
2025.04.04 22:42:23,UP,8.3,2,6.6,-10.1,274,957
2025.04.04 22:58:21,DOWN,-9.9,1,10.2,-5.0,1578,1578
2025.04.04 23:24:39,DOWN,-14.3,2,5.3,-10.0,87,718
2025.04.04 23:45:39,UP,5.1,1,10.2,-1.6,415,415
2025.04.04 23:52:35,UP,5.6,2,8.0,-69.1,200,173246
2025.04.07 00:00:43,DOWN,-71.6,1,12.0,-5.3,653,653
2025.04.07 00:11:37,DOWN,-7.7,2,0.9,-10.7,0,1092
2025.04.07 00:29:52,UP,8.9,1,10.4,-3.1,754,754
2025.04.07 00:42:26,UP,7.5,1,10.0,-1.0,77,77
2025.04.07 00:47:31,UP,6.3,1,10.0,-1.8,168,168
2025.04.07 00:54:06,DOWN,-5.1,2,0.4,-10.6,346,357
2025.04.07 01:00:03,UP,6.9,1,10.0,-2.3,346,346
2025.04.07 01:05:50,UP,5.8,1,10.3,-7.7,228,228
2025.04.07 01:13:05,UP,5.2,1,10.0,-0.8,186,186
2025.04.07 01:18:05,UP,15.7,1,10.1,-1.9,207,207
2025.04.07 01:23:05,UP,13.1,2,7.6,-10.3,18,175
2025.04.07 01:30:21,UP,5.3,2,0.6,-10.2,1,137
2025.04.07 01:36:08,UP,5.6,2,1.3,-12.3,1,67
2025.04.07 02:01:04,UP,5.2,1,10.0,-4.5,589,589
2025.04.07 02:10:53,UP,8.3,2,4.0,-10.3,867,1110
2025.04.07 02:29:24,DOWN,-12.1,2,3.7,-10.0,344,918
2025.04.07 02:44:42,UP,11.0,2,3.0,-10.1,443,633
2025.04.07 02:57:30,DOWN,-6.3,1,10.3,-4.4,199,199
2025.04.07 03:02:30,DOWN,-10.0,1,10.3,-2.9,145,145
2025.04.07 03:07:31,DOWN,-5.4,1,10.2,-5.2,414,414
2025.04.07 03:14:25,DOWN,-12.5,2,4.3,-10.2,91,559
2025.04.07 03:23:44,UP,10.8,1,10.2,-9.0,3762,3762
2025.04.07 04:26:26,UP,5.3,2,2.9,-10.7,36,357
2025.04.07 04:32:24,DOWN,-9.1,2,4.0,-10.1,293,640
2025.04.07 04:43:05,UP,9.3,1,10.1,-3.3,335,335
2025.04.07 04:48:40,UP,6.0,2,0.5,-10.0,219,491
2025.04.07 04:56:51,DOWN,-7.8,1,10.5,-0.2,475,475
2025.04.07 05:04:46,DOWN,-8.5,1,10.7,-4.7,1093,1093
2025.04.07 05:23:32,DOWN,-5.0,1,10.4,-2.5,283,283
2025.04.07 05:28:32,DOWN,-12.1,1,10.8,-4.2,381,381
2025.04.07 05:34:54,DOWN,-10.2,2,6.4,-10.3,616,1462
2025.04.07 05:59:16,UP,5.6,1,10.2,-7.1,2775,2775
2025.04.07 06:47:45,UP,5.1,1,10.0,-2.3,1481,1481
2025.04.07 07:12:26,UP,6.7,1,10.1,-2.4,642,642
2025.04.07 07:23:08,UP,5.1,1,10.1,-1.3,880,880
2025.04.07 07:37:48,UP,7.5,1,10.3,-3.8,2461,2461
2025.04.07 08:18:49,UP,8.1,1,10.0,-4.4,1155,1155
2025.04.07 08:43:29,DOWN,-6.0,2,1.5,-10.1,50,533
2025.04.07 08:52:22,UP,6.0,1,10.0,-1.6,309,309
2025.04.07 08:57:32,UP,10.5,2,8.6,-10.1,320,1861
2025.04.07 09:28:33,DOWN,-11.9,2,6.7,-10.2,410,1105
2025.04.07 09:47:00,UP,5.4,2,9.4,-10.2,58,305
2025.04.07 09:52:05,DOWN,-15.5,2,9.5,-10.1,239,598
2025.04.07 10:02:04,UP,11.3,1,10.2,-5.8,306,306
2025.04.07 10:07:10,UP,7.0,1,10.2,-3.2,241,241
2025.04.07 10:12:10,UP,16.6,2,6.5,-10.0,93,348
2025.04.07 10:17:58,DOWN,-6.7,1,10.1,-2.4,739,739
2025.04.07 10:30:17,DOWN,-6.1,1,10.3,-5.4,966,966
2025.04.07 10:46:23,DOWN,-11.6,1,10.0,-2.4,568,568
2025.04.07 10:57:43,DOWN,-5.4,2,0.3,-10.3,2,195
2025.04.07 11:02:43,UP,17.7,2,3.6,-10.1,30,688
2025.04.07 11:14:11,DOWN,-7.8,1,10.4,-1.9,288,288
2025.04.07 11:19:11,DOWN,-8.4,1,10.0,-0.5,172,172
2025.04.07 11:24:11,DOWN,-5.2,1,10.6,-6.6,326,326
2025.04.07 11:29:38,DOWN,-8.5,2,6.4,-10.4,340,750
2025.04.07 11:42:08,UP,5.6,1,10.1,-2.6,292,292
2025.04.07 11:47:08,UP,7.5,1,10.1,-0.3,363,363
2025.04.07 11:54:30,UP,5.9,2,3.0,-10.0,28,269
2025.04.07 11:59:30,DOWN,-13.4,1,10.1,0.0,101,101
2025.04.07 12:07:07,DOWN,-5.3,1,10.1,-0.2,285,285
2025.04.07 12:12:07,DOWN,-10.3,1,10.4,-2.1,778,778
2025.04.07 12:25:13,DOWN,-5.3,1,10.2,-6.1,941,941
2025.04.07 12:40:54,DOWN,-10.2,2,3.0,-10.2,82,794
2025.04.07 12:54:08,UP,11.5,1,10.2,-8.3,1407,1407
2025.04.07 13:17:35,UP,5.5,1,10.2,-0.4,325,325
2025.04.07 13:34:43,UP,5.2,2,0.2,-10.1,0,346
2025.04.07 13:42:15,DOWN,-5.6,1,10.1,-0.7,701,701
2025.04.07 13:53:56,DOWN,-5.0,1,10.1,-4.4,440,440
2025.04.07 14:01:47,UP,5.1,2,1.4,-10.1,257,593
2025.04.07 14:11:40,DOWN,-7.8,1,10.4,-1.9,614,614
2025.04.07 14:21:54,DOWN,-9.1,2,7.9,-10.2,64,595
2025.04.07 14:31:49,UP,8.4,2,0.3,-10.0,0,274
2025.04.07 14:39:04,DOWN,-5.1,2,2.6,-10.1,16,576
2025.04.07 14:48:46,UP,5.1,1,10.1,-2.5,166,166
2025.04.07 14:53:46,UP,12.5,2,6.5,-10.0,374,1245
2025.04.07 15:14:31,DOWN,-13.7,1,10.1,-6.2,861,861
2025.04.07 15:28:52,DOWN,-11.7,2,3.7,-10.5,16,217
2025.04.07 15:33:52,UP,9.3,1,10.2,-0.5,186,186
2025.04.07 15:38:52,UP,9.4,1,11.0,-2.0,283,283
2025.04.07 15:43:52,UP,11.0,1,10.4,-6.8,490,490
2025.04.07 15:52:09,UP,5.1,2,1.3,-10.2,5,159
2025.04.07 15:58:31,DOWN,-5.3,1,10.0,-0.6,543,543
2025.04.07 16:15:23,UP,5.1,2,0.5,-10.2,3,370
2025.04.07 16:21:33,DOWN,-5.1,1,10.1,-0.3,161,161
2025.04.07 16:26:40,UP,5.3,2,8.0,-10.3,254,1070
2025.04.07 16:44:30,DOWN,-9.6,1,10.4,-1.6,247,247
2025.04.07 16:49:30,DOWN,-11.8,2,7.5,-10.9,1229,1250
2025.04.07 17:10:20,UP,18.5,1,10.2,-0.1,14,14
2025.04.07 17:15:20,DOWN,-5.3,2,2.9,-10.6,35,50
2025.04.07 17:20:20,UP,5.7,1,10.0,-4.7,110,110
2025.04.07 17:25:20,DOWN,-10.3,2,0.6,-10.1,3,25
2025.04.07 17:30:42,DOWN,-5.3,2,3.9,-10.6,39,265
2025.04.07 17:36:18,UP,5.2,2,0.1,-10.3,0,27
2025.04.07 17:47:07,UP,5.5,2,0.9,-10.1,0,45
2025.04.07 17:52:07,UP,8.0,2,4.1,-10.7,5,120
2025.04.07 17:57:10,DOWN,-5.8,2,0.4,-10.0,2,54
2025.04.07 18:02:26,DOWN,-5.1,2,9.6,-10.0,462,737
2025.04.07 18:14:43,UP,16.0,2,0.0,-10.7,0,20
2025.04.07 18:20:42,UP,5.1,1,10.1,-7.9,352,352
2025.04.07 18:26:35,UP,8.9,2,1.7,-10.2,6,69
2025.04.07 18:31:35,DOWN,-17.4,2,0.5,-10.2,166,716
2025.04.07 18:43:31,UP,8.3,1,10.0,-4.1,711,711
2025.04.07 18:55:22,UP,6.1,2,0.5,-10.0,180,265
2025.04.07 19:05:22,DOWN,-6.1,2,1.3,-10.3,4,615
2025.04.07 19:17:02,UP,5.2,1,10.0,-3.8,703,703
2025.04.07 19:28:46,UP,7.7,2,0.5,-10.2,1,709
2025.04.07 19:42:21,DOWN,-5.6,2,8.5,-10.4,166,870
2025.04.07 19:57:09,UP,5.1,1,10.8,-2.5,177,177
2025.04.07 20:16:33,UP,5.3,1,10.4,-6.4,3116,3116
2025.04.07 21:08:29,UP,10.1,2,0.2,-10.1,1,176
2025.04.07 21:13:29,DOWN,-6.1,1,10.0,-0.3,408,408
2025.04.07 21:31:01,UP,5.1,1,10.1,-10.0,4023,4023
2025.04.07 22:38:04,UP,7.8,2,5.2,-10.0,389,928
2025.04.07 22:53:43,DOWN,-5.6,1,10.2,-0.5,173,173
2025.04.07 22:58:44,DOWN,-6.3,1,10.1,-0.1,1067,1067
2025.04.08 00:00:40,DOWN,-6.3,2,0.3,-10.2,121,3145
2025.04.08 01:01:16,UP,5.1,1,10.0,-9.6,8532,8532
2025.04.08 03:23:29,UP,5.0,1,10.1,-0.3,536,536
2025.04.08 03:38:34,UP,5.0,1,10.1,-5.0,1492,1492
2025.04.08 04:03:26,UP,12.3,2,2.4,-10.0,101,729
2025.04.08 04:15:38,DOWN,-5.1,2,2.8,-10.1,104,525
2025.04.08 04:27:18,UP,5.2,1,10.2,-4.5,2008,2008
2025.04.08 05:02:00,UP,5.0,1,10.1,-3.3,2176,2176
2025.04.08 05:38:24,UP,5.1,2,5.4,-10.1,448,3068
2025.04.08 07:18:37,UP,5.4,2,6.1,-10.0,459,3601
2025.04.08 08:41:51,DOWN,-5.5,2,3.3,-10.0,136,992
2025.04.08 09:00:06,DOWN,-5.5,2,1.0,-10.3,1,246
2025.04.08 09:08:25,UP,5.2,1,10.6,-6.1,1858,1858
2025.04.08 09:39:23,UP,12.1,2,4.4,-10.1,290,1078
2025.04.08 09:57:21,DOWN,-8.3,1,10.7,-4.6,1354,1354
2025.04.08 10:19:55,DOWN,-10.7,1,10.1,0.0,185,185
2025.04.08 10:24:55,DOWN,-7.7,2,3.5,-10.0,198,455
2025.04.08 10:32:31,UP,9.6,2,4.4,-10.1,84,340
2025.04.08 10:38:11,DOWN,-9.3,1,10.1,-0.4,393,393
2025.04.08 10:44:45,DOWN,-6.1,1,10.3,-0.2,678,678
2025.04.08 10:56:03,DOWN,-7.0,1,10.3,-1.4,101,101
2025.04.08 11:01:16,UP,5.1,1,10.1,-1.3,490,490
2025.04.08 11:09:26,UP,8.2,1,10.1,-3.6,1300,1300
2025.04.08 11:32:57,DOWN,-5.1,1,10.2,-5.0,1256,1256
2025.04.08 11:53:53,DOWN,-10.3,2,1.5,-10.1,6,99
2025.04.08 12:01:31,DOWN,-5.1,1,10.0,-3.2,590,590
2025.04.08 12:11:22,DOWN,-5.4,1,10.1,-9.0,1322,1322
2025.04.08 12:33:24,DOWN,-5.9,2,0.1,-10.0,22,205
2025.04.08 12:42:55,UP,5.1,1,10.1,-8.6,2838,2838
2025.04.08 13:32:20,UP,5.0,2,3.2,-10.3,526,1296
2025.04.08 13:54:01,DOWN,-5.1,2,3.4,-10.8,200,789
2025.04.08 14:11:21,UP,5.4,2,8.7,-10.5,738,1871
2025.04.08 14:43:42,UP,5.4,1,10.1,-2.9,1196,1196
2025.04.08 15:03:38,UP,8.6,1,10.1,-1.0,620,620
2025.04.08 15:14:31,UP,5.4,2,0.2,-10.2,1,469
2025.04.08 15:31:42,UP,5.0,1,11.0,-0.2,351,351
2025.04.08 15:37:33,UP,5.0,2,4.6,-10.4,198,771
2025.04.08 15:57:43,DOWN,-5.2,1,10.1,-7.7,2254,2254
2025.04.08 16:38:00,DOWN,-5.2,1,10.1,-7.1,1408,1408
2025.04.08 17:01:28,DOWN,-8.7,1,10.1,-2.3,576,576
2025.04.08 17:11:04,DOWN,-7.4,1,10.1,-5.5,698,698
2025.04.08 17:22:42,DOWN,-11.1,1,11.4,-7.1,753,753
2025.04.08 17:35:15,DOWN,-6.9,2,5.6,-10.2,17,236
2025.04.08 17:41:04,DOWN,-5.8,2,9.7,-10.4,166,776
2025.04.08 17:54:00,UP,6.4,2,6.7,-10.4,585,1111
2025.04.08 18:12:32,DOWN,-9.2,2,2.9,-10.3,119,721
2025.04.08 18:24:33,UP,6.9,1,10.0,-0.2,621,621
2025.04.08 18:34:54,UP,7.4,2,0.0,-10.1,0,419
2025.04.08 18:41:53,DOWN,-5.5,2,3.0,-10.1,87,781
2025.04.08 18:56:01,DOWN,-5.3,1,10.2,-2.4,498,498
2025.04.08 19:04:20,DOWN,-9.8,2,3.0,-10.0,141,1490
2025.04.08 19:41:28,UP,5.0,1,10.6,-3.2,409,409
2025.04.08 19:48:18,UP,10.8,2,0.0,-10.1,0,38
2025.04.08 19:58:01,UP,5.1,1,11.3,-2.8,681,681
2025.04.08 20:09:22,UP,8.5,2,7.5,-10.6,182,1799
2025.04.08 20:39:22,DOWN,-10.8,2,4.3,-10.2,238,581
2025.04.08 20:49:03,UP,7.6,2,1.4,-10.1,72,272
2025.04.08 20:54:03,DOWN,-8.2,2,1.3,-10.1,250,937
2025.04.08 21:09:43,UP,8.8,1,10.9,-1.0,728,728
2025.04.08 21:22:51,UP,5.2,1,10.6,-4.8,441,441
2025.04.08 21:30:12,UP,11.7,2,1.5,-10.1,4,58
2025.04.08 21:46:17,DOWN,-5.2,2,4.4,-10.2,573,1083
2025.04.08 22:04:20,UP,7.6,1,10.2,-1.1,576,576
2025.04.08 22:13:56,UP,6.6,2,5.3,-10.0,242,1416
2025.04.08 22:37:33,DOWN,-5.3,1,10.5,-2.0,694,694
2025.04.08 22:49:07,DOWN,-6.6,2,1.3,-10.0,27,990
2025.04.08 23:11:41,DOWN,-5.3,1,10.1,-1.0,619,619
2025.04.08 23:24:17,DOWN,-5.3,2,5.2,-10.3,102,1599
2025.04.08 23:52:10,UP,5.4,2,1.7,-11.1,469,829
2025.04.09 00:39:04,UP,7.0,1,10.4,-1.3,1950,1950
2025.04.09 01:11:38,UP,5.7,1,10.7,-1.5,3262,3262
2025.04.09 02:23:56,UP,5.2,1,10.1,-5.6,3430,3430
2025.04.09 03:21:07,UP,7.1,1,10.4,-5.0,1091,1091
2025.04.09 03:39:18,UP,5.4,1,10.3,-2.0,624,624
2025.04.09 03:49:42,UP,9.4,1,10.0,-5.0,640,640
2025.04.09 04:03:02,UP,5.1,1,10.1,-4.0,840,840
2025.04.09 04:17:02,UP,11.4,2,9.8,-10.1,400,1131
2025.04.09 04:35:54,DOWN,-5.8,2,1.1,-10.6,0,503
2025.04.09 04:44:17,UP,7.5,2,8.2,-10.6,254,504
2025.04.09 04:52:42,DOWN,-10.2,2,9.7,-10.5,3097,4663
2025.04.09 06:27:11,UP,5.1,2,3.7,-10.1,173,907
2025.04.09 06:43:51,DOWN,-5.4,2,5.0,-10.4,755,1257
2025.04.09 07:04:48,UP,8.8,1,10.0,-0.6,210,210
2025.04.09 07:09:48,UP,6.3,1,10.1,-6.5,717,717
2025.04.09 07:26:27,UP,5.3,1,10.3,0.0,105,105
2025.04.09 07:35:19,DOWN,-6.2,2,5.5,-10.7,719,1297
2025.04.09 07:57:33,UP,5.5,2,3.0,-10.9,113,474
2025.04.09 08:07:41,DOWN,-5.1,1,10.1,-1.5,1185,1185
2025.04.09 08:27:26,DOWN,-5.3,1,10.1,-2.9,573,573
2025.04.09 08:36:59,DOWN,-6.3,2,2.4,-10.4,90,243
2025.04.09 08:41:59,UP,7.4,1,10.0,-2.5,479,479
2025.04.09 08:49:58,UP,9.1,1,10.1,-0.4,963,963
2025.04.09 09:06:07,UP,5.2,2,0.2,-10.1,5,278
2025.04.09 09:12:20,DOWN,-5.2,1,10.1,-1.5,201,201
2025.04.09 09:19:28,UP,5.0,1,10.3,-4.8,854,854
2025.04.09 09:33:42,UP,10.5,2,1.0,-10.0,190,399
2025.04.09 09:40:29,DOWN,-5.1,2,4.0,-10.5,72,381
2025.04.09 09:46:52,UP,5.0,1,11.2,-3.5,408,408
2025.04.09 09:53:40,UP,11.6,1,10.3,-0.4,20,20
2025.04.09 09:58:40,DOWN,-10.8,1,10.1,-3.6,381,381
2025.04.09 10:07:53,UP,5.3,2,2.5,-10.1,62,292
2025.04.09 10:12:53,DOWN,-8.5,1,10.5,-0.8,56,56
2025.04.09 10:21:31,UP,5.3,2,5.5,-10.4,55,552
2025.04.09 10:31:07,DOWN,-5.4,1,10.5,-5.9,618,618
2025.04.09 10:41:25,DOWN,-5.9,2,0.3,-10.5,0,72
2025.04.09 10:46:25,DOWN,-5.9,1,10.3,-4.6,218,218
2025.04.09 10:51:25,DOWN,-8.9,1,10.9,-9.1,339,339
2025.04.09 10:57:04,DOWN,-16.2,1,10.1,-5.3,287,287
2025.04.09 11:02:04,DOWN,-6.6,1,10.5,-1.2,63,63
2025.04.09 11:08:28,UP,5.2,1,10.0,-6.9,1179,1179
2025.04.09 11:28:10,UP,5.1,1,10.2,-4.0,1044,1044
2025.04.09 11:45:34,UP,5.4,2,3.1,-10.0,31,932
2025.04.09 12:01:06,DOWN,-5.4,1,10.2,-0.1,104,104
2025.04.09 12:06:31,UP,5.4,1,10.4,-1.0,352,352
2025.04.09 12:14:06,UP,5.8,2,3.9,-10.2,76,669
2025.04.09 12:31:17,DOWN,-5.4,2,1.6,-10.1,73,210
2025.04.09 12:36:20,UP,5.1,1,10.1,-6.3,1154,1154
2025.04.09 12:55:34,UP,10.2,1,10.0,-3.2,892,892
2025.04.09 13:10:58,UP,5.1,2,0.0,-10.0,0,231
2025.04.09 13:16:11,DOWN,-5.7,1,10.2,-1.9,363,363
2025.04.09 13:22:15,DOWN,-7.2,2,7.0,-10.3,151,1380
2025.04.09 13:45:59,UP,5.3,2,5.4,-10.4,124,428
2025.04.09 13:53:07,DOWN,-8.6,1,10.4,-9.0,517,517
2025.04.09 14:01:44,DOWN,-8.4,2,3.0,-11.0,3,61
2025.04.09 14:06:51,UP,5.1,1,10.1,-3.3,107,107
2025.04.09 14:11:51,DOWN,-11.6,2,5.7,-10.4,36,215
2025.04.09 14:17:23,DOWN,-5.9,1,10.1,-2.5,283,283
2025.04.09 14:27:09,UP,5.2,1,10.3,-2.5,215,215
2025.04.09 14:32:50,UP,5.5,2,4.8,-10.1,59,410
2025.04.09 14:39:40,DOWN,-6.9,1,10.6,-10.0,856,856
2025.04.09 14:53:56,DOWN,-13.9,2,0.1,-10.1,0,411
2025.04.09 15:00:48,UP,5.8,1,10.7,-2.1,927,927
2025.04.09 15:21:32,UP,5.2,1,10.1,-2.2,180,180
2025.04.09 15:29:47,UP,5.4,1,10.1,-0.3,267,267
2025.04.09 15:34:47,UP,7.3,2,8.0,-10.1,239,650
2025.04.09 15:46:00,DOWN,-5.6,1,10.1,-0.5,140,140
2025.04.09 15:51:00,UP,5.0,1,10.5,-7.7,718,718
2025.04.09 16:03:56,DOWN,-5.1,2,10.0,-10.2,164,1175
2025.04.09 16:23:32,UP,10.3,2,1.0,-10.0,9,435
2025.04.09 16:30:47,DOWN,-9.7,1,10.5,-3.4,125,125
2025.04.09 16:37:47,UP,5.8,2,0.9,-10.2,3,74
2025.04.09 16:43:45,DOWN,-6.0,1,10.0,-2.2,450,450
2025.04.09 16:52:23,DOWN,-5.3,2,7.3,-10.3,705,1470
2025.04.09 17:16:53,UP,5.1,2,2.0,-10.2,344,493
2025.04.09 17:36:01,UP,5.4,2,1.1,-10.1,7,499
2025.04.09 17:44:20,DOWN,-6.7,1,12.0,-1.8,405,405
2025.04.09 17:51:05,DOWN,-7.9,2,2.2,-10.1,2,114
2025.04.09 18:08:01,UP,5.5,1,10.3,-3.0,638,638
2025.04.09 18:18:39,UP,5.6,1,10.1,-7.1,1123,1123
2025.04.09 18:40:53,DOWN,-5.1,1,10.0,-0.1,743,743
2025.04.09 18:53:17,DOWN,-6.6,1,10.1,-2.4,413,413
2025.04.09 19:01:12,DOWN,-5.2,1,10.2,-9.1,3141,3141
2025.04.09 19:53:33,DOWN,-16.7,1,10.1,-2.5,435,435
2025.04.09 20:00:48,DOWN,-7.4,2,0.8,-11.9,43,76
2025.04.09 20:07:00,UP,5.1,1,10.1,-7.1,508,508
2025.04.09 20:15:38,UP,5.0,2,4.5,-10.5,198,242
2025.04.09 20:20:38,UP,27.6,1,10.5,-3.0,18,18
2025.04.09 20:25:38,UP,5.2,2,3.1,-11.3,2,15
2025.04.09 20:30:38,UP,15.4,2,1.3,-10.7,18,64
2025.04.09 20:35:55,DOWN,-5.5,2,0.0,-10.2,0,18
2025.04.09 20:42:10,UP,5.7,1,10.4,-3.7,205,205
2025.04.09 20:47:47,UP,5.3,1,10.4,-1.0,124,124
2025.04.09 20:52:47,DOWN,-11.8,1,10.0,-2.1,70,70
2025.04.09 20:57:47,UP,8.6,2,2.5,-11.7,12,89
2025.04.09 21:02:47,DOWN,-5.4,1,10.1,-1.2,23,23
2025.04.09 21:07:47,DOWN,-21.0,2,9.6,-10.8,16,38
2025.04.09 21:14:51,DOWN,-5.1,2,2.2,-10.2,3,74
2025.04.09 21:19:51,DOWN,-7.1,2,2.6,-10.1,99,161
2025.04.09 21:24:51,UP,19.5,1,10.9,-6.0,460,460
2025.04.09 21:32:31,UP,8.1,1,10.0,-3.1,166,166
2025.04.09 21:38:18,UP,5.2,1,10.5,-4.9,275,275
2025.04.09 21:43:18,UP,17.8,2,7.2,-10.8,111,401
2025.04.09 21:49:59,DOWN,-12.6,1,10.2,-1.8,200,200
2025.04.09 21:57:17,UP,9.8,1,10.7,-7.6,407,407
2025.04.09 22:04:04,UP,6.6,2,6.0,-10.1,481,598
2025.04.09 22:14:02,DOWN,-10.4,1,11.6,-9.6,1298,1298
2025.04.09 22:35:54,DOWN,-5.2,1,10.0,-2.4,173,173
2025.04.09 22:41:34,UP,5.1,1,11.6,-2.4,367,367
2025.04.09 22:47:41,UP,6.7,2,2.1,-10.1,217,605
2025.04.09 22:57:46,DOWN,-7.7,1,10.2,-0.4,472,472
2025.04.09 23:05:39,DOWN,-7.2,2,0.5,-11.1,3,260
2025.04.09 23:13:01,UP,5.1,1,12.4,-5.1,786,786
2025.04.09 23:26:08,UP,13.9,2,3.8,-10.1,36,283
2025.04.09 23:33:06,DOWN,-5.1,2,7.6,-11.3,413,5279
2025.04.10 01:01:05,UP,6.5,2,4.9,-10.2,2835,4441
2025.04.10 02:28:46,UP,5.1,2,1.2,-10.3,14,1482
2025.04.10 02:53:28,DOWN,-5.9,2,0.1,-10.2,1,477
2025.04.10 03:02:37,UP,6.0,1,10.3,-5.3,1510,1510
2025.04.10 03:28:17,UP,5.1,1,10.3,-2.5,1460,1460
2025.04.10 03:54:19,UP,5.1,2,5.9,-10.2,1720,3143
2025.04.10 04:46:42,DOWN,-8.3,1,10.0,-7.3,2162,2162
2025.04.10 05:22:44,DOWN,-6.3,2,0.1,-10.2,10,2073
2025.04.10 05:57:18,UP,7.3,1,10.4,-1.2,739,739
2025.04.10 06:13:35,UP,5.3,2,9.0,-10.1,8427,10608
2025.04.10 09:11:47,DOWN,-5.3,2,3.3,-10.5,192,1110
2025.04.10 09:34:13,DOWN,-5.1,1,10.1,-2.3,272,272
2025.04.10 09:39:13,DOWN,-10.0,2,1.3,-10.4,56,318
2025.04.10 09:44:32,UP,8.7,2,2.7,-10.1,26,591
2025.04.10 09:54:23,DOWN,-7.4,2,3.0,-10.5,40,218
2025.04.10 09:59:23,UP,16.2,2,7.8,-10.2,108,208
2025.04.10 10:04:23,DOWN,-12.0,2,3.7,-10.2,69,141
2025.04.10 10:09:32,UP,5.6,1,10.6,-5.1,412,412
2025.04.10 10:16:24,UP,7.6,1,10.2,-9.4,938,938
2025.04.10 10:32:02,UP,15.6,1,10.5,-1.0,260,260
2025.04.10 10:38:01,UP,5.8,1,10.3,-6.5,781,781
2025.04.10 10:51:03,UP,6.8,1,10.2,-6.0,420,420
2025.04.10 10:58:03,UP,5.9,2,1.6,-10.0,14,749
2025.04.10 11:22:38,UP,5.2,1,10.1,-4.8,897,897
2025.04.10 11:37:35,UP,6.7,2,8.0,-10.3,51,347
2025.04.10 11:43:22,DOWN,-14.2,2,2.7,-10.1,141,264
2025.04.10 11:48:22,UP,8.9,1,10.0,-4.7,1872,1872
2025.04.10 12:19:34,UP,10.3,2,0.7,-10.2,3,1069
2025.04.10 12:40:30,UP,5.3,1,10.2,-5.5,1103,1103
2025.04.10 12:58:54,UP,9.3,1,10.4,-1.4,220,220
2025.04.10 13:03:54,UP,9.7,2,2.6,-10.2,596,1463
2025.04.10 13:28:29,DOWN,-5.1,2,2.5,-10.1,98,432
2025.04.10 13:36:41,UP,5.5,2,9.9,-10.1,324,895
2025.04.10 13:56:00,UP,5.3,1,10.7,-0.1,198,198
2025.04.10 14:14:14,DOWN,-5.3,1,10.0,-5.7,2279,2279
2025.04.10 14:52:17,DOWN,-5.1,2,0.1,-10.1,2,831
2025.04.10 15:08:09,UP,5.1,1,10.3,-2.5,288,288
2025.04.10 15:13:09,UP,8.1,1,10.1,-2.4,668,668
2025.04.10 15:28:54,UP,5.6,1,13.6,-7.5,68,68
2025.04.10 15:33:54,UP,25.0,2,7.1,-10.4,322,539
2025.04.10 15:42:53,DOWN,-11.1,1,10.0,-5.9,770,770
2025.04.10 15:55:43,DOWN,-5.4,1,10.3,-3.8,268,268
2025.04.10 16:00:45,DOWN,-5.2,2,1.2,-10.0,11,327
2025.04.10 16:07:42,UP,5.4,1,10.3,-2.7,530,530
2025.04.10 16:17:44,UP,5.8,1,10.1,-5.4,1512,1512
2025.04.10 16:42:56,UP,7.3,1,10.4,-3.1,1167,1167
2025.04.10 17:02:23,UP,9.7,2,1.7,-10.4,77,224
2025.04.10 17:09:01,DOWN,-5.2,2,2.1,-10.3,365,701
2025.04.10 17:20:46,UP,5.1,2,1.4,-10.1,2,306
2025.04.10 17:25:52,DOWN,-8.6,2,7.1,-10.0,104,542
2025.04.10 17:34:54,UP,7.0,1,11.3,-6.2,1105,1105
2025.04.10 17:53:19,UP,9.6,1,10.1,0.0,62,62
2025.04.10 17:58:19,UP,17.9,2,6.3,-10.1,98,307
2025.04.10 18:03:26,DOWN,-15.7,1,10.2,-5.2,619,619
2025.04.10 18:14:49,DOWN,-5.1,2,4.2,-10.2,130,256
2025.04.10 18:19:49,UP,12.9,1,10.0,-3.1,199,199
2025.04.10 18:24:49,UP,13.0,1,10.0,-3.1,557,557
2025.04.10 18:34:13,UP,5.3,1,11.0,-1.7,342,342
2025.04.10 18:39:55,UP,11.0,1,10.0,0.0,33,33
2025.04.10 18:44:55,UP,5.4,1,10.4,-2.1,123,123
2025.04.10 18:49:55,UP,8.6,2,0.4,-10.1,7,52
2025.04.10 18:54:55,DOWN,-16.2,1,10.2,-1.1,228,228
2025.04.10 18:59:55,DOWN,-12.8,1,10.6,-1.0,60,60
2025.04.10 19:05:29,DOWN,-5.6,2,0.1,-10.1,20,144
2025.04.10 19:12:28,UP,5.6,1,10.0,-2.4,279,279
2025.04.10 19:17:36,UP,5.0,1,10.4,-0.3,262,262
2025.04.10 19:22:36,UP,9.2,2,1.4,-10.2,18,151
2025.04.10 19:29:03,DOWN,-5.0,1,10.1,-1.9,179,179
2025.04.10 19:34:03,DOWN,-15.3,2,1.3,-10.0,8,328
2025.04.10 19:39:31,UP,5.9,1,10.1,-4.6,814,814
2025.04.10 19:53:05,UP,5.4,2,4.0,-10.8,153,477
2025.04.10 20:01:03,DOWN,-9.2,1,10.1,-6.0,356,356
2025.04.10 20:07:00,DOWN,-5.9,2,3.4,-10.1,22,325
2025.04.10 20:12:25,UP,12.8,2,2.5,-10.2,215,961
2025.04.10 20:28:26,DOWN,-8.8,2,2.7,-10.1,70,305
2025.04.10 20:33:31,UP,9.4,1,10.1,-0.9,328,328
2025.04.10 20:38:59,UP,6.8,1,10.1,-1.2,199,199
2025.04.10 20:43:59,UP,12.0,2,1.0,-10.0,21,719
2025.04.10 20:55:59,DOWN,-5.3,2,0.1,-10.1,6,167
2025.04.10 21:00:59,UP,5.6,2,0.4,-10.1,3,160
2025.04.10 21:09:52,UP,5.2,1,10.7,0.0,355,355
2025.04.10 21:17:11,UP,5.2,1,10.1,0.0,414,414
2025.04.10 21:24:11,UP,6.3,2,7.7,-10.7,954,1667
2025.04.10 21:52:29,DOWN,-5.1,1,11.1,0.0,90,90
2025.04.10 22:02:11,DOWN,-5.2,1,10.1,-0.8,317,317
2025.04.10 22:07:28,DOWN,-7.0,1,10.2,0.0,31,31
2025.04.10 22:12:36,UP,5.2,2,0.4,-11.2,1,87
2025.04.10 22:17:36,DOWN,-6.8,1,10.2,-0.6,217,217
2025.04.10 22:22:36,DOWN,-7.6,2,9.8,-10.4,402,1382
2025.04.10 22:46:23,UP,5.0,2,1.8,-10.1,12,135
2025.04.10 22:52:40,UP,5.2,1,10.0,0.0,173,173
2025.04.10 22:57:40,UP,6.2,1,10.1,-1.3,109,109
2025.04.10 23:02:41,DOWN,-8.8,1,10.3,-2.7,1346,1346
2025.04.10 23:28:27,DOWN,-5.1,2,2.4,-10.1,729,1295
2025.04.10 23:50:43,UP,5.4,2,5.1,-17.3,453,644
2025.04.11 00:01:30,DOWN,-13.3,2,0.0,-10.8,0,120
2025.04.11 00:14:20,UP,7.0,2,0.8,-10.4,75,767
2025.04.11 00:27:14,DOWN,-5.8,2,8.5,-10.9,1967,1983
2025.04.11 01:00:17,UP,12.2,1,10.7,-4.6,563,563
2025.04.11 01:09:40,UP,6.6,1,10.9,-0.2,794,794
2025.04.11 01:22:54,UP,6.7,2,0.4,-10.3,59,321
2025.04.11 01:28:15,DOWN,-8.5,2,5.3,-10.1,184,773
2025.04.11 01:41:08,UP,5.8,1,11.8,-5.8,603,603
2025.04.11 01:51:11,UP,12.9,2,1.9,-10.0,15,366
2025.04.11 01:57:18,DOWN,-8.5,2,0.5,-10.2,10,121
2025.04.11 02:02:19,DOWN,-9.6,1,11.1,-1.9,470,470
2025.04.11 02:14:24,UP,5.7,1,10.5,-6.5,1048,1048
2025.04.11 02:38:03,UP,6.0,2,5.4,-10.2,206,322
2025.04.11 02:43:25,DOWN,-7.9,2,4.5,-10.4,68,466
2025.04.11 02:51:48,UP,5.1,1,10.1,-0.5,33,33
2025.04.11 02:56:49,DOWN,-5.3,2,2.3,-10.1,193,315
2025.04.11 03:02:04,UP,8.4,2,2.4,-10.2,42,922
2025.04.11 03:18:05,DOWN,-5.1,2,2.0,-10.2,10,132
2025.04.11 03:23:06,UP,15.2,1,10.9,-8.0,524,524
2025.04.11 03:31:50,UP,11.8,1,10.3,-0.7,19,19
2025.04.11 03:36:50,UP,8.8,2,0.4,-10.0,1,9
2025.04.11 03:41:50,UP,16.3,2,0.0,-10.8,0,23
2025.04.11 03:47:01,UP,5.1,2,6.7,-10.1,42,100
2025.04.11 03:52:01,UP,7.6,2,0.0,-10.6,0,237
2025.04.11 03:57:01,DOWN,-5.3,1,10.8,-9.4,200,200
2025.04.11 04:02:01,DOWN,-8.6,1,10.2,-7.1,343,343
2025.04.11 04:08:11,DOWN,-5.1,1,10.2,-4.9,90,90
2025.04.11 04:13:11,UP,5.0,2,6.7,-10.1,227,258
2025.04.11 04:18:11,DOWN,-10.1,2,1.5,-11.1,26,90
2025.04.11 04:23:13,UP,5.9,1,10.0,-1.1,67,67
2025.04.11 04:30:06,DOWN,-6.0,2,8.5,-10.1,71,293
2025.04.11 04:36:42,DOWN,-5.8,1,10.0,-3.3,136,136
2025.04.11 04:41:42,UP,9.6,1,10.3,-2.0,50,50
2025.04.11 04:46:42,DOWN,-13.6,2,5.8,-10.7,218,500
2025.04.11 04:55:23,UP,5.1,1,10.1,-4.5,405,405
2025.04.11 05:02:10,UP,6.4,1,10.0,-5.8,449,449
2025.04.11 05:09:39,UP,5.3,2,0.6,-10.2,52,168
2025.04.11 05:16:28,DOWN,-6.0,1,10.8,-9.4,1123,1123
2025.04.11 05:38:34,DOWN,-5.0,2,5.0,-10.1,690,1602
2025.04.11 06:05:27,UP,5.1,1,10.3,-7.0,687,687
2025.04.11 06:16:54,UP,8.2,1,10.2,-3.1,935,935
2025.04.11 06:32:33,UP,5.1,1,10.1,0.0,600,600
2025.04.11 06:43:37,UP,5.3,2,6.2,-10.0,591,823
2025.04.11 06:57:21,DOWN,-11.5,1,10.0,-3.5,727,727
2025.04.11 07:09:28,DOWN,-6.5,1,10.2,-3.9,586,586
2025.04.11 07:19:14,DOWN,-7.6,1,11.4,-7.7,2554,2554
2025.04.11 08:01:48,DOWN,-16.5,1,10.2,-2.1,2102,2102
2025.04.11 08:37:01,DOWN,-5.4,1,10.6,-2.4,169,169
2025.04.11 08:42:51,DOWN,-5.7,2,3.1,-10.0,15,507
2025.04.11 08:51:18,UP,6.4,2,4.8,-10.0,524,653
2025.04.11 09:02:11,DOWN,-10.8,1,10.0,-0.2,93,93
2025.04.11 09:07:11,DOWN,-5.3,1,10.0,-9.3,1855,1855
2025.04.11 09:38:06,DOWN,-17.0,2,4.0,-10.1,191,334
2025.04.11 09:43:40,UP,8.0,1,10.0,-4.9,318,318
2025.04.11 09:48:58,UP,6.7,1,10.2,-1.0,294,294
2025.04.11 09:53:58,UP,11.1,1,10.1,-4.5,461,461
2025.04.11 10:01:40,UP,5.5,1,10.0,0.0,105,105
2025.04.11 10:06:40,UP,11.0,1,10.3,-0.9,45,45
2025.04.11 10:11:40,UP,7.0,2,6.8,-10.2,138,418
2025.04.11 10:18:38,DOWN,-13.0,2,5.8,-10.1,34,205
2025.04.11 10:23:38,UP,21.6,1,10.2,-8.2,242,242
2025.04.11 10:28:38,UP,13.5,2,3.8,-10.0,21,176
2025.04.11 10:33:38,UP,8.2,1,10.4,-4.1,69,69
2025.04.11 10:40:59,DOWN,-5.6,1,10.5,-0.5,93,93
2025.04.11 10:45:59,DOWN,-6.7,1,10.6,0.0,68,68
2025.04.11 10:51:40,UP,5.7,1,10.3,-1.1,251,251
2025.04.11 10:56:40,UP,10.0,2,0.4,-10.3,1,205
2025.04.11 11:01:56,UP,6.5,1,10.1,0.0,25,25
2025.04.11 11:06:56,DOWN,-11.3,1,10.5,-7.8,172,172
2025.04.11 11:12:22,UP,5.2,1,11.0,-0.9,83,83
2025.04.11 11:17:22,UP,12.6,2,3.0,-10.1,211,341
2025.04.11 11:23:03,DOWN,-6.1,2,6.3,-10.2,53,240
2025.04.11 11:28:03,UP,15.1,2,2.0,-10.2,37,129
2025.04.11 11:33:03,UP,18.0,1,10.4,-0.3,46,46
2025.04.11 11:38:03,UP,7.2,2,5.3,-10.2,12,49
2025.04.11 11:43:03,UP,36.8,2,0.5,-10.3,20,46
2025.04.11 11:48:03,UP,19.7,2,3.6,-10.2,12,63
2025.04.11 11:54:33,DOWN,-6.0,2,3.4,-10.7,58,84
2025.04.11 11:59:33,DOWN,-9.0,1,10.5,-0.2,52,52
2025.04.11 12:04:33,DOWN,-19.2,1,10.0,-8.5,196,196
2025.04.11 12:09:33,DOWN,-14.6,2,8.8,-10.1,84,371
2025.04.11 12:15:44,UP,5.5,1,10.4,-9.0,180,180
2025.04.11 12:21:03,UP,5.4,2,1.3,-10.1,5,56
2025.04.11 12:27:08,DOWN,-5.1,1,10.1,-2.6,153,153
2025.04.11 12:36:05,DOWN,-5.4,2,2.2,-10.2,11,154
2025.04.11 12:41:12,DOWN,-5.1,2,1.2,-10.3,1,328
2025.04.11 12:46:40,UP,5.2,2,2.6,-10.5,261,428
2025.04.11 12:53:48,DOWN,-8.7,1,10.5,-1.8,297,297
2025.04.11 12:58:48,DOWN,-9.2,1,10.1,-0.2,74,74
2025.04.11 13:03:48,DOWN,-26.5,2,2.8,-10.1,52,160
2025.04.11 13:08:48,UP,13.2,1,10.4,-3.1,508,508
2025.04.11 13:17:17,UP,9.8,2,3.0,-10.2,234,409
2025.04.11 13:24:06,DOWN,-13.1,1,10.1,-1.2,192,192
2025.04.11 13:29:07,DOWN,-8.5,1,10.5,-9.5,589,589
2025.04.11 13:38:57,DOWN,-7.1,1,10.2,-0.5,103,103
2025.04.11 13:43:57,DOWN,-16.8,2,0.2,-10.4,42,93
2025.04.11 13:48:57,UP,10.4,2,1.8,-10.6,111,246
2025.04.11 13:53:58,DOWN,-5.4,1,10.0,-5.6,277,277
2025.04.11 13:58:58,DOWN,-7.2,2,0.0,-10.4,0,21
2025.04.11 14:03:58,UP,10.5,1,10.1,-1.6,282,282
2025.04.11 14:08:58,UP,10.6,2,0.8,-10.3,66,281
2025.04.11 14:13:58,DOWN,-12.9,1,10.4,-4.1,193,193
2025.04.11 14:18:58,DOWN,-11.7,2,0.1,-10.1,1,90
2025.04.11 14:23:58,UP,25.1,2,7.1,-10.8,212,750
2025.04.11 14:36:29,DOWN,-8.1,1,11.5,-4.5,295,295
2025.04.11 14:43:40,DOWN,-5.6,2,8.9,-10.3,131,543
2025.04.11 14:52:44,UP,8.9,2,2.6,-10.2,132,176
2025.04.11 14:57:44,DOWN,-20.7,2,7.1,-10.4,129,294
2025.04.11 15:02:44,UP,13.3,1,10.1,-5.6,340,340
2025.04.11 15:08:25,UP,11.0,2,0.4,-10.1,47,145
2025.04.11 15:13:25,UP,10.4,1,10.0,-8.0,211,211
2025.04.11 15:18:25,UP,16.3,2,0.0,-10.1,0,107
2025.04.11 15:23:25,DOWN,-14.0,2,2.4,-10.1,84,244
2025.04.11 15:28:26,UP,10.0,1,10.2,-10.0,98,98
2025.04.11 15:33:26,UP,16.9,2,4.3,-10.1,35,113
2025.04.11 15:38:27,DOWN,-6.7,2,3.0,-10.1,271,423
2025.04.11 15:45:52,DOWN,-5.6,2,1.5,-10.1,35,52
2025.04.11 15:50:52,UP,12.8,1,10.7,-4.3,416,416
2025.04.11 16:01:10,UP,5.5,2,3.4,-10.2,86,145
2025.04.11 16:06:56,UP,5.9,2,3.1,-10.2,7,89
2025.04.11 16:12:33,UP,5.3,2,0.2,-10.2,9,82
2025.04.11 16:17:33,UP,8.6,2,2.4,-10.1,225,314
2025.04.11 16:22:47,DOWN,-10.3,1,10.3,-6.7,754,754
2025.04.11 16:35:21,DOWN,-8.7,1,10.2,-0.8,197,197
2025.04.11 16:40:21,UP,15.4,1,11.5,-1.1,35,35
2025.04.11 16:46:03,DOWN,-5.3,1,11.0,-1.7,43,43
2025.04.11 16:51:03,UP,11.8,2,3.1,-10.9,65,191
2025.04.11 16:56:33,UP,5.6,1,10.0,-2.0,108,108
2025.04.11 17:01:35,DOWN,-5.2,2,2.9,-10.1,14,123
2025.04.11 17:07:01,UP,6.7,2,1.0,-10.5,7,74
2025.04.11 17:12:27,UP,6.3,2,4.7,-10.3,347,605
2025.04.11 17:22:32,DOWN,-7.9,2,0.3,-10.4,1,177
2025.04.11 17:27:32,UP,5.2,2,0.4,-10.2,11,226
2025.04.11 17:32:32,DOWN,-17.4,1,10.1,-5.0,151,151
2025.04.11 17:37:32,UP,9.2,1,10.5,-6.9,207,207
2025.04.11 17:42:51,UP,5.6,2,0.6,-11.0,1,64
2025.04.11 17:48:29,DOWN,-5.1,1,10.2,-1.0,225,225
2025.04.11 17:53:29,DOWN,-11.7,2,2.4,-10.0,6,120
2025.04.11 17:58:29,DOWN,-6.6,2,1.1,-10.2,3,105
2025.04.11 18:04:21,DOWN,-5.4,1,10.0,-2.2,684,684
2025.04.11 18:16:19,DOWN,-5.2,2,9.8,-10.3,31,690
2025.04.11 18:27:49,UP,9.0,1,10.3,-4.2,400,400
2025.04.11 18:34:29,UP,12.8,2,6.6,-10.6,83,288
2025.04.11 18:39:29,DOWN,-12.3,2,6.8,-10.2,179,465
2025.04.11 18:47:14,UP,5.4,2,5.8,-10.0,303,614
2025.04.11 18:57:28,DOWN,-7.9,1,10.4,-0.3,138,138
2025.04.11 19:02:39,DOWN,-5.0,1,11.1,-4.2,913,913
2025.04.11 19:17:52,DOWN,-6.2,1,10.4,0.0,55,55
2025.04.11 19:22:52,DOWN,-9.0,2,7.7,-10.1,190,506
2025.04.11 19:35:17,DOWN,-5.4,2,5.7,-10.3,110,380
2025.04.11 19:41:43,UP,5.1,1,10.3,-3.5,709,709
2025.04.11 19:53:32,UP,5.3,1,10.1,-7.5,885,885
2025.04.11 20:08:17,UP,6.0,2,1.6,-10.3,463,847
2025.04.11 20:30:22,DOWN,-5.4,2,1.9,-10.1,148,451
2025.04.11 20:37:53,UP,7.2,1,10.2,-1.3,127,127
2025.04.11 20:42:53,DOWN,-7.2,1,10.4,-0.5,293,293
2025.04.11 20:47:53,DOWN,-5.9,1,10.3,-4.5,483,483
2025.04.11 20:55:57,DOWN,-8.9,1,11.1,-1.3,114,114
2025.04.11 21:00:57,UP,7.6,1,10.9,-1.1,672,672
2025.04.11 21:12:09,UP,7.3,2,0.1,-10.4,0,195
2025.04.11 21:19:29,UP,5.6,1,10.2,0.0,420,420
2025.04.11 21:28:10,UP,5.1,2,7.0,-10.3,412,698
2025.04.11 21:39:48,DOWN,-15.5,2,6.7,-10.1,128,1049
2025.04.11 21:57:17,UP,7.6,1,10.0,-7.7,654,654
2025.04.11 22:08:49,UP,5.2,1,11.2,-6.7,889,889
2025.04.11 22:23:38,UP,5.5,1,10.0,-6.7,2529,2529
2025.04.11 23:36:12,DOWN,-5.2,2,1.9,-10.2,116,1185
2025.04.11 23:57:01,UP,6.3,2,2.9,-47.2,115,173039
2025.04.14 00:01:29,DOWN,-48.3,2,1.1,-14.5,245,761
2025.04.14 00:14:11,UP,10.9,2,0.0,-11.9,0,150
2025.04.14 01:00:56,UP,6.0,1,10.0,-3.3,972,972
2025.04.14 01:17:08,UP,9.0,1,10.2,-1.0,448,448
2025.04.14 01:30:59,UP,5.6,2,5.9,-10.4,178,1401
2025.04.14 01:54:21,DOWN,-5.1,1,10.3,-5.3,1959,1959
2025.04.14 02:27:10,DOWN,-5.2,2,4.1,-10.1,121,994
2025.04.14 02:44:51,UP,5.4,1,10.0,-1.1,1128,1128
2025.04.14 03:03:39,UP,8.3,1,10.2,-1.5,281,281
2025.04.14 03:08:40,UP,10.3,1,10.1,-0.3,190,190
2025.04.14 03:13:40,UP,6.6,2,1.4,-10.1,293,667
2025.04.14 03:24:47,DOWN,-6.3,2,7.7,-10.2,134,433
2025.04.14 03:32:00,UP,9.8,2,1.0,-10.2,325,781
2025.04.14 03:52:08,DOWN,-5.0,2,1.0,-10.0,228,363
2025.04.14 03:58:11,UP,8.5,1,11.2,-0.4,178,178
2025.04.14 04:03:11,UP,6.3,1,10.3,-3.5,548,548
2025.04.14 04:12:20,UP,9.4,1,10.8,-8.8,832,832
2025.04.14 04:26:13,UP,6.3,1,10.4,-9.8,776,776
2025.04.14 04:39:09,UP,9.1,2,5.3,-10.0,28,310
2025.04.14 04:44:19,DOWN,-14.7,2,6.1,-10.3,56,300
2025.04.14 04:49:19,UP,13.9,2,0.2,-10.1,1,69
2025.04.14 04:54:19,DOWN,-11.2,2,8.7,-10.2,224,901
2025.04.14 05:15:52,DOWN,-5.3,1,10.0,-1.4,592,592
2025.04.14 05:27:59,DOWN,-7.3,1,10.3,-8.7,1805,1805
2025.04.14 05:58:04,DOWN,-7.2,2,0.4,-10.4,123,659
2025.04.14 06:09:04,UP,5.1,2,2.1,-10.1,20,133
2025.04.14 06:14:05,DOWN,-12.6,1,10.0,-6.2,1586,1586
2025.04.14 06:43:33,UP,5.3,1,10.1,-2.4,1924,1924
2025.04.14 07:16:59,UP,5.1,2,8.2,-10.1,315,2009
2025.04.14 08:01:26,UP,5.0,2,0.3,-10.4,61,256
2025.04.14 08:06:27,DOWN,-6.5,2,9.6,-10.1,276,1303
2025.04.14 08:28:31,UP,5.8,1,10.2,-6.7,1565,1565
2025.04.14 08:54:37,UP,8.1,1,10.1,-8.3,802,802
2025.04.14 09:07:59,UP,15.0,1,10.3,-5.3,971,971
2025.04.14 09:24:10,UP,8.2,2,2.4,-10.0,9,119
2025.04.14 09:29:50,DOWN,-5.5,2,7.4,-10.8,83,232
2025.04.14 09:34:50,UP,15.6,2,4.0,-10.5,447,719
2025.04.14 09:46:49,DOWN,-9.5,2,1.4,-10.3,112,253
2025.04.14 09:51:49,UP,5.9,2,8.5,-10.3,984,1309
2025.04.14 10:13:38,DOWN,-13.6,1,10.2,-7.4,863,863
2025.04.14 10:28:02,DOWN,-8.6,1,10.3,-9.3,1109,1109
2025.04.14 10:46:31,DOWN,-6.1,2,1.3,-10.1,367,1441
2025.04.14 11:10:44,UP,5.1,1,10.2,-2.0,589,589
2025.04.14 11:31:40,DOWN,-5.3,1,10.1,-0.7,502,502
2025.04.14 11:40:27,DOWN,-5.1,2,1.7,-10.1,16,622
2025.04.14 11:50:49,UP,10.1,1,10.3,-6.6,1133,1133
2025.04.14 12:26:49,DOWN,-5.2,1,10.3,-4.0,1982,1982
2025.04.14 12:59:52,DOWN,-7.8,1,10.0,-1.3,616,616
2025.04.14 13:22:12,UP,5.4,1,10.0,-4.5,570,570
2025.04.14 13:31:42,UP,5.8,1,10.3,-8.2,4133,4133
2025.04.14 14:48:43,UP,5.1,2,2.2,-10.1,36,383
2025.04.14 14:55:36,DOWN,-5.1,1,10.2,-0.2,111,111
2025.04.14 15:08:58,DOWN,-5.2,1,10.2,-0.9,225,225
2025.04.14 15:13:58,DOWN,-8.4,1,10.1,-7.4,553,553
2025.04.14 15:23:11,DOWN,-11.7,2,4.2,-10.1,94,727
2025.04.14 15:41:53,UP,5.0,2,1.7,-10.1,39,339
2025.04.14 15:47:33,DOWN,-5.3,1,10.1,-7.5,506,506
2025.04.14 15:56:35,DOWN,-6.0,1,10.2,-0.5,24,24
2025.04.14 16:01:40,DOWN,-5.3,1,10.6,-5.9,178,178
2025.04.14 16:07:00,DOWN,-6.0,1,10.4,-3.0,168,168
2025.04.14 16:12:04,UP,5.5,1,10.1,-0.9,199,199
2025.04.14 16:17:04,UP,6.6,2,0.6,-10.3,6,191
2025.04.14 16:22:04,DOWN,-10.8,2,5.2,-10.0,372,957
2025.04.14 16:39:57,UP,5.4,1,10.6,-0.8,335,335
2025.04.14 16:45:40,UP,5.5,2,4.8,-10.3,118,1206
2025.04.14 17:09:56,UP,5.3,1,10.0,-0.6,280,280
2025.04.14 17:14:56,UP,9.5,1,10.0,-1.2,690,690
2025.04.14 17:27:47,UP,5.0,1,10.1,-1.4,234,234
2025.04.14 17:32:47,UP,13.7,2,4.2,-10.8,74,287
2025.04.14 17:37:48,DOWN,-7.1,2,6.3,-10.0,532,919
2025.04.14 17:53:07,UP,8.1,1,10.3,-2.4,693,693
2025.04.14 18:04:40,UP,6.6,2,3.0,-10.1,25,523
2025.04.14 18:13:23,DOWN,-6.9,1,10.1,-8.2,512,512
2025.04.14 18:21:56,DOWN,-6.7,2,1.1,-10.5,7,285
2025.04.14 18:26:57,UP,6.5,1,10.3,-1.7,1144,1144
2025.04.14 18:46:01,UP,7.2,2,6.0,-10.2,143,420
2025.04.14 18:53:01,DOWN,-11.4,1,10.2,-2.5,538,538
2025.04.14 19:03:42,UP,5.2,2,7.8,-10.3,596,1000
2025.04.14 19:20:26,DOWN,-5.7,2,7.7,-10.1,198,1020
2025.04.14 19:37:27,UP,7.0,2,5.7,-10.1,105,486
2025.04.14 19:45:37,DOWN,-5.1,1,10.2,-3.8,555,555
2025.04.14 19:54:52,DOWN,-9.6,1,10.2,0.0,210,210
2025.04.14 19:59:54,DOWN,-7.5,2,0.9,-10.3,10,46
2025.04.14 20:04:54,UP,12.6,2,4.4,-10.1,942,2635
2025.04.14 20:49:03,DOWN,-5.4,2,3.2,-10.0,159,720
2025.04.14 21:03:30,UP,5.2,1,10.1,-5.5,3284,3284
2025.04.14 21:58:14,UP,7.7,1,10.1,-3.5,1149,1149
2025.04.14 22:17:56,UP,5.1,2,5.9,-10.0,1391,2383
2025.04.14 22:58:43,DOWN,-5.1,1,10.1,-6.5,3717,3717
2025.04.15 00:03:17,DOWN,-6.5,2,7.5,-10.8,60,1735
2025.04.15 00:32:14,UP,8.9,2,7.7,-10.3,1834,5840
2025.04.15 02:39:25,DOWN,-5.1,1,10.1,-2.6,1600,1600
2025.04.15 03:08:23,UP,5.2,2,0.0,-10.0,0,1131
2025.04.15 03:28:11,DOWN,-5.1,2,9.8,-10.0,4335,6593
2025.04.15 05:41:04,UP,5.5,1,10.7,-3.9,6868,6868
2025.04.15 07:43:33,UP,5.2,2,8.7,-10.1,2421,4577
2025.04.15 08:59:50,DOWN,-5.4,2,4.9,-10.3,278,558
2025.04.15 09:09:08,UP,12.5,2,4.7,-10.1,96,479
2025.04.15 09:17:46,DOWN,-5.3,1,10.3,-2.5,1372,1372
2025.04.15 09:40:52,DOWN,-5.1,1,10.9,-7.1,1337,1337
2025.04.15 10:03:10,DOWN,-5.4,2,6.0,-10.4,34,436
2025.04.15 10:10:43,UP,5.4,2,8.7,-10.5,896,1281
2025.04.15 10:32:12,DOWN,-5.2,2,0.1,-10.4,2,363
2025.04.15 10:38:16,UP,5.5,1,10.3,-1.0,319,319
2025.04.15 10:43:36,UP,10.5,1,10.1,-7.4,866,866
2025.04.15 11:00:45,UP,5.1,1,11.3,-1.3,240,240
2025.04.15 11:05:53,DOWN,-5.3,1,10.1,-2.0,461,461
2025.04.15 11:14:08,DOWN,-5.1,1,10.5,-6.3,1629,1629
2025.04.15 11:41:17,DOWN,-7.5,1,10.2,-6.8,1820,1820
2025.04.15 12:11:38,DOWN,-8.6,2,5.2,-10.2,31,1099
2025.04.15 12:29:57,UP,10.5,2,3.2,-10.4,170,1067
2025.04.15 12:47:45,DOWN,-7.1,2,4.8,-10.2,2322,2586
2025.04.15 13:38:21,DOWN,-5.6,1,10.2,-8.5,2688,2688
2025.04.15 14:23:10,DOWN,-9.5,1,10.7,-4.3,1019,1019
2025.04.15 14:44:34,UP,5.0,1,10.2,-5.9,1685,1685
2025.04.15 15:12:40,UP,7.5,2,9.6,-10.3,288,1669
2025.04.15 15:42:36,UP,5.2,2,7.6,-10.2,455,843
2025.04.15 15:56:39,DOWN,-9.3,1,10.0,-1.5,160,160
2025.04.15 16:03:36,UP,5.0,1,10.4,-3.5,294,294
2025.04.15 16:08:36,UP,10.6,2,0.0,-10.0,0,137
2025.04.15 16:13:36,DOWN,-8.2,2,8.3,-10.0,752,1510
2025.04.15 16:38:46,UP,11.2,2,0.0,-10.0,0,281
2025.04.15 16:44:56,DOWN,-5.1,2,2.0,-10.0,88,197
2025.04.15 16:49:56,UP,12.1,2,0.9,-10.0,19,96
2025.04.15 16:54:56,DOWN,-8.1,1,10.5,-3.4,701,701
2025.04.15 17:06:37,DOWN,-9.9,1,11.0,-2.6,216,216
2025.04.15 17:11:37,DOWN,-10.2,2,3.7,-10.5,358,549
2025.04.15 17:20:46,UP,11.8,1,10.1,-3.3,196,196
2025.04.15 17:26:14,UP,5.1,1,10.3,-5.4,516,516
2025.04.15 17:34:50,UP,9.7,2,4.9,-10.3,45,422
2025.04.15 17:41:52,DOWN,-7.4,2,0.7,-10.4,9,377
2025.04.15 17:48:09,UP,5.5,2,9.2,-10.1,492,1863
2025.04.15 18:19:12,DOWN,-6.4,1,10.0,-6.2,1493,1493
2025.04.15 18:44:35,DOWN,-5.1,1,10.4,-1.4,629,629
2025.04.15 18:58:38,DOWN,-5.2,1,10.1,-9.7,2081,2081
2025.04.15 19:33:19,DOWN,-5.7,2,8.1,-10.6,594,3413
2025.04.15 20:56:45,DOWN,-5.1,2,6.0,-10.2,2544,4945
2025.04.15 22:31:42,DOWN,-5.2,2,2.9,-10.1,5356,9347
2025.04.16 02:00:31,DOWN,-5.2,2,7.1,-10.3,374,4153
2025.04.16 03:12:33,UP,5.2,1,10.2,0.0,258,258
2025.04.16 03:17:38,UP,5.1,1,10.0,-9.8,4106,4106
2025.04.16 04:39:38,UP,5.2,2,0.3,-10.1,25,1911
2025.04.16 05:11:34,DOWN,-5.5,2,1.7,-10.1,16,764
2025.04.16 05:49:16,DOWN,-5.4,2,3.1,-10.3,12,2274
2025.04.16 07:44:47,UP,5.3,1,10.0,-5.2,4111,4111
2025.04.16 08:53:18,UP,5.5,1,10.3,-0.1,170,170
2025.04.16 08:58:18,UP,13.9,2,8.2,-10.0,46,484
2025.04.16 09:07:24,DOWN,-5.1,2,1.5,-10.0,178,581
2025.04.16 09:17:06,UP,5.9,2,8.0,-10.5,893,2251
2025.04.16 09:58:18,DOWN,-5.3,2,1.6,-10.7,334,471
2025.04.16 10:06:09,UP,8.9,1,10.1,-6.0,966,966
2025.04.16 10:23:01,UP,5.7,2,5.5,-10.9,439,2886
2025.04.16 11:11:21,DOWN,-5.5,1,10.5,-2.7,986,986
2025.04.16 11:27:48,DOWN,-6.0,1,10.0,-5.3,322,322
2025.04.16 11:33:10,DOWN,-13.3,2,1.5,-10.0,13,164
2025.04.16 11:38:50,DOWN,-5.8,1,10.4,-1.8,136,136
2025.04.16 11:43:50,DOWN,-8.7,2,0.2,-10.0,4,128
2025.04.16 11:48:50,UP,5.8,1,10.1,-4.0,328,328
2025.04.16 11:54:18,UP,11.4,1,10.1,-1.0,599,599
2025.04.16 12:04:17,UP,5.4,2,2.7,-10.1,23,437
2025.04.16 12:11:38,DOWN,-5.4,2,3.0,-10.0,209,617
2025.04.16 12:21:55,UP,5.5,2,5.5,-10.1,564,1116
2025.04.16 12:41:43,DOWN,-5.2,2,7.3,-11.1,1296,3040
2025.04.16 13:32:24,UP,5.8,2,3.7,-10.1,196,1584
2025.04.16 13:59:59,DOWN,-5.1,2,2.9,-10.4,192,971
2025.04.16 14:16:10,UP,7.4,2,5.4,-10.0,632,1760
2025.04.16 14:57:53,UP,5.1,2,4.0,-10.5,173,797
2025.04.16 15:11:14,DOWN,-5.0,2,0.1,-10.0,316,770
2025.04.16 15:24:05,UP,6.6,2,3.8,-10.6,101,358
2025.04.16 15:30:07,UP,5.1,2,5.8,-10.3,23,211
2025.04.16 15:37:18,DOWN,-5.5,2,0.0,-10.1,0,169
2025.04.16 15:43:59,UP,5.5,2,1.7,-10.6,56,200
2025.04.16 15:52:43,DOWN,-5.1,2,8.7,-10.0,102,881
2025.04.16 16:08:48,UP,5.1,1,10.0,-3.0,662,662
2025.04.16 16:19:51,UP,9.3,2,3.0,-10.2,77,872
2025.04.16 16:34:23,DOWN,-7.6,2,2.7,-10.2,940,1628
2025.04.16 17:01:35,UP,5.2,1,10.2,0.0,153,153
2025.04.16 17:06:35,DOWN,-8.7,1,10.2,-1.3,56,56
2025.04.16 17:20:53,DOWN,-5.0,2,4.1,-10.0,17,1354
2025.04.16 17:45:52,UP,5.2,1,10.2,0.0,156,156
2025.04.16 17:52:05,DOWN,-5.1,2,0.1,-10.0,0,468
2025.04.16 18:01:20,DOWN,-5.1,1,10.4,-8.0,1154,1154
2025.04.16 18:24:10,DOWN,-5.2,2,8.0,-10.4,104,1405
2025.04.16 18:52:50,UP,5.6,2,3.7,-10.1,1244,1660
2025.04.16 20:01:31,DOWN,-5.5,2,10.0,-10.0,1818,1989
2025.04.16 20:34:40,UP,9.5,2,9.0,-10.2,687,1434
2025.04.16 20:58:35,DOWN,-9.7,2,0.0,-10.3,0,380
2025.04.16 21:04:56,UP,6.1,2,0.5,-10.3,6,320
2025.04.16 21:10:17,DOWN,-5.0,2,5.2,-10.2,152,1747
2025.04.16 21:39:24,UP,5.5,1,10.2,-6.0,1458,1458
2025.04.16 22:03:49,UP,5.7,1,13.2,-2.4,1031,1031
2025.04.16 22:21:05,UP,5.2,2,6.9,-10.0,370,808
2025.04.16 22:34:33,DOWN,-8.9,1,10.1,-5.1,1533,1533
2025.04.16 23:11:45,UP,5.2,1,10.1,-4.1,2393,2393
2025.04.17 00:00:43,DOWN,-5.1,2,5.6,-10.5,91,8853
2025.04.17 02:34:01,UP,5.6,2,4.6,-10.2,113,1476
2025.04.17 02:58:37,DOWN,-6.3,1,10.5,-3.2,326,326
2025.04.17 03:04:03,DOWN,-12.0,1,10.3,-4.7,1801,1801
2025.04.17 03:57:01,DOWN,-5.3,1,10.1,-0.6,401,401
2025.04.17 04:03:42,DOWN,-10.3,2,0.5,-10.0,2,986
2025.04.17 04:28:37,DOWN,-5.2,2,4.1,-10.1,315,2163
2025.04.17 05:04:44,UP,5.3,1,10.0,-2.0,2278,2278
2025.04.17 05:42:43,UP,6.6,2,1.2,-10.1,0,3099
2025.04.17 07:58:01,DOWN,-5.1,1,10.5,-7.7,2358,2358
2025.04.17 08:37:20,DOWN,-5.1,2,9.1,-10.0,1944,3573
2025.04.17 09:39:17,UP,5.2,2,5.0,-10.3,622,2480
2025.04.17 10:21:16,DOWN,-5.0,2,2.5,-10.3,131,687
2025.04.17 10:32:43,UP,6.7,1,10.1,-2.9,1176,1176
2025.04.17 10:52:19,UP,10.5,1,10.1,-8.1,2848,2848
2025.04.17 11:39:48,UP,5.9,2,2.1,-10.0,522,781
2025.04.17 11:52:49,DOWN,-7.1,1,10.3,-6.0,4537,4537
2025.04.17 13:08:26,DOWN,-6.0,1,10.1,-7.4,3139,3139
2025.04.17 14:08:29,UP,5.0,2,3.3,-10.0,697,2947
2025.04.17 14:57:36,DOWN,-5.4,2,3.8,-10.2,1061,1083
2025.04.17 15:15:39,UP,6.5,2,0.6,-10.9,4,32
2025.04.17 15:20:39,DOWN,-10.8,2,4.7,-10.1,5,599
2025.04.17 15:30:38,UP,8.1,2,3.3,-10.1,187,239
2025.04.17 15:35:38,UP,8.8,2,9.8,-10.2,609,1286
2025.04.17 15:57:04,DOWN,-10.5,2,0.1,-10.1,2,41
2025.04.17 16:02:04,UP,11.5,2,9.9,-10.1,239,538
2025.04.17 16:11:02,DOWN,-10.3,2,6.5,-10.1,94,1040
2025.04.17 16:28:23,UP,5.3,2,1.0,-10.4,5,216
2025.04.17 16:33:23,DOWN,-7.0,2,0.1,-10.1,0,130
2025.04.17 16:44:23,DOWN,-5.8,2,4.4,-10.3,389,1924
2025.04.17 17:16:27,UP,6.3,1,10.1,-2.0,318,318
2025.04.17 17:22:05,UP,5.1,2,3.9,-10.2,260,686
2025.04.17 17:33:32,DOWN,-6.3,1,10.0,-8.2,1156,1156
2025.04.17 17:53:31,DOWN,-5.1,1,10.4,-0.3,87,87
2025.04.17 18:02:53,UP,5.0,1,10.2,-6.6,754,754
2025.04.17 18:19:37,UP,5.1,2,8.9,-10.5,726,3057
2025.04.17 19:26:04,DOWN,-5.1,1,10.1,-1.1,538,538
2025.04.17 19:35:35,DOWN,-5.5,2,3.1,-10.3,16,374
2025.04.17 19:41:50,UP,7.1,2,5.9,-10.4,155,1962
2025.04.17 20:14:33,DOWN,-5.5,2,2.4,-10.1,649,2204
2025.04.17 21:09:43,DOWN,-5.3,2,5.4,-10.1,169,958
2025.04.17 21:26:26,UP,5.5,1,10.0,-7.0,1518,1518
2025.04.17 21:52:05,UP,5.0,2,2.0,-10.0,4949,6845
2025.04.17 23:59:59,DOWN,-5.1,2,8.3,-10.1,141,5987
2025.04.18 01:44:47,DOWN,-5.1,2,0.8,-10.0,173,4961
2025.04.18 03:25:16,UP,5.5,2,0.8,-10.5,277,1775
2025.04.18 03:54:52,DOWN,-8.5,2,5.7,-13.9,7,8
2025.04.18 03:59:52,UP,9.1,2,4.7,-10.0,4209,21526
2025.04.18 09:58:38,DOWN,-6.6,2,8.6,-10.1,233,1051
2025.04.18 14:39:35,UP,5.1,1,10.1,-3.0,11432,11432
2025.04.18 18:03:08,DOWN,-5.4,3,4.0,-6.1,21079,194269
2025.04.21 00:01:00,UP,6.6,2,0.0,-12.0,0,33
2025.04.21 00:14:21,UP,5.3,1,10.0,-6.9,1026,1026
2025.04.21 00:32:19,DOWN,-5.2,2,1.4,-13.1,3,189
2025.04.21 00:37:20,UP,6.0,2,0.0,-11.3,0,7
2025.04.21 00:43:45,DOWN,-9.7,2,8.5,-11.7,53,243
2025.04.21 00:49:00,UP,8.2,2,5.7,-11.2,164,173
2025.04.21 00:54:00,DOWN,-8.3,2,5.3,-10.1,284,304
2025.04.21 00:59:04,UP,8.7,2,5.2,-11.2,46,51
2025.04.21 01:05:20,UP,7.0,1,10.3,-0.8,29,29
2025.04.21 01:13:56,DOWN,-5.1,2,5.5,-10.7,28,533
2025.04.21 01:22:49,UP,7.5,2,6.0,-10.3,126,328
2025.04.21 01:28:17,DOWN,-14.4,2,4.2,-10.1,844,1351
2025.04.21 01:52:59,UP,5.1,2,1.1,-10.6,175,291
2025.04.21 01:58:00,DOWN,-8.8,2,0.7,-10.2,0,180
2025.04.21 02:04:13,UP,5.6,1,10.2,-3.2,1942,1942
2025.04.21 02:48:54,UP,5.5,1,10.1,-7.6,1086,1086
2025.04.21 03:07:00,UP,5.2,1,10.7,-0.7,258,258
2025.04.21 03:12:00,UP,5.2,1,10.1,-8.8,1431,1431
2025.04.21 03:35:51,UP,5.2,2,1.6,-10.4,7,204
2025.04.21 03:44:19,DOWN,-5.3,2,9.4,-10.1,186,1362
2025.04.21 04:07:01,UP,5.4,2,1.4,-10.4,40,1801
2025.04.21 04:37:02,DOWN,-6.2,2,1.8,-10.2,17,911
2025.04.21 05:17:25,UP,5.3,1,11.4,-1.1,632,632
2025.04.21 05:27:57,UP,10.8,1,10.5,0.0,6,6
2025.04.21 05:33:12,DOWN,-5.1,2,1.2,-10.5,49,212
2025.04.21 05:43:41,DOWN,-5.2,2,8.2,-10.5,454,3505
2025.04.21 06:42:07,UP,9.1,2,2.8,-10.1,27,773
2025.04.21 06:57:37,UP,5.2,2,0.6,-10.1,83,357
2025.04.21 07:03:34,DOWN,-7.9,2,8.4,-10.1,265,3343
2025.04.21 08:08:59,UP,6.1,1,10.1,-2.0,1384,1384
2025.04.21 08:32:03,UP,7.6,2,2.3,-10.1,1048,2390
2025.04.21 09:11:53,DOWN,-7.6,1,10.3,-2.3,655,655
2025.04.21 09:22:52,DOWN,-5.0,2,6.6,-10.7,1621,3501
2025.04.21 10:21:13,UP,5.6,1,10.5,-0.8,637,637
2025.04.21 10:31:54,UP,6.2,1,10.0,-5.5,1545,1545
2025.04.21 10:57:39,UP,7.5,1,10.5,0.0,2,2
2025.04.21 11:10:32,DOWN,-6.2,2,7.1,-10.0,813,1673
2025.04.21 11:38:26,UP,6.0,1,10.5,-3.3,2023,2023
2025.04.21 12:12:09,UP,6.6,2,7.2,-10.2,556,2160
2025.04.21 12:49:32,DOWN,-5.4,1,10.0,-0.5,687,687
2025.04.21 13:23:28,DOWN,-5.2,1,10.0,-0.8,745,745
2025.04.21 13:36:16,DOWN,-5.5,1,10.4,-5.4,1964,1964
2025.04.21 14:09:01,DOWN,-6.3,2,3.0,-10.1,541,734
2025.04.21 14:22:04,UP,5.1,1,10.9,-1.1,1241,1241
2025.04.21 14:43:55,UP,5.1,2,9.0,-10.0,1113,2763
2025.04.21 15:29:58,DOWN,-8.4,2,9.6,-10.2,675,1704
2025.04.21 15:58:22,UP,6.5,2,1.7,-10.6,227,602
2025.04.21 16:08:24,DOWN,-8.8,1,10.0,-8.5,742,742
2025.04.21 16:22:20,DOWN,-5.1,1,10.6,-0.6,291,291
2025.04.21 16:27:29,DOWN,-5.0,2,5.1,-10.0,495,1027
2025.04.21 16:44:36,UP,9.5,2,8.6,-10.1,1057,1829
2025.04.21 17:17:04,UP,5.4,2,1.2,-10.0,2,975
2025.04.21 17:33:20,DOWN,-6.6,1,10.6,-2.3,768,768
2025.04.21 17:46:10,DOWN,-5.3,1,10.0,-8.4,1380,1380
2025.04.21 18:09:10,DOWN,-11.8,2,0.5,-10.1,357,992
2025.04.21 18:26:29,UP,5.2,1,10.2,-0.4,1257,1257
2025.04.21 18:48:04,UP,5.0,2,6.9,-10.2,1891,5219
2025.04.21 20:31:28,UP,5.0,1,10.1,-5.1,1652,1652
2025.04.21 20:59:34,UP,5.1,1,10.1,-2.0,2440,2440
2025.04.21 22:12:19,DOWN,-5.1,1,10.1,-0.1,3237,3237
2025.04.21 23:49:28,UP,5.5,1,10.1,-4.7,4763,4763
2025.04.22 01:33:09,DOWN,-5.3,1,10.5,-7.1,5113,5113
2025.04.22 03:00:31,DOWN,-5.0,1,10.4,-1.5,792,792
2025.04.22 03:14:36,DOWN,-5.4,1,10.0,-5.4,1226,1226
2025.04.22 03:55:17,UP,5.1,1,10.0,-3.7,4555,4555
2025.04.22 05:11:22,UP,5.1,1,10.4,-2.1,1196,1196
2025.04.22 05:57:30,UP,5.2,1,10.3,-0.2,345,345
2025.04.22 06:03:15,UP,8.8,1,10.3,0.0,440,440
2025.04.22 06:33:53,DOWN,-5.1,1,10.2,-9.0,5798,5798
2025.04.22 08:11:48,DOWN,-5.3,2,0.5,-10.2,4,239
2025.04.22 08:19:53,UP,5.1,1,10.4,-0.4,523,523
2025.04.22 08:28:36,UP,9.0,2,3.9,-10.1,68,166
2025.04.22 08:33:36,DOWN,-12.3,1,10.1,-2.1,158,158
2025.04.22 08:39:50,DOWN,-5.3,2,0.9,-10.1,2,282
2025.04.22 08:44:50,UP,7.7,1,10.2,-1.0,215,215
2025.04.22 08:49:50,UP,5.8,2,2.1,-10.0,633,760
2025.04.22 09:02:30,DOWN,-8.6,1,10.0,-7.5,1519,1519
2025.04.22 09:27:50,DOWN,-5.2,1,10.2,-6.5,512,512
2025.04.22 09:36:23,DOWN,-8.5,1,10.0,-2.5,1190,1190
2025.04.22 09:56:13,DOWN,-6.6,1,10.1,-1.1,510,510
2025.04.22 10:04:46,DOWN,-6.6,2,2.1,-10.0,336,875
2025.04.22 10:19:21,UP,6.3,2,5.3,-10.0,1047,1419
2025.04.22 10:43:00,DOWN,-8.4,1,10.1,0.0,113,113
2025.04.22 10:49:34,UP,5.3,1,10.2,-0.8,206,206
2025.04.22 10:54:34,UP,8.0,1,10.0,-6.8,1941,1941
2025.04.22 11:26:55,UP,8.9,2,3.7,-10.3,269,762
2025.04.22 11:39:37,DOWN,-5.0,1,10.7,-8.4,4524,4524
2025.04.22 13:13:04,UP,5.2,2,1.3,-10.1,1287,2745
2025.04.22 14:05:54,UP,5.1,2,7.2,-10.1,2915,3340
2025.04.22 15:01:38,DOWN,-5.3,1,10.0,-9.1,1325,1325
2025.04.22 15:23:53,DOWN,-5.1,1,11.7,-6.6,2697,2697
2025.04.22 16:08:50,DOWN,-8.3,2,2.2,-10.0,180,2188
2025.04.22 16:46:22,UP,5.1,1,10.1,-0.6,268,268
2025.04.22 16:51:34,UP,5.0,2,5.0,-10.5,281,633
2025.04.22 17:02:09,DOWN,-5.2,2,8.3,-10.0,603,2043
2025.04.22 17:36:17,UP,5.2,1,10.9,-0.6,464,464
2025.04.22 17:44:02,UP,9.3,2,0.9,-10.4,0,393
2025.04.22 17:50:35,DOWN,-6.3,1,10.3,-5.0,4079,4079
2025.04.22 18:58:34,DOWN,-8.7,1,10.1,-0.3,126,126
2025.04.22 19:03:34,DOWN,-8.7,2,2.2,-10.0,29,171
2025.04.22 19:08:34,UP,7.8,2,3.4,-11.2,56,542
2025.04.22 19:17:36,DOWN,-5.6,1,10.2,-0.9,239,239
2025.04.22 19:22:37,DOWN,-9.0,2,1.3,-10.1,263,408
2025.04.22 19:29:26,UP,8.5,2,0.4,-10.5,48,1034
2025.04.22 19:47:36,DOWN,-5.2,2,10.0,-10.2,1246,2660
2025.04.22 20:31:56,UP,6.6,2,0.0,-11.0,0,278
2025.04.22 20:37:22,DOWN,-5.6,2,7.1,-10.0,401,982
2025.04.22 20:53:45,UP,7.3,2,4.6,-10.0,235,804
2025.04.22 21:08:40,DOWN,-5.1,1,10.2,-4.9,2011,2011
2025.04.22 21:42:11,DOWN,-7.2,1,10.5,-6.4,7121,7121
2025.04.23 00:27:31,DOWN,-6.3,1,10.3,-0.4,173,173
2025.04.23 00:32:36,DOWN,-5.7,1,13.4,-0.3,54,54
2025.04.23 00:37:36,DOWN,-12.5,1,10.2,-8.6,1276,1276
2025.04.23 00:58:53,DOWN,-13.9,1,10.1,-6.0,295,295
2025.04.23 01:03:53,DOWN,-11.3,1,10.1,-0.7,151,151
2025.04.23 01:09:55,UP,6.0,1,10.4,0.0,13,13
2025.04.23 01:14:55,UP,5.2,2,0.0,-10.9,0,97
2025.04.23 01:19:55,DOWN,-16.1,1,10.5,-1.9,418,418
2025.04.23 01:26:53,DOWN,-8.7,1,10.0,0.0,30,30
2025.04.23 01:31:53,UP,9.3,2,3.8,-10.4,39,116
2025.04.23 01:36:57,UP,5.8,2,3.8,-10.1,6,62
2025.04.23 01:41:57,UP,19.1,1,10.0,-3.0,269,269
2025.04.23 01:49:15,UP,5.1,2,4.3,-10.3,245,655
2025.04.23 02:00:11,DOWN,-7.7,2,0.0,-10.1,0,17
2025.04.23 02:09:28,UP,6.2,1,10.2,-1.8,408,408
2025.04.23 02:16:16,UP,5.1,2,0.7,-10.6,129,644
2025.04.23 02:38:51,UP,5.6,2,7.3,-10.3,426,935
2025.04.23 02:54:26,DOWN,-16.3,2,0.1,-10.6,1,375
2025.04.23 03:00:43,UP,5.2,1,10.9,-0.3,283,283
2025.04.23 03:10:44,DOWN,-5.9,2,1.8,-11.5,2,278
2025.04.23 03:15:46,UP,5.0,1,11.7,-5.2,1469,1469
2025.04.23 03:49:40,UP,5.0,1,10.2,-1.1,565,565
2025.04.23 03:59:06,UP,6.1,2,8.0,-10.1,147,771
2025.04.23 04:16:56,UP,6.1,1,10.9,-6.6,1614,1614
2025.04.23 04:43:56,UP,5.2,1,10.1,0.0,604,604
2025.04.23 04:58:34,DOWN,-5.7,1,10.6,-3.5,851,851
2025.04.23 05:12:45,DOWN,-6.1,1,10.3,-8.3,4196,4196
2025.04.23 06:23:31,DOWN,-5.8,1,10.2,-4.5,2851,2851
2025.04.23 07:16:05,UP,5.2,1,10.1,-0.5,1151,1151
2025.04.23 08:08:05,UP,5.0,2,6.1,-10.0,841,1882
2025.04.23 08:39:28,DOWN,-10.2,1,10.1,-1.4,639,639
2025.04.23 09:02:56,UP,5.5,1,10.1,-1.2,327,327
2025.04.23 09:09:00,UP,5.0,2,3.2,-10.4,632,1080
2025.04.23 09:29:23,DOWN,-5.1,2,6.3,-10.1,693,2090
2025.04.23 10:04:13,UP,6.2,2,0.7,-10.1,10,276
2025.04.23 10:09:13,DOWN,-6.8,2,0.1,-10.3,6,118
2025.04.23 10:14:28,UP,5.1,1,10.7,-6.3,739,739
2025.04.23 10:26:58,UP,5.1,2,6.3,-10.3,215,774
2025.04.23 10:39:52,DOWN,-13.1,1,10.2,-3.6,1149,1149
2025.04.23 10:59:02,DOWN,-11.1,2,1.9,-10.3,783,1626
2025.04.23 11:26:12,UP,5.4,1,10.1,-2.2,873,873
2025.04.23 11:40:47,UP,5.3,1,10.2,-1.6,1021,1021
2025.04.23 12:01:49,UP,5.2,1,10.2,-0.4,35,35
2025.04.23 12:17:53,UP,5.1,2,8.8,-10.2,969,2289
2025.04.23 13:09:20,DOWN,-5.1,1,10.2,-0.5,877,877
2025.04.23 13:23:57,DOWN,-7.3,1,10.4,-0.9,447,447
2025.04.23 13:31:26,DOWN,-7.0,2,0.3,-10.1,8,253
2025.04.23 13:36:28,UP,5.1,2,3.6,-10.0,298,1924
2025.04.23 14:08:33,DOWN,-8.9,2,6.2,-10.7,150,518
2025.04.23 14:24:52,DOWN,-5.1,2,9.3,-10.3,229,622
2025.04.23 14:35:28,UP,5.1,1,10.0,-3.3,1595,1595
2025.04.23 15:02:04,UP,8.5,2,0.2,-10.1,0,535
2025.04.23 15:11:00,DOWN,-5.1,1,10.1,-3.9,4580,4580
2025.04.23 16:27:20,DOWN,-5.7,1,12.0,-8.3,624,624
2025.04.23 16:37:45,DOWN,-11.8,2,8.7,-10.4,29,345
2025.04.23 16:43:30,UP,18.3,2,0.8,-10.3,22,126
2025.04.23 16:48:30,DOWN,-27.6,1,10.6,-1.4,100,100
2025.04.23 16:54:40,UP,5.2,2,1.2,-10.7,62,162
2025.04.23 16:59:40,DOWN,-25.3,2,9.7,-10.1,38,162
2025.04.23 17:04:40,UP,10.8,1,10.1,-1.9,82,82
2025.04.23 17:10:39,UP,5.6,1,10.4,-1.5,210,210
2025.04.23 17:15:39,UP,5.2,2,7.4,-10.3,4,49
2025.04.23 17:20:49,DOWN,-5.3,1,10.2,-1.3,319,319
2025.04.23 17:26:08,DOWN,-9.8,2,2.8,-10.1,56,763
2025.04.23 17:38:51,UP,7.0,1,10.0,-9.8,585,585
2025.04.23 17:48:37,UP,14.2,2,4.1,-10.3,79,267
2025.04.23 17:53:37,DOWN,-16.2,1,10.1,-2.4,243,243
2025.04.23 17:58:37,DOWN,-5.4,2,0.7,-11.0,24,120
2025.04.23 18:03:38,DOWN,-5.2,2,0.4,-10.3,5,126
2025.04.23 18:08:38,UP,5.1,2,0.9,-10.1,106,435
2025.04.23 18:18:20,UP,5.1,2,0.5,-10.4,3,153
2025.04.23 18:23:20,UP,6.6,1,10.1,-0.2,12,12
2025.04.23 18:28:20,UP,9.4,2,5.6,-10.6,50,362
2025.04.23 18:34:22,DOWN,-12.2,1,10.0,-9.1,1267,1267
2025.04.23 18:56:42,DOWN,-5.3,1,10.2,-2.3,866,866
2025.04.23 19:11:08,DOWN,-11.4,2,0.5,-10.4,13,58
2025.04.23 19:16:15,UP,5.3,2,4.2,-10.5,38,151
2025.04.23 19:36:45,DOWN,-5.4,1,10.1,-7.2,1358,1358
2025.04.23 20:05:18,DOWN,-5.5,1,10.2,-5.6,3566,3566
2025.04.23 21:04:52,DOWN,-5.3,1,10.3,-7.5,8234,8234
2025.04.23 23:22:06,DOWN,-5.6,2,6.0,-10.1,2456,5921
2025.04.24 01:00:48,UP,6.6,1,10.5,-3.0,415,415
2025.04.24 01:07:43,UP,8.3,1,10.1,0.0,60,60
2025.04.24 01:17:29,UP,5.4,2,1.9,-10.1,417,2390
2025.04.24 02:58:04,DOWN,-5.3,2,5.1,-10.2,593,1597
2025.04.24 03:24:41,UP,6.6,1,10.4,-6.8,2155,2155
2025.04.24 04:13:18,UP,5.1,1,10.1,-5.2,2126,2126
2025.04.24 05:17:48,DOWN,-5.1,1,10.3,-6.8,5209,5209
2025.04.24 06:44:45,DOWN,-5.3,2,7.3,-10.5,7043,8766
2025.04.24 09:37:16,UP,5.1,1,10.1,-6.7,2181,2181
2025.04.24 10:13:37,UP,6.3,1,10.4,-1.3,974,974
2025.04.24 10:29:51,UP,5.2,1,10.0,-3.4,1830,1830
2025.04.24 11:00:41,UP,5.1,2,8.1,-12.7,308,2302
2025.04.24 11:39:03,DOWN,-9.5,2,9.4,-10.1,20,1353
2025.04.24 12:09:31,UP,5.1,2,2.1,-10.4,30,1469
2025.04.24 12:34:01,DOWN,-5.2,2,3.3,-10.1,211,1857
2025.04.24 13:09:44,UP,5.3,2,1.0,-10.0,8,1905
2025.04.24 13:44:06,DOWN,-5.5,1,10.2,-9.0,4361,4361
2025.04.24 14:56:47,DOWN,-11.5,1,10.0,-7.4,2013,2013
2025.04.24 15:31:31,DOWN,-5.1,2,2.4,-10.1,24,211
2025.04.24 15:47:15,UP,5.0,1,10.1,-2.6,820,820
2025.04.24 16:00:56,UP,5.8,2,1.8,-10.3,186,1008
2025.04.24 16:17:44,DOWN,-5.9,2,8.4,-10.9,1890,3184
2025.04.24 17:10:48,UP,5.3,2,4.5,-10.2,2102,2386
2025.04.24 17:50:48,DOWN,-5.4,1,10.0,-5.9,1582,1582
2025.04.24 18:17:11,DOWN,-7.5,1,10.8,-3.6,1413,1413
2025.04.24 18:47:20,UP,5.1,1,10.4,-2.0,1017,1017
2025.04.24 19:04:17,UP,5.6,1,10.1,-8.8,2881,2881
2025.04.24 20:02:30,UP,5.1,2,0.6,-10.2,3,506
2025.04.24 20:12:26,DOWN,-5.2,2,9.8,-10.0,4553,7547
2025.04.24 22:19:16,UP,5.2,1,10.8,-1.4,1168,1168
2025.04.24 22:39:04,UP,5.3,2,0.0,-10.1,0,988
2025.04.24 23:59:03,DOWN,-5.2,1,10.2,-3.1,8464,8464
2025.04.25 03:01:11,DOWN,-5.0,1,10.2,-2.5,1632,1632
2025.04.25 03:28:24,DOWN,-6.0,1,10.2,-2.8,1838,1838
2025.04.25 03:59:03,DOWN,-10.0,2,6.1,-10.6,6002,8572
2025.04.25 06:21:55,UP,6.7,2,1.7,-10.1,15,118
2025.04.25 06:31:17,DOWN,-5.0,1,10.1,-1.6,311,311
2025.04.25 06:36:28,DOWN,-7.5,1,10.5,-4.3,1497,1497
2025.04.25 07:01:26,DOWN,-5.4,2,5.0,-10.3,218,1334
2025.04.25 08:21:08,DOWN,-5.2,1,10.1,-4.5,1743,1743
2025.04.25 08:53:53,UP,5.4,2,0.6,-10.0,15,770
2025.04.25 09:06:43,DOWN,-6.0,2,1.0,-10.1,79,617
2025.04.25 09:17:26,UP,5.6,1,10.3,-1.6,855,855
2025.04.25 09:34:08,UP,5.2,1,10.0,-1.0,361,361
2025.04.25 09:40:11,UP,5.6,2,0.3,-10.1,0,149
2025.04.25 10:01:01,UP,5.3,1,10.4,-0.4,745,745
2025.04.25 10:13:27,UP,8.6,1,10.3,-2.5,310,310
2025.04.25 10:18:37,UP,6.1,2,0.6,-10.1,1,242
2025.04.25 10:23:37,DOWN,-6.3,1,10.2,-8.8,3745,3745
2025.04.25 11:47:59,DOWN,-5.5,2,3.4,-10.0,65,727
2025.04.25 12:00:46,UP,5.1,2,5.4,-10.2,1384,3469
2025.04.25 12:58:52,DOWN,-5.2,1,10.2,-6.8,1437,1437
2025.04.25 13:22:49,DOWN,-7.9,2,0.4,-10.1,1,461
2025.04.25 13:31:45,UP,5.2,1,10.2,-1.8,955,955
2025.04.25 13:53:01,DOWN,-5.3,2,2.2,-10.2,24,1810
2025.04.25 14:23:29,UP,5.2,2,4.7,-10.2,317,1910
2025.04.25 14:56:18,DOWN,-5.0,1,10.1,-9.4,5444,5444
2025.04.25 16:27:02,DOWN,-6.0,2,7.3,-10.5,491,1717
2025.04.25 16:57:19,UP,5.1,1,10.1,-2.5,918,918
2025.04.25 17:12:37,UP,5.0,1,10.1,-8.2,1613,1613
2025.04.25 17:39:35,UP,5.1,2,3.1,-10.1,120,1249
2025.04.25 18:08:55,DOWN,-5.0,2,3.3,-10.0,496,1405
2025.04.25 18:32:59,UP,5.1,1,10.1,-3.1,1935,1935
2025.04.25 19:59:06,DOWN,-5.1,2,5.0,-10.0,1529,3169
2025.04.25 20:52:46,UP,5.1,2,0.2,-10.3,0,1100
2025.04.25 22:55:36,DOWN,-5.1,3,8.5,-0.2,3175,176665
2025.04.28 01:01:00,UP,5.1,2,0.3,-10.1,100,890
2025.04.28 01:17:11,DOWN,-5.1,1,10.1,0.0,812,812
2025.04.28 01:30:43,DOWN,-5.7,2,4.3,-10.1,13,2231
2025.04.28 02:12:52,DOWN,-5.0,2,7.5,-10.1,2721,3367
2025.04.28 03:09:00,UP,5.0,2,7.4,-10.0,4126,6741
2025.04.28 05:02:43,DOWN,-5.1,2,2.8,-10.1,605,2878
2025.04.28 09:17:54,UP,5.2,2,0.4,-10.1,1,906
2025.04.28 09:36:59,DOWN,-5.2,1,10.4,0.0,204,204
2025.04.28 09:44:08,DOWN,-5.3,1,10.7,-0.3,683,683
2025.04.28 09:55:31,DOWN,-6.2,2,7.6,-10.0,147,1768
2025.04.28 10:39:30,UP,5.1,2,5.4,-10.2,358,1152
2025.04.28 10:58:42,DOWN,-6.9,1,10.1,-4.1,1787,1787
2025.04.28 11:28:29,DOWN,-8.5,2,0.5,-10.2,4,473
2025.04.28 11:37:10,UP,5.1,1,10.3,-4.2,3251,3251
2025.04.28 12:49:32,UP,5.8,2,2.1,-10.0,10,1045
2025.04.28 13:06:57,DOWN,-6.1,2,0.9,-10.1,4,909
2025.04.28 14:02:13,DOWN,-5.1,2,4.2,-10.1,1475,3000
2025.04.28 14:52:14,UP,7.5,1,10.1,-5.1,1666,1666
2025.04.28 15:33:10,DOWN,-5.3,1,10.1,-0.5,746,746
2025.04.28 16:05:14,DOWN,-7.6,2,6.3,-10.3,762,1503
2025.04.28 16:30:53,UP,5.2,1,10.3,-1.5,746,746
2025.04.28 16:43:19,UP,5.4,2,5.7,-10.1,26,633
2025.04.28 16:53:53,DOWN,-9.7,2,2.8,-10.2,88,583
2025.04.28 17:08:37,DOWN,-5.1,2,6.0,-10.0,397,1125
2025.04.28 17:31:55,UP,5.2,1,10.4,-0.1,357,357
2025.04.28 17:37:52,UP,6.4,1,10.1,-0.5,124,124
2025.04.28 17:46:43,DOWN,-5.2,1,10.0,-5.8,495,495
2025.04.28 17:54:59,DOWN,-10.8,1,10.2,-2.1,1044,1044
2025.04.28 18:12:23,DOWN,-8.3,2,2.6,-10.0,137,1266
2025.04.28 18:33:59,UP,5.4,1,10.2,-6.2,2225,2225
2025.04.28 19:11:38,UP,5.1,2,6.3,-10.0,139,701
2025.04.28 19:23:19,DOWN,-6.6,2,4.2,-10.3,121,1239
2025.04.28 19:43:58,UP,6.3,1,10.1,-1.5,610,610
2025.04.28 19:54:08,UP,11.5,1,10.0,-0.5,224,224
2025.04.28 20:01:38,DOWN,-5.1,2,0.2,-10.1,303,1673
2025.04.28 20:29:32,UP,5.8,2,2.6,-10.0,94,723
2025.04.28 21:09:15,UP,5.0,1,10.6,-5.9,3518,3518
2025.04.28 23:21:17,UP,5.1,2,0.0,-10.5,0,2322
2025.04.28 23:59:59,DOWN,-8.7,1,10.0,-7.6,8277,8277
2025.04.29 03:12:23,UP,5.1,2,1.4,-10.0,238,1947
2025.04.29 04:03:37,UP,5.2,2,3.8,-10.5,861,2632
2025.04.29 05:02:15,UP,5.0,1,10.1,-2.4,537,537
2025.04.29 05:11:13,UP,5.2,1,10.4,0.0,194,194
2025.04.29 05:16:56,DOWN,-5.2,1,10.1,-4.1,1240,1240
2025.04.29 05:38:17,DOWN,-6.1,1,10.2,-3.4,2194,2194
2025.04.29 06:14:51,DOWN,-5.3,1,10.5,-7.3,5292,5292
2025.04.29 07:43:03,DOWN,-5.2,2,7.8,-10.3,473,5242
2025.04.29 09:34:44,UP,5.1,2,0.7,-10.0,20,1028
2025.04.29 09:53:15,DOWN,-5.1,2,3.6,-10.0,128,941
2025.04.29 10:08:57,UP,9.2,1,10.5,-9.0,2180,2180
2025.04.29 10:46:37,UP,5.2,2,1.3,-10.1,24,666
2025.04.29 10:57:43,DOWN,-6.1,1,10.1,-7.6,887,887
2025.04.29 11:12:30,DOWN,-7.5,1,10.5,-8.7,6503,6503
2025.04.29 13:12:44,DOWN,-5.1,2,8.9,-10.7,7515,8794
2025.04.29 15:43:25,UP,5.0,1,10.2,0.0,86,86
2025.04.29 15:48:31,DOWN,-5.4,2,2.4,-10.2,12,398
2025.04.29 15:57:37,UP,5.8,2,3.0,-10.0,12,631
2025.04.29 16:12:17,UP,5.2,1,10.5,-0.8,526,526
2025.04.29 16:39:27,UP,5.4,2,2.1,-10.2,21,163
2025.04.29 16:44:27,DOWN,-14.4,2,6.8,-10.2,350,934
2025.04.29 17:00:01,UP,8.4,1,10.1,-4.9,44,44
2025.04.29 17:05:17,DOWN,-5.1,1,10.3,-0.7,77,77
2025.04.29 17:11:46,UP,6.0,2,9.5,-10.2,1057,2136
2025.04.29 17:47:22,DOWN,-5.2,1,10.0,0.0,478,478
2025.04.29 18:03:10,UP,5.1,1,10.4,-2.6,189,189
2025.04.29 18:08:10,UP,5.6,1,10.1,-5.4,3532,3532
2025.04.29 19:07:02,UP,5.8,1,10.1,-7.1,1118,1118
2025.04.29 19:37:38,UP,5.0,2,1.6,-10.0,83,460
2025.04.29 19:48:07,DOWN,-5.5,1,10.1,-3.7,4112,4112
2025.04.29 20:57:07,DOWN,-5.4,1,10.0,-4.4,831,831
2025.04.29 21:10:58,DOWN,-8.1,2,2.8,-10.6,6036,7547
2025.04.30 00:03:45,UP,5.1,2,9.2,-10.1,5129,17059
2025.04.30 04:48:05,DOWN,-6.2,1,10.2,-0.7,426,426
2025.04.30 04:56:54,DOWN,-5.4,2,7.8,-10.0,207,3820
2025.04.30 06:38:33,DOWN,-5.0,2,4.0,-10.3,1912,6882
2025.04.30 09:10:28,DOWN,-5.1,2,4.0,-10.2,50,808
2025.04.30 09:23:57,UP,6.0,1,10.3,-0.1,702,702
2025.04.30 09:37:02,UP,5.1,2,5.5,-10.2,572,1455
2025.04.30 10:01:17,DOWN,-6.6,1,10.0,-6.9,2809,2809
2025.04.30 11:00:46,DOWN,-5.6,2,3.7,-10.1,24,300
2025.04.30 11:14:09,DOWN,-5.3,1,11.2,-0.9,526,526
2025.04.30 11:22:56,DOWN,-6.5,2,5.9,-10.2,158,4800
2025.04.30 12:42:59,UP,5.1,2,0.0,-10.1,0,335
2025.04.30 12:48:36,DOWN,-5.4,1,10.5,-0.9,4409,4409
2025.04.30 14:03:57,DOWN,-5.8,2,0.1,-10.4,30,928
2025.04.30 15:15:01,UP,6.7,2,5.3,-10.3,488,904
2025.04.30 15:30:26,DOWN,-6.5,2,3.1,-10.3,140,849
2025.04.30 15:44:35,UP,10.7,2,9.4,-10.1,157,639
2025.04.30 16:03:49,DOWN,-5.5,1,10.1,-9.0,3651,3651
2025.04.30 17:04:40,DOWN,-10.4,2,8.6,-10.1,204,2781
2025.04.30 17:51:01,UP,17.9,2,9.7,-10.0,7,151
2025.04.30 17:58:10,UP,5.1,1,10.2,0.0,260,260
2025.04.30 18:04:21,UP,5.9,2,2.2,-10.3,8,576
2025.04.30 18:13:57,DOWN,-8.2,1,10.2,-1.5,366,366
2025.04.30 18:21:33,DOWN,-5.5,1,10.1,-0.4,441,441
2025.04.30 18:28:54,DOWN,-7.0,1,10.3,0.0,55,55
2025.04.30 18:33:54,UP,6.9,2,3.0,-10.3,330,622
2025.04.30 18:44:16,DOWN,-8.6,2,2.2,-10.0,1,82
2025.04.30 18:49:16,DOWN,-5.5,2,0.7,-10.6,18,161
2025.04.30 18:54:16,UP,11.2,1,10.4,-3.1,690,690
2025.04.30 19:06:06,UP,5.5,2,8.1,-10.0,4791,6726
2025.04.30 20:58:12,DOWN,-5.4,2,3.2,-10.0,224,566
2025.04.30 21:07:38,UP,7.4,2,0.6,-10.2,6,161
2025.04.30 21:13:18,UP,5.3,2,3.7,-10.2,218,819
2025.04.30 22:23:28,DOWN,-5.5,1,10.1,-0.3,2103,2103
2025.04.30 22:58:32,DOWN,-7.5,1,11.2,-2.4,1660,1660
2025.04.30 23:58:42,UP,5.1,2,2.5,-10.5,3680,8193
2025.05.01 03:01:14,UP,5.1,2,2.2,-10.7,1595,3959
2025.05.01 06:07:37,DOWN,-5.1,1,10.1,-6.0,6846,6846
2025.05.01 08:01:43,DOWN,-5.5,2,9.4,-10.1,1662,4400
2025.05.01 09:34:19,DOWN,-5.1,2,0.1,-10.1,0,516
2025.05.01 09:57:46,DOWN,-5.1,1,10.4,-1.8,614,614
2025.05.01 10:08:00,DOWN,-6.6,2,4.1,-10.1,659,1695
2025.05.01 10:38:35,UP,5.1,1,10.3,-3.4,1307,1307
2025.05.01 11:03:54,UP,5.1,1,10.2,-0.4,823,823
2025.05.01 11:17:37,UP,5.5,2,5.6,-10.1,1086,6004
2025.05.01 12:58:27,DOWN,-5.1,2,2.5,-10.5,219,685
2025.05.01 13:09:52,UP,6.4,1,10.8,-7.5,4097,4097
2025.05.01 14:18:22,UP,5.7,2,3.7,-10.0,31,1640
2025.05.01 14:48:10,DOWN,-5.3,1,10.1,-1.4,1515,1515
2025.05.01 15:13:25,DOWN,-6.8,2,5.6,-10.0,413,996
2025.05.01 15:30:02,UP,5.1,1,10.1,-5.4,53,53
2025.05.01 15:38:13,DOWN,-5.0,1,10.1,-1.6,624,624
2025.05.01 15:58:06,DOWN,-5.2,2,5.6,-10.1,191,862
2025.05.01 16:12:28,UP,8.5,2,0.5,-10.4,1,1935
2025.05.01 16:45:58,DOWN,-5.1,2,0.8,-10.1,2,352
2025.05.01 16:51:50,UP,5.8,2,0.4,-10.1,471,500
2025.05.01 17:00:10,DOWN,-6.7,1,10.5,-0.1,15,15
2025.05.01 17:06:21,DOWN,-5.1,1,10.5,-0.1,95,95
2025.05.01 17:12:57,UP,5.2,2,0.4,-10.2,8,369
2025.05.01 17:19:07,DOWN,-5.9,1,10.4,-5.5,2005,2005
2025.05.01 17:53:47,DOWN,-5.7,2,4.3,-10.1,69,459
2025.05.01 18:07:49,UP,5.5,2,2.3,-10.1,506,703
2025.05.01 18:19:32,DOWN,-8.9,1,10.2,-4.9,1547,1547
2025.05.01 18:56:04,UP,5.4,1,10.1,-0.1,962,962
2025.05.01 19:22:06,DOWN,-5.2,2,0.6,-10.3,17,1522
2025.05.01 20:03:56,DOWN,-5.1,1,10.2,-5.7,3615,3615
2025.05.01 21:04:11,DOWN,-7.6,2,0.3,-10.3,12,413
2025.05.01 21:14:00,UP,5.2,2,1.5,-10.1,156,864
2025.05.01 21:34:20,UP,5.2,1,10.0,-4.6,13976,13976
2025.05.02 04:49:45,UP,5.2,1,10.1,-0.7,2015,2015
2025.05.02 05:23:24,UP,5.1,1,10.1,-9.4,4457,4457
2025.05.02 06:53:06,UP,5.1,2,2.1,-10.1,235,3221
2025.05.02 08:48:22,DOWN,-5.0,2,0.9,-10.7,29,1011
2025.05.02 09:08:59,UP,5.2,1,10.1,-4.7,893,893
2025.05.02 09:39:08,DOWN,-5.1,2,5.0,-10.0,383,4361
2025.05.02 10:53:38,UP,5.1,2,3.6,-10.1,239,564
2025.05.02 11:07:27,DOWN,-5.2,2,3.5,-10.0,445,1644
2025.05.02 12:31:55,UP,5.1,1,10.1,-0.3,446,446
2025.05.02 12:39:22,UP,7.5,2,9.0,-10.1,795,3389
2025.05.02 13:44:21,DOWN,-5.0,2,8.3,-10.0,1706,3080
2025.05.02 14:37:44,UP,5.1,2,6.9,-10.4,132,2692
2025.05.02 15:26:13,DOWN,-5.2,2,0.0,-10.0,0,148
2025.05.02 15:31:13,DOWN,-28.9,2,1.1,-10.4,2,38
2025.05.02 15:37:38,UP,5.8,1,10.0,0.0,111,111
2025.05.02 15:43:05,DOWN,-5.2,1,10.5,-3.1,287,287
2025.05.02 15:48:05,DOWN,-9.6,2,2.3,-10.1,20,194
2025.05.02 15:53:05,UP,8.2,2,1.5,-10.2,18,173
2025.05.02 15:58:05,DOWN,-13.9,2,2.2,-10.0,23,585
2025.05.02 16:07:50,UP,6.8,1,10.1,-6.4,743,743
2025.05.02 16:20:41,UP,5.0,1,10.1,-2.6,309,309
2025.05.02 16:26:58,UP,5.3,1,10.0,-7.5,655,655
2025.05.02 16:37:53,UP,16.5,1,10.2,-1.2,652,652
2025.05.02 16:48:45,UP,5.0,2,8.3,-10.2,745,1633
2025.05.02 17:15:58,DOWN,-6.6,2,4.7,-10.2,514,1373
2025.05.02 17:38:51,UP,8.7,2,2.3,-10.1,44,269
2025.05.02 17:43:51,DOWN,-11.7,2,2.3,-10.1,189,783
2025.05.02 18:06:13,DOWN,-5.0,1,10.2,-2.2,906,906
2025.05.02 18:21:52,DOWN,-5.5,1,10.1,-2.1,376,376
2025.05.02 18:28:15,DOWN,-5.1,1,10.2,-7.2,1303,1303
2025.05.02 18:49:58,DOWN,-10.0,2,4.7,-10.0,988,1397
2025.05.02 19:18:01,DOWN,-5.2,1,10.2,-3.1,1866,1866
2025.05.02 19:49:07,DOWN,-10.0,1,10.5,-3.1,962,962
2025.05.02 20:14:25,DOWN,-5.3,2,2.9,-10.5,90,1115
2025.05.02 20:34:52,UP,5.4,2,0.9,-10.3,105,431
2025.05.02 20:42:03,DOWN,-6.3,1,10.6,-1.8,3610,3610
2025.05.02 21:43:08,DOWN,-5.1,2,3.0,-10.0,540,1394
2025.05.05 00:01:00,UP,5.4,2,0.8,-11.7,653,2330
2025.05.05 00:39:52,DOWN,-11.0,2,0.4,-10.2,505,1273
2025.05.05 01:01:06,UP,6.8,1,10.1,-5.5,2615,2615
2025.05.05 02:22:10,UP,5.8,1,10.0,-2.3,1347,1347
2025.05.05 02:46:15,UP,5.1,2,2.3,-10.7,37,2517
2025.05.05 04:11:19,DOWN,-5.0,2,0.0,-10.1,0,522
2025.05.05 04:22:15,UP,5.3,2,1.4,-10.1,127,1240
2025.05.05 04:44:07,DOWN,-5.1,2,1.0,-10.1,8,1158
2025.05.05 05:13:57,DOWN,-5.2,2,0.0,-10.0,0,1086
2025.05.05 05:34:44,UP,5.1,2,2.0,-10.4,74,2122
2025.05.05 07:08:48,UP,5.1,1,10.2,-8.3,3998,3998
2025.05.05 08:44:23,DOWN,-5.6,1,10.1,-0.5,304,304
2025.05.05 08:49:28,DOWN,-7.0,2,0.0,-10.0,0,409
2025.05.05 09:03:23,DOWN,-5.3,1,10.0,-8.7,3042,3042
2025.05.05 09:54:05,DOWN,-5.8,2,0.0,-10.0,0,233
2025.05.05 09:59:05,UP,7.4,2,0.0,-10.0,0,373
2025.05.05 10:29:01,DOWN,-5.1,2,9.6,-10.1,1871,4746
2025.05.05 11:48:35,UP,5.3,2,0.0,-10.2,0,497
2025.05.05 11:56:52,DOWN,-6.6,2,0.5,-10.1,5,453
2025.05.05 12:04:27,UP,5.9,1,10.0,-0.5,1537,1537
2025.05.05 13:07:07,DOWN,-5.5,2,4.1,-10.0,586,3406
2025.05.05 14:11:36,UP,5.1,2,1.7,-10.1,501,1197
2025.05.05 14:32:15,DOWN,-5.2,2,3.8,-10.1,1513,3088
2025.05.05 15:23:43,UP,8.2,1,10.0,-5.2,2560,2560
2025.05.05 16:06:23,UP,5.7,2,1.1,-10.0,34,1539
2025.05.05 16:32:34,DOWN,-5.1,1,13.9,-8.3,1646,1646
2025.05.05 17:00:01,DOWN,-8.7,1,11.2,-9.4,2112,2112
2025.05.05 17:41:15,UP,5.3,2,4.1,-10.0,143,1506
2025.05.05 18:06:22,DOWN,-5.4,1,10.8,-6.2,2158,2158
2025.05.05 18:42:20,DOWN,-5.1,1,10.2,-3.2,1538,1538
2025.05.05 19:08:28,DOWN,-5.9,2,7.0,-10.2,6918,10039
2025.05.05 22:07:12,UP,5.1,2,2.8,-10.1,1198,18016
2025.05.06 03:07:55,DOWN,-5.3,1,10.7,-0.4,554,554
2025.05.06 03:18:40,DOWN,-5.2,1,10.4,-1.8,390,390
2025.05.06 03:31:53,UP,5.2,2,1.3,-10.1,172,1785
2025.05.06 04:03:04,DOWN,-5.2,2,0.9,-10.0,35,444
2025.05.06 04:18:26,DOWN,-5.1,2,4.8,-10.2,798,2023
2025.05.06 04:52:10,UP,6.7,1,10.4,-5.1,901,901
2025.05.06 05:07:12,UP,7.9,1,10.1,-2.2,5110,5110
2025.05.06 07:18:28,UP,5.2,2,3.6,-10.0,2373,5015
2025.05.06 09:09:18,UP,5.1,1,10.3,-4.0,1781,1781
2025.05.06 09:38:59,UP,8.8,1,10.3,-8.1,3418,3418
2025.05.06 10:39:21,UP,5.0,2,3.4,-10.1,347,1639
2025.05.06 11:06:44,DOWN,-5.2,2,9.8,-10.0,42,476
2025.05.06 11:14:54,UP,5.2,2,6.2,-10.1,299,2324
2025.05.06 11:54:01,DOWN,-5.1,1,10.2,-3.1,831,831
2025.05.06 12:07:53,DOWN,-5.4,1,10.2,-8.3,2593,2593
2025.05.06 12:51:39,DOWN,-5.1,2,4.6,-10.2,189,1249
2025.05.06 13:16:05,DOWN,-5.3,2,2.8,-11.4,353,2441
2025.05.06 13:57:59,UP,5.1,2,7.8,-10.1,2258,4039
2025.05.06 15:06:28,UP,5.1,1,10.1,-0.7,1056,1056
2025.05.06 15:24:13,UP,5.1,1,10.5,-7.5,3716,3716
2025.05.06 16:31:07,DOWN,-5.1,2,4.3,-10.2,124,1021
2025.05.06 16:48:08,UP,5.7,1,10.0,-7.4,1684,1684
2025.05.06 17:16:12,UP,7.9,2,9.2,-10.1,19,214
2025.05.06 17:21:55,UP,5.4,2,9.3,-10.2,940,1974
2025.05.06 17:54:50,DOWN,-9.5,1,10.1,-6.9,4269,4269
2025.05.06 19:07:00,DOWN,-5.4,2,1.5,-10.0,449,837
2025.05.06 19:52:43,UP,5.4,1,10.2,-5.4,927,927
2025.05.06 20:08:10,UP,6.4,1,10.5,-8.0,8142,8142
2025.05.06 22:32:20,DOWN,-5.0,1,10.2,-9.3,5312,5312
2025.05.07 00:02:35,DOWN,-9.8,2,0.0,-11.6,0,205
2025.05.07 01:03:01,DOWN,-5.5,1,10.7,-0.2,53,53
2025.05.07 01:08:01,DOWN,-8.0,1,10.2,-0.1,74,74
2025.05.07 01:17:44,DOWN,-5.2,2,8.9,-10.0,471,1044
2025.05.07 01:58:23,DOWN,-5.2,1,10.0,-9.7,5008,5008
2025.05.07 03:21:51,DOWN,-12.8,2,6.4,-10.1,140,2028
2025.05.07 04:04:36,DOWN,-5.1,2,6.7,-10.0,198,516
2025.05.07 04:13:12,UP,6.9,2,5.6,-10.1,91,768
2025.05.07 04:26:13,DOWN,-5.0,2,7.6,-10.1,417,1798
2025.05.07 04:56:13,UP,5.2,1,10.2,-9.9,12248,12248
2025.05.07 08:49:46,UP,5.1,1,10.1,-0.9,1949,1949
2025.05.07 09:22:16,UP,5.3,2,7.8,-10.2,1878,3985
2025.05.07 10:36:31,UP,5.1,1,10.0,-8.2,3802,3802
2025.05.07 11:48:13,DOWN,-5.3,1,11.0,-1.1,1024,1024
2025.05.07 12:08:01,DOWN,-5.4,2,5.3,-10.1,124,3398
2025.05.07 13:04:39,UP,5.9,2,10.0,-10.2,4783,19006
2025.05.07 18:21:26,DOWN,-5.5,1,10.0,-0.8,890,890
2025.05.07 19:01:13,DOWN,-5.1,2,5.1,-10.4,283,2408
2025.05.07 20:19:41,DOWN,-5.9,2,5.9,-10.0,2418,2559
2025.05.07 21:02:21,UP,16.0,1,10.1,-5.5,311,311
2025.05.07 21:07:32,UP,10.9,2,4.4,-10.4,85,642
2025.05.07 21:18:14,DOWN,-7.1,2,9.4,-10.7,825,1210
2025.05.07 21:38:25,UP,13.2,2,1.7,-10.8,1,38
2025.05.07 21:43:25,DOWN,-8.1,1,10.2,-0.5,62,62
2025.05.07 21:48:25,DOWN,-8.5,2,5.9,-10.2,52,343
2025.05.07 21:54:09,UP,6.2,2,2.0,-10.5,2,390
2025.05.07 22:01:53,DOWN,-5.1,1,10.2,0.0,152,152
2025.05.07 22:07:48,UP,5.1,2,1.1,-10.3,2,331
2025.05.07 22:13:19,DOWN,-10.0,1,10.2,-7.1,1736,1736
2025.05.07 22:42:15,DOWN,-9.9,1,10.0,-9.6,1724,1724
2025.05.07 23:59:31,DOWN,-6.1,2,2.0,-11.2,182,404
2025.05.08 00:06:15,UP,6.9,1,10.0,-8.4,12867,12867
2025.05.08 03:46:14,UP,5.2,1,10.1,-9.6,3935,3935
2025.05.08 04:51:49,UP,10.9,2,8.2,-10.2,4838,11122
2025.05.08 08:09:09,DOWN,-5.0,1,10.5,-0.4,244,244
2025.05.08 08:14:09,DOWN,-7.0,1,10.3,-7.1,3735,3735
2025.05.08 09:16:29,DOWN,-5.2,1,10.4,-1.0,1047,1047
2025.05.08 09:33:56,DOWN,-5.6,2,9.9,-10.1,2026,3843
2025.05.08 10:38:59,UP,5.1,1,10.1,-5.7,1657,1657
2025.05.08 11:08:26,DOWN,-5.1,1,10.1,-2.3,1634,1634
2025.05.08 11:39:58,UP,5.2,2,6.2,-10.3,2122,4828
2025.05.08 13:13:26,DOWN,-5.1,2,1.5,-10.0,13,513
2025.05.08 13:23:03,UP,5.1,1,10.1,-0.4,850,850
2025.05.08 13:37:13,UP,6.0,2,1.3,-10.1,45,958
2025.05.08 14:04:24,UP,5.1,1,10.1,-4.1,1123,1123
2025.05.08 14:23:22,UP,5.2,2,0.3,-10.4,2,244
2025.05.08 14:28:22,DOWN,-5.8,2,6.7,-10.1,789,2617
2025.05.08 15:12:00,UP,5.3,1,11.4,-9.6,1636,1636
2025.05.08 15:39:16,UP,15.9,2,6.3,-10.0,64,702
2025.05.08 15:51:29,DOWN,-5.2,2,5.5,-10.1,32,940
2025.05.08 16:07:10,UP,5.5,2,0.1,-10.1,0,541
2025.05.08 16:16:13,DOWN,-5.1,2,6.4,-10.1,1792,3004
2025.05.08 17:08:29,UP,5.5,2,2.0,-10.1,168,758
2025.05.08 17:22:49,DOWN,-5.1,1,10.1,-3.1,1633,1633
2025.05.08 17:50:16,DOWN,-5.2,1,10.6,-9.9,496,496
2025.05.08 17:58:32,DOWN,-9.7,2,1.8,-10.1,153,735
2025.05.08 18:11:32,UP,5.4,2,0.7,-10.1,113,591
2025.05.08 18:21:25,DOWN,-5.1,1,10.7,-2.1,1097,1097
2025.05.08 18:39:42,DOWN,-8.7,1,10.2,-5.6,425,425
2025.05.08 18:46:47,DOWN,-6.8,1,10.0,-6.3,178,178
2025.05.08 18:52:00,UP,5.8,2,1.7,-10.2,5,243
2025.05.08 18:57:00,DOWN,-12.5,2,1.3,-10.2,5,69
2025.05.08 19:02:53,DOWN,-5.2,1,10.5,-3.7,481,481
2025.05.08 19:10:55,DOWN,-8.1,1,10.1,-4.7,804,804
2025.05.08 19:24:19,DOWN,-5.1,2,1.6,-10.1,92,181
2025.05.08 19:29:20,UP,7.6,2,4.2,-10.2,943,2349
2025.05.08 20:12:49,UP,5.1,2,4.5,-10.3,389,1004
2025.05.08 20:29:34,DOWN,-5.6,2,2.5,-10.1,1052,1572
2025.05.08 22:19:50,DOWN,-5.3,2,8.2,-10.5,412,11658
2025.05.09 02:02:12,DOWN,-5.6,1,10.2,-6.8,4723,4723
2025.05.09 03:22:51,DOWN,-5.1,2,0.4,-10.1,3,1641
2025.05.09 04:26:42,DOWN,-5.4,1,10.1,-6.1,2387,2387
2025.05.09 05:10:29,DOWN,-5.5,2,0.3,-10.1,1,683
2025.05.09 05:54:27,UP,5.0,1,10.1,-1.1,560,560
2025.05.09 06:03:47,UP,9.3,1,10.1,-9.2,11104,11104
2025.05.09 09:14:40,UP,5.5,1,10.1,-8.2,4822,4822
2025.05.09 10:37:09,UP,5.5,2,2.6,-10.0,436,2946
2025.05.09 11:37:10,UP,5.2,2,5.7,-10.3,1745,5071
2025.05.09 13:58:26,DOWN,-5.1,2,1.2,-10.3,1692,1714
2025.05.09 14:27:00,UP,7.6,2,4.2,-10.4,29,1156
2025.05.09 14:47:36,DOWN,-5.1,2,1.0,-10.1,31,745
2025.05.09 16:09:22,UP,5.2,1,10.2,-5.1,3882,3882
2025.05.09 17:14:04,UP,5.2,1,10.1,-3.1,623,623
2025.05.09 17:24:28,UP,8.9,2,9.6,-10.0,181,1587
2025.05.09 17:50:56,DOWN,-5.2,1,10.4,-2.3,411,411
2025.05.09 17:57:48,DOWN,-8.1,2,0.7,-10.3,2,529
2025.05.09 18:38:22,UP,5.0,2,7.6,-10.1,1508,4779
2025.05.09 20:33:07,UP,5.0,2,4.2,-10.0,1786,6694
2025.05.12 00:01:07,DOWN,-51.8,2,6.7,-10.2,95,673
2025.05.12 00:12:47,UP,5.5,1,10.5,-1.4,418,418
2025.05.12 00:19:46,UP,11.5,1,10.2,-8.9,2658,2658
2025.05.12 01:04:04,UP,16.1,1,10.1,-7.9,7525,7525
2025.05.12 03:19:07,DOWN,-5.4,2,5.8,-10.3,103,2559
2025.05.12 04:13:20,DOWN,-5.3,1,10.1,-2.4,934,934
2025.05.12 04:32:07,UP,5.1,2,8.3,-10.1,3466,14344
2025.05.12 08:47:44,DOWN,-5.0,2,1.9,-10.0,29,801
2025.05.12 09:01:45,UP,5.1,2,8.4,-10.0,1805,2546
2025.05.12 09:44:22,DOWN,-5.2,1,10.2,-6.7,970,970
2025.05.12 10:00:32,DOWN,-12.9,1,12.3,-0.4,8,8
2025.05.12 10:05:36,UP,5.1,2,5.2,-10.0,58,354
2025.05.12 10:11:30,DOWN,-5.3,1,10.2,0.0,107,107
2025.05.12 10:20:38,DOWN,-5.1,1,10.1,-3.6,178,178
2025.05.12 10:25:38,DOWN,-7.7,1,10.3,-4.2,132,132
2025.05.12 10:31:23,UP,5.6,1,10.2,-0.6,118,118
2025.05.12 10:37:08,DOWN,-5.2,2,2.0,-10.1,42,290
2025.05.12 10:43:21,DOWN,-5.3,1,10.2,-0.6,38,38
2025.05.12 10:48:28,UP,5.1,2,5.0,-10.5,147,324
2025.05.12 10:53:53,DOWN,-11.1,2,0.8,-10.4,0,424
2025.05.12 11:01:20,UP,5.4,2,7.0,-11.0,182,762
2025.05.12 11:14:13,DOWN,-5.5,1,11.7,0.0,9,9
2025.05.12 11:19:13,UP,9.3,1,10.0,-7.7,279,279
2025.05.12 11:24:13,UP,15.4,1,10.7,-2.9,720,720
2025.05.12 11:36:31,UP,5.1,1,10.1,-1.1,829,829
2025.05.12 11:54:31,UP,6.4,2,7.1,-10.2,196,1165
2025.05.12 12:13:56,DOWN,-6.2,2,1.6,-10.1,32,442
2025.05.12 12:21:20,UP,5.1,2,1.0,-10.3,14,1042
2025.05.12 12:54:05,DOWN,-5.1,1,10.1,-0.3,461,461
2025.05.12 13:01:47,DOWN,-6.6,1,11.4,-2.6,840,840
2025.05.12 13:15:54,DOWN,-5.3,1,10.0,-1.7,544,544
2025.05.12 13:24:58,DOWN,-7.6,1,10.4,-4.9,976,976
2025.05.12 13:41:14,DOWN,-5.8,2,5.1,-10.1,432,901
2025.05.12 13:59:45,DOWN,-5.3,2,3.0,-10.1,73,727
2025.05.12 14:11:53,UP,5.4,1,10.2,-1.1,405,405
2025.05.12 14:18:39,UP,7.8,2,1.9,-10.5,7,1165
2025.05.12 14:38:05,DOWN,-5.1,2,0.0,-10.2,0,236
2025.05.12 14:43:05,UP,10.0,1,10.2,-1.1,429,429
2025.05.12 14:50:14,UP,7.5,2,6.3,-10.3,143,2419
2025.05.12 15:37:59,UP,5.5,1,10.3,-1.6,499,499
2025.05.12 15:46:26,UP,5.5,2,1.7,-10.0,5,514
2025.05.12 16:07:13,UP,5.1,1,10.1,-4.5,862,862
2025.05.12 16:21:35,UP,7.6,2,4.4,-10.0,637,1721
2025.05.12 17:08:27,UP,5.3,2,5.5,-10.2,100,847
2025.05.12 17:22:34,DOWN,-6.4,2,8.0,-10.1,124,800
2025.05.12 17:36:30,UP,5.2,2,7.1,-10.1,136,838
2025.05.12 17:51:09,DOWN,-5.4,1,10.3,-7.3,3173,3173
2025.05.12 18:44:03,DOWN,-5.2,1,10.1,-5.4,2706,2706
2025.05.12 19:29:09,DOWN,-6.9,1,10.2,-6.7,1727,1727
2025.05.12 20:31:32,DOWN,-5.6,1,10.0,-5.6,3579,3579
2025.05.12 21:51:43,UP,5.3,1,10.1,-4.0,2921,2921
2025.05.12 23:59:39,DOWN,-5.7,2,1.2,-10.0,58,3681
2025.05.13 01:01:09,UP,5.2,1,10.0,-4.2,7512,7512
2025.05.13 03:24:44,DOWN,-5.1,2,2.1,-10.2,1581,6225
2025.05.13 06:46:35,UP,5.3,2,4.9,-10.0,5317,8883
2025.05.13 09:21:03,UP,5.1,1,10.0,-9.2,3779,3779
2025.05.13 10:24:03,UP,8.8,2,3.5,-10.1,1267,2621
2025.05.13 11:08:27,DOWN,-5.4,1,10.1,-7.5,7139,7139
2025.05.13 13:07:26,DOWN,-9.5,2,1.1,-10.2,4,1292
2025.05.13 13:31:55,DOWN,-5.5,2,5.6,-10.0,1065,5921
2025.05.13 15:30:01,UP,8.6,2,9.7,-10.4,25,248
2025.05.13 15:39:43,UP,5.1,1,10.6,-3.1,303,303
2025.05.13 15:44:47,UP,11.0,1,10.3,-10.0,1434,1434
2025.05.13 16:08:41,UP,6.6,1,10.2,-8.8,5558,5558
2025.05.13 17:41:20,UP,6.0,1,10.4,-4.1,896,896
2025.05.13 17:57:36,UP,5.2,1,10.4,-5.3,1540,1540
2025.05.13 18:23:17,UP,8.8,1,10.1,-9.0,11668,11668
2025.05.13 23:48:14,DOWN,-6.0,2,7.3,-10.1,706,7855
2025.05.14 02:08:09,DOWN,-5.3,2,5.3,-10.1,3398,8327
2025.05.14 04:33:26,DOWN,-5.1,1,10.3,-8.7,16340,16340
2025.05.14 09:13:44,UP,5.1,1,10.2,-7.2,5085,5085
2025.05.14 10:38:29,UP,7.1,1,10.1,-1.2,913,913
2025.05.14 10:53:55,UP,5.1,1,10.0,-0.3,565,565
2025.05.14 11:03:21,UP,5.3,1,10.0,-0.2,62,62
2025.05.14 11:08:21,UP,20.2,2,1.8,-10.6,2,40
2025.05.14 11:13:21,DOWN,-10.6,2,4.8,-10.3,80,467
2025.05.14 11:21:09,UP,7.1,1,10.1,-2.3,186,186
2025.05.14 11:26:09,UP,5.1,2,1.2,-10.1,17,142
2025.05.14 11:41:32,UP,5.1,2,0.0,-10.0,0,98
2025.05.14 11:46:32,UP,5.7,1,10.1,-8.3,1721,1721
2025.05.14 12:16:16,UP,5.5,1,10.0,-7.0,642,642
2025.05.14 12:26:59,UP,6.2,2,0.9,-10.1,3,182
2025.05.14 12:43:02,UP,5.1,2,9.9,-10.2,406,1681
2025.05.14 13:13:07,DOWN,-5.1,1,10.1,-2.6,770,770
2025.05.14 13:31:32,UP,5.1,2,2.9,-10.0,78,995
2025.05.14 13:49:47,DOWN,-5.2,1,10.0,-9.9,1647,1647
2025.05.14 14:17:14,DOWN,-8.9,2,8.2,-10.0,3645,4446
2025.05.14 15:32:16,UP,5.4,2,1.8,-10.3,109,339
2025.05.14 15:37:55,DOWN,-7.3,2,1.0,-10.1,4,420
2025.05.14 15:44:56,UP,8.6,2,5.5,-10.4,227,1027
2025.05.14 16:02:03,DOWN,-6.0,2,9.1,-10.0,852,2173
2025.05.14 16:38:17,UP,6.6,2,5.6,-10.2,722,1135
2025.05.14 16:57:12,DOWN,-12.9,1,10.3,-3.3,458,458
2025.05.14 17:04:50,DOWN,-11.2,2,0.6,-10.0,4,617
2025.05.14 17:17:57,DOWN,-5.2,2,8.8,-10.4,421,1923
2025.05.14 17:51:11,DOWN,-5.1,1,10.1,-1.3,758,758
2025.05.14 18:03:49,DOWN,-6.4,1,10.0,-8.5,5800,5800
2025.05.14 19:40:29,DOWN,-7.8,1,10.0,-1.2,30,30
2025.05.14 19:48:55,UP,5.1,2,5.6,-10.1,2216,4551
2025.05.14 21:04:46,DOWN,-8.0,1,10.1,-4.0,3555,3555
2025.05.14 22:04:01,DOWN,-7.0,2,7.9,-10.2,7047,10871
2025.05.15 03:04:28,DOWN,-5.3,2,0.0,-10.3,0,1246
2025.05.15 03:33:13,UP,5.1,1,10.2,-7.8,20890,20890
2025.05.15 09:21:23,UP,6.5,1,10.1,-0.5,817,817
2025.05.15 09:47:04,UP,5.0,2,6.5,-10.0,765,2058
2025.05.15 10:21:23,DOWN,-5.3,1,10.0,-1.3,1415,1415
2025.05.15 10:44:58,DOWN,-5.4,2,9.7,-10.2,179,5143
2025.05.15 12:29:45,DOWN,-5.4,1,10.8,-6.4,5767,5767
2025.05.15 14:05:54,DOWN,-5.1,1,10.3,-3.0,1730,1730
2025.05.15 14:34:44,DOWN,-11.4,2,3.6,-10.2,17,2793
2025.05.15 15:30:01,UP,7.8,1,10.1,-4.3,217,217
2025.05.15 15:39:30,UP,5.3,2,2.3,-10.3,46,285
2025.05.15 15:44:31,DOWN,-11.6,1,10.0,-3.2,291,291
2025.05.15 15:49:31,DOWN,-11.4,2,5.6,-10.0,64,336
2025.05.15 15:57:47,UP,5.1,1,10.1,-2.1,168,168
2025.05.15 16:07:12,UP,5.1,2,7.0,-10.2,591,1154
2025.05.15 16:26:26,DOWN,-7.0,1,10.2,-2.8,1154,1154
2025.05.15 16:52:08,UP,5.1,1,10.1,-3.0,1133,1133
2025.05.15 17:16:41,DOWN,-5.1,1,10.0,-3.9,843,843
2025.05.15 17:32:05,DOWN,-5.3,2,9.9,-10.2,683,2708
2025.05.15 18:23:55,DOWN,-5.0,1,10.1,-2.5,1249,1249
2025.05.15 18:44:44,DOWN,-6.7,2,1.4,-10.2,7,544
2025.05.15 19:13:26,DOWN,-5.1,2,6.3,-10.2,2594,3236
2025.05.15 20:14:18,DOWN,-5.3,2,9.2,-10.1,1768,15898
2025.05.16 00:39:16,UP,5.5,1,10.3,-3.4,8701,8701
2025.05.16 03:04:17,UP,7.3,1,10.1,-4.3,18091,18091
2025.05.16 08:06:48,UP,5.0,2,5.9,-10.2,4900,11227
2025.05.16 11:14:28,DOWN,-5.3,1,10.0,-7.3,6769,6769
2025.05.16 13:08:09,DOWN,-5.2,2,1.2,-10.3,1750,2908
2025.05.16 14:09:02,UP,5.4,2,1.9,-10.0,70,2229
2025.05.16 15:19:13,UP,5.1,2,8.2,-10.2,5673,6203
2025.05.16 17:02:36,DOWN,-12.2,1,10.0,-7.2,1737,1737
2025.05.16 17:33:50,DOWN,-5.2,1,10.2,-0.6,211,211
2025.05.16 17:38:50,DOWN,-9.4,1,10.2,-1.7,141,141
2025.05.16 17:48:07,UP,5.3,2,0.0,-10.1,0,214
2025.05.16 17:53:07,DOWN,-7.5,1,10.1,-6.6,2114,2114
2025.05.16 19:01:09,UP,5.2,2,2.2,-10.0,5,260
2025.05.16 19:06:09,DOWN,-5.3,2,4.8,-10.1,848,2524
2025.05.16 20:46:54,UP,5.1,1,10.2,-2.7,3532,3532
2025.05.16 22:47:11,DOWN,-5.0,2,6.6,-10.4,3301,4023
2025.05.16 23:54:14,UP,6.8,1,15.8,-1.3,173198,173198
2025.05.19 00:01:00,UP,13.7,2,0.0,-13.6,0,29
2025.05.19 00:30:24,DOWN,-5.3,2,5.6,-10.0,1627,2060
2025.05.19 01:04:44,UP,14.5,1,10.0,-0.5,3020,3020
2025.05.19 02:42:28,DOWN,-5.2,2,0.5,-10.1,593,1321
2025.05.19 03:07:10,DOWN,-5.0,2,6.6,-10.0,2529,2829
2025.05.19 03:54:20,UP,15.9,2,2.5,-10.1,364,1464
2025.05.19 04:21:14,DOWN,-5.1,1,10.5,-1.8,2687,2687
2025.05.19 05:19:34,UP,5.0,1,10.1,-9.4,13946,13946
2025.05.19 09:12:00,UP,5.3,1,10.6,-5.5,1146,1146
2025.05.19 09:31:07,UP,5.9,1,10.2,-3.5,2294,2294
2025.05.19 10:09:21,UP,6.1,1,10.4,-4.1,1062,1062
2025.05.19 10:27:03,UP,5.3,1,10.5,-1.4,425,425
2025.05.19 10:34:08,UP,9.4,1,10.9,-3.7,2448,2448
2025.05.19 11:49:00,UP,5.1,1,10.4,-0.1,398,398
2025.05.19 12:03:38,UP,5.0,1,10.2,-1.1,287,287
2025.05.19 12:08:39,UP,10.0,2,0.0,-10.1,0,917
2025.05.19 12:23:57,DOWN,-5.2,2,1.1,-10.2,50,876
2025.05.19 12:38:49,UP,5.1,1,10.0,-6.0,1549,1549
2025.05.19 13:09:04,DOWN,-5.3,2,7.9,-10.0,2092,2720
2025.05.19 13:54:24,UP,9.5,2,1.6,-10.0,13,373
2025.05.19 14:02:01,DOWN,-5.6,1,10.2,-5.5,2147,2147
2025.05.19 14:57:59,UP,5.2,2,2.4,-10.0,175,716
2025.05.19 15:09:55,DOWN,-5.5,1,10.4,-9.0,3397,3397
2025.05.19 16:07:00,DOWN,-5.0,2,0.1,-10.0,1,397
2025.05.19 16:13:37,UP,5.5,2,6.2,-10.6,133,2205
2025.05.19 17:02:14,DOWN,-5.7,2,4.1,-10.1,2164,2667
2025.05.19 17:46:48,UP,5.5,2,2.1,-10.0,2162,3932
2025.05.19 18:53:05,DOWN,-5.1,1,10.0,0.0,314,314
2025.05.19 18:59:28,DOWN,-5.4,1,10.0,-5.4,5250,5250
2025.05.19 21:41:39,DOWN,-5.1,2,0.8,-10.1,180,2475
2025.05.19 23:59:31,DOWN,-5.2,1,10.1,-6.1,10979,10979
2025.05.20 03:02:35,DOWN,-5.0,2,9.2,-10.1,1826,4100
2025.05.20 04:17:10,UP,5.1,2,8.0,-10.2,164,6024
2025.05.20 05:57:35,DOWN,-5.6,2,6.9,-10.1,8,790
2025.05.20 08:01:23,UP,5.6,1,10.4,-4.0,2090,2090
2025.05.20 08:58:53,UP,5.1,1,10.1,-4.7,4176,4176
2025.05.20 10:08:29,UP,5.8,1,10.2,-2.4,2017,2017
2025.05.20 10:42:07,UP,5.2,2,2.3,-10.6,1061,1912
2025.05.20 11:36:20,DOWN,-5.1,1,10.1,-2.3,533,533
2025.05.20 12:13:14,UP,5.0,2,2.2,-10.0,98,1540
2025.05.20 12:39:14,DOWN,-5.7,1,10.1,-5.2,8956,8956
2025.05.20 15:11:02,DOWN,-5.3,1,10.3,-3.9,686,686
2025.05.20 15:22:28,DOWN,-6.1,2,2.1,-10.0,38,747
2025.05.20 15:34:56,UP,8.3,2,1.0,-10.1,1101,2455
2025.05.20 16:47:59,UP,5.7,1,10.2,-1.3,766,766
2025.05.20 17:00:46,UP,5.1,1,10.1,-2.8,546,546
2025.05.20 17:09:52,UP,10.0,2,8.4,-10.1,3039,6175
2025.05.20 19:54:27,UP,5.2,1,10.1,-0.5,1618,1618
2025.05.21 03:27:20,UP,5.3,2,4.6,-10.1,2080,3650
2025.05.21 04:57:00,UP,5.1,1,10.1,-3.2,569,569
2025.05.21 05:09:15,UP,5.5,1,10.1,-0.1,2075,2075
2025.05.21 06:34:40,UP,5.2,1,10.6,-2.1,1113,1113
2025.05.21 06:53:14,UP,6.7,2,0.2,-10.2,0,648
2025.05.21 07:58:09,DOWN,-5.0,2,1.2,-10.0,88,1799
2025.05.21 08:31:20,DOWN,-5.0,2,8.8,-10.5,2189,2638
2025.05.21 09:15:35,UP,5.4,2,9.4,-10.0,1352,1899
2025.05.21 09:47:14,DOWN,-5.4,1,10.0,-8.4,1005,1005
2025.05.21 10:03:59,DOWN,-8.8,1,10.1,-10.0,6479,6479
2025.05.21 11:56:49,UP,5.1,1,10.6,-4.7,2744,2744
2025.05.21 12:42:34,UP,8.3,1,10.3,-3.5,1792,1792
2025.05.21 13:14:37,UP,5.5,1,10.5,-1.8,542,542
2025.05.21 13:23:39,UP,5.6,2,7.6,-10.4,410,1556
2025.05.21 13:49:35,DOWN,-9.0,1,10.3,-1.5,2536,2536
2025.05.21 14:57:39,DOWN,-5.1,2,3.2,-10.3,2381,3524
2025.05.21 15:56:24,UP,5.2,1,10.5,-7.4,3921,3921
2025.05.21 17:01:48,UP,7.5,2,1.0,-10.3,1,194
2025.05.21 17:07:01,UP,5.2,1,10.0,0.0,131,131
2025.05.21 17:12:01,UP,6.6,2,0.0,-10.1,0,224
2025.05.21 17:17:01,DOWN,-5.6,2,9.4,-10.1,425,6671
2025.05.21 19:08:13,UP,8.8,2,0.0,-10.4,0,1021
2025.05.21 20:03:58,UP,5.1,1,10.1,-1.0,1025,1025
2025.05.21 20:21:04,UP,7.3,2,7.2,-10.1,364,681
2025.05.21 20:32:25,DOWN,-10.5,1,10.2,-3.3,3237,3237
2025.05.21 21:26:35,DOWN,-5.1,1,10.1,-8.5,5301,5301
2025.05.21 22:54:56,DOWN,-5.1,1,10.6,-7.6,11278,11278
2025.05.22 03:12:52,UP,5.1,2,4.1,-10.4,22,1240
2025.05.22 03:33:33,DOWN,-5.8,1,10.1,-4.1,1709,1709
2025.05.22 04:02:02,DOWN,-8.2,2,1.6,-10.1,216,680
2025.05.22 04:13:28,UP,5.7,1,10.3,-2.2,699,699
2025.05.22 04:34:51,DOWN,-5.1,2,4.1,-10.1,495,2573
2025.05.22 05:49:07,DOWN,-5.1,1,10.1,-3.0,5305,5305
2025.05.22 07:32:14,DOWN,-5.1,2,0.1,-10.1,1,5225
2025.05.22 09:26:35,DOWN,-5.0,1,10.7,-0.8,579,579
2025.05.22 09:48:05,DOWN,-5.5,1,10.0,-3.6,1393,1393
2025.05.22 10:11:18,DOWN,-7.0,2,1.0,-10.0,2,917
2025.05.22 10:26:41,UP,5.0,2,0.0,-12.0,0,199
2025.05.22 10:31:43,DOWN,-14.9,2,7.1,-10.4,192,1147
2025.05.22 11:01:16,DOWN,-5.1,2,5.4,-10.2,35,258
2025.05.22 11:06:30,UP,5.2,2,7.1,-10.1,232,1572
2025.05.22 11:32:43,DOWN,-7.6,1,10.7,-2.1,833,833
2025.05.22 11:46:36,DOWN,-5.6,1,10.3,-3.8,898,898
2025.05.22 12:01:34,DOWN,-5.6,2,6.1,-10.3,3967,8827
2025.05.22 14:37:20,DOWN,-5.4,1,10.0,-9.8,3564,3564
2025.05.22 15:36:44,DOWN,-10.2,1,10.1,-1.0,1025,1025
2025.05.22 15:53:50,DOWN,-8.0,2,0.0,-10.1,0,273
2025.05.22 15:59:07,UP,5.1,1,10.2,-1.9,300,300
2025.05.22 16:04:07,UP,9.7,2,4.3,-10.1,163,1566
2025.05.22 16:33:09,DOWN,-5.7,1,10.0,-9.6,1626,1626
2025.05.22 17:01:55,UP,5.1,2,9.5,-10.3,435,2941
2025.05.22 17:50:57,DOWN,-6.4,1,10.2,-4.0,1041,1041
2025.05.22 18:08:18,DOWN,-13.2,2,2.2,-10.0,242,614
2025.05.22 18:18:36,UP,5.2,2,9.6,-10.2,713,6000
2025.05.22 19:58:37,DOWN,-7.5,1,10.0,-2.2,1630,1630
2025.05.22 20:28:06,DOWN,-5.1,2,0.7,-10.0,27,1212
2025.05.22 20:48:22,UP,5.3,1,10.4,-0.4,3455,3455
2025.05.22 21:46:28,UP,5.1,1,10.0,-2.5,15638,15638
2025.05.23 03:56:32,DOWN,-5.2,2,0.5,-10.0,7,2398
2025.05.23 04:38:54,UP,5.2,1,10.3,0.0,737,737
2025.05.23 04:51:11,UP,6.0,2,0.2,-10.1,1,2495
2025.05.23 05:39:16,UP,5.1,1,10.1,-6.7,11847,11847
2025.05.23 08:56:43,UP,7.6,2,2.0,-10.1,710,1777
2025.05.23 09:26:34,DOWN,-5.1,2,4.2,-10.5,2024,2819
2025.05.23 10:13:33,UP,5.0,1,10.2,-1.1,507,507
2025.05.23 10:22:00,UP,7.1,1,10.5,-6.5,3167,3167
2025.05.23 11:18:00,DOWN,-5.1,2,6.2,-10.1,806,4811
2025.05.23 13:06:45,DOWN,-5.2,2,2.1,-10.0,169,807
2025.05.23 13:22:56,DOWN,-5.1,1,10.2,-2.5,3147,3147
2025.05.23 14:19:35,UP,5.1,1,10.4,-0.2,31,31
2025.05.23 14:24:38,UP,5.4,1,10.0,-6.8,1032,1032
2025.05.23 14:44:05,UP,5.1,2,1.8,-11.4,5,12
2025.05.23 14:49:05,DOWN,-5.2,1,11.9,-4.3,168,168
2025.05.23 14:54:05,DOWN,-26.0,2,1.8,-10.1,49,68
2025.05.23 14:59:05,UP,25.2,2,0.2,-10.3,201,236
2025.05.23 15:05:54,DOWN,-5.3,1,10.1,-1.9,210,210
2025.05.23 15:11:01,UP,5.2,1,10.0,-5.1,420,420
2025.05.23 15:18:02,UP,7.0,1,10.5,-0.1,66,66
2025.05.23 15:31:33,UP,5.2,1,10.3,0.0,598,598
2025.05.23 15:41:31,UP,5.5,2,7.5,-10.1,135,835
2025.05.23 16:02:59,DOWN,-5.1,1,10.1,-8.0,1411,1411
2025.05.23 16:26:32,DOWN,-5.1,2,4.3,-10.0,46,735
2025.05.23 16:49:54,DOWN,-5.1,1,10.3,-2.1,618,618
2025.05.23 17:03:40,UP,5.3,1,10.1,0.0,244,244
2025.05.23 17:08:40,UP,13.1,1,10.1,-7.9,2535,2535
2025.05.23 17:50:56,UP,5.3,2,2.0,-10.0,18,144
2025.05.23 17:58:05,UP,5.4,2,1.4,-10.1,120,1424
2025.05.23 18:32:07,UP,5.0,1,10.2,-0.9,1052,1052
2025.05.23 18:51:33,UP,5.0,2,4.7,-10.0,70,625
2025.05.23 19:04:00,DOWN,-5.1,2,3.1,-10.2,20,1895
2025.05.23 19:36:06,UP,5.1,1,10.0,-4.1,4149,4149
2025.05.23 20:59:58,DOWN,-5.1,3,5.2,-8.7,6463,183662
2025.05.26 01:10:06,UP,5.2,2,4.5,-10.0,411,615
2025.05.26 01:20:22,DOWN,-5.7,2,1.8,-10.5,49,556
2025.05.26 01:29:38,UP,8.0,1,10.0,-5.1,6555,6555
2025.05.26 03:18:55,UP,7.6,1,10.4,-1.1,2262,2262
2025.05.26 04:09:26,DOWN,-5.1,2,1.8,-10.1,188,722
2025.05.26 04:31:46,DOWN,-5.2,2,3.2,-10.0,129,1010
2025.05.26 04:49:04,UP,5.1,1,10.1,-1.3,314,314
2025.05.26 04:54:18,UP,10.0,2,5.1,-10.1,736,9546
2025.05.26 07:33:24,DOWN,-5.1,2,2.8,-10.1,3921,4732
2025.05.26 08:52:16,UP,5.3,2,4.8,-10.5,202,4303
2025.05.26 10:03:59,DOWN,-6.0,1,10.1,-1.3,1596,1596
2025.05.26 10:31:32,DOWN,-5.1,1,10.7,-6.9,5584,5584
2025.05.26 12:42:24,DOWN,-5.0,2,8.2,-10.1,9948,39806
2025.05.26 23:59:58,DOWN,-5.1,2,8.7,-10.3,152,3745
2025.05.27 01:02:26,UP,8.8,1,10.1,-5.8,8470,8470
2025.05.27 04:43:36,DOWN,-5.1,1,10.0,-7.4,10645,10645
2025.05.27 08:26:41,DOWN,-5.1,2,3.6,-10.1,624,2040
2025.05.27 09:03:36,UP,5.1,2,9.0,-10.1,998,2976
2025.05.27 09:53:13,DOWN,-6.6,1,10.1,0.0,1636,1636
2025.05.27 10:20:45,DOWN,-8.0,1,11.2,-0.7,452,452
2025.05.27 10:28:18,DOWN,-9.7,2,9.6,-10.0,1827,4589
2025.05.27 11:53:02,DOWN,-5.1,2,1.5,-10.1,110,1078
2025.05.27 12:24:17,DOWN,-5.2,2,9.4,-10.3,5574,10760
2025.05.27 15:23:49,UP,5.5,1,10.3,-1.3,2449,2449
2025.05.27 16:04:38,UP,5.8,2,3.2,-10.1,2166,2578
2025.05.27 16:47:37,DOWN,-7.0,1,10.2,-0.8,746,746
2025.05.27 17:00:03,DOWN,-5.7,1,10.1,-9.1,2129,2129
2025.05.27 17:35:41,DOWN,-5.0,1,10.1,-5.3,2574,2574
2025.05.27 18:18:35,DOWN,-5.0,2,9.1,-10.1,20618,32639
2025.05.28 03:54:14,DOWN,-5.1,1,10.0,-1.1,753,753
2025.05.28 04:06:48,DOWN,-6.3,1,10.2,-0.5,223,223
2025.05.28 04:13:11,UP,5.2,1,10.6,-0.5,439,439
2025.05.28 04:24:04,UP,5.1,2,0.9,-10.0,15,817
2025.05.28 04:40:49,DOWN,-5.3,1,10.8,-2.4,3534,3534
2025.05.28 05:39:43,DOWN,-11.8,1,10.5,-2.9,1001,1001
2025.05.28 06:54:13,DOWN,-5.5,1,10.1,-3.6,5153,5153
2025.05.28 08:49:25,UP,5.1,1,10.0,-0.3,606,606
2025.05.28 08:59:31,UP,5.6,2,1.1,-10.2,38,615
2025.05.28 09:09:46,DOWN,-7.1,2,0.1,-10.1,5,882
2025.05.28 09:42:00,DOWN,-5.4,2,4.6,-10.3,1089,1709
2025.05.28 10:32:51,UP,5.1,1,10.0,-2.8,1865,1865
2025.05.28 11:03:57,UP,5.5,2,2.1,-10.1,5,721
2025.05.28 11:19:16,DOWN,-5.2,2,0.9,-10.1,310,2153
2025.05.28 12:08:13,DOWN,-5.4,2,0.3,-10.0,10,822
2025.05.28 13:24:36,UP,5.1,2,0.5,-10.4,2,1263
2025.05.28 13:48:29,DOWN,-5.1,1,10.4,-5.3,4003,4003
2025.05.28 15:02:29,UP,5.6,2,1.3,-10.1,5,539
2025.05.28 15:14:44,DOWN,-5.1,1,10.1,-8.2,3319,3319
2025.05.28 16:12:36,DOWN,-5.1,2,0.5,-10.1,0,686
2025.05.28 16:27:59,DOWN,-5.2,2,3.0,-10.0,903,1392
2025.05.28 16:51:11,UP,5.2,1,10.0,-4.7,1179,1179
2025.05.28 17:12:48,UP,5.1,2,2.8,-10.1,37,2259
2025.05.28 17:50:27,DOWN,-5.1,1,10.1,-2.1,203,203
2025.05.28 17:57:13,DOWN,-5.1,1,10.1,-7.3,1201,1201
2025.05.28 18:17:14,DOWN,-7.5,2,6.7,-10.1,2390,8451
2025.05.28 20:43:19,DOWN,-5.3,1,10.1,-3.7,19383,19383
2025.05.29 02:11:48,DOWN,-5.4,1,10.2,-3.4,685,685
2025.05.29 02:32:38,DOWN,-5.3,1,10.6,-0.3,229,229
2025.05.29 02:37:38,DOWN,-21.7,1,10.2,0.0,33,33
2025.05.29 02:42:38,UP,6.6,2,0.6,-10.0,8,40
2025.05.29 02:47:38,UP,16.9,1,10.2,-2.6,188,188
2025.05.29 02:53:02,UP,5.4,2,8.0,-10.1,134,493
2025.05.29 03:01:16,DOWN,-5.6,2,1.0,-10.6,7,167
2025.05.29 03:07:34,UP,5.4,2,3.9,-10.4,90,577
2025.05.29 03:17:12,DOWN,-5.1,2,1.9,-10.0,12,332
2025.05.29 03:22:45,UP,8.6,2,6.6,-10.1,304,1587
2025.05.29 03:52:20,UP,5.0,2,3.1,-10.3,142,552
2025.05.29 04:01:33,DOWN,-5.1,2,6.0,-10.2,189,595
2025.05.29 04:11:29,UP,7.6,2,1.6,-10.4,26,472
2025.05.29 04:19:21,DOWN,-5.7,2,2.5,-10.3,26,320
2025.05.29 04:24:41,UP,12.0,1,10.2,-1.5,1682,1682
2025.05.29 05:04:26,DOWN,-5.2,2,4.8,-10.2,804,2625
2025.05.29 05:53:29,DOWN,-5.2,1,10.0,-8.2,10411,10411
2025.05.29 08:47:07,DOWN,-5.0,2,4.7,-10.1,205,781
2025.05.29 09:13:50,UP,5.2,1,10.1,-1.5,530,530
2025.05.29 09:22:40,UP,5.5,1,10.0,-4.4,2278,2278
2025.05.29 10:01:18,UP,5.2,2,6.2,-10.1,217,4801
2025.05.29 11:37:10,UP,5.1,1,10.1,-5.5,3248,3248
2025.05.29 12:31:53,UP,5.1,2,8.8,-10.0,3401,8593
2025.05.29 14:57:31,DOWN,-5.4,2,0.4,-10.0,11,416
2025.05.29 15:04:27,UP,7.4,1,10.1,0.0,633,633
2025.05.29 15:17:45,UP,5.2,1,10.5,-3.1,755,755
2025.05.29 15:30:20,UP,9.3,1,10.6,-3.1,40,40
2025.05.29 15:39:14,UP,5.1,1,10.1,-4.2,499,499
2025.05.29 15:47:46,UP,5.1,1,10.0,-3.7,589,589
2025.05.29 15:57:35,UP,5.4,1,10.2,0.0,151,151
2025.05.29 16:07:04,UP,5.3,2,4.4,-10.2,58,451
2025.05.29 16:24:00,UP,5.1,2,5.7,-10.0,478,1005
2025.05.29 16:47:27,UP,5.2,1,10.1,-4.1,794,794
2025.05.29 17:00:41,UP,7.2,1,10.4,-9.2,1288,1288
2025.05.29 17:22:09,UP,9.3,2,1.1,-10.0,2,52
2025.05.29 17:29:14,DOWN,-5.6,2,8.2,-10.6,805,2826
2025.05.29 18:16:20,UP,5.9,1,10.4,-4.6,2903,2903
2025.05.29 19:15:58,UP,5.1,2,1.1,-10.1,3,596
2025.05.29 19:38:19,UP,5.1,2,2.5,-10.1,337,1844
2025.05.29 20:34:46,UP,5.1,1,10.1,0.0,480,480
2025.05.29 20:44:18,UP,5.8,2,3.1,-10.4,1065,5664
2025.05.29 22:18:45,DOWN,-5.1,2,9.4,-10.4,3180,17022
2025.05.30 03:07:15,DOWN,-5.0,1,10.2,-9.6,2759,2759
2025.05.30 04:05:12,UP,5.2,2,8.0,-10.2,921,1538
2025.05.30 04:30:50,DOWN,-5.5,1,10.1,-5.3,957,957
2025.05.30 04:57:42,DOWN,-5.1,1,10.0,-4.6,11006,11006
2025.05.30 09:03:56,DOWN,-5.1,1,10.5,-6.1,3909,3909
2025.05.30 10:09:20,DOWN,-5.1,2,6.1,-10.2,800,3182
2025.05.30 11:02:23,UP,5.9,2,1.0,-10.2,4,494
2025.05.30 11:13:48,DOWN,-5.4,2,2.4,-10.2,162,1028
2025.05.30 11:34:42,UP,5.2,2,0.7,-10.1,86,1071
2025.05.30 11:53:17,DOWN,-5.3,2,9.0,-10.6,10647,11761
2025.05.30 15:09:19,UP,7.6,1,10.0,-4.7,1145,1145
2025.05.30 15:33:00,DOWN,-5.5,2,4.7,-10.1,73,356
2025.05.30 15:38:56,UP,11.2,2,4.3,-10.5,72,647
2025.05.30 15:49:44,DOWN,-12.8,1,10.1,-5.6,1951,1951
2025.05.30 16:23:48,DOWN,-5.6,1,10.6,-8.7,1317,1317
2025.05.30 16:45:59,DOWN,-5.1,2,5.4,-10.5,64,1451
2025.05.30 17:10:51,UP,5.0,1,10.4,-8.1,2555,2555
2025.05.30 17:53:27,UP,13.3,1,10.1,-4.8,270,270
2025.05.30 17:58:27,UP,6.6,1,10.9,-9.3,8469,8469
2025.05.30 20:19:36,UP,6.2,2,3.5,-10.0,1464,8102
2025.06.02 00:02:00,DOWN,-5.9,2,0.0,-10.0,0,3188
2025.06.02 01:07:52,UP,5.2,1,10.2,-8.6,7476,7476
2025.06.02 03:13:06,UP,5.2,1,10.1,-4.3,4558,4558
2025.06.02 04:29:26,UP,5.2,2,2.2,-10.3,619,1848
2025.06.02 05:33:23,UP,5.1,2,0.9,-10.3,27,1488
2025.06.02 09:18:44,UP,5.1,1,10.6,-1.4,987,987
2025.06.02 09:41:11,UP,5.2,1,10.1,-4.7,2031,2031
2025.06.02 10:46:26,UP,5.3,1,10.1,-2.8,288,288
2025.06.02 10:51:26,UP,7.5,2,2.6,-10.1,36,443
2025.06.02 11:27:10,DOWN,-5.1,2,3.9,-10.1,367,2238
2025.06.02 12:04:29,UP,6.4,1,10.0,-0.4,831,831
2025.06.02 12:55:22,UP,5.1,2,0.1,-10.4,2,305
2025.06.02 13:22:02,UP,5.0,2,2.6,-10.0,207,564
2025.06.02 13:31:26,DOWN,-6.7,2,1.7,-10.4,442,3187
2025.06.02 14:34:00,DOWN,-5.2,2,8.6,-10.1,1113,3950
2025.06.02 15:44:44,DOWN,-5.1,1,10.0,-1.0,1204,1204
2025.06.02 16:04:48,DOWN,-5.3,2,8.6,-12.9,1284,3312
2025.06.02 17:00:01,UP,6.5,1,10.0,-2.9,41,41
2025.06.02 17:05:44,UP,5.1,2,8.8,-10.0,1867,3488
2025.06.02 18:44:58,UP,5.1,2,0.1,-10.5,1,661
2025.06.02 18:56:09,DOWN,-5.1,1,10.0,-6.7,2850,2850
2025.06.02 19:43:39,DOWN,-5.9,2,3.4,-10.4,42,1534
2025.06.02 20:09:13,UP,5.6,1,10.3,-8.6,5923,5923
2025.06.02 22:03:08,DOWN,-5.1,2,2.7,-10.1,61,4848
2025.06.03 00:01:29,UP,5.0,2,0.0,-11.5,0,43
2025.06.03 03:04:02,DOWN,-5.1,1,10.1,-0.9,3569,3569
2025.06.03 04:03:31,DOWN,-5.4,1,10.0,-0.5,3099,3099
2025.06.03 08:27:05,DOWN,-5.0,2,5.0,-10.4,1103,3148
2025.06.03 09:19:33,UP,9.2,2,5.1,-10.2,4102,4545
2025.06.03 11:02:31,DOWN,-5.1,1,10.5,-7.9,8856,8856
2025.06.03 13:30:48,DOWN,-5.4,2,0.5,-10.0,0,352
2025.06.03 13:48:49,DOWN,-5.1,1,10.4,-2.8,1023,1023
2025.06.03 14:06:26,DOWN,-5.1,1,10.3,-3.2,4091,4091
2025.06.03 15:14:38,DOWN,-5.1,2,3.8,-10.3,4566,5041
2025.06.03 16:38:39,UP,8.2,2,4.1,-12.7,45,1282
2025.06.03 17:00:01,DOWN,-9.2,2,4.9,-10.4,7,245
2025.06.03 17:05:17,DOWN,-5.1,1,10.0,-0.8,85,85
2025.06.03 17:11:56,UP,5.2,1,10.1,-2.2,476,476
2025.06.03 17:19:52,UP,8.6,2,6.2,-10.2,2292,3775
2025.06.03 18:23:15,DOWN,-5.1,2,6.5,-10.0,4611,30123
2025.06.04 03:32:45,DOWN,-5.1,2,7.5,-10.2,1695,3566
2025.06.04 06:32:10,DOWN,-5.4,1,10.3,-7.6,7320,7320
2025.06.04 08:34:11,DOWN,-6.2,2,4.3,-10.2,37,3309
2025.06.04 09:29:20,UP,5.4,1,10.1,-1.5,2188,2188
2025.06.04 10:05:53,UP,5.1,1,10.3,-2.4,1304,1304
2025.06.04 11:31:43,UP,5.1,2,8.8,-10.9,1308,4022
2025.06.04 12:38:46,DOWN,-5.2,2,8.9,-11.4,3810,9378
2025.06.04 15:15:05,UP,14.9,1,10.1,-2.6,354,354
2025.06.04 15:21:01,UP,5.1,2,3.5,-10.5,261,785
2025.06.04 15:34:06,DOWN,-5.2,2,0.8,-10.1,37,719
2025.06.04 15:47:53,UP,5.1,2,5.2,-10.1,759,2635
2025.06.04 16:32:03,DOWN,-5.1,2,3.6,-16.7,37,1677
2025.06.04 17:00:00,UP,13.8,1,10.1,-5.4,438,438
2025.06.04 17:07:21,UP,5.1,1,10.4,-9.6,2735,2735
2025.06.04 18:03:49,DOWN,-5.5,1,10.2,-1.7,2238,2238
2025.06.04 19:18:42,DOWN,-5.1,2,0.3,-10.9,15,1201
2025.06.04 19:44:14,DOWN,-5.4,1,11.0,-9.3,9735,9735
2025.06.04 23:59:37,DOWN,-5.5,2,4.6,-10.1,126,8398
2025.06.05 03:14:45,UP,5.4,2,9.2,-10.1,2997,4822
2025.06.05 06:24:00,UP,5.1,2,1.9,-10.0,394,1650
2025.06.05 06:51:35,DOWN,-5.2,2,6.2,-10.2,7433,12212
2025.06.05 10:57:47,DOWN,-5.4,2,2.3,-11.1,47,4500
2025.06.05 12:12:47,UP,5.5,1,10.0,-9.9,4729,4729
2025.06.05 13:49:07,DOWN,-5.4,2,5.5,-10.4,2769,5168
2025.06.05 15:15:15,UP,8.8,2,2.7,-10.4,4,18
2025.06.05 15:20:36,DOWN,-5.3,2,3.8,-10.0,59,324
2025.06.05 15:26:34,UP,5.1,1,10.3,-3.5,220,220
2025.06.05 15:31:34,UP,13.3,2,2.9,-10.3,134,955
2025.06.05 15:47:29,DOWN,-7.7,1,10.1,-8.3,159,159
2025.06.05 15:52:33,DOWN,-5.3,2,7.4,-10.1,686,967
2025.06.05 16:08:41,UP,12.8,1,10.1,-0.2,84,84
2025.06.05 16:13:41,UP,14.9,1,10.2,-2.0,412,412
2025.06.05 16:20:54,UP,5.1,1,11.0,-0.5,148,148
2025.06.05 16:27:20,UP,5.0,2,8.4,-10.1,107,1315
2025.06.05 16:49:16,DOWN,-8.1,1,10.3,-9.2,952,952
2025.06.05 17:07:09,UP,5.0,2,5.8,-10.0,1700,2081
2025.06.05 17:41:50,DOWN,-8.0,1,10.3,-5.7,1330,1330
2025.06.05 18:05:54,DOWN,-5.6,2,4.2,-10.0,11,400
2025.06.05 18:12:41,UP,5.2,2,1.1,-10.1,17,189
2025.06.05 18:21:26,UP,5.1,2,2.0,-10.0,50,635
2025.06.05 18:32:01,DOWN,-5.4,1,11.1,-5.1,1779,1779
2025.06.05 19:01:40,DOWN,-6.6,2,1.1,-10.1,22,935
2025.06.05 19:17:17,UP,5.1,2,4.5,-10.1,2566,5043
2025.06.05 20:58:08,UP,5.1,2,2.8,-10.1,475,2943
2025.06.05 21:47:12,DOWN,-5.3,2,0.0,-10.1,0,425
2025.06.05 21:54:17,UP,7.9,1,10.1,-7.3,14641,14641
2025.06.06 04:33:04,DOWN,-5.1,1,10.1,-1.1,2777,2777
2025.06.06 08:23:32,DOWN,-5.1,2,6.6,-10.2,3366,5496
2025.06.06 09:58:20,DOWN,-5.0,1,10.1,-1.7,1785,1785
2025.06.06 10:28:21,DOWN,-5.2,1,10.2,-7.1,4777,4777
2025.06.06 11:47:58,DOWN,-12.6,2,0.9,-10.2,1452,6081
2025.06.06 14:33:20,UP,5.1,2,3.4,-10.1,114,1778
2025.06.06 15:09:15,DOWN,-5.1,1,13.3,-5.9,1246,1246
2025.06.06 15:30:01,DOWN,-6.6,1,10.2,-0.4,2,2
2025.06.06 15:37:52,DOWN,-5.2,1,10.3,-0.5,90,90
2025.06.06 15:44:37,UP,5.1,1,10.3,-2.5,173,173
2025.06.06 15:49:37,UP,7.5,2,3.6,-10.0,223,386
2025.06.06 15:56:03,DOWN,-8.5,1,10.3,-6.0,712,712
2025.06.06 16:07:55,DOWN,-6.7,2,0.0,-10.2,0,279
2025.06.06 16:12:55,UP,5.9,2,1.1,-10.3,14,316
2025.06.06 16:18:12,DOWN,-5.9,1,10.0,-0.2,335,335
2025.06.06 16:23:48,DOWN,-9.2,2,6.2,-10.4,161,680
2025.06.06 16:42:18,UP,5.2,1,10.0,-7.4,671,671
2025.06.06 16:53:29,UP,12.9,2,1.1,-10.3,7,232
2025.06.06 16:58:47,DOWN,-5.1,2,3.7,-10.1,194,397
2025.06.06 17:11:21,UP,5.1,1,10.1,-6.0,971,971
2025.06.06 17:27:32,UP,5.2,2,2.2,-10.1,126,487
2025.06.06 17:40:30,DOWN,-5.1,1,11.0,-4.2,521,521
2025.06.06 17:49:11,DOWN,-11.9,2,6.5,-10.0,409,2840
2025.06.06 18:37:40,UP,5.0,2,2.6,-10.0,488,4611
2025.06.06 19:54:34,DOWN,-6.6,2,5.2,-10.4,436,8099
2025.06.09 01:09:31,UP,5.1,1,10.4,-9.7,12931,12931
2025.06.09 05:09:29,UP,5.0,2,1.9,-10.0,1379,5258
2025.06.09 10:04:25,DOWN,-5.3,2,3.4,-11.1,3542,5556
2025.06.09 11:37:06,UP,5.2,2,5.7,-10.0,2665,6452
2025.06.09 13:38:50,DOWN,-5.1,1,10.3,-4.4,3302,3302
2025.06.09 14:33:53,DOWN,-7.4,1,10.1,-10.0,4615,4615
2025.06.09 15:51:53,DOWN,-5.1,2,9.8,-10.2,1977,4934
2025.06.09 17:33:30,DOWN,-5.5,2,4.7,-10.1,149,1353
2025.06.09 18:04:25,UP,5.5,1,10.2,-1.3,2209,2209
2025.06.09 19:04:33,DOWN,-5.1,2,4.0,-10.0,704,8719
2025.06.10 00:07:00,UP,5.7,1,10.3,-6.8,11254,11254
2025.06.10 03:37:34,DOWN,-5.0,1,10.3,-2.9,2980,2980
2025.06.10 04:27:14,DOWN,-6.4,1,10.2,-4.3,1343,1343
2025.06.10 04:49:57,DOWN,-5.4,1,10.2,0.0,619,619
2025.06.10 05:00:22,DOWN,-5.1,2,5.5,-10.0,290,4728
2025.06.10 07:29:28,DOWN,-5.3,2,1.5,-10.1,80,2768
2025.06.10 08:32:33,UP,5.3,2,5.7,-10.4,2943,4568
2025.06.10 09:48:42,DOWN,-5.5,1,10.3,0.0,1080,1080
2025.06.10 10:06:43,DOWN,-6.2,1,10.2,0.0,40,40
2025.06.10 10:19:14,UP,5.1,1,10.0,-1.4,797,797
2025.06.10 10:34:50,UP,5.1,1,10.1,-6.3,4044,4044
2025.06.10 11:42:36,UP,5.1,1,10.1,-6.8,4266,4266
2025.06.10 13:26:45,UP,5.1,1,11.0,-6.0,5300,5300
2025.06.10 15:00:52,UP,5.2,1,11.0,-9.3,3990,3990
2025.06.10 16:07:22,UP,5.1,2,2.4,-10.3,50,3819
2025.06.10 17:12:21,DOWN,-5.5,1,10.1,-4.2,2225,2225
2025.06.10 17:49:27,DOWN,-10.9,2,5.6,-10.3,2751,16384
2025.06.11 00:06:30,DOWN,-5.9,2,0.0,-10.3,0,3140
2025.06.11 02:15:52,DOWN,-5.8,2,4.3,-10.0,151,1218
2025.06.11 03:04:06,DOWN,-5.0,1,10.1,-6.4,3176,3176
2025.06.11 04:49:41,DOWN,-5.3,2,8.9,-10.0,19399,22649
2025.06.11 11:07:34,UP,5.8,1,10.3,-5.9,2072,2072
2025.06.11 11:42:06,UP,7.3,2,8.0,-10.1,3193,10135
2025.06.11 14:57:05,UP,5.1,1,20.4,-4.9,1976,1976
2025.06.11 15:30:01,UP,29.4,1,10.0,-2.4,73,73
2025.06.11 15:35:41,UP,5.3,2,7.4,-10.2,73,407
2025.06.11 15:43:21,DOWN,-5.1,1,10.2,-4.3,850,850
2025.06.11 16:03:56,DOWN,-5.1,2,2.7,-10.1,70,509
2025.06.11 16:12:52,UP,5.2,2,5.9,-10.2,379,1042
2025.06.11 16:52:15,UP,5.1,1,10.1,-2.1,1501,1501
2025.06.11 17:17:16,UP,6.8,2,0.5,-10.2,415,634
2025.06.11 17:27:51,DOWN,-5.1,2,0.1,-10.0,1,885
2025.06.11 17:44:56,UP,5.1,1,10.1,-6.6,6504,6504
2025.06.11 19:34:16,UP,5.1,2,5.1,-10.0,5697,7122
2025.06.12 01:03:08,UP,5.1,1,10.1,-2.2,3267,3267
2025.06.12 01:58:09,UP,5.1,1,10.1,-2.4,6148,6148
2025.06.12 03:44:13,UP,5.1,1,10.0,-2.5,2105,2105
2025.06.12 04:19:18,UP,5.7,2,1.9,-10.0,909,2472
2025.06.12 05:04:09,DOWN,-5.1,2,7.1,-10.1,2933,12029
2025.06.12 08:24:38,UP,7.7,2,9.0,-10.4,1758,3207
2025.06.12 09:18:05,DOWN,-5.8,2,1.1,-10.1,111,1186
2025.06.12 09:41:50,DOWN,-5.1,1,10.1,-3.8,3353,3353
2025.06.12 10:38:01,DOWN,-5.1,2,3.0,-10.6,299,1013
2025.06.12 10:54:54,UP,5.2,1,10.0,-0.2,725,725
2025.06.12 11:11:18,DOWN,-5.1,2,0.5,-11.2,14,279
2025.06.12 11:16:19,UP,7.5,1,10.9,-7.4,3060,3060
2025.06.12 12:08:23,UP,5.1,1,10.1,-0.1,361,361
2025.06.12 12:14:24,UP,7.8,1,10.3,-8.0,2345,2345
2025.06.12 12:53:30,UP,5.8,1,10.3,-0.3,26,26
2025.06.12 12:58:30,DOWN,-7.4,2,6.5,-11.0,251,955
2025.06.12 13:14:25,UP,11.8,1,10.2,-9.5,983,983
2025.06.12 13:30:56,UP,5.9,2,0.7,-10.0,36,470
2025.06.12 13:48:20,UP,5.9,1,12.8,-1.6,172,172
2025.06.12 13:53:34,UP,5.1,2,9.5,-10.4,696,2887
2025.06.12 15:03:16,UP,5.1,1,10.0,-2.7,851,851
2025.06.12 15:17:28,UP,8.3,1,13.3,-8.9,774,774
2025.06.12 15:30:22,UP,20.9,1,10.2,0.0,9,9
2025.06.12 15:39:30,UP,5.2,2,4.1,-10.1,242,546
2025.06.12 15:48:36,DOWN,-12.1,1,10.0,-1.6,1362,1362
2025.06.12 16:11:59,DOWN,-5.2,1,10.9,-2.2,661,661
2025.06.12 16:23:02,DOWN,-5.1,2,6.1,-10.3,308,1209
2025.06.12 16:43:12,UP,5.1,2,1.5,-10.2,49,288
2025.06.12 16:48:12,DOWN,-10.3,1,10.0,0.0,378,378
2025.06.12 16:54:31,DOWN,-5.4,1,10.1,-7.3,4859,4859
2025.06.12 18:17:01,DOWN,-5.0,2,0.0,-10.0,0,991
2025.06.12 18:33:32,UP,7.3,2,0.9,-10.6,13,480
2025.06.12 18:41:33,DOWN,-5.6,2,1.4,-10.1,26,793
2025.06.12 19:54:48,UP,5.4,1,10.1,-9.9,13300,13300
2025.06.12 23:38:06,UP,5.1,2,2.9,-13.6,543,1477
2025.06.13 00:09:25,DOWN,-6.2,2,0.0,-10.0,0,178
2025.06.13 02:59:27,UP,5.2,1,10.0,-1.7,337,337
2025.06.13 03:06:27,DOWN,-5.0,1,11.0,-0.8,208,208
2025.06.13 03:11:27,DOWN,-7.8,1,10.5,-0.7,55,55
2025.06.13 03:16:27,UP,10.5,1,10.2,-1.6,104,104
2025.06.13 03:24:17,DOWN,-5.1,1,10.4,-8.7,548,548
2025.06.13 03:33:25,DOWN,-16.1,1,12.3,-2.9,191,191
2025.06.13 03:38:25,DOWN,-11.3,1,10.1,-1.6,292,292
2025.06.13 03:43:25,DOWN,-6.6,2,1.6,-11.0,33,210
2025.06.13 03:48:25,UP,6.4,2,9.9,-10.2,394,994
2025.06.13 04:05:23,UP,5.2,2,7.3,-10.2,241,1922
2025.06.13 04:37:26,DOWN,-8.3,2,0.0,-10.1,0,508
2025.06.13 04:46:34,UP,5.1,2,8.6,-10.3,1796,4096
2025.06.13 05:54:51,DOWN,-5.7,1,10.1,-6.7,775,775
2025.06.13 06:07:47,DOWN,-6.3,2,1.7,-10.1,634,2764
2025.06.13 06:54:04,UP,5.2,2,0.1,-10.0,1,835
2025.06.13 07:09:21,DOWN,-5.1,1,10.1,-2.1,813,813
2025.06.13 07:23:00,DOWN,-5.1,2,7.7,-10.5,268,2543
2025.06.13 08:06:37,UP,5.0,2,1.9,-10.1,163,1007
2025.06.13 08:23:25,DOWN,-6.5,1,10.1,0.0,215,215
2025.06.13 08:28:25,DOWN,-8.1,2,1.1,-10.1,328,522
2025.06.13 08:37:07,UP,7.4,1,10.1,-0.9,1307,1307
2025.06.13 09:01:46,UP,5.1,1,10.2,-0.7,304,304
2025.06.13 09:06:50,UP,6.4,2,1.8,-10.2,95,296
2025.06.13 09:11:50,DOWN,-5.3,1,10.3,-6.8,1797,1797
2025.06.13 09:41:47,DOWN,-9.6,2,1.0,-11.1,2,501
2025.06.13 09:53:32,UP,5.1,1,10.0,-6.5,645,645
2025.06.13 10:04:17,UP,6.8,1,10.4,-3.0,503,503
2025.06.13 10:12:40,UP,6.9,2,0.8,-10.3,17,337
2025.06.13 10:18:17,DOWN,-5.4,1,10.5,-8.4,2308,2308
2025.06.13 10:58:57,DOWN,-5.0,2,4.0,-10.4,312,1833
2025.06.13 11:34:27,DOWN,-5.1,1,10.5,-0.9,266,266
2025.06.13 11:39:28,DOWN,-10.7,1,10.3,-7.1,4175,4175
2025.06.13 12:53:09,UP,5.0,2,5.1,-10.4,178,1820
2025.06.13 13:37:04,DOWN,-5.1,1,10.1,-4.0,626,626
2025.06.13 13:47:30,DOWN,-12.9,1,10.1,-2.9,131,131
2025.06.13 13:52:30,UP,7.3,1,10.0,-6.6,3067,3067
2025.06.13 14:49:32,DOWN,-5.0,2,1.9,-10.1,295,944
2025.06.13 15:22:42,UP,5.1,2,6.4,-10.3,913,2887
2025.06.13 16:11:23,DOWN,-5.3,2,1.9,-11.6,1148,1512
2025.06.13 16:36:35,UP,9.4,1,10.3,-3.2,1266,1266
2025.06.13 16:57:42,UP,5.3,1,10.7,-5.0,864,864
2025.06.13 17:12:07,UP,7.4,1,10.0,-3.5,3783,3783
2025.06.13 18:17:01,UP,5.2,1,10.8,-0.2,493,493
2025.06.13 18:35:27,UP,5.1,2,1.8,-10.1,48,953
2025.06.13 19:18:50,UP,5.2,2,7.6,-10.0,1139,2910
2025.06.13 20:07:21,DOWN,-5.1,1,10.1,-5.0,2110,2110
2025.06.13 20:51:52,UP,5.0,2,7.1,-10.1,210,3146
2025.06.13 21:44:21,DOWN,-5.8,2,0.4,-10.1,7,284
2025.06.13 21:49:21,UP,8.7,2,7.3,-17.0,7622,180705
2025.06.16 00:01:07,DOWN,-21.9,2,0.0,-20.9,0,21
2025.06.16 00:54:30,UP,5.1,1,10.8,-9.2,3307,3307
2025.06.16 01:49:38,UP,7.3,2,2.0,-11.6,26,1285
2025.06.16 02:11:33,DOWN,-5.6,2,3.3,-10.0,248,3519
2025.06.16 03:12:45,UP,5.3,2,2.3,-10.2,805,2298
2025.06.16 03:51:32,DOWN,-5.1,2,0.7,-10.0,79,2391
2025.06.16 04:31:37,UP,5.2,2,1.2,-10.1,38,273
2025.06.16 04:36:39,DOWN,-8.0,2,8.9,-10.1,6216,12645
2025.06.16 08:23:55,UP,5.1,2,9.8,-10.2,820,3834
2025.06.16 09:28:31,DOWN,-5.3,2,0.7,-10.0,118,268
2025.06.16 09:33:31,UP,6.4,1,10.1,-1.8,684,684
2025.06.16 09:44:55,UP,6.9,1,10.3,-1.3,410,410
2025.06.16 09:51:46,UP,7.8,1,10.3,-2.4,1823,1823
2025.06.16 10:23:34,UP,5.2,2,5.6,-10.1,1704,15496
2025.06.16 14:53:45,UP,5.7,1,10.0,-6.2,3985,3985
2025.06.16 16:06:06,UP,5.4,1,10.3,-8.2,3068,3068
2025.06.16 16:57:14,UP,14.9,1,10.1,-3.3,592,592
2025.06.16 17:07:07,UP,6.7,2,1.1,-10.1,4,2042
2025.06.16 17:42:24,DOWN,-5.1,1,10.1,-0.1,256,256
2025.06.16 17:47:24,DOWN,-5.2,1,10.1,-7.5,3823,3823
2025.06.16 20:09:58,DOWN,-5.2,1,10.0,-6.5,9069,9069
2025.06.16 22:41:29,DOWN,-5.6,1,10.3,-3.8,15232,15232
2025.06.17 03:00:52,DOWN,-5.3,2,5.9,-10.1,1882,6631
2025.06.17 05:52:38,UP,5.4,1,10.1,-0.1,4389,4389
2025.06.17 07:39:45,UP,5.3,2,0.0,-10.1,0,2217
2025.06.17 08:16:44,DOWN,-7.1,2,4.5,-10.0,2210,3928
2025.06.17 09:22:13,UP,7.1,2,4.6,-10.4,1287,2351
2025.06.17 10:01:24,DOWN,-5.2,1,10.4,-6.0,2009,2009
2025.06.17 10:34:53,DOWN,-8.7,2,1.6,-10.1,250,641
2025.06.17 10:47:01,UP,5.4,2,3.1,-10.1,250,4220
2025.06.17 12:00:49,UP,5.2,1,10.2,-7.0,6361,6361
2025.06.17 15:30:01,UP,9.1,2,3.7,-10.7,2,13
2025.06.17 15:36:56,DOWN,-5.5,1,11.1,-4.6,796,796
2025.06.17 15:57:18,DOWN,-5.0,2,4.2,-10.0,51,926
2025.06.17 16:17:22,UP,5.2,2,4.8,-10.2,111,3044
2025.06.17 17:08:27,DOWN,-5.9,1,10.6,-3.4,757,757
2025.06.17 17:23:26,DOWN,-5.3,1,10.1,-2.5,452,452
2025.06.17 17:30:58,DOWN,-6.7,1,10.2,-1.4,254,254
2025.06.17 17:36:56,DOWN,-5.5,2,6.7,-10.1,128,1358
2025.06.17 18:03:12,DOWN,-5.4,2,0.3,-10.3,4,612
2025.06.17 18:14:44,UP,5.1,2,0.7,-10.3,190,573
2025.06.17 18:24:18,DOWN,-9.7,2,4.2,-10.1,279,1125
2025.06.17 18:43:04,UP,5.9,2,6.3,-10.1,1858,2835
2025.06.17 19:41:57,DOWN,-5.3,1,10.4,-2.8,468,468
2025.06.17 19:49:45,DOWN,-11.8,1,10.7,-0.8,1228,1228
2025.06.17 20:10:13,DOWN,-5.1,2,8.1,-10.3,610,1513
2025.06.17 20:36:44,DOWN,-5.1,1,10.1,-0.1,401,401
2025.06.17 20:44:18,DOWN,-5.2,1,10.5,-0.2,130,130
2025.06.17 20:49:18,DOWN,-9.6,1,11.1,-8.9,11530,11530
2025.06.18 00:01:40,DOWN,-8.5,2,0.6,-10.4,102,208
2025.06.18 00:06:46,UP,12.1,2,0.1,-10.1,506,6242
2025.06.18 03:07:12,UP,5.0,1,10.3,-6.4,4607,4607
2025.06.18 04:23:59,UP,5.1,1,10.2,-4.8,12760,12760
2025.06.18 09:23:25,UP,5.2,1,10.1,-7.1,2761,2761
2025.06.18 11:18:46,DOWN,-5.2,1,10.0,-4.9,9346,9346
2025.06.18 13:54:32,DOWN,-6.4,2,3.8,-10.1,206,3325
2025.06.18 14:49:58,UP,6.4,1,10.0,-2.5,2106,2106
2025.06.18 16:07:39,UP,5.3,2,0.1,-10.1,141,864
2025.06.18 16:34:13,DOWN,-5.0,1,10.1,-0.4,1555,1555
2025.06.18 17:02:56,UP,5.1,1,10.0,-1.0,58,58
2025.06.18 17:07:56,DOWN,-10.6,2,5.5,-10.0,181,407
2025.06.18 17:14:43,UP,10.2,2,0.9,-10.3,3,197
2025.06.18 17:19:43,DOWN,-7.5,1,10.0,-6.3,516,516
2025.06.18 17:28:20,DOWN,-9.0,2,1.1,-10.1,1177,1478
2025.06.18 17:53:07,UP,5.0,1,10.3,-4.3,2063,2063
2025.06.18 18:28:39,UP,5.2,2,7.1,-10.1,88,3306
2025.06.18 20:23:46,DOWN,-5.1,1,10.0,-4.1,1065,1065
2025.06.18 20:41:40,DOWN,-5.3,2,1.2,-10.1,22,708
2025.06.18 21:00:01,UP,12.7,2,0.0,-12.4,0,3
2025.06.18 21:06:20,UP,6.1,2,9.9,-10.1,139,1743
2025.06.18 21:35:23,DOWN,-9.3,2,1.6,-10.9,39,211
2025.06.18 21:40:23,DOWN,-7.0,2,0.9,-11.6,1,95
2025.06.18 21:48:04,DOWN,-5.1,1,10.6,-0.7,162,162
2025.06.18 21:53:40,DOWN,-5.3,1,10.6,-0.3,435,435
2025.06.18 22:01:24,DOWN,-5.1,2,8.7,-10.2,468,776
2025.06.18 22:14:21,UP,15.1,2,7.9,-10.2,51,377
2025.06.18 22:21:01,DOWN,-5.1,2,3.2,-10.0,429,774
2025.06.18 22:33:55,UP,10.1,2,0.5,-10.3,129,689
2025.06.18 22:45:33,DOWN,-5.2,2,0.2,-10.0,5,693
2025.06.18 22:57:07,UP,5.5,1,10.1,-2.1,2513,2513
2025.06.18 23:39:00,UP,5.7,2,0.2,-11.9,15,1432
2025.06.19 01:52:35,DOWN,-5.2,1,10.1,-8.8,8003,8003
2025.06.19 04:05:59,DOWN,-8.1,2,2.5,-10.1,105,607
2025.06.19 04:17:10,UP,5.0,2,0.6,-10.1,47,772
2025.06.19 04:38:46,DOWN,-5.1,1,10.3,-2.9,1123,1123
2025.06.19 04:57:30,DOWN,-9.5,2,4.4,-10.1,2241,6838
2025.06.19 06:54:25,UP,5.0,2,2.4,-10.0,3912,6857
2025.06.19 08:48:45,DOWN,-5.2,2,9.8,-10.1,2649,3704
2025.06.19 10:21:53,UP,5.6,2,3.7,-10.4,51,2006
2025.06.19 10:57:40,DOWN,-5.1,2,3.9,-10.0,250,1185
2025.06.19 11:17:25,UP,5.4,1,10.1,-5.8,11204,11204
2025.06.19 14:24:17,UP,5.3,2,6.3,-10.0,695,3110
2025.06.19 15:58:23,DOWN,-5.0,1,10.1,-7.2,5487,5487
2025.06.19 17:29:51,DOWN,-6.9,1,10.3,-4.8,5510,5510
2025.06.19 19:02:09,DOWN,-5.0,2,0.4,-10.0,13,5440
2025.06.19 20:32:49,UP,5.2,1,10.0,-5.0,940,940
2025.06.19 20:48:29,UP,5.5,1,10.3,-1.4,4852,4852
2025.06.19 23:59:56,DOWN,-6.6,2,5.5,-10.4,135,8181
2025.06.20 03:03:59,UP,5.3,1,10.0,-6.2,13372,13372
2025.06.20 06:48:14,UP,5.2,2,2.6,-10.5,1475,6504
2025.06.20 09:00:18,DOWN,-5.2,1,10.2,-7.3,3653,3653
2025.06.20 10:01:12,DOWN,-5.2,2,1.6,-10.1,2418,6770
2025.06.20 13:12:09,UP,5.0,2,0.9,-10.0,80,1128
2025.06.20 14:03:48,DOWN,-5.1,1,11.1,-8.0,6202,6202
2025.06.20 15:47:10,DOWN,-10.2,2,2.2,-10.6,89,2239
2025.06.20 16:36:05,DOWN,-5.2,1,10.0,-8.7,3715,3715
2025.06.20 17:50:58,UP,5.1,1,10.0,-0.1,318,318
2025.06.20 17:56:33,UP,5.2,1,10.5,-4.1,915,915
2025.06.20 18:12:08,UP,5.2,1,10.0,-9.9,6377,6377
2025.06.20 20:18:38,UP,5.1,2,1.5,-10.0,43,2231
2025.06.20 22:52:47,DOWN,-5.1,1,64.7,-6.1,176935,176935
2025.06.23 00:01:42,DOWN,-70.0,2,0.0,-10.3,0,425
2025.06.23 00:08:47,UP,7.7,1,10.1,-0.3,534,534
2025.06.23 00:17:41,UP,5.9,1,10.1,-7.4,2612,2612
2025.06.23 01:01:13,UP,12.3,1,10.0,-2.0,177,177
2025.06.23 01:06:13,DOWN,-5.9,2,6.4,-10.3,582,4379
2025.06.23 02:19:13,UP,5.3,1,10.2,-2.0,1361,1361
2025.06.23 02:49:16,DOWN,-5.2,1,10.2,-7.9,1537,1537
2025.06.23 03:14:53,DOWN,-5.6,1,10.1,-3.5,3983,3983
2025.06.23 04:28:34,DOWN,-5.1,2,1.1,-10.1,49,638
2025.06.23 04:39:47,UP,5.2,1,10.1,-0.8,1233,1233
2025.06.23 05:00:42,UP,5.1,2,9.6,-10.4,1894,9821
2025.06.23 07:44:26,DOWN,-5.3,2,1.1,-10.1,228,1344
2025.06.23 08:18:04,UP,5.2,1,10.3,-1.7,1654,1654
2025.06.23 08:47:08,UP,6.2,2,7.1,-10.3,930,2861
2025.06.23 09:39:02,UP,5.2,2,6.8,-10.5,1304,2116
2025.06.23 10:14:19,DOWN,-7.8,1,10.4,-7.0,5266,5266
2025.06.23 12:03:57,DOWN,-5.1,1,10.0,0.0,317,317
2025.06.23 12:09:15,DOWN,-5.7,1,10.5,-3.1,1191,1191
2025.06.23 12:29:08,DOWN,-5.1,2,2.1,-10.1,200,498
2025.06.23 12:37:37,UP,5.1,1,10.1,-2.3,1005,1005
2025.06.23 12:54:22,UP,5.6,2,5.9,-10.2,1431,2171
2025.06.23 14:03:12,UP,5.1,1,10.1,-7.2,3837,3837
2025.06.23 15:07:09,UP,6.7,2,0.0,-10.1,0,687
2025.06.23 15:34:35,DOWN,-5.4,2,0.2,-10.2,77,702
2025.06.23 15:52:36,UP,5.1,1,10.0,-2.0,2718,2718
2025.06.23 16:37:57,UP,5.3,1,10.0,-0.4,160,160
2025.06.23 16:44:41,UP,5.5,1,10.1,-5.2,941,941
2025.06.23 17:00:23,UP,12.0,1,10.2,-1.9,82,82
2025.06.23 17:08:13,UP,5.2,1,10.7,-3.7,739,739
2025.06.23 17:20:32,UP,7.2,1,10.2,-2.7,410,410
2025.06.23 17:27:22,UP,11.0,2,1.8,-10.3,10,205
2025.06.23 17:44:25,UP,5.2,1,10.1,-9.3,1987,1987
2025.06.23 18:17:32,UP,6.7,2,9.5,-10.2,823,3411
2025.06.23 19:31:49,DOWN,-5.5,1,10.4,-1.0,329,329
2025.06.23 19:37:18,DOWN,-8.8,2,2.5,-10.1,16,162
2025.06.23 19:42:19,UP,6.9,1,10.1,-0.2,163,163
2025.06.23 19:47:19,UP,7.7,2,1.3,-10.2,22,792
2025.06.23 20:11:55,UP,5.2,1,10.7,-6.5,967,967
2025.06.23 20:28:02,UP,6.2,1,10.1,-4.7,1505,1505
2025.06.23 20:53:09,UP,5.2,1,10.4,-6.8,15028,15028
2025.06.24 01:03:37,UP,7.0,1,10.3,-1.7,167,167
2025.06.24 01:08:37,UP,10.7,1,10.2,-7.2,4383,4383
2025.06.24 02:22:15,UP,5.1,2,3.3,-10.0,1438,2441
2025.06.24 03:18:02,DOWN,-5.1,2,0.2,-10.1,2,1608
2025.06.24 03:49:26,DOWN,-5.2,1,10.0,-6.8,4698,4698
2025.06.24 07:47:09,UP,5.1,2,0.5,-10.1,302,830
2025.06.24 08:14:44,DOWN,-5.1,2,1.5,-10.2,1622,2518
2025.06.24 08:56:42,UP,5.4,2,0.6,-10.1,13,914
2025.06.24 09:16:02,UP,5.3,1,10.6,-0.2,89,89
2025.06.24 09:23:26,UP,5.1,2,2.9,-10.8,107,706
2025.06.24 09:53:55,DOWN,-5.3,1,10.2,-6.9,2212,2212
2025.06.24 10:30:47,DOWN,-9.9,1,10.3,-0.1,27,27
2025.06.24 10:39:55,UP,5.1,2,2.7,-10.1,123,793
2025.06.24 10:53:08,DOWN,-6.7,2,6.5,-10.0,10,1778
2025.06.24 11:22:46,UP,5.1,1,10.0,-7.9,3393,3393
2025.06.24 12:19:20,UP,5.8,1,10.3,-0.3,1793,1793
2025.06.24 12:52:06,DOWN,-5.3,1,10.0,-1.7,859,859
2025.06.24 13:09:38,DOWN,-5.4,2,6.2,-10.2,2228,4825
2025.06.24 14:31:21,UP,5.1,2,0.8,-10.0,17,1417
2025.06.24 15:01:41,DOWN,-5.1,1,10.3,-8.0,4214,4214
2025.06.24 16:14:46,DOWN,-5.1,2,8.1,-10.1,926,3141
2025.06.24 17:07:08,UP,6.4,1,10.7,-0.9,484,484
2025.06.24 17:15:29,UP,5.2,1,10.2,-4.8,474,474
2025.06.24 17:23:23,UP,9.5,1,10.1,-4.8,66,66
2025.06.24 17:31:40,DOWN,-5.1,1,10.0,-7.4,1284,1284
2025.06.24 17:53:09,DOWN,-5.1,2,5.5,-10.1,176,755
2025.06.24 18:17:11,UP,5.1,2,6.1,-10.0,304,1062
2025.06.24 18:34:53,DOWN,-5.1,1,10.4,-2.6,1311,1311
2025.06.24 18:56:58,DOWN,-5.0,2,2.5,-10.0,921,1900
2025.06.24 19:53:59,UP,5.1,2,9.6,-10.0,2683,11073
2025.06.25 00:00:39,DOWN,-10.0,2,0.0,-10.7,0,261
2025.06.25 00:06:00,UP,6.0,1,10.2,-6.2,11054,11054
2025.06.25 03:54:44,UP,5.2,2,5.2,-10.1,1114,10474
2025.06.25 06:49:23,DOWN,-5.0,1,10.3,-6.7,11258,11258
2025.06.25 09:57:01,DOWN,-5.1,1,10.3,-3.7,3389,3389
2025.06.25 10:53:30,DOWN,-9.4,2,4.9,-10.2,72,2557
2025.06.25 13:17:52,UP,5.1,2,8.1,-10.5,3143,7929
2025.06.25 15:48:08,DOWN,-5.1,2,1.6,-10.0,399,1998
2025.06.25 17:02:05,UP,5.0,1,10.1,0.0,549,549
2025.06.25 17:14:29,DOWN,-5.2,2,5.4,-10.2,244,1310
2025.06.25 17:36:59,UP,5.1,1,10.4,-1.5,3866,3866
2025.06.25 18:49:36,DOWN,-5.1,2,5.5,-10.1,342,1131
2025.06.25 20:50:47,UP,5.2,1,10.2,-3.7,2505,2505
2025.06.26 00:00:32,DOWN,-6.4,2,0.0,-10.1,0,7204
2025.06.26 02:00:39,UP,5.2,1,10.4,-2.5,834,834
2025.06.26 02:16:56,DOWN,-5.1,2,0.5,-10.1,1,1280
2025.06.26 02:53:04,UP,5.2,2,5.5,-10.0,2251,5073
2025.06.26 04:41:04,UP,5.3,1,10.0,-0.3,1255,1255
2025.06.26 05:50:36,UP,5.6,1,10.4,-7.8,903,903
2025.06.26 06:05:39,UP,6.2,1,10.7,0.0,71,71
2025.06.26 06:13:19,DOWN,-5.2,1,10.0,-6.5,3318,3318
2025.06.26 09:03:10,DOWN,-5.2,2,8.3,-10.3,823,2692
2025.06.26 09:53:20,UP,5.1,1,10.0,-1.9,1363,1363
2025.06.26 10:16:10,UP,6.9,2,5.6,-10.5,405,1030
2025.06.26 10:33:20,DOWN,-5.3,2,4.6,-10.1,294,945
2025.06.26 10:49:05,UP,5.2,1,10.0,-3.6,1012,1012
2025.06.26 11:05:58,UP,6.5,1,10.0,-2.1,511,511
2025.06.26 11:14:29,UP,6.6,1,10.1,-7.5,1181,1181
2025.06.26 11:34:10,UP,9.9,2,5.6,-10.4,421,1295
2025.06.26 12:19:41,DOWN,-5.0,2,4.5,-10.1,414,1509
2025.06.26 13:08:15,DOWN,-5.0,2,1.2,-10.1,345,1375
2025.06.26 13:34:08,DOWN,-5.1,1,10.1,0.0,1368,1368
2025.06.26 14:07:53,DOWN,-5.0,1,10.5,-1.5,794,794
2025.06.26 14:21:08,DOWN,-5.0,2,7.0,-10.0,2686,3924
2025.06.26 15:30:45,DOWN,-5.1,1,10.1,-1.8,325,325
2025.06.26 15:36:10,DOWN,-5.6,2,2.4,-10.0,61,211
2025.06.26 15:44:23,UP,5.1,2,4.0,-10.1,65,1290
2025.06.26 16:05:55,DOWN,-5.5,2,3.6,-10.2,185,869
2025.06.26 16:22:45,UP,5.1,2,9.8,-10.5,451,6417
2025.06.26 18:09:43,DOWN,-9.1,2,10.0,-10.4,182,1816
2025.06.26 18:52:50,UP,5.4,1,10.1,-5.2,2156,2156
2025.06.26 19:28:46,UP,6.8,1,10.0,-0.8,608,608
2025.06.26 19:38:55,UP,6.6,2,4.2,-10.0,80,2120
2025.06.26 20:17:40,DOWN,-5.1,1,10.1,-8.1,6609,6609
2025.06.26 22:07:52,DOWN,-8.1,1,10.2,-1.6,3379,3379
2025.06.27 00:00:38,DOWN,-5.6,1,10.1,-5.5,5828,5828
2025.06.27 01:37:47,DOWN,-6.3,2,3.5,-10.0,280,2301
2025.06.27 03:57:59,DOWN,-5.2,2,5.7,-10.1,2443,3230
2025.06.27 04:53:24,UP,5.1,2,2.7,-10.1,1654,2700
2025.06.27 05:38:53,DOWN,-5.0,2,6.0,-10.0,111,1543
2025.06.27 06:51:34,DOWN,-5.1,1,10.2,-0.2,2616,2616
2025.06.27 09:14:09,UP,5.4,1,10.1,-1.6,617,617
2025.06.27 09:24:28,UP,5.1,1,10.4,-4.9,1234,1234
2025.06.27 09:45:03,UP,6.8,1,10.4,-4.1,1183,1183
2025.06.27 10:12:44,UP,5.1,2,0.0,-10.2,0,425
2025.06.27 10:19:49,DOWN,-9.5,1,10.4,-9.5,6248,6248
2025.06.27 12:04:34,DOWN,-5.2,2,2.6,-10.2,121,3604
2025.06.27 13:18:20,DOWN,-5.1,2,6.2,-10.1,797,2865
2025.06.27 15:03:00,DOWN,-5.1,2,6.0,-10.0,420,1134
2025.06.27 15:21:55,UP,6.0,1,10.5,-2.1,498,498
2025.06.27 15:30:13,UP,9.9,1,10.0,-9.1,1217,1217
2025.06.27 15:50:52,UP,5.9,1,10.5,-5.4,611,611
2025.06.27 16:01:03,UP,6.4,2,0.4,-10.3,1,94
2025.06.27 16:24:12,DOWN,-5.7,1,10.7,-0.8,401,401
2025.06.27 16:31:26,DOWN,-5.0,2,3.1,-10.0,73,395
2025.06.27 16:38:01,UP,7.5,2,9.4,-10.0,1727,3498
2025.06.27 17:38:06,UP,5.2,2,1.6,-10.0,3,96
2025.06.27 17:46:49,DOWN,-5.4,2,3.8,-10.1,22,755
2025.06.27 17:59:24,UP,7.3,1,10.4,-8.1,2605,2605
2025.06.27 19:13:09,UP,5.3,2,0.7,-10.8,38,548
2025.06.27 19:22:17,DOWN,-5.6,1,10.5,-6.7,3710,3710
2025.06.27 20:24:17,DOWN,-5.4,1,10.2,-3.4,1292,1292
2025.06.27 20:45:49,DOWN,-5.1,1,10.6,-7.7,2796,2796
2025.06.27 21:32:25,DOWN,-5.1,2,1.6,-10.4,445,1299
2025.06.27 21:54:15,UP,5.3,1,10.3,-1.4,4758,4758
2025.06.27 23:58:40,DOWN,-5.7,2,0.0,-14.7,0,172950
2025.06.30 00:01:28,UP,14.1,2,1.3,-10.4,257,442
2025.06.30 00:08:50,DOWN,-6.0,2,3.8,-10.2,416,6789
2025.06.30 02:02:03,UP,5.1,2,3.4,-10.5,1007,3921
2025.06.30 04:17:29,UP,5.1,1,10.3,-0.7,1512,1512
2025.06.30 04:52:26,DOWN,-5.4,1,10.8,-6.8,6099,6099
2025.06.30 07:52:38,UP,5.2,2,6.9,-10.2,1973,5099
2025.06.30 09:17:37,DOWN,-6.2,2,0.5,-10.0,18,493
2025.06.30 09:26:15,UP,5.1,1,10.4,-5.7,1555,1555
2025.06.30 09:52:12,UP,5.0,2,7.2,-10.1,256,768
2025.06.30 10:11:33,UP,5.1,2,1.3,-10.6,149,1102
2025.06.30 10:29:55,DOWN,-7.4,1,10.4,-7.4,1968,1968
2025.06.30 11:02:43,DOWN,-6.8,2,4.4,-10.3,1508,3287
2025.06.30 12:37:01,DOWN,-5.1,2,3.3,-10.1,2076,6418
2025.06.30 14:24:07,UP,5.1,2,1.4,-10.1,212,2487
2025.06.30 15:11:10,DOWN,-5.1,2,7.2,-10.5,1835,7163
2025.06.30 17:10:33,UP,7.2,1,10.1,-3.8,839,839
2025.06.30 17:24:33,UP,6.4,1,10.2,-1.4,771,771
2025.06.30 17:37:25,UP,5.5,2,5.0,-10.7,642,771
2025.06.30 17:50:16,DOWN,-5.1,2,7.2,-10.1,302,1174
2025.06.30 18:09:50,UP,8.9,1,11.2,-4.1,2193,2193
2025.06.30 18:46:23,UP,5.4,1,10.3,-0.5,634,634
2025.06.30 19:14:16,DOWN,-5.3,2,9.3,-10.0,1308,3361
2025.06.30 20:33:44,DOWN,-5.1,2,2.4,-10.2,83,2649
2025.06.30 21:17:56,UP,5.3,1,10.3,-2.8,7647,7647
2025.06.30 23:53:21,DOWN,-5.1,2,7.5,-10.2,2424,5818
2025.07.01 03:23:56,DOWN,-5.2,2,1.2,-10.0,25,2125
2025.07.01 04:20:01,UP,5.6,2,3.2,-10.1,4,339
2025.07.01 09:01:57,DOWN,-5.5,1,10.1,-5.7,3631,3631
2025.07.01 10:02:28,DOWN,-7.8,2,3.9,-10.2,56,522
2025.07.01 10:11:37,UP,5.4,1,10.1,-8.2,4937,4937
2025.07.01 11:33:59,UP,5.4,1,10.1,-3.8,1172,1172
2025.07.01 11:53:31,UP,6.7,1,10.5,-0.8,53,53
2025.07.01 11:58:32,DOWN,-7.4,1,10.2,-0.2,602,602
2025.07.01 12:08:34,DOWN,-6.6,2,0.3,-10.2,1,510
2025.07.01 12:17:06,UP,5.1,1,10.5,-0.3,544,544
2025.07.01 12:30:35,UP,5.4,2,9.6,-10.3,231,5414
2025.07.01 14:41:08,UP,5.2,2,4.2,-10.0,588,3786
2025.07.01 16:24:47,DOWN,-5.1,2,2.0,-10.1,384,929
2025.07.01 16:42:41,DOWN,-5.1,2,8.2,-10.0,207,434
2025.07.01 16:49:55,UP,11.0,2,0.6,-10.1,0,291
2025.07.01 16:54:55,DOWN,-8.9,1,10.1,-6.0,306,306
2025.07.01 17:00:01,DOWN,-11.7,2,6.7,-10.3,184,1613
2025.07.01 17:36:33,DOWN,-5.0,1,10.3,0.0,279,279
2025.07.01 17:41:35,DOWN,-5.0,2,1.7,-10.2,65,520
2025.07.01 17:50:15,UP,6.0,2,0.3,-10.5,0,445
2025.07.01 17:57:40,DOWN,-7.2,1,10.6,-4.4,3999,3999
2025.07.01 19:04:19,DOWN,-8.9,2,5.6,-10.1,2811,4624
2025.07.01 22:09:29,UP,5.1,1,10.1,-5.1,4324,4324
2025.07.02 00:03:35,DOWN,-9.6,2,0.0,-10.0,0,3435
2025.07.02 04:47:42,DOWN,-5.1,1,10.6,-0.4,526,526
2025.07.02 09:23:05,DOWN,-5.3,1,10.5,-0.9,1436,1436
2025.07.02 09:49:26,DOWN,-5.2,1,10.7,-8.0,14648,14648
2025.07.02 14:29:41,DOWN,-5.1,1,10.1,-0.2,1059,1059
2025.07.02 14:54:30,UP,5.2,2,0.0,-10.1,0,206
2025.07.02 14:59:32,DOWN,-8.6,2,1.4,-10.9,68,938
2025.07.02 15:15:10,UP,13.3,1,10.3,-0.7,11,11
2025.07.02 15:22:23,UP,5.0,2,7.9,-10.1,184,604
2025.07.02 15:32:28,DOWN,-7.6,1,10.1,-4.5,546,546
2025.07.02 15:41:34,DOWN,-7.8,2,5.9,-10.2,1068,1574
2025.07.02 16:07:48,UP,10.1,2,7.2,-10.1,145,1587
2025.07.02 16:34:17,DOWN,-5.0,2,2.8,-10.1,24,335
2025.07.02 16:39:52,UP,10.9,2,2.1,-10.1,194,917
2025.07.02 16:55:49,DOWN,-5.5,2,3.4,-10.2,672,1830
2025.07.02 17:26:52,UP,5.3,2,1.6,-10.0,30,756
2025.07.02 17:39:29,DOWN,-7.1,2,8.1,-10.5,652,1486
2025.07.02 18:11:00,UP,5.0,1,10.2,-0.6,1247,1247
2025.07.02 19:08:29,UP,5.0,1,10.1,-6.2,13686,13686
2025.07.03 00:57:13,UP,6.3,1,10.2,-1.4,34169,34169
2025.07.03 10:48:54,DOWN,-5.1,1,10.0,-5.7,4474,4474
2025.07.03 12:03:28,DOWN,-5.1,1,10.2,-7.2,11135,11135
2025.07.03 15:30:01,DOWN,-18.2,1,20.0,0.0,0,0
2025.07.03 15:35:24,UP,5.2,1,10.4,0.0,87,87
2025.07.03 15:40:36,UP,5.6,2,1.4,-10.0,19,96
2025.07.03 15:45:36,DOWN,-6.0,2,9.6,-10.4,298,775
2025.07.03 15:58:32,UP,13.4,1,10.0,-5.9,930,930
2025.07.03 16:14:03,UP,6.5,1,10.0,-0.4,134,134
2025.07.03 16:19:03,UP,13.5,2,0.2,-10.7,2,98
2025.07.03 16:40:25,UP,5.1,1,10.1,-4.2,1194,1194
2025.07.03 17:00:19,UP,6.5,2,9.9,-10.0,32,304
2025.07.03 17:13:32,DOWN,-5.4,1,10.0,-0.4,350,350
2025.07.03 17:19:22,DOWN,-5.9,2,3.1,-10.1,354,1159
2025.07.03 17:38:41,UP,7.8,2,1.7,-10.2,62,348
2025.07.03 17:44:29,DOWN,-8.5,2,5.4,-10.0,1151,2617
2025.07.03 19:53:28,UP,5.3,1,10.2,-0.8,855,855
2025.07.04 02:31:13,UP,5.1,1,10.2,-3.6,29821,29821
2025.07.04 10:48:14,UP,5.8,2,4.7,-10.3,7000,15566
2025.07.04 16:39:05,UP,5.2,1,10.3,-1.7,1400,1400
2025.07.04 17:02:47,UP,5.1,2,2.8,-10.1,116,10514
2025.07.04 23:09:40,UP,5.8,2,1.7,-10.1,159,2832
2025.07.04 23:57:38,DOWN,-6.6,2,0.0,-14.5,0,173042
2025.07.07 00:03:00,UP,7.9,1,10.0,-1.4,10787,10787
2025.07.07 03:03:46,UP,5.2,2,4.8,-10.1,823,3937
2025.07.07 04:18:54,UP,5.1,2,0.3,-10.0,21,1567
2025.07.07 05:31:50,DOWN,-5.1,1,10.6,-8.4,14474,14474
2025.07.07 09:33:04,DOWN,-6.5,1,10.1,-3.1,5188,5188
2025.07.07 11:08:00,DOWN,-5.4,1,10.1,-1.5,2658,2658
2025.07.07 11:52:44,DOWN,-5.1,1,10.1,-7.3,13437,13437
2025.07.07 16:27:43,UP,5.1,2,8.9,-10.3,4741,10430
2025.07.07 19:21:34,DOWN,-9.5,1,11.7,-3.6,107,107
2025.07.07 19:26:34,UP,5.7,2,4.0,-10.0,175,374
2025.07.07 19:32:48,DOWN,-13.3,1,10.1,-2.5,908,908
2025.07.07 19:47:56,DOWN,-7.4,1,10.5,-4.8,492,492
2025.07.07 19:56:08,DOWN,-9.1,2,4.9,-11.6,440,2049
2025.07.07 20:30:17,UP,9.5,1,10.2,-2.9,648,648
2025.07.07 21:08:08,UP,5.6,2,2.0,-10.1,88,548
2025.07.07 21:17:21,DOWN,-5.2,2,2.1,-10.3,31,1500
2025.07.07 21:42:24,UP,5.1,1,10.2,-1.7,3359,3359
2025.07.07 23:11:14,DOWN,-5.4,2,5.3,-10.4,2976,7924
2025.07.08 01:39:51,UP,5.3,1,10.1,0.0,336,336
2025.07.08 03:04:52,UP,5.2,2,5.9,-10.6,2350,4323
2025.07.08 04:37:14,UP,5.2,1,10.5,-9.6,20018,20018
2025.07.08 10:13:53,UP,5.1,1,10.5,-4.6,2301,2301
2025.07.08 10:52:14,UP,5.2,2,0.0,-10.3,0,980
2025.07.08 14:54:32,DOWN,-5.1,1,10.1,-0.7,1020,1020
2025.07.08 15:42:44,DOWN,-5.1,1,11.1,-3.0,2374,2374
2025.07.08 16:22:20,DOWN,-5.1,1,10.3,-1.0,542,542
2025.07.08 16:32:53,DOWN,-5.2,2,1.6,-10.0,123,646
2025.07.08 16:47:46,UP,5.2,2,4.0,-10.4,351,1085
2025.07.08 17:06:24,DOWN,-5.1,1,10.2,-1.3,971,971
2025.07.08 17:22:41,DOWN,-5.1,2,1.9,-10.1,94,392
2025.07.08 17:29:14,UP,7.0,1,10.0,-6.3,2867,2867
2025.07.08 18:19:51,UP,5.1,2,5.7,-10.1,4032,4580
2025.07.08 19:36:11,DOWN,-5.4,2,1.0,-10.2,1186,1359
2025.07.08 19:58:50,UP,9.3,1,10.2,-0.1,317,317
2025.07.08 20:04:07,UP,9.0,1,10.2,-4.5,6620,6620
2025.07.09 00:01:28,DOWN,-8.7,2,0.5,-10.2,1261,3575
2025.07.09 01:01:03,UP,7.3,2,3.5,-10.1,3167,16576
2025.07.09 05:39:47,DOWN,-5.2,1,10.0,-0.4,4965,4965
2025.07.09 09:48:47,UP,5.2,2,4.6,-10.1,562,3001
2025.07.09 10:38:52,DOWN,-5.0,1,10.2,-0.5,2375,2375
2025.07.09 11:18:27,DOWN,-5.3,2,0.7,-10.1,3,701
2025.07.09 11:52:55,DOWN,-5.1,1,10.0,-8.0,6558,6558
2025.07.09 14:53:31,DOWN,-5.3,2,9.1,-10.5,346,1475
2025.07.09 15:18:07,UP,7.7,1,10.1,-8.5,3320,3320
2025.07.09 16:13:28,UP,5.4,2,2.9,-10.1,213,1624
2025.07.09 16:47:07,DOWN,-5.0,2,4.0,-10.0,364,1547
2025.07.09 17:13:40,UP,5.2,2,9.7,-10.1,499,4303
2025.07.09 23:23:54,DOWN,-5.2,2,0.8,-10.1,589,1920
2025.07.10 00:04:55,DOWN,-9.9,2,0.0,-10.0,0,189
2025.07.10 02:58:39,UP,5.0,1,10.1,-0.5,570,570
2025.07.10 03:53:40,DOWN,-5.1,1,10.1,-2.6,12670,12670
2025.07.10 09:09:46,DOWN,-5.5,1,10.1,-8.9,18044,18044
2025.07.10 14:12:53,DOWN,-5.1,1,10.0,-1.8,2437,2437
2025.07.10 14:54:40,DOWN,-5.1,1,10.2,-5.6,5742,5742
2025.07.10 16:34:03,DOWN,-6.4,1,10.0,-9.2,1660,1660
2025.07.10 17:01:43,DOWN,-8.1,1,12.6,-7.1,1335,1335
2025.07.10 17:23:58,DOWN,-13.8,2,9.5,-10.0,336,1551
2025.07.10 17:49:49,UP,9.1,1,10.1,-8.0,11677,11677
2025.07.11 00:03:07,DOWN,-5.9,2,0.0,-10.1,0,3265
2025.07.11 03:07:01,DOWN,-5.1,1,10.2,-0.4,673,673
2025.07.11 03:18:14,DOWN,-7.7,1,10.2,-0.5,328,328
2025.07.11 03:23:42,DOWN,-5.3,1,10.1,-3.6,824,824
2025.07.11 03:37:26,DOWN,-6.4,2,1.2,-10.0,1,1193
2025.07.11 03:57:19,UP,8.7,1,10.1,-7.5,22208,22208
2025.07.11 10:07:39,UP,5.1,1,10.1,-7.2,14366,14366
2025.07.11 15:09:59,DOWN,-5.0,2,1.0,-10.0,21,1452
2025.07.11 15:34:14,UP,5.0,1,10.7,-8.6,3946,3946
2025.07.11 16:41:08,UP,5.2,2,5.5,-10.1,16,403
2025.07.11 16:48:55,DOWN,-5.0,1,10.2,-0.4,704,704
2025.07.11 17:15:20,DOWN,-5.1,2,4.7,-10.2,219,1161
2025.07.11 17:34:41,UP,7.8,1,10.3,-5.6,3372,3372
2025.07.11 18:30:54,UP,5.3,2,4.5,-10.0,568,3643
2025.07.11 20:24:13,DOWN,-5.1,1,28.4,-7.9,185887,185887
2025.07.14 00:03:20,DOWN,-29.2,2,0.0,-11.2,0,170
2025.07.14 00:08:20,UP,10.8,1,10.1,-10.0,3296,3296
2025.07.14 01:03:18,UP,11.9,2,4.3,-10.3,255,617
2025.07.14 01:13:35,DOWN,-6.4,2,7.1,-10.2,54,5373
2025.07.14 04:58:41,DOWN,-5.1,1,10.1,-5.9,2549,2549
2025.07.14 06:50:41,UP,5.9,2,0.8,-10.3,30,4160
2025.07.14 09:22:53,DOWN,-5.0,2,0.1,-10.1,1,1268
2025.07.14 12:13:46,UP,5.0,1,10.1,-3.8,6889,6889
2025.07.14 14:32:29,DOWN,-5.6,1,10.1,-3.9,5679,5679
2025.07.14 16:08:11,DOWN,-5.1,2,4.2,-10.0,1441,4198
2025.07.14 17:18:09,UP,5.1,2,5.3,-10.1,1069,2926
2025.07.14 18:47:20,DOWN,-5.1,1,10.3,0.0,425,425
2025.07.14 18:54:25,DOWN,-5.4,1,10.5,-0.2,1000,1000
2025.07.14 19:17:23,DOWN,-5.0,2,3.1,-10.0,5249,8598
2025.07.15 03:03:44,UP,5.3,1,10.0,-5.2,18566,18566
2025.07.15 09:54:43,DOWN,-5.2,2,6.0,-10.6,768,2221
2025.07.15 10:32:32,UP,5.3,2,3.4,-10.1,587,10069
2025.07.15 15:30:01,UP,19.3,2,0.0,-10.3,0,0
2025.07.15 15:35:27,DOWN,-5.0,1,10.1,0.0,147,147
2025.07.15 15:42:18,UP,5.1,1,10.0,-3.5,737,737
2025.07.15 15:54:35,UP,8.5,2,5.8,-11.0,94,930
2025.07.15 16:10:17,DOWN,-5.4,2,0.2,-10.0,3,167
2025.07.15 16:19:02,DOWN,-5.5,1,10.1,-3.5,914,914
2025.07.15 16:34:16,DOWN,-12.1,1,10.2,0.0,70,70
2025.07.15 16:47:48,DOWN,-5.1,1,10.1,-4.9,803,803
2025.07.15 17:01:11,DOWN,-10.4,1,10.3,-7.7,1551,1551
2025.07.15 17:32:29,DOWN,-5.1,1,10.3,-8.1,3618,3618
2025.07.15 18:33:11,DOWN,-5.8,2,4.1,-10.1,128,1437
2025.07.15 18:59:31,UP,5.1,2,2.3,-10.1,135,579
2025.07.15 19:09:10,DOWN,-6.4,1,10.1,-3.9,1810,1810
2025.07.16 00:00:50,DOWN,-6.4,2,0.3,-11.4,1068,8352
2025.07.16 03:39:10,UP,5.1,1,10.0,-3.9,18919,18919
2025.07.16 09:58:03,UP,5.1,2,0.6,-10.0,264,2307
2025.07.16 11:14:01,UP,5.7,2,2.3,-10.3,2861,5980
2025.07.16 14:57:32,DOWN,-5.1,2,9.3,-10.7,1819,1956
2025.07.16 15:30:08,UP,18.2,2,0.6,-10.0,1,50
2025.07.16 15:40:24,DOWN,-5.1,1,10.3,-9.8,1910,1910
2025.07.16 16:12:14,DOWN,-5.6,1,10.0,-2.1,569,569
2025.07.16 16:21:45,DOWN,-5.0,1,10.1,-5.6,1608,1608
2025.07.16 16:48:33,DOWN,-6.0,2,9.5,-10.8,3080,3929
2025.07.16 17:54:03,UP,16.2,1,11.6,-3.8,10,10
2025.07.16 17:59:03,UP,6.2,1,10.1,-6.7,249,249
2025.07.16 18:04:03,UP,19.6,1,10.4,-5.1,398,398
2025.07.16 18:10:42,UP,10.9,1,10.0,-4.9,327,327
2025.07.16 18:16:09,UP,12.6,1,10.9,0.0,6,6
2025.07.16 18:21:22,UP,5.1,1,10.3,-3.9,74,74
2025.07.16 18:26:22,UP,17.3,1,11.3,-9.4,237,237
2025.07.16 18:31:22,UP,32.7,2,0.4,-10.7,7,25
2025.07.16 18:37:14,DOWN,-5.1,2,6.7,-10.0,55,172
2025.07.16 18:42:16,DOWN,-6.2,1,10.3,-1.2,245,245
2025.07.16 18:47:16,DOWN,-14.4,1,10.3,-8.7,312,312
2025.07.16 18:52:29,DOWN,-16.6,2,0.0,-10.3,0,67
2025.07.16 18:57:29,DOWN,-32.4,1,10.0,-3.7,48,48
2025.07.16 19:02:29,DOWN,-11.1,2,2.8,-10.1,11,100
2025.07.16 19:07:29,UP,14.5,2,1.3,-10.2,31,88
2025.07.16 19:12:29,UP,16.3,2,0.4,-10.3,1,81
2025.07.16 19:17:29,DOWN,-10.8,2,8.1,-10.5,1581,1929
2025.07.16 19:49:38,UP,15.9,2,0.2,-10.0,13,190
2025.07.16 20:07:13,UP,5.1,1,10.9,-1.1,1009,1009
2025.07.16 20:48:43,UP,5.2,2,3.5,-10.4,15,267
2025.07.16 20:53:43,DOWN,-13.8,1,10.0,-1.6,3611,3611
2025.07.16 23:59:31,DOWN,-9.0,1,10.1,-9.2,12822,12822
2025.07.17 03:37:34,DOWN,-5.1,2,4.5,-10.0,3330,4846
2025.07.17 08:57:45,DOWN,-5.1,1,10.1,-2.5,1079,1079
2025.07.17 09:18:09,DOWN,-5.4,1,10.3,0.0,262,262
2025.07.17 09:23:09,DOWN,-14.2,1,10.3,-4.1,751,751
2025.07.17 09:44:29,DOWN,-5.2,2,3.6,-10.1,1280,1747
2025.07.17 10:13:40,UP,5.1,1,10.1,-9.1,4100,4100
2025.07.17 11:29:46,UP,5.1,2,1.9,-10.1,179,4792
2025.07.17 14:23:53,DOWN,-5.1,1,10.1,-0.6,1587,1587
2025.07.17 15:12:44,UP,5.1,2,2.5,-11.3,309,1037
2025.07.17 15:30:15,DOWN,-5.9,1,10.3,-0.8,37,37
2025.07.17 15:36:38,UP,5.0,1,10.1,-4.1,700,700
2025.07.17 15:48:19,UP,7.7,2,9.7,-10.1,1184,4795
2025.07.17 17:08:15,DOWN,-5.5,2,0.8,-10.1,9,585
2025.07.17 17:18:00,UP,7.5,1,10.5,-7.0,5594,5594
2025.07.17 18:53:03,UP,5.1,2,0.9,-10.1,95,2729
2025.07.17 19:38:32,DOWN,-8.0,1,10.9,-0.4,6173,6173
2025.07.18 01:32:15,UP,5.4,1,10.0,-1.8,612,612
2025.07.18 01:47:44,UP,5.1,1,11.2,-4.3,10774,10774
2025.07.18 04:47:19,UP,5.4,2,5.0,-10.2,250,9866
2025.07.18 10:04:08,UP,5.3,1,10.3,-5.7,3607,3607
2025.07.18 11:04:16,UP,7.4,1,10.5,-4.2,11150,11150
2025.07.18 15:09:28,UP,5.0,1,10.8,-7.0,4446,4446
2025.07.18 16:23:44,UP,5.4,2,9.5,-10.3,2186,3209
2025.07.18 17:17:19,DOWN,-5.1,1,10.1,-6.6,7060,7060
2025.07.18 19:22:23,DOWN,-5.5,1,10.4,-2.0,1743,1743
2025.07.18 23:47:44,DOWN,-5.4,3,2.0,-5.8,299,173632
2025.07.21 00:06:01,UP,7.9,2,4.5,-10.1,2213,13719
2025.07.21 10:03:43,UP,5.1,2,0.8,-10.2,64,1665
2025.07.21 10:42:41,UP,5.3,2,8.1,-10.2,3237,9315
2025.07.21 14:04:06,UP,5.2,1,10.0,-0.6,922,922
2025.07.21 14:24:41,UP,5.1,1,10.1,-4.7,2893,2893
2025.07.21 15:12:55,UP,6.3,2,0.0,-10.2,0,2080
2025.07.21 16:38:54,DOWN,-5.0,2,0.1,-10.0,6,1360
2025.07.21 17:01:41,UP,5.1,1,10.1,0.0,203,203
2025.07.21 17:18:08,UP,5.3,1,10.3,-7.9,2212,2212
2025.07.21 17:55:55,UP,5.0,1,10.1,-1.7,1095,1095
2025.07.21 18:14:39,UP,5.1,2,9.5,-10.1,559,3760
2025.07.21 19:17:20,DOWN,-5.4,1,10.0,-8.2,4511,4511
2025.07.21 23:59:56,DOWN,-5.5,2,6.0,-10.2,39243,41771
2025.07.22 11:38:41,UP,5.8,2,7.0,-10.8,5871,13174
2025.07.22 15:18:34,DOWN,-5.1,1,11.0,-6.0,3127,3127
2025.07.22 16:11:05,DOWN,-5.1,2,0.1,-10.2,39,712
2025.07.22 16:22:57,UP,5.5,1,10.5,-3.1,1226,1226
2025.07.22 16:43:23,UP,8.7,1,10.0,-8.6,3881,3881
2025.07.22 17:48:09,UP,5.1,1,10.2,-0.5,389,389
2025.07.22 17:54:38,UP,7.3,1,10.5,-6.6,1132,1132
2025.07.22 18:13:31,UP,14.2,1,10.1,-3.2,1404,1404
2025.07.22 18:36:56,UP,6.6,1,10.1,-3.3,1818,1818
2025.07.22 19:07:18,UP,5.3,2,7.5,-10.6,1388,7125
2025.07.23 00:17:25,DOWN,-5.4,1,10.1,-7.4,8580,8580
2025.07.23 03:15:35,UP,5.4,2,8.8,-10.1,2713,19598
2025.07.23 09:02:23,UP,5.1,1,10.2,-4.7,4008,4008
2025.07.23 10:09:11,UP,5.3,2,7.1,-10.4,669,2192
2025.07.23 10:58:26,UP,5.3,2,6.3,-10.1,755,2305
2025.07.23 13:02:40,DOWN,-5.1,1,10.3,-5.7,8942,8942
2025.07.23 15:32:01,DOWN,-5.1,2,9.4,-10.7,3899,5533
2025.07.23 17:04:14,UP,5.1,1,10.1,-7.9,4335,4335
2025.07.23 18:34:22,DOWN,-5.9,2,6.1,-10.3,532,1280
2025.07.23 18:55:43,UP,5.1,1,10.1,-1.5,43,43
2025.07.23 19:02:43,UP,5.2,1,10.0,-8.8,3689,3689
2025.07.23 20:04:13,UP,11.0,2,2.8,-10.0,906,2820
2025.07.23 20:51:13,DOWN,-9.4,2,6.5,-10.0,20,607
2025.07.23 23:52:59,DOWN,-5.7,2,4.0,-10.0,481,8678
2025.07.24 03:31:52,DOWN,-5.0,2,3.8,-10.0,1051,3444
2025.07.24 05:19:19,UP,5.1,2,1.6,-10.3,5294,13679
2025.07.24 09:07:23,DOWN,-5.2,1,10.8,-3.8,3168,3168
2025.07.24 11:55:56,DOWN,-5.0,1,10.3,-3.2,5952,5952
2025.07.24 14:49:45,UP,5.2,2,4.2,-10.2,951,2517
2025.07.24 15:31:43,DOWN,-6.8,1,10.6,-2.2,590,590
2025.07.24 15:41:33,DOWN,-5.1,2,2.8,-10.1,1242,1436
2025.07.24 16:05:30,UP,8.6,1,10.5,-3.0,127,127
2025.07.24 16:12:45,UP,5.3,1,10.0,-8.1,855,855
2025.07.24 16:27:01,UP,8.6,2,5.2,-10.2,292,1102
2025.07.24 16:45:26,DOWN,-5.8,2,0.8,-10.0,0,163
2025.07.24 16:54:54,UP,5.1,1,10.3,-6.1,582,582
2025.07.24 17:04:36,UP,15.5,2,1.4,-10.5,639,1007
2025.07.24 17:21:25,DOWN,-5.4,1,10.1,-0.4,362,362
2025.07.24 17:51:28,DOWN,-5.4,1,10.0,-0.7,218,218
2025.07.24 18:12:57,DOWN,-5.1,2,5.0,-10.1,145,674
2025.07.24 18:24:12,UP,6.4,2,7.9,-10.4,634,3531
2025.07.24 19:56:24,DOWN,-5.4,2,3.5,-10.0,632,2734
2025.07.24 23:46:58,DOWN,-5.3,1,10.4,-6.0,934,934
2025.07.25 00:02:32,DOWN,-12.3,2,1.9,-10.3,74,2537
2025.07.25 04:13:44,DOWN,-5.3,1,10.3,-0.1,5342,5342
2025.07.25 09:34:09,UP,5.1,2,6.4,-10.4,113,6008
2025.07.25 11:14:18,DOWN,-5.5,1,10.3,-7.4,3208,3208
2025.07.25 12:07:46,DOWN,-7.8,1,10.3,-6.8,7539,7539
2025.07.25 14:13:26,DOWN,-5.5,1,10.3,0.0,578,578
2025.07.25 14:23:04,DOWN,-6.1,2,0.6,-10.3,8,1616
2025.07.25 15:48:40,DOWN,-5.1,1,10.1,-8.0,1039,1039
2025.07.25 16:05:59,DOWN,-15.2,2,0.0,-10.5,0,72
2025.07.25 16:11:45,DOWN,-5.1,2,7.8,-10.9,230,505
2025.07.25 16:20:11,UP,5.3,2,1.5,-10.1,1,805
2025.07.25 16:33:49,DOWN,-5.1,1,10.1,-2.5,556,556
2025.07.25 16:43:05,DOWN,-7.8,2,2.1,-10.2,37,624
2025.07.25 16:53:29,UP,6.6,1,10.2,-1.1,552,552
2025.07.25 17:02:43,UP,6.0,1,10.5,-6.0,4942,4942
2025.07.25 18:36:43,DOWN,-5.3,2,9.8,-10.1,2512,9313
2025.07.28 00:01:01,UP,11.7,1,10.2,-0.9,3010,3010
2025.07.28 01:01:17,UP,5.1,2,3.6,-10.1,49,506
2025.07.28 01:09:44,DOWN,-10.5,2,3.7,-10.6,1083,6821
2025.07.28 03:03:26,UP,10.6,2,4.3,-10.1,813,2544
2025.07.28 03:57:17,UP,5.1,2,7.0,-10.3,397,2614
2025.07.28 09:18:33,DOWN,-5.3,1,10.4,-1.4,173,173
2025.07.28 09:23:33,DOWN,-10.1,1,10.0,-1.1,202,202
2025.07.28 09:28:33,DOWN,-5.6,2,2.8,-10.1,456,1656
2025.07.28 10:02:37,DOWN,-5.2,1,10.2,-7.0,1720,1720
2025.07.28 10:31:31,DOWN,-5.5,1,10.1,-0.9,526,526
2025.07.28 10:48:05,DOWN,-5.0,1,10.1,-1.4,583,583
2025.07.28 10:57:49,DOWN,-5.9,2,6.8,-10.1,46,1618
2025.07.28 11:38:16,DOWN,-5.0,1,10.3,-2.1,840,840
2025.07.28 11:58:19,UP,5.3,2,4.9,-10.1,1431,2238
2025.07.28 12:35:43,DOWN,-5.4,1,10.1,-6.6,2925,2925
2025.07.28 13:24:28,DOWN,-11.1,2,0.3,-10.1,6,1001
2025.07.28 13:48:06,DOWN,-5.1,1,10.1,-0.4,1738,1738
2025.07.28 14:17:40,DOWN,-5.0,2,6.5,-10.0,955,2632
2025.07.28 15:01:32,UP,10.7,2,4.6,-10.0,2180,2911
2025.07.28 15:57:48,UP,5.1,2,4.0,-10.1,648,1183
2025.07.28 16:17:32,DOWN,-7.0,1,10.0,0.0,234,234
2025.07.28 16:22:41,DOWN,-5.2,1,11.5,-4.1,1595,1595
2025.07.28 16:49:17,DOWN,-6.2,2,2.0,-10.0,387,1054
2025.07.28 17:06:51,UP,5.3,2,9.7,-10.2,2385,3907
2025.07.28 18:21:55,DOWN,-5.2,1,10.2,-7.4,2134,2134
2025.07.28 20:19:12,DOWN,-5.0,1,10.2,-7.5,37087,37087
2025.07.29 06:37:21,DOWN,-5.2,1,10.2,-8.6,10385,10385
2025.07.29 09:33:40,DOWN,-5.2,1,10.2,0.0,53,53
2025.07.29 09:47:53,DOWN,-5.1,1,10.1,-3.3,428,428
2025.07.29 09:55:05,DOWN,-6.8,1,10.1,-2.2,252,252
2025.07.29 10:00:12,UP,5.2,2,7.1,-10.3,234,615
2025.07.29 10:10:28,DOWN,-7.2,2,1.2,-10.3,0,535
2025.07.29 10:19:23,UP,6.8,1,10.1,-6.8,1889,1889
2025.07.29 10:57:45,UP,5.0,1,10.6,-0.4,896,896
2025.07.29 11:14:29,UP,5.1,1,10.3,-5.6,4035,4035
2025.07.29 12:22:23,UP,5.0,2,9.8,-10.3,4057,6195
2025.07.29 14:18:47,DOWN,-5.3,1,10.4,-5.8,1131,1131
2025.07.29 14:37:38,DOWN,-6.8,1,10.3,-0.4,278,278
2025.07.29 14:42:38,DOWN,-8.6,2,0.5,-10.0,20,247
2025.07.29 15:12:12,UP,5.0,2,0.4,-10.0,14,2743
2025.07.29 15:57:55,DOWN,-5.6,2,9.0,-10.2,991,3138
2025.07.29 16:56:49,UP,5.2,2,7.4,-10.6,212,715
2025.07.29 17:08:44,DOWN,-5.7,2,8.3,-10.2,535,926
2025.07.29 17:24:10,UP,10.5,2,4.7,-10.1,1013,1593
2025.07.29 17:50:44,DOWN,-5.1,2,9.6,-10.2,524,5099
2025.07.29 19:16:42,UP,5.5,1,10.6,-5.9,3668,3668
2025.07.29 20:17:52,UP,9.2,2,3.8,-10.4,40,1214
2025.07.29 20:57:59,DOWN,-5.1,2,4.4,-10.1,538,4481
2025.07.30 04:23:40,DOWN,-5.1,1,10.3,-8.0,9928,9928
2025.07.30 09:04:04,DOWN,-5.9,2,4.0,-10.3,70,1616
2025.07.30 09:53:37,UP,5.1,1,10.3,-2.7,1010,1010
2025.07.30 10:37:29,DOWN,-5.1,1,10.8,0.0,2648,2648
2025.07.30 12:57:59,UP,5.0,2,3.4,-10.0,425,1739
2025.07.30 13:37:38,DOWN,-5.2,1,10.0,-6.2,3342,3342
2025.07.30 15:09:33,DOWN,-5.1,1,10.8,-1.1,332,332
2025.07.30 15:21:17,UP,5.3,2,2.1,-10.1,34,351
2025.07.30 15:27:08,DOWN,-6.4,1,10.3,-3.1,354,354
2025.07.30 15:33:03,DOWN,-11.8,1,12.3,-0.4,156,156
2025.07.30 15:41:51,DOWN,-5.0,1,10.6,-5.5,803,803
2025.07.30 15:57:22,DOWN,-5.1,1,10.1,-8.1,954,954
2025.07.30 16:13:16,DOWN,-11.9,2,4.4,-10.1,2540,2826
2025.07.30 17:00:34,UP,5.3,1,10.1,-9.5,5011,5011
2025.07.30 18:32:49,DOWN,-5.0,1,10.6,-2.4,1360,1360
2025.07.30 19:09:52,DOWN,-5.4,2,0.2,-10.4,23,3011
2025.07.30 21:00:07,UP,5.6,1,10.2,-9.0,638,638
2025.07.30 21:10:46,UP,6.1,2,0.7,-10.2,1,208
2025.07.30 21:27:19,UP,5.2,1,11.1,-7.7,431,431
2025.07.30 21:34:30,UP,11.9,2,0.0,-10.4,0,24
2025.07.30 21:39:30,DOWN,-9.8,1,10.5,-3.0,98,98
2025.07.30 21:44:30,DOWN,-12.3,1,10.6,-0.7,259,259
2025.07.30 21:49:30,DOWN,-14.8,1,10.1,-2.9,86,86
2025.07.30 21:54:30,DOWN,-12.5,2,1.6,-10.1,3,57
2025.07.30 21:59:35,DOWN,-5.1,1,11.0,-5.3,332,332
2025.07.30 22:07:08,UP,5.3,2,9.8,-10.6,403,1286
2025.07.30 22:28:35,DOWN,-5.7,2,0.4,-10.1,1,173
2025.07.30 22:33:35,UP,6.0,2,5.8,-10.2,1945,2765
2025.07.30 23:23:04,DOWN,-5.3,2,7.6,-10.2,2193,6807
2025.07.31 01:22:32,DOWN,-5.1,2,0.0,-10.0,0,1797
2025.07.31 03:00:48,UP,5.1,2,4.8,-10.0,6238,9102
2025.07.31 06:03:31,UP,5.0,2,0.2,-10.0,11,142
2025.07.31 06:08:37,DOWN,-5.1,1,10.1,-3.9,1001,1001
2025.07.31 06:25:19,DOWN,-5.3,2,4.7,-10.0,71,1890
2025.07.31 08:22:50,UP,5.1,2,0.2,-10.4,3,1393
2025.07.31 08:46:25,DOWN,-5.1,2,0.7,-10.5,13,1166
2025.07.31 09:17:28,UP,5.1,1,10.0,-0.6,1881,1881
2025.07.31 10:02:55,DOWN,-5.1,1,10.3,-4.8,1377,1377
2025.07.31 10:25:56,DOWN,-5.4,2,8.5,-10.7,1198,2518
2025.07.31 11:07:55,UP,5.5,2,2.2,-10.6,47,1050
2025.07.31 11:32:26,UP,5.1,2,0.2,-10.1,13,840
2025.07.31 11:57:08,UP,5.1,2,2.6,-10.5,204,1435
2025.07.31 13:34:43,DOWN,-5.0,2,2.2,-10.2,120,1027
2025.07.31 13:54:41,UP,5.1,1,10.0,-0.9,1077,1077
2025.07.31 14:12:38,UP,5.3,2,4.9,-10.3,3136,4052
2025.07.31 15:29:46,DOWN,-5.1,1,10.0,-5.2,1119,1119
2025.07.31 15:48:26,DOWN,-7.7,1,10.1,-4.6,1257,1257
2025.07.31 16:09:23,DOWN,-11.0,1,10.2,-3.0,1199,1199
2025.07.31 16:29:23,DOWN,-6.0,2,0.0,-10.0,0,2638
2025.07.31 17:13:21,UP,7.0,1,10.3,-1.0,1006,1006
2025.07.31 17:30:38,UP,5.0,1,10.2,-2.6,783,783
2025.07.31 17:43:41,UP,5.3,2,8.8,-10.0,1993,3972
2025.07.31 18:59:46,DOWN,-5.2,1,10.1,-2.7,4439,4439
2025.07.31 20:22:05,DOWN,-5.1,2,1.1,-10.2,4,3523
2025.07.31 22:53:16,DOWN,-5.1,1,10.0,0.0,322,322
2025.07.31 22:58:38,DOWN,-5.7,2,4.9,-10.0,2634,11512
2025.08.01 02:29:25,UP,5.2,2,8.2,-10.0,6299,7948
2025.08.01 04:41:54,DOWN,-5.4,2,5.8,-10.2,735,5088
2025.08.01 06:06:42,UP,5.4,1,10.0,-7.9,9891,9891
2025.08.01 08:54:31,UP,5.0,2,4.3,-10.1,2819,5326
2025.08.01 10:29:49,UP,5.1,2,1.6,-10.3,31,1058
2025.08.01 10:53:00,DOWN,-5.1,1,10.1,-7.0,5395,5395
2025.08.01 12:23:10,DOWN,-5.0,2,8.4,-10.1,1603,4158
2025.08.01 13:32:30,UP,5.5,1,10.1,-3.8,2446,2446
2025.08.01 14:13:16,UP,6.7,2,0.0,-10.1,0,959
2025.08.01 14:29:36,DOWN,-5.7,1,10.4,-3.0,2965,2965
2025.08.01 15:19:02,DOWN,-5.1,2,9.1,-11.0,493,659
2025.08.01 15:30:01,UP,27.7,1,11.3,-0.9,3,3
2025.08.01 15:35:06,DOWN,-5.1,2,2.4,-10.1,26,117
2025.08.01 15:40:22,DOWN,-5.1,2,2.0,-10.1,31,125
2025.08.01 15:46:05,UP,5.3,1,11.3,-3.5,126,126
2025.08.01 15:51:05,DOWN,-8.3,2,3.0,-10.4,19,112
2025.08.01 15:56:39,DOWN,-5.0,1,10.3,-0.7,53,53
2025.08.01 16:01:39,UP,5.1,2,0.6,-10.1,3,135
2025.08.01 16:06:39,UP,10.1,2,5.7,-10.1,13,160
2025.08.01 16:11:39,UP,15.6,2,0.5,-10.6,3,105
2025.08.01 16:16:43,DOWN,-6.0,1,10.1,-0.4,197,197
2025.08.01 16:21:58,UP,5.5,1,10.2,-1.8,238,238
2025.08.01 16:26:58,UP,9.5,1,10.1,-5.8,515,515
2025.08.01 16:35:36,UP,5.2,2,3.9,-10.0,93,173
2025.08.01 16:41:22,DOWN,-5.1,1,10.0,-6.3,333,333
2025.08.01 16:46:55,DOWN,-11.7,2,6.7,-12.3,333,785
2025.08.01 17:00:00,UP,8.9,1,10.0,-0.5,23,23
2025.08.01 17:05:09,UP,5.5,2,5.2,-10.6,29,237
2025.08.01 17:12:30,UP,5.2,1,10.1,-8.0,530,530
2025.08.01 17:21:20,UP,7.0,2,9.1,-10.3,238,581
2025.08.01 17:31:02,DOWN,-5.9,2,0.0,-10.1,0,230
2025.08.01 17:36:02,DOWN,-5.4,1,10.1,-2.5,880,880
2025.08.01 17:50:42,DOWN,-7.1,1,10.1,-4.2,1743,1743
2025.08.01 18:20:52,UP,5.1,2,1.2,-10.5,4,321
2025.08.01 18:26:38,DOWN,-5.7,2,4.9,-10.1,191,535
2025.08.01 18:37:58,UP,5.0,1,10.2,-4.8,961,961
2025.08.01 18:54:17,UP,5.1,2,0.8,-10.1,1,308
2025.08.01 18:59:27,DOWN,-7.9,2,6.0,-10.2,406,1202
2025.08.01 19:19:29,UP,7.0,2,0.0,-10.0,0,363
2025.08.01 19:27:13,DOWN,-5.9,1,10.0,0.0,1684,1684
2025.08.01 19:55:48,DOWN,-5.1,1,10.1,-5.8,560,560
2025.08.01 20:14:00,DOWN,-5.0,2,7.6,-10.1,1452,3793
2025.08.01 21:17:27,UP,5.6,1,10.0,-4.5,1042,1042
2025.08.01 21:34:49,UP,5.6,2,2.9,-10.1,217,1210
2025.08.01 21:57:00,DOWN,-5.1,2,6.0,-10.4,232,930
2025.08.01 22:12:40,UP,5.2,1,10.3,-1.8,1052,1052
2025.08.01 22:30:12,UP,9.5,1,10.2,-5.5,162,162
2025.08.01 22:39:21,UP,5.2,1,10.0,-2.9,530,530
2025.08.01 22:51:01,DOWN,-5.4,2,6.5,-10.8,528,2018
2025.08.01 23:34:29,UP,5.7,2,2.1,-10.4,20,439
2025.08.01 23:41:48,DOWN,-7.1,2,1.1,-10.2,250,360
2025.08.01 23:47:49,UP,9.2,2,1.9,-10.1,86,546
2025.08.01 23:56:56,DOWN,-11.2,3,1.1,-5.0,46,173115
2025.08.04 01:00:30,UP,5.3,2,1.7,-10.1,346,855
2025.08.04 01:26:31,DOWN,-5.7,2,2.2,-10.1,1366,4964
2025.08.04 02:49:17,UP,5.9,2,0.5,-10.6,91,866
2025.08.04 03:03:43,DOWN,-8.0,1,10.3,-3.9,856,856
2025.08.04 03:19:39,DOWN,-5.1,1,10.0,-3.1,860,860
2025.08.04 03:33:59,DOWN,-6.7,2,7.9,-10.7,3002,4366
2025.08.04 04:46:45,UP,5.8,1,10.1,-2.3,4440,4440
2025.08.04 06:01:40,UP,5.3,2,5.4,-10.0,172,9713
2025.08.04 09:13:16,UP,5.2,2,8.6,-10.1,324,793
2025.08.04 09:26:29,DOWN,-5.2,2,1.5,-10.0,7,979
2025.08.04 09:43:30,UP,5.1,2,3.3,-10.1,1200,1316
2025.08.04 10:05:26,DOWN,-7.2,1,10.1,-5.8,1521,1521
2025.08.04 10:39:45,DOWN,-5.3,2,2.4,-10.1,156,825
2025.08.04 10:53:30,UP,7.1,2,3.4,-10.2,150,2599
2025.08.04 11:37:41,DOWN,-5.3,2,0.5,-10.2,6,1451
2025.08.04 12:07:29,UP,5.1,1,10.1,-1.4,1876,1876
2025.08.04 12:38:46,UP,5.5,2,2.0,-10.1,64,761
2025.08.04 12:51:49,DOWN,-5.3,2,9.6,-10.0,1967,3809
2025.08.04 14:04:03,UP,5.1,2,7.8,-10.1,845,2303
2025.08.04 15:02:58,DOWN,-5.1,2,1.7,-10.1,224,911
2025.08.04 15:18:09,UP,7.1,1,10.3,-1.4,368,368
2025.08.04 15:24:17,UP,10.1,2,6.4,-10.2,1402,6359
2025.08.04 17:10:19,DOWN,-5.1,2,4.5,-10.2,10,835
2025.08.04 17:24:14,UP,9.5,2,6.3,-10.1,195,1261
2025.08.04 17:50:54,DOWN,-5.4,1,10.2,-2.2,246,246
2025.08.04 18:09:33,UP,5.4,2,7.4,-10.0,2453,4108
2025.08.04 19:18:06,DOWN,-5.2,2,2.4,-10.1,175,1570
2025.08.04 20:47:30,UP,5.4,1,10.1,-8.9,17368,17368
2025.08.05 04:04:56,DOWN,-5.3,1,10.1,-6.9,3539,3539
2025.08.05 05:03:57,DOWN,-7.2,1,10.3,-7.7,12689,12689
2025.08.05 08:37:05,DOWN,-5.1,2,2.5,-10.1,1419,2664
2025.08.05 09:24:30,UP,5.1,2,5.8,-10.2,97,1600
2025.08.05 10:16:21,UP,5.5,2,1.8,-10.2,678,1820
2025.08.05 10:46:41,DOWN,-5.6,1,10.3,-0.9,247,247
2025.08.05 10:51:42,DOWN,-8.7,2,1.0,-10.2,7,1079
2025.08.05 11:09:41,UP,5.8,2,0.9,-10.1,3,426
2025.08.05 11:17:15,DOWN,-5.1,2,7.6,-10.2,2853,11209
2025.08.05 14:24:04,UP,6.6,2,0.3,-10.0,1,766
2025.08.05 14:37:07,DOWN,-5.1,2,9.1,-10.0,114,1858
2025.08.05 15:08:06,UP,6.8,2,1.9,-10.1,58,542
2025.08.05 15:17:19,DOWN,-5.1,2,4.9,-10.1,72,3641
2025.08.05 16:23:12,UP,5.3,2,6.8,-10.1,1003,1698
2025.08.05 16:51:30,DOWN,-7.8,2,5.8,-10.2,478,510
2025.08.05 17:00:00,UP,12.9,2,9.4,-10.0,27,196
2025.08.05 17:05:30,DOWN,-5.1,2,1.1,-10.1,42,94
2025.08.05 17:10:30,DOWN,-5.6,2,5.8,-10.1,710,1891
2025.08.05 17:42:09,UP,5.2,1,10.2,-0.4,706,706
2025.08.05 17:53:55,UP,6.0,1,10.3,-1.7,667,667
2025.08.05 18:06:00,UP,5.4,1,10.0,-2.1,978,978
2025.08.05 18:22:18,UP,6.1,2,1.9,-10.1,4436,10313
2025.08.05 21:48:16,DOWN,-5.2,2,4.7,-10.3,1127,18177
2025.08.06 03:04:49,UP,5.0,2,1.7,-10.1,68,1780
2025.08.06 09:38:13,DOWN,-5.0,1,10.4,-2.7,2242,2242
2025.08.06 10:15:41,DOWN,-5.1,2,0.0,-10.4,0,2121
2025.08.06 11:19:00,DOWN,-5.0,2,6.4,-10.0,963,5585
2025.08.06 13:07:31,UP,5.3,1,10.3,-1.3,298,298
2025.08.06 13:12:31,UP,9.1,2,8.1,-10.3,486,1277
2025.08.06 13:53:58,UP,5.1,2,1.2,-10.3,203,613
2025.08.06 14:04:11,DOWN,-8.2,2,1.4,-10.2,13,1031
2025.08.06 14:23:22,UP,5.2,2,3.1,-10.1,419,2022
2025.08.06 15:46:31,UP,5.4,1,10.4,-0.1,587,587
2025.08.06 15:56:39,UP,5.6,2,6.6,-10.3,1445,2620
2025.08.06 16:58:28,UP,5.1,2,3.2,-10.1,88,238
2025.08.06 17:03:29,DOWN,-10.4,2,3.2,-10.1,371,2169
2025.08.06 17:39:38,UP,6.6,2,1.8,-10.2,2,720
2025.08.06 18:03:55,UP,5.2,1,10.1,-0.9,779,779
2025.08.06 18:16:54,UP,5.1,2,2.1,-10.4,220,1197
2025.08.06 18:36:51,DOWN,-5.9,1,10.1,-3.7,228,228
2025.08.06 18:49:58,UP,5.2,2,7.7,-10.0,758,3864
2025.08.06 20:03:32,UP,5.1,1,10.1,-0.5,1698,1698
2025.08.06 21:09:44,UP,5.1,1,10.0,-4.4,1940,1940
2025.08.06 23:37:50,DOWN,-5.1,2,3.2,-10.0,16,5023
2025.08.07 01:01:33,UP,6.6,2,2.5,-10.0,1255,8514
2025.08.07 04:43:23,UP,5.0,1,10.1,-3.5,8361,8361
2025.08.07 09:17:17,UP,5.3,1,10.6,-2.4,4743,4743
2025.08.07 10:36:20,UP,7.6,1,10.3,-2.7,1665,1665
2025.08.07 11:04:05,UP,5.1,2,4.0,-10.2,41,187
2025.08.07 11:09:05,DOWN,-12.1,1,10.1,-6.2,5281,5281
2025.08.07 14:00:19,UP,5.1,2,1.7,-10.2,1,169
2025.08.07 14:08:39,DOWN,-5.7,1,10.8,-1.7,1566,1566
2025.08.07 14:34:45,DOWN,-6.0,1,10.3,-0.6,370,370
2025.08.07 14:40:59,DOWN,-5.0,2,2.8,-10.0,10,2204
2025.08.07 15:17:43,UP,7.4,1,10.1,-1.2,942,942
2025.08.07 15:33:25,UP,10.0,2,4.8,-11.0,121,2074
2025.08.07 16:07:59,DOWN,-7.8,2,8.4,-10.4,958,1324
2025.08.07 16:34:53,DOWN,-5.1,1,10.1,-4.4,1759,1759
2025.08.07 17:04:27,DOWN,-5.7,1,10.9,-4.9,246,246
2025.08.07 17:09:56,DOWN,-5.6,1,10.1,0.0,45,45
2025.08.07 17:14:56,UP,6.6,2,1.0,-10.5,2,191
2025.08.07 17:19:57,DOWN,-11.5,1,10.3,-4.5,1254,1254
2025.08.07 17:40:51,DOWN,-5.8,2,4.2,-10.1,1439,1941
2025.08.07 18:13:14,UP,6.5,1,10.0,-1.3,1279,1279
2025.08.07 20:18:40,DOWN,-5.1,1,10.6,-7.6,5194,5194
2025.08.07 22:30:04,UP,5.5,1,10.1,-0.4,55,55
2025.08.07 22:37:47,UP,5.4,1,11.2,-2.3,1485,1485
2025.08.07 23:08:24,UP,5.5,1,10.1,-6.0,9105,9105
2025.08.08 04:04:58,DOWN,-5.1,1,10.2,-0.2,980,980
2025.08.08 08:14:19,DOWN,-5.3,1,10.0,-0.9,1126,1126
2025.08.08 10:33:21,UP,5.5,2,4.2,-10.5,522,3436
2025.08.08 11:33:30,DOWN,-5.1,1,10.6,-1.9,990,990
2025.08.08 12:03:20,UP,5.1,2,1.5,-10.4,99,1171
2025.08.08 14:24:32,DOWN,-5.1,2,1.6,-10.1,113,3958
2025.08.08 15:43:09,DOWN,-5.1,2,9.0,-10.0,594,4901
2025.08.08 17:04:51,UP,8.2,1,10.2,-7.7,4614,4614
2025.08.08 18:37:42,DOWN,-5.1,1,10.5,-5.6,2554,2554
2025.08.08 21:48:16,DOWN,-5.2,1,10.1,-6.3,2345,2345
2025.08.08 22:27:21,DOWN,-6.3,3,4.0,-4.1,204,178585
2025.08.11 00:08:51,UP,6.7,1,11.5,-9.8,17481,17481
2025.08.11 05:02:10,UP,5.0,1,10.6,-0.6,4783,4783
2025.08.11 10:01:14,DOWN,-5.1,1,10.0,-2.4,2256,2256
2025.08.11 11:09:18,UP,5.1,1,10.0,-1.2,1892,1892
2025.08.11 12:14:52,DOWN,-5.2,1,10.5,-0.5,7546,7546
2025.08.11 14:26:55,DOWN,-5.1,1,10.4,-3.4,1429,1429
2025.08.11 15:14:32,DOWN,-5.3,2,2.8,-10.1,248,5453
2025.08.11 17:00:56,DOWN,-5.0,1,10.3,-3.8,554,554
2025.08.11 17:32:18,DOWN,-5.7,2,6.3,-10.1,2317,4708
2025.08.11 19:34:52,DOWN,-5.0,2,7.3,-10.3,2626,13872
2025.08.12 00:01:28,DOWN,-8.1,2,0.1,-10.1,44,3514
2025.08.12 04:39:03,UP,5.1,2,6.2,-10.1,12162,16561
2025.08.12 09:43:01,UP,5.0,2,6.6,-10.1,2928,9966
2025.08.12 15:03:11,UP,5.1,1,12.7,-9.0,1611,1611
2025.08.12 15:30:02,UP,21.5,1,10.9,-2.1,3,3
2025.08.12 15:35:21,DOWN,-5.1,1,10.1,-3.5,155,155
2025.08.12 15:41:17,UP,5.4,2,3.0,-10.2,200,317
2025.08.12 15:46:34,DOWN,-5.1,1,10.0,-10.0,975,975
2025.08.12 16:02:49,DOWN,-9.3,1,10.5,-4.1,299,299
2025.08.12 16:07:49,DOWN,-10.8,2,0.0,-10.4,0,138
2025.08.12 16:16:19,UP,5.4,2,3.8,-10.0,91,422
2025.08.12 16:23:22,DOWN,-5.6,2,9.4,-12.0,490,1252
2025.08.12 16:44:14,UP,11.6,1,10.8,0.0,18,18
2025.08.12 16:49:14,DOWN,-11.1,2,9.0,-10.1,218,780
2025.08.12 17:02:14,UP,6.1,2,2.3,-10.6,12,705
2025.08.12 17:14:08,DOWN,-5.1,2,6.0,-10.1,147,1112
2025.08.12 17:32:50,UP,5.3,1,10.1,-3.5,3045,3045
2025.08.12 18:24:01,UP,5.4,1,10.4,-0.3,204,204
2025.08.12 18:29:01,UP,13.2,2,3.8,-10.1,105,294
2025.08.12 18:34:01,DOWN,-9.3,2,1.2,-10.0,19,349
2025.08.12 18:39:51,UP,9.5,1,10.2,0.0,283,283
2025.08.12 18:44:53,UP,7.1,2,0.0,-10.1,0,340
2025.08.12 18:56:38,DOWN,-5.1,1,10.4,0.0,605,605
2025.08.12 19:24:22,UP,5.1,2,9.4,-10.5,1764,7485
2025.08.13 03:07:34,DOWN,-5.0,2,3.7,-10.1,774,3626
2025.08.13 05:09:37,DOWN,-5.3,2,0.8,-10.3,82,1045
2025.08.13 09:02:57,UP,5.1,1,10.1,-4.3,2695,2695
2025.08.13 10:09:25,UP,5.1,1,10.1,-1.1,305,305
2025.08.13 10:14:30,UP,9.2,1,10.1,-4.0,4082,4082
2025.08.13 11:38:03,DOWN,-5.0,2,1.1,-10.0,16,2404
2025.08.13 14:43:46,UP,5.5,2,5.3,-10.0,2338,3385
2025.08.13 15:49:21,DOWN,-5.3,2,7.2,-10.1,932,4980
2025.08.13 17:21:45,UP,5.1,2,6.3,-10.2,515,9417
2025.08.13 21:17:51,DOWN,-5.2,2,0.6,-10.0,1462,8730
2025.08.14 00:11:23,DOWN,-5.2,2,3.3,-10.0,716,8065
2025.08.14 05:19:11,DOWN,-5.1,1,10.2,-1.4,15801,15801
2025.08.14 09:44:51,DOWN,-5.2,1,10.1,-2.8,2111,2111
2025.08.14 10:23:32,DOWN,-5.6,1,10.4,-6.0,5633,5633
2025.08.14 12:02:03,UP,5.3,1,10.0,-1.5,613,613
2025.08.14 13:24:52,UP,5.2,2,5.8,-10.0,843,7498
2025.08.14 15:29:50,DOWN,-6.7,1,14.3,-0.5,12,12
2025.08.14 15:34:50,DOWN,-11.9,2,2.1,-10.2,3,663
2025.08.14 15:46:21,UP,5.3,2,0.0,-10.1,0,186
2025.08.14 15:53:26,DOWN,-5.0,1,10.1,-1.4,461,461
2025.08.14 16:01:07,DOWN,-5.7,2,2.6,-10.1,15,950
2025.08.14 16:17:06,UP,5.1,2,1.8,-10.5,22,246
2025.08.14 16:22:06,DOWN,-7.2,1,10.0,-2.3,2408,2408
2025.08.14 17:05:46,DOWN,-5.1,2,6.0,-10.1,103,558
2025.08.14 17:16:24,UP,5.0,2,9.0,-10.2,958,4724
2025.08.14 18:36:52,DOWN,-5.0,1,10.3,-3.9,2221,2221
2025.08.14 19:13:53,DOWN,-6.9,2,2.0,-10.1,2641,3670
2025.08.15 09:33:02,UP,5.1,1,10.9,-1.7,4923,4923
2025.08.15 13:49:48,UP,5.1,2,5.8,-10.0,4960,6084
2025.08.15 15:31:13,DOWN,-7.6,2,2.9,-10.2,21,344
2025.08.15 15:36:58,UP,7.1,1,10.1,-1.9,182,182
2025.08.15 15:54:16,DOWN,-5.1,2,1.1,-10.2,46,387
2025.08.15 16:01:01,UP,5.1,2,2.7,-10.5,398,897
2025.08.15 16:16:26,DOWN,-5.0,2,4.5,-10.2,121,867
2025.08.15 16:30:59,UP,5.3,1,10.6,-8.6,1146,1146
2025.08.15 17:01:48,UP,5.6,2,6.3,-10.3,2934,14739
2025.08.15 21:07:28,DOWN,-5.1,2,1.0,-11.3,9352,183241
2025.08.18 10:13:16,UP,5.1,2,3.9,-11.1,1069,2316
2025.08.18 10:51:52,DOWN,-5.1,1,10.5,-0.1,570,570
2025.08.18 11:01:24,DOWN,-5.1,2,5.2,-10.1,208,1843
2025.08.18 11:58:38,DOWN,-5.5,1,11.1,-7.8,13079,13079
2025.08.18 15:36:37,DOWN,-5.3,2,1.3,-10.1,4,1443
2025.08.18 16:03:53,DOWN,-5.1,2,1.8,-10.9,323,3771
2025.08.18 17:06:52,UP,5.1,2,1.5,-10.1,56,1525
2025.08.18 17:32:18,DOWN,-5.3,1,10.5,-2.0,943,943
2025.08.18 17:48:01,DOWN,-9.5,2,1.6,-10.5,12,2893
2025.08.18 19:01:10,DOWN,-5.1,2,7.7,-10.3,3346,22030
2025.08.19 01:08:20,UP,8.8,2,0.9,-10.0,6,3916
2025.08.19 04:29:38,DOWN,-5.3,2,7.9,-10.0,140,7162
2025.08.19 08:49:08,DOWN,-5.1,2,7.3,-11.1,735,3449
2025.08.19 09:46:37,UP,5.9,1,10.6,-1.3,1190,1190
2025.08.19 10:06:30,UP,5.1,1,10.6,-8.9,11960,11960
2025.08.19 15:22:52,DOWN,-5.0,1,10.4,-2.6,2971,2971
2025.08.19 16:12:27,DOWN,-5.1,1,10.5,-6.9,8887,8887
2025.08.19 18:59:51,DOWN,-5.1,1,11.1,-4.9,9244,9244
2025.08.20 00:01:28,DOWN,-6.0,2,0.0,-11.5,0,279
2025.08.20 04:26:56,DOWN,-5.2,2,6.5,-10.4,4864,14886
2025.08.20 09:03:44,DOWN,-5.2,1,10.5,-0.6,232,232
2025.08.20 09:08:45,DOWN,-8.7,2,1.1,-10.0,62,1706
2025.08.20 10:56:25,UP,5.1,2,3.8,-10.3,292,2821
2025.08.20 11:43:26,DOWN,-5.2,2,0.6,-10.1,21,2856
2025.08.20 13:14:59,UP,5.4,2,5.0,-10.2,1109,5375
2025.08.20 15:01:35,UP,5.1,1,10.5,-1.6,1825,1825
2025.08.20 15:32:01,UP,7.2,1,10.1,-2.5,1202,1202
2025.08.20 16:08:00,DOWN,-5.2,1,10.1,-5.5,4172,4172
2025.08.20 17:23:31,DOWN,-5.1,2,2.2,-10.1,180,1397
2025.08.20 17:46:55,UP,5.1,2,6.6,-10.0,344,3758
2025.08.20 18:54:56,DOWN,-5.2,2,1.1,-10.2,12,1351
2025.08.20 19:18:04,UP,5.1,1,10.1,-3.0,5765,5765
2025.08.20 20:54:13,UP,5.0,2,2.9,-10.6,325,717
2025.08.21 01:01:11,UP,5.1,2,0.6,-10.1,73,9443
2025.08.21 09:22:19,DOWN,-5.5,1,10.3,-0.8,1856,1856
2025.08.21 10:15:00,UP,7.0,1,10.6,-3.1,964,964
2025.08.21 10:31:04,UP,8.8,1,10.1,-2.5,6477,6477
2025.08.21 14:34:25,DOWN,-5.2,2,7.7,-10.6,2020,3640
2025.08.21 15:43:03,DOWN,-5.2,1,10.1,-6.0,3673,3673
2025.08.21 16:44:16,DOWN,-6.2,1,12.1,-1.1,44,44
2025.08.21 16:49:16,DOWN,-6.3,1,10.3,-2.2,419,419
2025.08.21 16:56:17,DOWN,-5.1,2,2.7,-10.1,104,969
2025.08.21 17:19:13,DOWN,-5.1,1,10.0,-3.8,1297,1297
2025.08.21 17:41:22,DOWN,-5.4,2,9.4,-10.1,2121,2876
2025.08.21 18:29:18,UP,9.1,2,3.9,-10.5,13,994
2025.08.21 18:52:28,DOWN,-5.9,2,6.1,-10.1,1113,6932
2025.08.22 01:03:47,UP,5.4,2,6.6,-10.2,8508,19690
2025.08.22 06:38:02,DOWN,-5.1,1,11.2,-0.2,3012,3012
2025.08.22 07:28:15,DOWN,-5.1,2,0.9,-10.1,131,6659
2025.08.22 09:44:43,UP,5.2,1,10.1,-6.6,17571,17571
2025.08.22 14:37:34,UP,6.1,1,10.0,-3.1,5196,5196
2025.08.22 16:04:10,UP,5.7,2,4.8,-10.4,159,1992
2025.08.22 16:37:30,DOWN,-5.7,2,5.6,-10.3,1268,1353
2025.08.22 17:00:04,UP,15.6,1,10.8,0.0,1,1
2025.08.22 17:05:11,UP,5.4,1,10.3,-3.5,254,254
2025.08.22 17:11:30,UP,5.3,1,10.1,-7.4,318,318
2025.08.22 17:16:48,UP,12.2,1,10.0,-2.7,156,156
2025.08.22 17:21:48,DOWN,-7.8,1,10.0,-2.0,356,356
2025.08.22 17:27:44,DOWN,-10.4,2,0.1,-10.2,13,143
2025.08.22 17:32:44,UP,11.1,1,10.1,-7.3,928,928
2025.08.22 17:48:13,UP,5.8,1,10.1,-5.5,568,568
2025.08.22 18:04:17,UP,5.3,2,8.7,-10.1,1427,2552
2025.08.22 18:58:16,DOWN,-5.5,2,1.5,-10.8,162,1071
2025.08.22 19:31:36,UP,5.1,1,10.0,-8.6,2660,2660
2025.08.22 20:38:17,UP,5.1,2,0.0,-10.3,0,2527
2025.08.22 23:50:44,DOWN,-5.1,3,0.7,-2.8,440,173582
2025.08.25 00:23:42,UP,5.2,2,0.0,-10.3,0,2845
2025.08.25 03:02:38,DOWN,-5.4,2,9.3,-10.0,6295,22443
2025.08.25 09:19:54,UP,5.1,2,2.8,-10.0,1518,4752
2025.08.25 10:54:52,DOWN,-5.3,1,10.1,-10.0,7015,7015
2025.08.25 12:51:47,DOWN,-5.9,2,5.4,-10.1,3496,7546
2025.08.25 14:59:02,UP,5.1,2,6.8,-10.0,6790,10714
2025.08.25 18:03:54,DOWN,-5.5,1,10.1,-7.0,2390,2390
2025.08.25 18:52:55,DOWN,-6.1,1,10.5,-3.7,2702,2702
2025.08.25 19:37:58,DOWN,-7.2,1,10.1,-2.4,2635,2635
2025.08.25 20:41:47,DOWN,-5.4,1,10.0,-7.0,3145,3145
2025.08.25 21:39:50,DOWN,-5.4,1,10.0,-2.0,1496,1496
2025.08.25 22:04:52,DOWN,-5.1,1,10.8,0.0,270,270
2025.08.25 22:09:52,DOWN,-7.5,2,2.7,-10.0,1507,3642
2025.08.26 03:03:36,UP,6.9,1,10.4,-2.2,16,16
2025.08.26 03:11:31,UP,5.8,1,10.2,-0.9,202,202
2025.08.26 03:17:57,DOWN,-5.6,2,2.4,-10.2,319,960
2025.08.26 03:34:03,UP,5.2,2,4.2,-10.2,255,1952
2025.08.26 04:08:13,DOWN,-5.2,1,10.3,-3.8,5695,5695
2025.08.26 06:03:32,DOWN,-5.2,2,7.7,-10.4,4231,9630
2025.08.26 08:44:14,UP,5.0,2,1.9,-10.0,25,1548
2025.08.26 09:15:44,DOWN,-5.1,1,10.1,-3.1,323,323
2025.08.26 09:21:07,DOWN,-9.1,2,0.2,-10.1,2,346
2025.08.26 09:26:54,UP,5.9,2,8.1,-10.1,594,2585
2025.08.26 10:11:41,DOWN,-5.4,2,5.9,-10.4,493,1052
2025.08.26 10:29:13,UP,7.7,1,10.1,-1.8,420,420
2025.08.26 11:22:01,DOWN,-5.2,2,6.0,-10.1,99,2425
2025.08.26 12:08:22,UP,5.0,1,10.2,-1.5,618,618
2025.08.26 12:18:41,UP,7.3,1,10.1,-6.8,4002,4002
2025.08.26 14:31:15,UP,5.4,1,10.1,-0.9,1072,1072
2025.08.26 14:58:56,DOWN,-5.1,1,10.0,-5.0,3437,3437
2025.08.26 16:03:55,DOWN,-5.3,2,3.7,-10.4,147,2001
2025.08.26 16:43:43,UP,5.4,2,2.6,-10.0,507,1776
2025.08.26 17:21:49,UP,5.4,2,7.7,-10.1,361,9556
2025.08.26 23:03:52,DOWN,-5.2,2,1.9,-10.3,190,5669
2025.08.27 10:01:51,DOWN,-5.0,1,10.1,-2.9,1675,1675
2025.08.27 10:29:47,DOWN,-6.7,1,10.4,-1.3,2366,2366
2025.08.27 11:14:39,DOWN,-5.1,1,11.4,-3.5,1030,1030
2025.08.27 11:31:49,DOWN,-10.1,2,2.0,-10.0,191,1703
2025.08.27 14:02:57,DOWN,-5.1,2,0.1,-10.3,1,618
2025.08.27 14:13:28,UP,5.0,1,10.1,-6.4,4052,4052
2025.08.27 15:43:53,DOWN,-5.3,2,1.9,-10.6,1006,1509
2025.08.27 16:09:03,UP,7.8,2,2.3,-10.0,147,1847
2025.08.27 16:39:51,DOWN,-5.3,2,1.6,-10.0,366,783
2025.08.27 16:52:54,UP,6.7,2,7.1,-10.9,280,1862
2025.08.27 17:37:10,DOWN,-5.2,2,2.2,-10.0,131,973
2025.08.27 17:53:23,UP,6.5,1,10.3,-3.9,693,693
2025.08.27 18:04:56,UP,12.6,1,10.0,-0.9,3722,3722
2025.08.27 19:47:35,UP,5.1,1,10.6,0.0,957,957
2025.08.27 20:07:16,DOWN,-5.2,2,9.2,-10.0,3862,23556
2025.08.28 04:22:19,DOWN,-5.1,2,2.7,-10.0,840,3042
2025.08.28 09:28:07,DOWN,-5.5,2,3.3,-10.4,257,2167
2025.08.28 10:04:15,UP,5.1,2,1.6,-10.0,20,933
2025.08.28 10:19:51,DOWN,-5.1,2,8.8,-10.0,4272,6550
2025.08.28 13:27:46,UP,5.1,1,10.0,-7.2,7924,7924
2025.08.28 15:39:50,UP,11.0,1,10.1,-3.0,249,249
2025.08.28 15:44:50,UP,9.7,2,2.8,-10.5,51,470
2025.08.28 15:52:41,DOWN,-8.1,1,10.2,-4.8,634,634
2025.08.28 16:03:15,DOWN,-6.5,2,4.5,-10.1,1618,3149
2025.08.28 16:57:53,UP,5.1,2,1.1,-10.1,20,140
2025.08.28 17:03:22,UP,5.0,2,9.0,-10.0,1484,3580
2025.08.28 18:09:55,DOWN,-5.1,2,2.4,-10.0,899,1940
2025.08.28 19:48:23,UP,5.0,1,10.1,-0.5,969,969
2025.08.28 20:04:34,UP,5.4,2,2.7,-10.1,839,7504
2025.08.29 04:08:23,DOWN,-5.1,1,10.2,-5.5,2517,2517
2025.08.29 09:57:42,UP,5.1,1,10.3,-4.3,3873,3873
2025.08.29 11:08:34,DOWN,-5.4,2,2.1,-10.2,774,1329
2025.08.29 11:32:20,UP,5.2,2,7.3,-10.1,110,1804
2025.08.29 12:33:46,DOWN,-5.3,1,10.3,-5.3,7951,7951
2025.08.29 15:30:13,UP,5.3,2,2.6,-10.2,39,161
2025.08.29 15:42:44,DOWN,-5.2,2,1.5,-10.0,6,547
2025.08.29 16:01:05,UP,5.0,2,0.5,-10.1,1,485
2025.08.29 16:09:10,DOWN,-7.3,2,0.0,-10.0,0,510
2025.08.29 16:30:50,DOWN,-5.1,2,0.7,-10.1,19,851
2025.08.29 16:56:00,UP,5.1,1,11.0,-5.2,1225,1225
2025.08.29 17:16:25,UP,5.7,1,10.0,-2.5,952,952
2025.08.29 17:32:17,UP,7.5,1,10.0,-8.2,1544,1544
2025.08.29 17:58:01,UP,11.4,2,5.5,-10.1,265,15683
2025.08.29 23:47:24,DOWN,-5.3,3,5.4,-8.5,296,173645
2025.09.01 00:01:30,UP,11.7,1,10.0,-9.6,19446,19446
2025.09.01 09:05:46,UP,5.0,1,10.2,-4.0,1957,1957
2025.09.01 09:38:23,UP,6.3,2,1.2,-10.6,297,1838
2025.09.01 10:33:45,DOWN,-5.3,2,1.5,-10.1,132,4228
2025.09.01 11:49:31,UP,5.2,2,4.5,-10.1,154,3862
2025.09.01 14:04:07,UP,5.4,2,4.4,-10.6,147,3092
2025.09.01 14:55:55,DOWN,-5.0,1,10.2,-3.8,11999,11999
2025.09.02 00:04:01,DOWN,-6.0,2,0.0,-10.5,0,9586
2025.09.02 03:09:34,DOWN,-5.0,1,10.1,-2.7,7229,7229
2025.09.02 08:24:34,DOWN,-5.1,2,1.5,-10.0,336,2484
2025.09.02 09:34:26,UP,5.1,2,1.7,-10.6,1655,2264
2025.09.02 10:12:10,DOWN,-6.3,1,10.4,-2.7,170,170
2025.09.02 10:22:27,DOWN,-5.1,1,10.0,-0.3,455,455
2025.09.02 10:34:04,DOWN,-6.3,1,12.7,-7.9,1195,1195
2025.09.02 10:53:59,DOWN,-17.6,1,10.0,-1.8,284,284
2025.09.02 10:58:59,DOWN,-7.2,1,10.4,-5.2,1674,1674
2025.09.02 11:26:53,DOWN,-9.8,2,1.0,-10.1,7,522
2025.09.02 11:37:43,UP,5.0,2,7.4,-10.5,379,1912
2025.09.02 12:09:35,DOWN,-9.7,1,10.5,-1.9,754,754
2025.09.02 12:22:09,DOWN,-7.6,2,3.1,-10.0,76,1832
2025.09.02 12:52:43,UP,5.2,2,4.9,-10.2,1154,1816
2025.09.02 13:22:59,DOWN,-5.1,2,0.0,-10.1,0,2447
2025.09.02 14:03:46,UP,5.2,1,10.2,-9.0,3108,3108
2025.09.02 15:13:23,DOWN,-5.3,1,10.2,-1.4,782,782
2025.09.02 15:29:59,DOWN,-5.1,1,10.2,-3.1,547,547
2025.09.02 15:39:07,DOWN,-8.9,2,2.2,-10.4,567,1530
2025.09.02 16:04:37,UP,8.3,1,10.2,-0.7,288,288
2025.09.02 16:09:37,UP,8.6,1,10.3,-1.6,1544,1544
2025.09.02 16:47:46,DOWN,-5.1,2,0.2,-10.0,119,464
2025.09.02 17:00:01,UP,5.8,1,10.3,-0.9,37,37
2025.09.02 17:07:31,UP,5.1,1,10.1,-0.4,546,546
2025.09.02 17:29:11,DOWN,-5.1,1,10.1,-0.4,1713,1713
2025.09.02 17:59:50,DOWN,-5.0,1,10.4,-5.9,2222,2222
2025.09.02 18:36:58,DOWN,-5.2,1,10.0,-7.6,8681,8681
2025.09.02 21:09:07,DOWN,-5.0,1,10.4,-8.0,30535,30535
2025.09.03 05:38:07,DOWN,-5.1,2,3.8,-10.0,5127,13916
2025.09.03 09:33:15,UP,5.0,2,2.5,-10.0,290,1841
2025.09.03 10:17:06,DOWN,-5.4,1,10.1,0.0,191,191
2025.09.03 10:22:06,DOWN,-6.1,2,2.3,-10.1,69,513
2025.09.03 10:31:06,UP,5.2,1,10.1,-0.6,1053,1053
2025.09.03 10:48:39,UP,9.8,1,10.3,-3.6,1042,1042
2025.09.03 11:16:19,UP,5.0,1,10.3,-8.7,4866,4866
2025.09.03 12:37:34,UP,5.1,2,1.3,-10.2,426,1886
2025.09.03 13:44:04,DOWN,-5.2,2,1.7,-10.0,52,4120
2025.09.03 14:52:52,UP,5.1,2,6.4,-10.2,1411,4612
2025.09.03 16:40:35,DOWN,-5.0,2,4.1,-10.2,500,964
2025.09.03 16:56:39,UP,7.2,1,10.0,-5.8,230,230
2025.09.03 17:01:39,UP,16.0,1,10.4,-0.5,280,280
2025.09.03 17:09:46,DOWN,-5.1,2,1.4,-10.3,145,480
2025.09.03 17:17:46,UP,9.0,2,2.1,-10.2,15,1177
2025.09.03 17:37:25,DOWN,-5.1,2,7.1,-10.1,1212,1958
2025.09.03 18:44:56,DOWN,-5.1,1,10.1,-6.1,7539,7539
2025.09.04 00:03:38,DOWN,-5.0,2,3.3,-10.3,14942,16275
2025.09.04 04:34:54,UP,6.6,2,3.5,-10.5,89,2308
2025.09.04 09:58:39,DOWN,-5.1,1,10.2,-9.7,10416,10416
2025.09.04 13:09:59,UP,5.1,1,10.5,-0.4,1926,1926
2025.09.04 14:06:41,DOWN,-5.4,2,7.7,-10.5,2912,4100
2025.09.04 15:15:01,UP,10.1,2,1.5,-10.0,0,415
2025.09.04 15:22:11,DOWN,-5.1,2,2.1,-10.3,294,470
2025.09.04 15:30:01,UP,9.5,2,0.5,-10.1,0,27
2025.09.04 15:38:02,DOWN,-5.1,2,3.8,-10.0,281,1184
2025.09.04 15:57:46,UP,6.8,1,10.1,-6.2,1491,1491
2025.09.04 16:22:37,UP,7.0,2,1.4,-10.2,640,2243
2025.09.04 17:00:00,DOWN,-10.6,2,2.7,-10.2,0,686
2025.09.04 17:11:27,UP,8.1,2,2.3,-10.1,17,840
2025.09.04 17:33:10,DOWN,-5.4,2,5.3,-10.1,2084,4011
2025.09.04 19:07:23,DOWN,-5.2,2,7.6,-10.1,1185,11355
2025.09.04 22:21:41,DOWN,-5.2,2,3.6,-10.2,6079,15576
2025.09.05 03:58:32,UP,5.0,1,10.1,-1.8,3478,3478
2025.09.05 08:59:01,UP,5.1,2,0.0,-10.1,0,1499
2025.09.05 09:24:54,DOWN,-5.1,2,0.0,-10.0,0,399
2025.09.05 11:18:58,UP,5.2,1,10.0,-8.0,7490,7490
2025.09.05 14:57:39,UP,5.1,1,10.1,-0.8,608,608
2025.09.05 15:08:04,UP,5.0,1,15.9,-4.7,1317,1317
2025.09.05 15:30:01,UP,19.1,1,10.5,-5.4,3,3
2025.09.05 15:36:39,DOWN,-5.3,2,8.8,-10.0,867,1121
2025.09.05 15:56:33,DOWN,-5.6,2,0.5,-10.6,71,261
2025.09.05 16:01:33,UP,5.7,2,0.5,-10.1,1,322
2025.09.05 16:07:03,DOWN,-5.2,1,10.0,-10.0,818,818
2025.09.05 16:20:42,DOWN,-13.1,2,4.5,-10.1,5,220
2025.09.05 16:28:40,DOWN,-5.1,2,5.5,-10.1,150,642
2025.09.05 16:39:22,UP,6.7,1,10.0,-1.3,444,444
2025.09.05 16:46:46,UP,7.9,1,10.5,-5.4,918,918
2025.09.05 17:02:06,UP,5.4,2,5.0,-10.0,105,302
2025.09.05 17:07:08,DOWN,-12.7,1,10.4,-4.2,1297,1297
2025.09.05 17:37:11,DOWN,-5.2,2,7.4,-10.0,148,1918
2025.09.05 18:14:12,UP,5.2,1,10.1,-6.1,2202,2202
2025.09.05 18:53:17,DOWN,-5.4,1,10.0,-9.0,3469,3469
2025.09.05 19:53:19,DOWN,-5.0,1,10.6,-2.1,628,628
2025.09.05 20:03:48,DOWN,-11.2,1,10.4,-8.2,4883,4883
2025.09.05 21:41:56,DOWN,-5.1,3,6.1,-8.2,181234,181234
2025.09.08 00:03:30,DOWN,-7.9,2,1.7,-10.2,15,3390
2025.09.08 01:09:08,DOWN,-5.2,2,7.8,-10.1,2165,26825
2025.09.08 09:13:52,UP,5.3,2,1.5,-10.1,71,482
2025.09.08 09:32:19,UP,5.1,1,10.1,-7.4,3925,3925
2025.09.08 11:02:03,UP,5.3,2,4.6,-10.0,186,1571
2025.09.08 11:28:16,DOWN,-5.3,2,8.1,-10.1,5712,15997
2025.09.08 16:08:57,UP,5.1,1,10.2,-1.9,306,306
2025.09.08 16:14:03,UP,7.9,2,2.8,-10.1,1273,3850
2025.09.08 17:43:41,DOWN,-5.2,2,1.4,-10.0,55,1771
2025.09.08 18:54:07,UP,5.2,2,0.7,-10.1,418,2372
2025.09.08 21:56:18,UP,5.0,1,10.5,-5.3,15990,15990
2025.09.09 09:28:16,DOWN,-5.0,1,10.2,-1.1,1026,1026
2025.09.09 09:45:25,DOWN,-5.0,2,1.6,-10.0,172,1136
2025.09.09 10:44:17,DOWN,-5.0,1,10.1,-0.3,1474,1474
2025.09.09 11:08:51,DOWN,-7.7,2,1.2,-10.2,9,1078
2025.09.09 11:26:49,UP,5.7,1,10.1,-5.2,2619,2619
2025.09.09 13:17:26,UP,5.0,2,2.0,-10.0,24,1020
2025.09.09 13:34:37,DOWN,-5.1,1,10.2,-1.3,3045,3045
2025.09.09 15:01:04,DOWN,-5.4,2,9.2,-10.1,2454,5773
2025.09.09 16:37:17,UP,7.1,1,10.6,-8.2,1373,1373
2025.09.09 17:00:10,UP,14.5,2,5.8,-10.0,13,128
2025.09.09 17:06:50,DOWN,-5.1,2,4.4,-10.5,60,347
2025.09.09 17:12:38,UP,6.1,2,0.5,-10.6,0,461
2025.09.09 17:24:54,UP,5.1,2,1.7,-10.0,187,515
2025.09.09 17:33:29,DOWN,-7.7,1,10.1,-8.2,2555,2555
2025.09.09 18:27:44,UP,5.1,2,6.3,-10.4,4381,8196
2025.09.09 20:44:20,DOWN,-5.8,1,10.1,-3.7,2600,2600
2025.09.10 00:01:29,DOWN,-6.7,2,0.0,-10.0,0,3871
2025.09.10 02:24:34,DOWN,-5.1,2,9.6,-10.2,7534,13061
2025.09.10 08:58:30,UP,5.1,2,7.8,-10.0,1444,3598
2025.09.10 09:58:29,DOWN,-9.3,1,10.3,-0.1,151,151
2025.09.10 10:03:37,DOWN,-5.4,2,0.3,-10.1,927,1353
2025.09.10 10:26:13,UP,5.1,2,4.4,-10.2,1414,3571
2025.09.10 11:28:53,DOWN,-5.0,2,1.6,-10.0,97,2160
2025.09.10 12:49:12,UP,5.1,2,0.5,-10.2,58,1718
2025.09.10 14:53:38,UP,5.1,2,4.7,-10.6,932,1261
2025.09.10 15:14:39,DOWN,-11.3,2,4.1,-21.4,526,922
2025.09.10 15:30:01,UP,23.3,1,10.0,-0.1,7,7
2025.09.10 15:35:26,DOWN,-5.4,1,10.0,-3.2,335,335
2025.09.10 15:41:01,DOWN,-5.4,1,10.2,-8.0,734,734
2025.09.10 15:53:15,DOWN,-7.6,2,0.4,-10.0,4,733
2025.09.10 16:05:41,UP,5.1,1,10.1,-4.1,1159,1159
2025.09.10 16:34:21,UP,5.1,1,10.0,-5.6,4446,4446
2025.09.10 17:53:43,DOWN,-5.0,1,10.2,-8.6,4750,4750
2025.09.10 19:54:55,DOWN,-5.0,1,10.1,-9.0,9383,9383
2025.09.11 09:09:48,UP,5.3,2,2.9,-10.3,14,327
2025.09.11 09:24:21,UP,5.2,2,4.0,-10.3,2945,11774
2025.09.11 12:40:35,DOWN,-5.6,1,10.6,-8.7,9356,9356
2025.09.11 15:16:32,DOWN,-12.2,2,7.6,-10.1,22,623
2025.09.11 15:27:14,UP,5.1,2,5.4,-10.4,77,168
2025.09.11 15:32:14,UP,33.3,2,4.0,-10.2,206,495
2025.09.11 15:40:33,DOWN,-5.0,1,10.2,-7.0,201,201
2025.09.11 15:46:37,DOWN,-5.0,2,7.7,-10.2,307,596
2025.09.11 15:56:33,UP,6.4,1,10.3,-0.5,329,329
2025.09.11 16:02:03,UP,6.3,1,10.1,-4.4,108,108
2025.09.11 16:07:16,UP,5.6,2,3.6,-10.2,155,376
2025.09.11 16:13:32,DOWN,-12.5,1,10.3,-4.2,261,261
2025.09.11 16:18:32,DOWN,-8.7,2,6.1,-10.1,159,1110
2025.09.11 16:41:30,UP,5.3,1,10.4,-8.1,1526,1526
2025.09.11 17:07:02,UP,5.0,2,0.2,-10.3,3,243
2025.09.11 17:18:04,UP,5.1,2,1.4,-10.3,54,446
2025.09.11 17:25:51,DOWN,-5.4,2,5.6,-10.4,1765,3188
2025.09.11 18:22:01,UP,5.3,2,0.9,-10.1,147,500
2025.09.11 19:03:06,UP,5.0,2,3.6,-10.2,21705,32559
2025.09.12 09:04:07,DOWN,-5.1,2,3.7,-10.0,153,3060
2025.09.12 09:56:19,UP,5.1,2,8.7,-10.0,1600,4732
2025.09.12 11:19:16,DOWN,-5.1,1,10.2,-5.8,1789,1789
2025.09.12 11:49:09,DOWN,-5.2,2,3.5,-10.4,1004,4843
2025.09.12 15:23:10,DOWN,-5.3,1,10.0,-2.7,596,596
2025.09.12 15:33:07,DOWN,-9.7,2,2.2,-10.1,503,1230
2025.09.12 15:53:38,UP,5.1,2,3.2,-10.1,722,2505
2025.09.12 16:42:53,DOWN,-5.1,2,0.1,-10.2,11,746
2025.09.12 17:02:10,UP,5.1,1,10.1,-5.2,1194,1194
2025.09.12 17:22:04,UP,9.1,2,0.5,-10.0,2,1193
2025.09.12 17:42:05,DOWN,-5.3,2,1.1,-10.1,274,934
2025.09.12 18:21:48,DOWN,-5.1,1,10.1,-1.5,2729,2729
2025.09.15 00:01:28,DOWN,-7.1,1,10.0,-8.4,34160,34160
2025.09.15 10:08:59,UP,5.1,1,10.1,-1.6,1684,1684
2025.09.15 10:44:24,DOWN,-5.1,2,7.8,-10.0,3479,6348
2025.09.15 13:04:14,UP,5.3,1,10.1,-2.5,1338,1338
2025.09.15 13:38:31,DOWN,-5.2,2,5.3,-10.1,988,5028
2025.09.15 15:02:19,UP,5.4,2,6.5,-10.3,3571,7068
2025.09.15 17:42:04,DOWN,-5.1,2,1.9,-10.1,44,2744
2025.09.15 18:49:40,UP,5.1,2,7.6,-10.3,816,3918
2025.09.16 04:46:08,UP,5.3,1,10.0,-2.1,4452,4452
2025.09.16 06:32:01,UP,5.1,1,10.5,-8.2,12632,12632
2025.09.16 10:02:52,UP,5.4,1,10.2,-4.0,4543,4543
2025.09.16 11:18:35,UP,5.1,2,1.8,-10.2,7,927
2025.09.16 12:10:27,UP,5.2,1,10.1,-2.7,2081,2081
2025.09.16 14:05:54,DOWN,-5.2,2,0.8,-10.0,385,2201
2025.09.16 14:42:43,UP,5.2,2,8.7,-10.1,755,1772
2025.09.16 15:30:01,DOWN,-6.0,2,5.8,-10.4,0,382
2025.09.16 15:36:23,UP,9.3,1,10.2,-9.4,2757,2757
2025.09.16 16:22:20,UP,5.4,1,10.0,-0.8,978,978
2025.09.16 16:38:38,UP,5.2,2,1.5,-10.1,28,448
2025.09.16 16:46:13,DOWN,-5.8,2,0.1,-10.2,2,229
2025.09.16 17:04:01,UP,5.3,1,10.1,-0.8,199,199
2025.09.16 17:16:46,UP,5.0,1,10.1,-7.5,2629,2629
2025.09.16 18:02:32,DOWN,-5.4,1,10.1,-0.4,316,316
2025.09.16 18:29:16,DOWN,-5.5,2,2.6,-10.6,268,1551
2025.09.16 19:12:52,UP,5.5,1,10.3,-2.0,745,745
2025.09.16 19:25:18,UP,5.4,1,10.5,-5.1,2980,2980
2025.09.16 20:14:58,UP,9.2,2,2.4,-10.4,476,2499
2025.09.16 21:59:05,UP,5.4,2,1.9,-10.0,946,3964
2025.09.17 00:01:00,DOWN,-7.1,2,8.5,-10.1,225,7922
2025.09.17 09:07:21,DOWN,-5.3,1,10.0,-5.0,4357,4357
2025.09.17 13:12:57,DOWN,-5.6,2,3.8,-10.1,29,10133
2025.09.17 16:12:11,DOWN,-5.3,2,0.1,-10.3,1,1979
2025.09.17 18:09:01,UP,5.4,1,10.2,-9.3,10260,10260
2025.09.17 21:00:01,UP,12.5,1,11.8,0.0,0,0
2025.09.17 21:05:10,DOWN,-5.1,2,0.5,-10.1,0,130
2025.09.17 21:10:48,DOWN,-5.1,1,10.2,-2.4,116,116
2025.09.17 21:17:07,UP,5.1,2,6.4,-10.1,127,482
2025.09.17 21:28:32,DOWN,-5.1,1,10.5,-7.8,277,277
2025.09.17 21:33:32,DOWN,-5.8,1,10.2,-2.9,95,95
2025.09.17 21:38:32,DOWN,-10.5,1,10.1,-9.1,209,209
2025.09.17 21:43:32,DOWN,-17.4,1,10.5,-8.8,180,180
2025.09.17 21:50:01,DOWN,-5.7,1,10.0,-5.0,67,67
2025.09.17 21:55:13,UP,5.5,1,10.2,-0.9,90,90
2025.09.17 22:01:47,UP,5.2,1,10.5,-3.1,193,193
2025.09.17 22:06:47,DOWN,-6.3,2,1.1,-10.0,2,146
2025.09.17 22:11:47,DOWN,-13.3,1,10.3,-1.1,167,167
2025.09.17 22:16:52,UP,5.3,1,10.0,-4.8,418,418
2025.09.17 22:23:50,UP,6.2,2,2.9,-10.4,134,431
2025.09.17 22:31:01,DOWN,-5.0,1,10.2,-2.8,524,524
2025.09.17 22:39:45,DOWN,-9.5,1,10.2,-6.1,2160,2160
2025.09.17 23:16:35,DOWN,-5.1,2,8.1,-10.1,426,11943
2025.09.18 03:03:11,DOWN,-5.3,1,10.0,-8.7,4367,4367
2025.09.18 04:15:58,DOWN,-6.0,2,2.9,-10.1,2304,4036
2025.09.18 07:34:28,DOWN,-5.2,1,10.4,-3.3,1622,1622
2025.09.18 08:09:01,DOWN,-5.1,1,10.1,-7.1,3500,3500
2025.09.18 09:16:41,UP,5.0,1,10.2,-1.9,1705,1705
2025.09.18 09:57:54,DOWN,-5.1,2,0.3,-10.3,3,357
2025.09.18 10:03:52,UP,7.5,1,10.1,-1.8,405,405
2025.09.18 10:11:16,UP,5.1,1,10.0,-2.1,1064,1064
2025.09.18 10:29:02,UP,5.2,1,10.1,-2.7,779,779
2025.09.18 10:42:01,UP,7.1,2,4.0,-10.0,657,1533
2025.09.18 11:13:30,DOWN,-5.2,2,3.7,-10.0,847,2255
2025.09.18 12:13:23,UP,5.2,1,10.1,-1.5,1523,1523
2025.09.18 12:38:46,UP,8.5,2,2.3,-10.1,204,1657
2025.09.18 13:23:17,UP,5.1,2,2.4,-10.1,1815,2921
2025.09.18 14:36:12,UP,5.2,2,0.0,-10.2,0,351
2025.09.18 14:56:16,UP,5.5,2,2.7,-10.2,31,753
2025.09.18 15:30:00,DOWN,-6.3,1,10.3,-2.4,142,142
2025.09.18 15:38:42,UP,5.0,2,3.1,-10.0,37,1180
2025.09.18 15:58:22,DOWN,-5.5,1,10.1,-2.6,480,480
2025.09.18 16:06:59,DOWN,-5.1,2,1.5,-10.1,7,129
2025.09.18 16:11:59,DOWN,-6.7,1,10.1,-4.7,1280,1280
2025.09.18 16:33:19,DOWN,-5.7,1,10.0,-0.8,281,281
2025.09.18 16:38:19,DOWN,-8.3,1,10.5,-1.8,229,229
2025.09.18 16:43:19,DOWN,-6.1,2,3.5,-10.3,112,860
2025.09.18 16:57:39,UP,5.5,1,10.2,-1.6,454,454
2025.09.18 17:12:48,UP,5.2,1,10.1,-9.8,4338,4338
2025.09.18 18:34:27,DOWN,-5.1,1,10.0,-1.6,684,684
2025.09.18 18:58:50,UP,5.1,1,10.1,-6.3,3839,3839
2025.09.19 03:07:00,DOWN,-5.1,1,10.5,-4.7,6892,6892
2025.09.19 06:04:43,UP,5.2,2,8.0,-10.2,1438,5307
2025.09.19 07:33:45,DOWN,-5.0,1,10.1,-3.7,7211,7211
2025.09.19 09:33:57,DOWN,-7.4,2,1.4,-10.3,87,370
2025.09.19 09:50:35,DOWN,-5.1,2,7.2,-10.1,1061,1614
2025.09.19 10:17:29,UP,7.4,2,3.5,-10.2,456,2649
2025.09.19 11:01:38,DOWN,-5.6,1,10.3,-2.2,1406,1406
2025.09.19 11:31:27,UP,5.3,2,7.5,-10.0,3364,11371
2025.09.19 14:43:45,DOWN,-5.1,1,10.2,-0.7,738,738
2025.09.19 14:56:19,DOWN,-5.1,2,9.2,-10.1,2187,4116
2025.09.19 16:04:56,UP,11.1,1,10.1,-3.9,740,740
2025.09.19 16:17:21,UP,5.0,2,0.6,-10.2,0,293
2025.09.19 16:22:21,DOWN,-5.1,2,1.1,-10.2,73,1438
2025.09.19 16:48:25,UP,5.0,2,9.4,-10.0,3351,5245
2025.09.19 18:19:28,DOWN,-5.3,1,10.2,-2.2,1008,1008
2025.09.19 18:36:16,DOWN,-5.1,2,0.0,-10.4,0,505
2025.09.19 18:44:42,UP,7.7,2,8.1,-13.5,957,191877
2025.09.22 00:02:45,DOWN,-8.4,2,0.0,-11.2,0,735
2025.09.22 03:58:36,UP,5.1,1,10.1,-6.6,19615,19615
2025.09.22 09:57:54,DOWN,-5.1,2,2.9,-10.0,960,1687
2025.09.22 10:26:01,UP,5.7,1,10.3,-5.3,2857,2857
2025.09.22 11:13:49,UP,5.4,1,10.1,-2.8,6156,6156
2025.09.22 12:57:38,UP,5.1,1,10.0,-0.7,1813,1813
2025.09.22 13:33:56,DOWN,-5.2,2,6.4,-10.2,2559,5436
2025.09.22 15:04:32,UP,8.3,2,0.4,-10.1,2,822
2025.09.22 15:18:14,DOWN,-6.3,2,3.2,-10.1,613,1634
2025.09.22 16:00:03,DOWN,-5.3,2,1.3,-10.1,3,364
2025.09.22 16:56:25,DOWN,-10.5,1,10.0,-2.0,1332,1332
2025.09.22 17:18:53,DOWN,-5.0,2,1.9,-10.3,1103,4381
2025.09.22 19:11:38,UP,5.2,1,10.1,-2.6,5433,5433
2025.09.23 00:01:00,DOWN,-9.7,1,12.4,-1.3,86,86
2025.09.23 00:08:38,UP,7.6,1,10.2,-5.4,13272,13272
2025.09.23 05:13:23,DOWN,-5.2,1,10.2,-2.0,3452,3452
2025.09.23 09:14:27,DOWN,-5.0,2,2.3,-10.1,1107,1906
2025.09.23 09:46:25,UP,5.2,2,1.5,-10.1,201,851
2025.09.23 10:04:17,DOWN,-5.2,1,10.3,-2.8,643,643
2025.09.23 10:15:00,DOWN,-10.0,2,1.2,-11.1,1,900
2025.09.23 10:30:00,UP,6.0,2,5.7,-10.1,122,2338
2025.09.23 11:09:09,DOWN,-5.1,2,0.6,-10.0,7,843
2025.09.23 11:24:55,UP,5.1,1,10.1,-2.9,1693,1693
2025.09.23 12:22:31,UP,5.1,2,0.7,-10.1,0,2074
2025.09.23 13:29:11,DOWN,-5.3,2,8.8,-10.2,6900,9226
2025.09.23 16:02:57,UP,7.1,2,1.1,-10.1,293,1663
2025.09.23 16:48:07,DOWN,-5.0,2,6.7,-10.0,240,723
2025.09.23 17:02:03,UP,5.1,2,0.7,-10.1,20,117
2025.09.23 17:23:51,DOWN,-5.0,2,7.7,-10.1,4320,6982
2025.09.23 19:35:02,DOWN,-6.0,2,7.6,-10.0,97,1044
2025.09.23 20:27:57,UP,5.2,2,6.4,-10.0,16891,27250
2025.09.24 04:17:44,DOWN,-5.0,1,10.3,-6.1,18546,18546
2025.09.24 09:26:50,DOWN,-6.3,1,10.3,-6.1,6391,6391
2025.09.24 11:13:43,DOWN,-5.0,1,10.6,-0.4,2082,2082
2025.09.24 12:52:31,UP,5.1,2,2.4,-10.0,87,1290
2025.09.24 13:14:01,DOWN,-7.9,1,10.1,-5.7,3371,3371
2025.09.24 14:33:57,UP,5.1,2,2.8,-10.0,2792,3862
2025.09.24 16:12:18,DOWN,-5.2,2,8.2,-10.2,4112,5758
2025.09.24 17:53:52,DOWN,-5.1,2,9.1,-10.1,7436,36427
2025.09.25 09:16:35,UP,5.0,2,4.9,-10.4,1130,5381
2025.09.25 10:46:16,DOWN,-5.2,2,6.4,-10.2,937,4889
2025.09.25 12:08:32,UP,5.0,2,5.4,-10.0,5805,7620
2025.09.25 14:38:46,DOWN,-5.1,1,11.4,-8.2,3074,3074
2025.09.25 15:30:00,DOWN,-9.6,1,11.0,-0.6,3,3
2025.09.25 15:35:37,DOWN,-5.2,1,10.3,-4.8,811,811
2025.09.25 15:49:08,DOWN,-7.1,2,7.4,-10.1,205,1075
2025.09.25 16:07:11,UP,5.1,2,5.3,-10.0,711,2158
2025.09.25 16:43:09,DOWN,-5.9,1,10.0,-0.5,624,624
2025.09.25 16:53:33,DOWN,-6.2,1,10.1,-8.9,3494,3494
2025.09.25 17:52:04,DOWN,-5.2,1,10.3,-8.7,8892,8892
2025.09.25 20:22:14,DOWN,-5.7,1,10.1,-2.2,2823,2823
2025.09.25 21:09:17,DOWN,-6.1,2,5.2,-10.4,181,3961
2025.09.26 00:01:00,DOWN,-7.5,2,6.0,-10.2,241,3926
2025.09.26 03:59:17,UP,5.2,1,10.2,-5.4,11839,11839
2025.09.26 09:08:07,UP,5.2,2,1.6,-10.1,62,2346
2025.09.26 11:04:29,UP,5.3,2,9.5,-10.1,2277,9529
2025.09.26 14:27:20,DOWN,-5.1,2,0.5,-10.1,28,1448
2025.09.26 14:54:18,UP,5.0,1,10.1,-8.7,2269,2269
2025.09.26 15:32:07,UP,6.3,2,1.6,-10.1,12,71
2025.09.26 15:37:09,UP,5.0,1,10.1,-7.3,1612,1612
2025.09.26 16:04:01,UP,7.0,2,4.9,-10.3,295,1222
2025.09.26 16:24:23,DOWN,-5.1,2,2.0,-10.1,1530,2281
2025.09.26 17:02:25,UP,6.0,1,10.2,-3.2,2486,2486
2025.09.26 17:43:51,UP,6.2,2,5.7,-10.2,76,1503
2025.09.26 18:08:54,DOWN,-5.6,2,1.8,-10.3,374,1288
2025.09.26 18:38:50,DOWN,-5.1,2,7.1,-10.3,2186,11626
2025.09.29 03:01:40,UP,5.2,1,10.1,-0.4,2264,2264
2025.09.29 04:38:27,UP,5.0,2,9.5,-10.0,12575,24279
2025.09.29 11:23:13,DOWN,-5.3,2,4.7,-10.1,186,1848
2025.09.29 14:29:18,DOWN,-5.0,2,0.8,-10.0,43,1590
2025.09.29 14:55:57,UP,5.2,1,10.3,-1.1,144,144
2025.09.29 15:23:51,DOWN,-5.1,2,3.5,-10.2,545,728
2025.09.29 15:35:59,UP,8.9,1,10.2,-2.3,769,769
2025.09.29 15:48:48,UP,6.9,1,10.1,-6.5,3428,3428
2025.09.29 16:46:02,UP,5.4,2,0.0,-10.0,0,462
2025.09.29 16:53:45,DOWN,-5.7,1,10.0,-2.1,1561,1561
2025.09.29 17:19:47,DOWN,-5.4,1,10.1,-3.3,3137,3137
2025.09.30 00:01:00,DOWN,-12.0,2,0.0,-11.4,0,840
2025.09.30 03:47:39,DOWN,-5.2,2,5.4,-10.2,4453,14942
2025.09.30 09:22:04,UP,5.1,1,10.1,-1.6,3714,3714
2025.09.30 10:41:48,DOWN,-5.1,2,0.6,-10.1,1,1403
2025.09.30 11:32:10,UP,5.3,2,7.4,-10.3,650,6062
2025.09.30 13:53:02,UP,5.0,2,3.2,-10.0,466,6118
2025.09.30 16:03:04,DOWN,-5.1,1,10.0,-0.9,389,389
2025.09.30 16:09:33,DOWN,-8.3,2,6.4,-10.1,989,2130
2025.09.30 16:48:49,UP,5.4,2,1.6,-10.7,277,677
2025.09.30 17:00:07,DOWN,-5.4,2,1.1,-10.1,0,418
2025.09.30 17:07:05,UP,7.0,1,10.0,-2.6,384,384
2025.09.30 17:13:41,UP,5.3,2,0.0,-10.1,0,504
2025.09.30 17:22:06,DOWN,-5.2,2,2.5,-10.0,40,858
2025.09.30 17:39:49,UP,5.1,2,3.1,-10.2,636,2046
2025.09.30 18:14:02,DOWN,-5.2,1,10.2,-0.6,928,928
2025.09.30 18:29:30,DOWN,-7.5,2,0.2,-10.1,0,1869
2025.09.30 19:34:10,UP,5.2,1,10.5,-0.9,1321,1321
2025.09.30 20:49:54,DOWN,-5.2,1,10.2,-2.2,2449,2449
2025.09.30 21:33:49,DOWN,-5.1,2,7.8,-10.3,8860,35777
2025.10.01 07:49:02,UP,5.3,1,10.1,-1.7,669,669
2025.10.01 08:00:12,UP,6.0,2,3.3,-10.1,36,3268
2025.10.01 09:07:02,UP,5.2,1,10.1,-5.0,2060,2060
2025.10.01 09:42:04,UP,5.2,2,9.2,-10.0,1947,2705
2025.10.01 10:27:10,DOWN,-5.4,1,10.8,-0.4,285,285
2025.10.01 10:32:10,DOWN,-5.3,2,6.6,-10.4,684,2034
2025.10.01 11:07:40,UP,5.1,2,4.7,-10.2,1915,2702
2025.10.01 11:52:42,DOWN,-6.3,1,10.3,-3.7,2473,2473
2025.10.01 12:45:32,DOWN,-5.2,1,10.4,-3.4,1421,1421
2025.10.01 13:09:37,DOWN,-5.1,2,10.0,-10.0,1325,4693
2025.10.01 14:59:00,DOWN,-5.1,1,10.1,-2.4,963,963
2025.10.01 15:15:47,UP,10.9,1,10.6,-0.9,0,0
2025.10.01 15:20:47,DOWN,-5.1,1,10.2,-7.0,479,479
2025.10.01 15:30:18,UP,5.3,2,6.6,-10.1,150,433
2025.10.01 15:37:31,DOWN,-7.8,2,3.8,-10.0,244,503
2025.10.01 15:47:33,UP,5.1,2,1.7,-10.3,200,386
2025.10.01 15:53:59,DOWN,-8.4,2,5.6,-10.3,152,1011
2025.10.01 16:19:11,DOWN,-5.1,2,0.2,-10.2,93,292
2025.10.01 16:24:23,UP,5.1,2,4.0,-10.2,1298,2300
2025.10.01 17:02:44,DOWN,-7.7,2,0.4,-10.1,4,79
2025.10.01 17:07:46,DOWN,-5.2,1,10.0,-0.1,367,367
2025.10.01 17:13:53,DOWN,-8.4,2,8.3,-10.1,534,1074
2025.10.01 17:32:52,UP,5.2,2,4.0,-11.0,814,872
2025.10.01 17:47:24,DOWN,-10.6,1,10.1,-1.3,11,11
2025.10.01 17:52:26,UP,5.3,2,0.7,-10.0,3,136
2025.10.01 18:01:21,DOWN,-5.0,1,10.1,-3.4,958,958
2025.10.01 18:17:19,DOWN,-5.3,1,10.1,-4.3,2604,2604
2025.10.01 19:01:03,DOWN,-5.3,2,2.4,-10.0,2584,3758
2025.10.01 20:03:41,UP,5.0,1,10.8,-6.9,5168,5168
2025.10.01 22:58:20,DOWN,-5.1,2,5.7,-10.1,18338,21701
2025.10.02 09:01:19,UP,5.0,1,10.5,-5.8,3912,3912
2025.10.02 10:07:23,UP,5.1,2,5.0,-10.4,17868,20076
2025.10.02 15:42:38,DOWN,-5.5,1,10.0,-4.2,3467,3467
2025.10.02 16:43:02,DOWN,-5.4,1,10.2,-2.7,525,525
2025.10.02 16:51:47,DOWN,-5.3,1,11.0,-6.7,1251,1251
2025.10.02 17:12:38,DOWN,-8.0,2,1.3,-10.1,3,919
2025.10.02 17:27:57,UP,6.2,2,0.4,-10.1,30,1184
2025.10.02 17:57:52,UP,5.3,2,1.8,-10.4,55,980
2025.10.02 18:14:12,DOWN,-5.8,1,10.3,-1.0,115,115
2025.10.02 18:19:13,DOWN,-6.0,1,10.1,-7.0,1951,1951
2025.10.02 18:51:53,DOWN,-5.4,2,0.2,-10.3,2,266
2025.10.02 18:57:15,UP,5.3,1,10.1,-0.6,982,982
2025.10.02 19:18:01,UP,5.2,1,10.0,-4.8,2885,2885
2025.10.03 04:06:55,DOWN,-5.2,2,6.7,-10.1,15423,23581
2025.10.03 11:53:35,UP,5.3,2,3.5,-10.0,158,1825
2025.10.03 14:58:18,DOWN,-5.3,2,6.2,-10.3,2367,6396
2025.10.03 16:51:24,DOWN,-5.1,2,0.3,-10.6,3,516
2025.10.03 17:00:00,UP,8.0,1,10.0,-9.7,382,382
2025.10.03 17:06:22,UP,10.8,2,3.5,-10.2,63,497
2025.10.03 17:16:38,UP,5.0,2,0.6,-10.3,5,1365
2025.10.03 17:41:00,DOWN,-5.1,2,1.5,-10.1,356,2697
2025.10.03 20:52:40,DOWN,-5.1,1,19.9,-9.9,184088,184088
2025.10.06 00:00:51,DOWN,-25.9,2,1.4,-10.1,23,525
2025.10.06 00:09:49,DOWN,-6.5,2,0.1,-10.2,23,173
2025.10.06 00:15:00,UP,5.0,2,2.3,-10.0,81,3086
2025.10.06 01:06:27,DOWN,-5.1,1,10.1,-3.7,4875,4875
2025.10.06 03:04:46,UP,5.1,1,10.3,-7.3,7164,7164
2025.10.06 07:23:57,UP,5.3,2,1.5,-10.1,49,3084
2025.10.06 09:12:34,DOWN,-5.3,1,10.1,-5.8,2089,2089
2025.10.06 09:49:19,DOWN,-5.2,2,5.9,-10.3,62,1749
2025.10.06 10:40:41,DOWN,-5.5,1,10.5,-0.5,12,12
2025.10.06 10:45:41,UP,10.9,2,0.5,-10.4,4,94
2025.10.06 11:01:21,DOWN,-5.0,2,5.9,-10.0,887,1697
2025.10.06 11:29:39,UP,7.7,1,10.3,-2.4,942,942
2025.10.06 11:53:45,DOWN,-5.2,1,10.3,-1.6,1061,1061
2025.10.06 12:13:25,UP,5.3,2,2.3,-10.4,1441,3276
2025.10.06 13:08:01,DOWN,-5.4,2,2.6,-10.0,244,2975
2025.10.06 14:02:45,DOWN,-5.2,2,0.9,-10.3,28,713
2025.10.06 14:14:38,UP,5.2,1,10.3,-1.4,1604,1604
2025.10.06 15:00:56,UP,5.1,1,10.3,-7.4,3643,3643
2025.10.06 16:07:32,UP,5.2,2,0.5,-10.1,0,1478
2025.10.06 16:39:11,UP,5.1,1,10.0,-0.3,750,750
2025.10.06 17:09:55,UP,5.3,2,1.2,-10.0,17,769
2025.10.06 17:43:21,UP,5.3,1,10.2,-1.3,872,872
2025.10.06 17:57:53,UP,5.4,2,3.4,-10.1,401,1946
2025.10.06 18:39:22,DOWN,-5.3,2,0.0,-10.0,0,4858
2025.10.07 00:01:28,DOWN,-6.4,1,10.2,-9.7,28007,28007
2025.10.07 09:04:05,DOWN,-5.3,1,10.1,-3.9,5634,5634
2025.10.07 13:08:49,UP,5.1,2,5.9,-10.2,2695,4581
2025.10.07 14:48:55,DOWN,-5.3,2,3.3,-10.1,2087,3541
2025.10.07 15:50:57,DOWN,-5.2,2,0.3,-10.2,4,1023
2025.10.07 16:14:36,DOWN,-5.2,2,8.9,-10.2,4962,7135
2025.10.07 18:13:31,UP,5.7,2,8.2,-10.0,3505,11941
2025.10.07 21:58:16,DOWN,-5.1,1,10.2,-4.3,18674,18674
2025.10.08 03:09:30,DOWN,-5.2,1,10.3,-5.2,3043,3043
2025.10.08 04:00:13,DOWN,-10.9,1,10.3,-7.5,1800,1800
2025.10.08 05:00:40,DOWN,-5.1,1,10.4,-6.1,15275,15275
2025.10.08 10:37:04,UP,5.3,1,10.1,-3.6,999,999
2025.10.08 11:24:58,DOWN,-5.4,1,10.4,-4.0,1926,1926
2025.10.08 11:57:04,DOWN,-7.9,2,9.1,-10.3,3547,5413
2025.10.08 13:57:52,UP,5.1,2,2.0,-10.1,4,4043
2025.10.08 15:12:58,UP,5.2,1,10.1,-2.8,3783,3783
2025.10.08 16:16:01,UP,5.6,2,2.4,-10.1,141,468
2025.10.08 16:23:49,DOWN,-8.3,1,10.1,-6.1,5478,5478
2025.10.08 18:03:37,DOWN,-5.3,1,10.1,-3.5,2920,2920
2025.10.08 18:53:58,DOWN,-5.4,2,5.3,-10.3,2488,8554
2025.10.08 21:16:32,UP,11.9,1,10.1,-9.4,2677,2677
2025.10.08 22:01:11,UP,5.2,1,10.1,-7.1,19218,19218
2025.10.09 09:09:36,DOWN,-5.1,1,10.0,-2.9,1398,1398
2025.10.09 09:44:35,DOWN,-5.1,1,10.2,-5.9,3388,3388
2025.10.09 11:32:15,DOWN,-5.2,2,3.3,-10.2,331,1924
2025.10.09 12:04:42,UP,5.2,1,10.0,-6.5,3200,3200
2025.10.09 13:58:02,UP,5.2,2,1.5,-10.0,206,577
2025.10.09 14:56:45,DOWN,-5.2,1,10.2,-9.9,6243,6243
2025.10.09 16:42:10,DOWN,-5.4,1,10.0,-6.0,2423,2423
2025.10.09 17:22:33,DOWN,-6.7,1,10.1,-1.0,262,262
2025.10.09 17:27:33,DOWN,-5.4,1,10.1,-8.7,2391,2391
2025.10.09 18:07:25,DOWN,-6.5,1,10.3,-6.7,1226,1226
2025.10.09 18:28:03,DOWN,-5.4,1,10.2,-1.2,802,802
2025.10.09 18:41:27,DOWN,-5.1,2,0.9,-10.1,171,707
2025.10.09 19:57:04,DOWN,-5.1,2,0.6,-10.2,5,1583
2025.10.09 20:42:35,DOWN,-5.3,1,10.0,-4.0,4132,4132
2025.10.09 21:52:09,DOWN,-5.1,2,2.5,-10.1,49,1877
2025.10.10 00:00:49,DOWN,-11.1,2,9.6,-11.5,100,448
2025.10.10 05:03:39,UP,5.2,1,10.1,-2.2,13451,13451
2025.10.10 09:35:45,UP,5.3,2,2.3,-10.1,105,913
2025.10.10 09:53:01,UP,5.1,1,10.1,-4.2,3795,3795
2025.10.10 11:24:26,UP,5.1,2,0.1,-10.5,4,1764
2025.10.10 12:59:31,DOWN,-5.1,2,2.4,-10.2,209,1481
2025.10.10 14:28:22,DOWN,-5.1,2,8.8,-10.2,1977,12463
2025.10.10 17:57:51,UP,5.1,1,10.1,-6.7,308,308
2025.10.10 18:02:59,UP,12.2,1,10.1,-2.8,221,221
2025.10.10 18:07:59,UP,10.7,1,10.0,0.0,76,76
2025.10.10 18:12:59,DOWN,-13.1,2,0.3,-10.0,54,228
2025.10.10 18:20:52,UP,5.1,1,10.0,-1.4,454,454
2025.10.10 18:33:18,DOWN,-5.3,1,10.2,-8.2,851,851
2025.10.10 18:51:22,DOWN,-5.2,2,2.4,-10.1,85,825
2025.10.10 19:18:01,DOWN,-5.1,1,10.1,-0.4,1544,1544
2025.10.10 20:05:53,DOWN,-5.1,2,6.6,-10.1,467,8771
2025.10.10 23:50:33,UP,5.4,1,10.2,-7.7,93,93
2025.10.10 23:57:53,DOWN,-5.6,3,6.8,-6.7,172987,172987
2025.10.13 00:01:25,DOWN,-12.8,1,10.2,-5.1,4062,4062
2025.10.13 01:09:26,DOWN,-5.5,2,4.1,-10.1,748,3233
2025.10.13 02:03:50,UP,5.1,1,10.3,-7.7,6970,6970
2025.10.13 04:33:35,UP,5.2,1,10.5,-2.5,1927,1927
2025.10.13 09:12:49,UP,5.1,2,9.7,-10.4,664,2926
2025.10.13 10:03:18,DOWN,-5.1,1,10.4,-4.2,3258,3258
2025.10.13 10:57:36,DOWN,-5.1,1,10.2,-6.9,1958,1958
2025.10.13 11:34:52,DOWN,-5.4,2,3.9,-10.0,267,1819
2025.10.13 13:12:46,DOWN,-5.2,1,10.0,-5.8,5061,5061
2025.10.13 14:37:45,DOWN,-5.2,1,10.0,-2.1,1170,1170
2025.10.13 14:57:28,DOWN,-5.1,2,6.3,-10.2,3248,6821
2025.10.13 17:13:25,DOWN,-5.4,2,7.5,-10.2,2514,6198
2025.10.14 00:02:00,DOWN,-8.5,2,0.0,-10.0,0,807
2025.10.14 03:01:53,DOWN,-5.0,2,5.6,-10.2,1703,4972
2025.10.14 07:14:33,UP,5.1,1,10.2,-1.6,5206,5206
2025.10.14 09:06:24,UP,5.1,2,0.7,-10.4,15,424
2025.10.14 09:13:28,DOWN,-6.3,1,10.5,-5.9,1304,1304
2025.10.14 09:35:35,DOWN,-5.1,2,1.9,-10.0,44,363
2025.10.14 09:41:42,UP,5.7,2,0.0,-10.1,0,2168
2025.10.14 10:18:22,DOWN,-5.0,1,10.2,-8.0,1340,1340
2025.10.14 10:42:49,DOWN,-5.3,2,7.4,-10.3,124,2966
2025.10.14 11:32:15,UP,5.5,2,2.6,-10.0,3937,8907
2025.10.14 14:03:48,DOWN,-5.6,2,1.6,-10.5,254,1280
2025.10.14 15:14:09,UP,5.1,2,7.3,-10.3,166,2087
2025.10.14 15:48:57,DOWN,-5.2,2,0.0,-10.0,0,923
2025.10.14 16:14:09,UP,5.4,1,10.3,-4.8,682,682
2025.10.14 16:25:31,UP,9.9,1,10.5,-6.3,3754,3754
2025.10.14 17:34:49,UP,5.3,1,10.2,-0.8,782,782
2025.10.14 17:47:51,UP,6.7,2,1.2,-10.2,2,128
2025.10.14 17:53:08,UP,5.2,1,10.2,-4.8,3524,3524
2025.10.14 18:52:15,UP,5.2,1,10.0,-1.7,1654,1654
2025.10.14 19:19:49,UP,8.8,2,3.2,-10.3,1423,3605
2025.10.14 20:22:39,UP,5.1,1,10.5,-7.6,28531,28531
2025.10.15 04:21:44,UP,5.2,1,10.1,-6.3,17635,17635
2025.10.15 09:28:36,DOWN,-5.2,2,0.0,-10.3,0,1082
2025.10.15 09:48:59,UP,5.2,1,10.2,-6.0,7277,7277
2025.10.15 11:53:14,DOWN,-5.4,1,10.1,-2.6,5260,5260
2025.10.15 13:58:40,UP,5.0,2,6.1,-10.1,1708,6793
2025.10.15 15:51:53,DOWN,-5.3,2,6.1,-10.0,742,2656
2025.10.15 16:39:21,UP,5.2,1,10.2,-9.4,6866,6866
2025.10.15 18:41:25,UP,5.1,2,5.7,-10.0,277,666
2025.10.15 18:52:32,DOWN,-6.7,2,4.9,-10.2,6604,14655
2025.10.15 22:57:49,UP,5.1,1,10.5,-7.3,15910,15910
2025.10.16 03:23:29,UP,5.2,1,10.1,-1.1,1260,1260
2025.10.16 04:23:12,UP,5.2,2,5.8,-10.1,1725,10464
2025.10.16 09:08:57,UP,5.0,2,5.7,-10.2,492,2642
2025.10.16 10:44:23,UP,5.1,2,3.2,-10.1,122,784
2025.10.16 10:57:27,DOWN,-5.7,2,0.5,-10.0,6,395
2025.10.16 12:41:31,UP,5.4,2,4.5,-10.1,275,5726
2025.10.16 15:10:51,UP,5.1,1,10.4,-4.2,5893,5893
2025.10.16 16:49:04,UP,5.5,2,0.1,-10.3,1,871
2025.10.16 17:14:00,UP,5.2,1,10.2,-1.9,2210,2210
2025.10.16 17:52:16,UP,5.1,2,1.4,-10.1,955,2406
2025.10.16 18:32:25,DOWN,-5.1,2,5.6,-10.1,1186,2706
2025.10.16 19:34:46,UP,5.2,1,10.1,-8.4,2188,2188
2025.10.16 20:14:34,UP,5.3,2,3.4,-10.1,865,4382
2025.10.16 21:58:38,UP,5.5,2,1.0,-10.8,1507,7324
2025.10.17 00:01:28,DOWN,-5.3,2,0.5,-10.3,211,4524
2025.10.17 03:54:01,UP,5.5,2,0.1,-10.1,1,1549
2025.10.17 04:31:05,UP,5.1,2,0.1,-10.2,11,1925
2025.10.17 08:52:26,UP,5.1,2,5.8,-10.3,256,2748
2025.10.17 09:49:03,DOWN,-5.1,1,10.1,-6.6,1982,1982
2025.10.17 10:22:05,DOWN,-6.7,2,5.9,-10.0,180,1755
2025.10.17 10:59:12,UP,5.3,2,3.5,-10.2,239,1004
2025.10.17 11:23:29,DOWN,-5.1,1,10.0,-9.6,9277,9277
2025.10.17 14:13:16,DOWN,-6.3,1,10.0,-4.7,3633,3633
2025.10.17 15:13:49,DOWN,-5.2,1,10.1,-5.3,6579,6579
2025.10.17 17:03:28,DOWN,-5.5,2,8.8,-10.1,676,7772
2025.10.17 19:13:00,UP,5.5,2,4.1,-10.2,1309,6435
2025.10.17 23:12:21,DOWN,-5.2,1,10.3,-4.9,1673,1673
2025.10.17 23:51:56,DOWN,-5.3,2,0.9,-11.8,0,173344
2025.10.20 00:01:08,UP,11.9,2,2.5,-10.1,639,4534
2025.10.20 09:00:37,DOWN,-5.1,1,10.1,-2.1,3367,3367
2025.10.20 13:18:40,DOWN,-5.0,2,8.2,-10.3,5041,15504
2025.10.20 17:37:56,UP,5.1,2,0.7,-10.4,1,1158
2025.10.20 19:23:03,DOWN,-5.0,1,10.4,-2.9,4718,4718
2025.10.21 03:03:54,UP,5.5,2,5.7,-10.2,2899,7616
2025.10.21 05:38:40,DOWN,-5.1,1,10.4,-1.7,11819,11819
2025.10.21 09:03:32,DOWN,-5.1,2,2.1,-10.1,241,2559
2025.10.21 10:08:46,DOWN,-5.3,1,10.3,-5.5,5875,5875
2025.10.21 11:46:41,DOWN,-5.9,2,4.1,-10.3,345,2898
2025.10.21 13:07:23,DOWN,-5.0,1,10.2,-0.1,650,650
2025.10.21 13:18:14,DOWN,-5.4,2,1.7,-10.1,113,2478
2025.10.21 13:59:33,UP,5.1,2,7.4,-10.1,1022,4095
2025.10.21 15:27:00,DOWN,-5.5,2,2.8,-10.1,366,2949
2025.10.21 16:37:46,UP,5.1,2,3.2,-10.1,46,668
2025.10.21 16:48:55,DOWN,-5.4,2,1.4,-10.1,11,424
2025.10.21 17:03:56,DOWN,-5.2,2,1.8,-10.3,72,1183
2025.10.21 17:23:39,UP,5.4,2,1.4,-10.2,7,942
2025.10.21 17:39:22,DOWN,-5.1,2,8.8,-10.3,891,4460
2025.10.21 19:00:57,UP,5.4,2,4.5,-10.1,16,2700
2025.10.21 22:58:16,DOWN,-5.1,2,5.0,-10.1,3764,24397
2025.10.22 09:00:57,DOWN,-5.1,1,10.0,-7.0,7216,7216
2025.10.22 11:03:44,DOWN,-5.4,1,10.0,-6.7,8630,8630
2025.10.22 15:03:52,UP,5.3,2,3.5,-10.2,684,2480
2025.10.22 15:53:28,UP,5.1,1,10.1,-1.0,2200,2200
2025.10.22 17:29:02,UP,5.1,1,10.3,-4.4,1918,1918
2025.10.22 18:03:19,UP,5.1,2,6.4,-10.1,5249,14356
2025.10.23 11:17:38,UP,5.1,2,0.0,-10.1,0,1705
2025.10.23 15:33:23,UP,5.5,1,10.2,-1.8,3628,3628
2025.10.23 16:34:50,UP,5.1,1,10.1,-5.1,3609,3609
2025.10.23 17:48:00,DOWN,-5.3,2,6.5,-10.5,8403,26807
2025.10.24 10:15:00,DOWN,-6.5,2,2.9,-10.2,532,900
2025.10.24 10:30:00,UP,7.3,1,10.0,-0.6,104,104
2025.10.24 11:02:05,UP,5.4,2,0.0,-10.0,0,647
2025.10.24 11:24:49,DOWN,-5.2,2,2.4,-10.1,2846,13031
2025.10.24 15:22:32,DOWN,-5.1,2,1.2,-23.4,111,449
2025.10.24 15:30:01,UP,27.8,2,8.6,-10.3,2,1193
2025.10.24 15:49:54,DOWN,-12.3,2,1.1,-10.1,3,832
2025.10.24 16:03:46,UP,5.4,2,4.1,-10.1,376,1031
2025.10.24 16:23:29,DOWN,-5.0,2,1.1,-10.0,3,1102
2025.10.24 16:41:52,UP,5.1,2,0.0,-10.5,0,188
2025.10.24 16:46:52,DOWN,-7.3,3,8.7,-9.3,4008,198788
2025.10.27 03:13:07,UP,5.1,2,2.8,-10.2,404,3315
2025.10.27 04:09:45,DOWN,-5.3,1,10.1,-0.7,6976,6976
2025.10.27 09:34:02,UP,5.0,1,10.7,-8.5,6387,6387
2025.10.27 14:04:10,UP,5.1,2,1.0,-10.1,6,1563
2025.10.27 15:41:25,DOWN,-5.2,2,0.1,-10.1,1,4414
2025.10.27 17:07:54,DOWN,-5.3,2,0.6,-10.4,3498,12956
2025.10.27 20:43:51,UP,6.5,1,10.0,-1.7,17606,17606
2025.10.28 09:52:15,DOWN,-5.4,1,10.1,-7.2,4566,4566
2025.10.28 11:08:21,DOWN,-7.0,2,1.2,-10.1,2,1824
2025.10.28 14:38:30,DOWN,-5.1,1,10.1,-1.1,1056,1056
2025.10.28 14:56:18,DOWN,-5.4,2,9.6,-10.1,1462,4215
2025.10.28 16:20:57,UP,5.4,1,10.1,-2.4,2423,2423
2025.10.28 17:01:55,UP,5.6,2,1.5,-10.4,119,988
2025.10.28 17:57:22,UP,5.0,2,8.6,-10.4,3775,16945
2025.10.29 08:04:34,DOWN,-5.1,2,1.7,-10.2,33,4232
2025.10.29 09:34:22,DOWN,-5.1,1,10.1,-5.8,5830,5830
2025.10.29 11:11:57,DOWN,-5.3,2,0.1,-10.1,1,894
2025.10.29 11:28:16,UP,5.4,1,10.0,-2.7,1145,1145
2025.10.29 11:47:31,UP,5.1,2,6.4,-10.1,3230,10349
2025.10.29 14:59:24,UP,5.1,1,10.0,-1.3,1132,1132
2025.10.29 15:18:16,UP,6.8,2,1.4,-10.0,12,1808
2025.10.29 16:02:57,DOWN,-5.2,2,0.0,-10.4,0,1200
2025.10.29 16:58:10,UP,5.1,1,10.0,-4.7,2986,2986
2025.10.29 17:57:09,UP,5.1,2,2.2,-10.1,316,5132
2025.10.29 20:00:01,DOWN,-6.7,2,4.2,-10.2,39,137
2025.10.29 20:14:46,DOWN,-5.4,2,2.2,-10.2,8,1072
2025.10.29 20:32:38,UP,6.8,2,0.2,-10.1,1,167
2025.10.29 20:37:38,DOWN,-35.6,1,10.0,-9.1,102,102
2025.10.29 20:43:30,UP,5.2,2,8.5,-10.4,574,1214
2025.10.29 21:03:44,DOWN,-10.7,2,6.6,-10.1,1510,2714
2025.10.29 22:04:58,DOWN,-5.1,2,4.3,-10.4,353,1818
2025.10.29 22:35:20,UP,5.6,1,10.6,-9.3,20036,20036
2025.10.30 05:15:34,DOWN,-5.1,2,8.4,-10.1,1058,3609
2025.10.30 06:15:51,UP,5.4,1,10.4,-1.6,749,749
2025.10.30 06:28:20,UP,6.9,2,1.1,-10.2,9,3343
2025.10.30 08:38:13,DOWN,-5.1,1,10.0,-4.9,4187,4187
2025.10.30 09:59:59,UP,5.1,2,1.6,-10.0,137,794
2025.10.30 10:13:13,DOWN,-5.7,2,1.6,-10.5,27,2328
2025.10.30 10:52:36,UP,5.1,2,8.8,-10.4,2568,7157
2025.10.30 14:19:36,DOWN,-5.1,1,10.6,-1.4,519,519
2025.10.30 14:28:15,DOWN,-8.2,1,10.2,-3.0,883,883
2025.10.30 14:43:05,DOWN,-5.1,1,10.2,-2.5,734,734
2025.10.30 14:58:48,DOWN,-5.1,2,9.2,-10.1,734,1557
2025.10.30 15:24:45,UP,7.3,1,10.0,-3.0,1184,1184
2025.10.30 15:44:29,UP,6.4,1,10.1,-9.4,1511,1511
2025.10.30 16:09:40,UP,6.1,2,0.4,-10.4,6,1488
2025.10.30 16:34:28,DOWN,-6.8,1,10.2,-4.2,3743,3743
2025.10.30 17:36:56,DOWN,-5.2,2,5.5,-10.1,2641,32093
2025.10.31 08:54:34,DOWN,-5.1,2,8.2,-10.4,926,8255
2025.10.31 11:58:41,UP,5.3,2,1.3,-10.2,19,5811
2025.10.31 13:41:56,DOWN,-5.2,2,0.0,-10.0,0,636
2025.10.31 14:23:48,UP,5.1,2,0.6,-10.1,806,2539
2025.10.31 15:19:59,DOWN,-5.2,1,10.2,-3.3,1255,1255
2025.10.31 15:41:11,DOWN,-5.6,1,10.1,-4.5,2355,2355
2025.10.31 16:22:02,DOWN,-5.1,2,5.5,-10.1,306,5521
2025.10.31 17:54:05,UP,10.3,2,6.4,-10.2,453,4062
2025.10.31 22:23:47,UP,5.3,3,7.5,-2.2,2060,178654
2025.11.03 00:01:25,DOWN,-8.3,2,0.0,-10.4,0,4182
2025.11.03 02:46:23,DOWN,-5.2,2,2.7,-10.1,1318,7384
2025.11.03 10:03:43,DOWN,-5.2,1,10.0,-0.7,1825,1825
2025.11.03 10:39:13,DOWN,-5.2,1,10.4,-2.4,5450,5450
2025.11.03 12:24:42,UP,5.1,2,6.3,-10.3,8045,11079
2025.11.03 16:54:03,UP,5.1,1,10.3,-1.6,715,715
2025.11.03 17:21:50,DOWN,-5.1,2,9.7,-10.1,608,2317
2025.11.03 19:16:30,UP,5.2,2,0.9,-10.0,158,2212
2025.11.04 02:02:32,DOWN,-5.3,1,10.0,-0.6,4060,4060
2025.11.04 03:28:53,DOWN,-5.1,2,1.9,-10.1,26,1228
2025.11.04 08:22:44,UP,5.1,1,10.2,-0.9,4758,4758
2025.11.04 09:42:27,UP,5.2,2,0.5,-10.0,10,1458
2025.11.04 10:39:15,DOWN,-5.4,1,10.1,-3.4,1391,1391
2025.11.04 11:22:59,DOWN,-5.1,1,10.1,-6.3,8276,8276
2025.11.04 13:53:11,DOWN,-5.0,1,10.1,-2.1,2020,2020
2025.11.04 14:34:14,DOWN,-5.1,2,0.9,-10.4,0,1145
2025.11.04 15:59:06,DOWN,-5.1,1,10.1,-3.7,1261,1261
2025.11.04 16:52:07,UP,5.1,1,10.1,-9.6,4987,4987
2025.11.04 18:18:23,UP,5.0,2,0.2,-10.1,0,2927
2025.11.05 03:23:45,UP,5.0,2,10.0,-10.0,1218,31189
2025.11.05 12:03:36,DOWN,-6.8,2,1.9,-10.4,702,5086
2025.11.05 15:16:53,DOWN,-5.0,1,10.1,-6.3,2556,2556
2025.11.05 15:59:29,DOWN,-5.3,2,4.5,-10.1,230,1151
2025.11.05 16:18:41,UP,6.2,1,10.0,-4.1,2157,2157
2025.11.05 16:54:39,UP,6.3,2,0.0,-12.9,0,321
2025.11.05 17:00:00,DOWN,-9.9,2,7.9,-10.2,149,17806
2025.11.06 03:03:51,UP,5.1,1,10.4,-2.6,25369,25369
2025.11.06 10:54:48,UP,5.0,1,10.1,-4.5,11952,11952
2025.11.06 14:37:45,UP,5.1,1,10.2,-1.5,1689,1689
2025.11.06 15:34:19,UP,5.0,2,6.8,-10.0,895,2936
2025.11.06 16:23:18,DOWN,-5.1,2,8.1,-10.4,2461,5507
2025.11.06 17:56:55,UP,5.4,2,1.2,-10.0,16,882
2025.11.06 18:39:48,UP,5.1,2,1.0,-10.1,2199,2935
2025.11.06 19:28:44,DOWN,-7.9,2,1.5,-10.3,40,725
2025.11.06 19:48:58,DOWN,-5.4,2,0.6,-10.1,13,1350
2025.11.06 21:38:45,DOWN,-5.4,1,10.8,-2.7,8535,8535
2025.11.07 00:02:00,DOWN,-10.8,2,0.0,-10.0,0,1162
2025.11.07 01:00:09,UP,5.4,2,2.0,-10.0,1255,5277
2025.11.07 10:07:33,UP,5.1,1,10.0,-4.9,7430,7430
2025.11.07 14:14:31,UP,5.2,1,10.1,-9.5,7187,7187
2025.11.07 17:00:18,UP,5.4,1,10.2,-0.3,360,360
2025.11.07 17:33:04,UP,5.1,2,2.6,-10.1,197,1193
2025.11.07 17:53:29,DOWN,-5.1,1,10.1,-6.4,11220,11220
2025.11.07 21:49:13,DOWN,-5.1,2,1.1,-10.1,31,3283
2025.11.10 00:01:14,DOWN,-9.2,1,10.6,-5.4,6172,6172
2025.11.10 02:00:51,UP,5.5,1,10.3,0.0,4,4
2025.11.10 03:02:21,DOWN,-5.1,2,2.8,-10.2,87,1447
2025.11.10 08:47:44,DOWN,-5.3,2,3.2,-10.0,490,2709
2025.11.10 09:34:41,UP,5.1,1,10.2,-1.4,2616,2616
2025.11.10 10:18:17,UP,5.1,2,6.7,-10.2,1194,3798
2025.11.10 11:43:00,UP,5.2,2,0.8,-10.1,458,3079
2025.11.10 13:04:48,DOWN,-5.1,2,3.8,-10.2,361,4330
2025.11.10 14:49:09,DOWN,-5.2,2,0.1,-10.2,4,1734
2025.11.10 16:33:17,DOWN,-5.0,1,10.4,-6.2,4132,4132
2025.11.10 17:47:54,DOWN,-5.2,2,6.1,-10.1,4475,7262
2025.11.11 00:01:29,DOWN,-5.6,2,4.4,-10.0,31,25983
2025.11.11 08:44:47,DOWN,-5.2,2,4.8,-10.2,917,5044
2025.11.11 10:14:33,DOWN,-5.0,2,6.1,-10.3,2745,7412
2025.11.11 15:01:36,UP,5.1,1,10.1,-3.0,1205,1205
2025.11.11 15:21:42,UP,5.5,1,10.4,-1.6,280,280
2025.11.11 15:26:42,UP,11.1,2,6.2,-10.0,1837,20524
2025.11.12 10:02:32,DOWN,-5.1,1,10.4,-9.1,6733,6733
2025.11.12 11:54:45,DOWN,-5.5,2,3.5,-10.1,2394,7522
2025.11.12 16:44:47,UP,5.2,1,10.1,0.0,1014,1014
2025.11.12 17:01:41,UP,6.0,1,10.0,-9.0,3227,3227
2025.11.12 17:58:46,UP,5.6,2,3.2,-10.1,585,11860
2025.11.13 01:00:12,UP,5.2,2,0.1,-10.1,540,5547
2025.11.13 02:32:41,DOWN,-5.1,2,4.1,-10.1,2712,5379
2025.11.13 09:32:19,UP,5.1,1,10.5,-3.0,1097,1097
2025.11.13 09:51:08,UP,5.4,1,10.3,-4.2,3732,3732
2025.11.13 10:53:20,UP,7.0,1,10.4,-1.6,975,975
2025.11.13 11:09:35,UP,7.1,2,4.0,-10.3,152,1545
2025.11.13 11:36:28,DOWN,-5.1,1,10.1,-5.3,7915,7915
2025.11.13 13:48:25,DOWN,-5.1,2,3.5,-10.3,478,2911
2025.11.13 14:38:53,UP,5.3,1,10.3,-9.1,7575,7575
2025.11.13 17:07:54,DOWN,-5.1,2,0.9,-10.1,598,1355
2025.11.13 17:34:58,UP,5.1,1,10.0,-2.3,3480,3480
2025.11.13 18:59:36,UP,5.1,2,7.4,-10.0,3070,6629
2025.11.14 01:02:16,DOWN,-5.3,2,6.4,-10.2,1254,15475
2025.11.14 07:53:51,UP,5.2,2,3.8,-10.1,502,3179
2025.11.14 08:49:53,DOWN,-5.2,2,0.2,-10.1,102,1520
2025.11.14 09:24:15,DOWN,-5.3,1,10.0,-5.4,2465,2465
2025.11.14 10:22:43,DOWN,-5.1,2,2.0,-10.1,18,566
2025.11.14 10:32:09,UP,6.8,2,4.5,-10.0,665,4542
2025.11.14 14:41:30,UP,5.0,1,10.1,0.0,760,760
2025.11.14 14:54:10,UP,6.2,2,4.9,-10.0,388,3239
2025.11.14 15:48:36,DOWN,-5.3,1,10.4,-4.4,3546,3546
2025.11.14 16:54:08,DOWN,-5.4,1,10.2,-3.9,2760,2760
2025.11.14 17:53:08,DOWN,-5.1,2,0.7,-10.1,144,997
2025.11.17 00:01:24,DOWN,-9.2,2,0.0,-10.2,0,356
2025.11.17 00:07:39,UP,8.9,2,3.7,-10.1,3531,7036
2025.11.17 11:04:28,DOWN,-5.2,2,1.3,-10.1,596,4614
2025.11.17 14:49:39,DOWN,-5.0,1,10.1,-3.0,6584,6584
2025.11.17 16:39:23,DOWN,-5.4,2,5.1,-10.1,1864,4715
2025.11.17 17:57:59,UP,7.1,2,4.2,-10.1,2164,8039
2025.11.18 06:22:19,UP,5.1,2,8.4,-10.1,14073,17781
2025.11.18 11:29:29,UP,5.2,2,0.7,-10.3,3,2979
2025.11.18 14:34:37,UP,5.1,1,10.0,-4.1,3104,3104
2025.11.18 15:26:26,UP,5.1,2,7.9,-10.4,7503,8915
2025.11.18 17:57:33,DOWN,-5.2,1,10.4,-0.6,656,656
2025.11.18 18:08:43,DOWN,-5.1,2,4.3,-10.1,5798,9285
2025.11.19 00:01:00,DOWN,-6.0,2,0.5,-10.0,28,8294
2025.11.19 09:34:03,UP,5.2,2,3.6,-10.4,588,1284
2025.11.19 09:55:27,DOWN,-5.5,1,10.1,-5.7,2711,2711
2025.11.19 11:53:45,UP,5.2,1,10.0,-6.1,5950,5950
2025.11.19 14:57:33,DOWN,-5.1,2,0.5,-10.1,0,893
2025.11.19 16:07:09,DOWN,-5.2,1,10.1,-0.9,2920,2920
2025.11.19 17:04:45,DOWN,-5.2,1,10.2,-5.1,2708,2708
2025.11.19 17:53:20,UP,5.3,2,1.3,-10.1,276,1565
2025.11.19 18:19:26,DOWN,-6.7,1,10.1,-5.7,4589,4589
2025.11.19 21:00:30,DOWN,-5.3,2,6.1,-10.0,425,9260
2025.11.19 23:34:54,UP,7.0,2,7.7,-10.1,6314,15444
2025.11.20 04:09:22,DOWN,-5.4,2,5.2,-10.1,5814,26191
2025.11.20 15:30:01,DOWN,-8.2,2,5.2,-10.1,2,38
2025.11.20 15:35:19,UP,5.3,2,8.8,-10.1,287,690
2025.11.20 15:46:50,DOWN,-8.5,2,2.3,-10.3,40,228
2025.11.20 15:52:05,UP,5.2,1,10.4,-7.4,2252,2252
2025.11.20 16:29:38,UP,6.7,2,9.8,-10.1,217,2739
2025.11.20 17:22:11,DOWN,-5.2,2,7.5,-10.1,1669,2948
2025.11.20 18:12:23,UP,5.1,2,2.4,-10.2,270,5134
2025.11.21 00:01:28,DOWN,-6.1,2,6.4,-10.2,201,5964
2025.11.21 09:58:12,DOWN,-5.0,2,6.4,-10.0,279,1125
2025.11.21 10:16:57,UP,5.5,2,1.3,-10.3,567,783
2025.11.21 10:30:00,DOWN,-8.2,1,10.1,-8.6,4365,4365
2025.11.21 11:59:10,DOWN,-5.1,1,10.5,-0.9,485,485
2025.11.21 12:07:15,DOWN,-6.2,1,10.1,-7.5,6477,6477
2025.11.21 14:22:35,DOWN,-6.0,2,2.0,-10.4,101,447
2025.11.21 14:30:02,UP,6.0,1,10.1,0.0,116,116
2025.11.21 14:39:41,UP,5.3,2,5.5,-10.1,4416,5482
2025.11.21 16:49:48,UP,5.6,2,6.5,-10.1,744,2946
2025.11.21 17:54:23,DOWN,-5.1,1,10.1,-3.6,2843,2843
2025.11.21 19:02:03,UP,5.0,1,10.2,-9.4,15309,15309
2025.11.24 00:02:00,DOWN,-5.2,2,6.3,-10.1,8250,17640
2025.11.24 08:04:40,UP,5.1,2,0.0,-10.1,0,3731
2025.11.24 09:07:58,DOWN,-5.0,2,6.8,-10.0,3148,3834
2025.11.24 10:12:06,UP,5.3,1,10.2,-2.3,6980,6980
2025.11.24 12:08:35,UP,5.1,1,10.1,-5.6,8749,8749
2025.11.24 14:34:25,UP,5.4,2,2.8,-10.3,729,4198
2025.11.24 16:24:24,DOWN,-5.1,1,10.3,-7.0,2755,2755
2025.11.24 17:54:13,UP,5.0,2,2.8,-10.0,457,3924
2025.11.24 18:59:37,DOWN,-5.1,2,6.3,-10.2,413,6990
2025.11.25 00:02:00,DOWN,-5.3,2,0.0,-10.1,0,3225
2025.11.25 09:01:25,UP,5.1,1,10.3,-3.9,6547,6547
2025.11.25 14:42:35,UP,5.3,1,10.1,-2.2,45,45
2025.11.25 14:47:35,DOWN,-6.6,2,1.9,-10.2,18,940
2025.11.25 15:06:26,UP,5.1,1,10.1,-0.7,580,580
2025.11.25 15:16:07,UP,9.1,2,4.4,-10.3,834,1003
2025.11.25 15:32:57,DOWN,-5.1,2,5.0,-10.1,106,1280
2025.11.25 16:01:48,UP,5.3,2,5.6,-10.2,413,956
2025.11.25 16:18:21,DOWN,-5.4,2,0.0,-10.1,0,1029
2025.11.25 16:48:55,UP,5.1,1,10.1,-7.2,2800,2800
2025.11.25 17:44:02,DOWN,-5.1,1,10.1,-0.7,868,868
2025.11.25 18:34:23,DOWN,-5.2,1,10.1,-1.6,1418,1418
2025.11.25 18:58:01,DOWN,-5.3,2,0.8,-10.7,15,135
2025.11.25 19:03:02,UP,5.1,1,10.3,-1.9,515,515
2025.11.25 19:18:56,UP,5.4,1,10.1,-1.7,422,422
2025.11.25 19:39:40,DOWN,-5.2,2,0.4,-10.1,2,1005
2025.11.25 19:56:49,UP,5.1,2,2.0,-10.0,648,8548
2025.11.25 22:19:27,DOWN,-5.2,1,10.4,-1.2,1052,1052
2025.11.25 22:48:30,DOWN,-5.2,2,0.1,-10.0,0,1387
2025.11.26 03:32:58,UP,5.2,1,10.1,-3.2,7195,7195
2025.11.26 09:32:52,UP,5.3,2,1.7,-10.0,36,1218
2025.11.26 10:24:05,DOWN,-5.1,1,10.1,-8.8,18706,18706
2025.11.26 15:35:51,DOWN,-5.7,2,7.6,-10.4,55,350
2025.11.26 15:41:41,UP,11.5,2,3.9,-10.3,4,97
2025.11.26 15:47:13,DOWN,-5.2,2,8.7,-10.1,857,2790
2025.11.26 16:33:43,UP,6.7,1,10.3,-0.7,584,584
2025.11.26 16:49:17,UP,5.1,1,10.2,-1.7,999,999
2025.11.26 17:06:05,UP,5.2,2,3.4,-10.1,846,1700
2025.11.26 17:34:25,DOWN,-8.2,2,1.1,-10.1,19,1575
2025.11.26 18:04:29,UP,5.3,2,5.9,-13.7,1905,21572
2025.11.27 00:04:01,DOWN,-8.6,2,1.1,-10.3,38,3440
2025.11.27 03:17:45,DOWN,-5.1,2,0.0,-10.3,0,1921
2025.11.27 03:49:46,UP,5.2,2,2.4,-10.3,3010,4154
2025.11.27 10:08:54,DOWN,-5.1,1,10.0,-7.8,4192,4192
2025.11.27 15:32:47,UP,5.5,2,7.1,-10.1,38427,43678
2025.11.28 07:23:24,DOWN,-5.1,1,10.2,-5.3,9295,9295
2025.11.28 09:58:19,DOWN,-5.3,1,10.1,-4.5,3474,3474
2025.11.28 11:08:07,UP,5.1,2,6.3,-10.1,215,4492
2025.11.28 12:54:17,DOWN,-5.5,2,0.4,-10.1,103,3567
2025.11.28 13:53:44,UP,5.1,1,10.3,-3.5,7305,7305
2025.11.28 16:02:18,UP,5.2,1,10.1,-9.2,6138,6138
2025.11.28 17:57:30,UP,5.3,2,5.4,-13.2,146,194671
2025.12.01 00:02:26,DOWN,-9.0,2,0.0,-10.2,0,3454
2025.12.01 03:08:00,UP,5.1,2,5.9,-10.1,1026,3842
2025.12.01 09:53:45,DOWN,-5.1,2,2.8,-10.0,417,1375
2025.12.01 10:37:38,DOWN,-5.1,2,4.2,-10.3,342,3183
2025.12.01 12:51:55,UP,5.1,1,10.5,-2.5,6361,6361
2025.12.01 14:39:40,UP,5.0,1,10.1,-1.8,1100,1100
2025.12.01 15:09:49,DOWN,-5.1,1,10.4,-3.0,3351,3351
2025.12.01 16:14:22,DOWN,-5.2,1,10.3,-5.1,5125,5125
2025.12.01 17:54:46,DOWN,-5.3,2,0.0,-10.1,0,533
2025.12.01 18:03:43,UP,5.4,2,0.0,-10.1,0,1021
2025.12.01 19:51:35,DOWN,-5.2,1,10.2,-4.2,4773,4773
2025.12.02 11:51:58,UP,5.0,2,2.4,-10.2,105,1705
2025.12.02 16:07:52,UP,5.3,2,0.6,-10.1,15,3513
2025.12.02 17:07:13,DOWN,-5.1,1,10.2,-0.6,860,860
2025.12.02 17:22:13,DOWN,-5.4,2,5.1,-10.1,212,609
2025.12.02 17:32:23,UP,8.2,2,7.7,-10.1,305,5094
2025.12.02 18:57:20,DOWN,-5.1,2,4.0,-10.1,45,2016
2025.12.02 19:33:23,UP,5.1,1,10.0,-1.8,7847,7847
2025.12.02 21:57:30,UP,5.2,1,10.0,-2.9,16052,16052
2025.12.03 09:01:12,UP,5.5,2,4.9,-10.3,965,5054
2025.12.03 15:15:00,UP,6.3,2,0.9,-10.1,0,2499
2025.12.03 16:19:52,DOWN,-5.1,2,5.4,-10.0,5136,12569
2025.12.04 00:01:00,DOWN,-5.3,1,10.1,-9.1,19317,19317
2025.12.04 10:19:11,UP,5.1,1,10.1,-0.2,2035,2035
2025.12.04 12:08:02,DOWN,-5.1,1,10.1,-8.1,11374,11374
2025.12.04 15:30:00,DOWN,-9.0,2,7.6,-10.0,6,2557
2025.12.04 16:19:10,UP,5.4,2,2.4,-10.1,233,1524
2025.12.04 16:44:34,DOWN,-5.4,2,6.6,-10.1,1400,3430
2025.12.04 18:04:57,DOWN,-5.3,1,10.0,-0.9,1450,1450
2025.12.04 22:19:38,DOWN,-5.2,2,7.5,-10.4,6056,33048
2025.12.05 09:44:52,DOWN,-5.3,1,10.1,-2.1,3823,3823
2025.12.05 13:32:29,DOWN,-5.1,2,0.0,-10.4,0,2040
2025.12.05 16:04:58,UP,5.4,2,3.1,-10.2,186,1550
2025.12.05 16:30:49,DOWN,-5.1,2,1.3,-10.4,14,747
2025.12.05 16:43:23,UP,5.1,2,0.9,-10.1,358,1127
2025.12.05 17:42:22,DOWN,-5.1,1,10.1,-1.3,1575,1575
2025.12.05 18:08:37,DOWN,-5.3,1,10.0,0.0,381,381
2025.12.05 18:23:38,UP,5.2,1,10.1,-6.2,5993,5993
2025.12.08 00:01:10,DOWN,-9.2,2,0.0,-10.1,0,3227
2025.12.08 01:04:04,DOWN,-5.0,2,1.0,-10.1,3225,6045
2025.12.08 08:00:14,UP,5.2,1,10.5,-0.1,226,226
2025.12.08 08:07:39,DOWN,-5.0,1,10.1,-4.2,7667,7667
2025.12.08 16:51:46,DOWN,-5.1,1,10.1,-0.9,869,869
2025.12.08 17:16:54,DOWN,-5.2,2,9.4,-10.2,4087,9343
2025.12.09 00:00:49,DOWN,-5.2,2,0.0,-10.3,0,7257
2025.12.09 10:07:12,DOWN,-5.3,2,0.5,-10.0,1,1162
2025.12.09 10:29:51,UP,5.1,1,10.3,-4.0,4674,4674
2025.12.09 13:04:20,DOWN,-5.3,1,10.2,-8.5,8939,8939
2025.12.09 16:32:29,UP,5.1,2,2.3,-11.2,1611,1652
2025.12.09 17:00:01,DOWN,-12.3,1,10.4,-4.0,605,605
2025.12.09 17:18:15,UP,5.1,1,10.0,-0.8,702,702
2025.12.09 19:19:11,DOWN,-5.4,1,10.7,-2.4,3380,3380
2025.12.10 00:04:01,DOWN,-7.0,2,0.0,-10.0,0,3983
2025.12.10 09:54:57,UP,5.1,1,10.2,-1.2,2583,2583
2025.12.10 11:14:01,DOWN,-5.2,1,10.1,0.0,2766,2766
2025.12.10 12:56:39,UP,5.2,1,10.2,-5.4,11702,11702
2025.12.10 16:12:18,UP,5.1,2,0.2,-10.1,5,951
2025.12.10 17:01:54,UP,5.3,2,2.4,-10.2,290,2208
2025.12.10 17:58:26,UP,5.1,1,10.1,-4.6,4626,4626
2025.12.10 19:52:35,UP,5.1,2,1.0,-14.6,2383,4045
2025.12.10 21:00:00,DOWN,-10.6,2,0.8,-10.5,0,7
2025.12.10 21:07:48,UP,5.5,2,2.2,-10.1,203,1230
2025.12.10 21:32:02,UP,5.3,1,10.8,-3.9,209,209
2025.12.10 21:37:02,DOWN,-13.5,2,0.0,-10.9,0,71
2025.12.10 21:42:02,DOWN,-16.9,2,2.1,-10.1,118,549
2025.12.10 21:51:12,UP,7.4,1,10.5,-1.4,169,169
2025.12.10 21:56:12,UP,5.8,1,10.1,-1.2,475,475
2025.12.10 22:04:07,UP,5.3,1,10.5,-0.3,300,300
2025.12.10 22:09:07,UP,6.2,2,6.1,-14.3,459,6955
2025.12.11 00:05:52,DOWN,-6.7,2,0.0,-10.3,0,256
2025.12.11 03:04:29,UP,5.3,2,0.4,-10.1,86,6592
2025.12.11 09:49:32,DOWN,-5.1,2,2.4,-10.2,618,2636
2025.12.11 10:59:02,DOWN,-5.2,1,10.1,-0.5,1264,1264
2025.12.11 11:49:39,UP,5.1,1,10.1,-3.3,4711,4711
2025.12.11 14:09:22,UP,5.1,1,10.2,-5.3,5383,5383
2025.12.11 15:39:07,UP,9.0,1,10.1,-1.7,658,658
2025.12.11 16:04:13,UP,5.5,1,10.1,-3.3,1232,1232
2025.12.11 16:37:51,UP,5.0,2,1.0,-10.0,49,989
2025.12.11 16:54:22,DOWN,-5.4,2,5.4,-10.1,523,1158
2025.12.11 17:22:58,UP,5.0,1,10.1,-4.5,2356,2356
2025.12.11 18:13:02,UP,5.1,2,1.3,-10.4,127,962
2025.12.11 18:29:04,DOWN,-5.3,2,1.8,-10.5,240,2041
2025.12.11 19:31:50,DOWN,-5.1,1,10.1,-7.0,8752,8752
2025.12.12 03:33:47,DOWN,-5.4,1,10.0,-2.9,26713,26713
2025.12.12 10:59:41,DOWN,-5.1,2,8.8,-10.0,13828,20438
2025.12.12 17:12:56,DOWN,-5.1,1,10.1,-3.8,5014,5014
2025.12.12 20:59:15,DOWN,-5.1,1,13.4,-5.4,183805,183805
2025.12.15 00:09:47,UP,5.3,1,10.0,-4.6,16540,16540
2025.12.15 05:14:09,DOWN,-5.2,1,10.1,-1.7,11481,11481
2025.12.15 10:33:30,UP,5.1,1,10.1,-7.6,10063,10063
2025.12.15 14:56:38,DOWN,-5.1,2,9.0,-10.1,3822,7226
2025.12.15 17:19:58,DOWN,-5.1,1,10.1,-9.9,7726,7726
2025.12.16 00:02:10,DOWN,-5.4,2,0.0,-10.0,0,7289
2025.12.16 10:02:44,UP,5.0,2,6.7,-10.2,1234,2168
2025.12.16 10:38:52,DOWN,-7.7,2,0.4,-10.2,30,3606
2025.12.16 14:57:13,UP,5.1,1,10.0,-5.3,1976,1976
2025.12.16 15:30:09,UP,15.4,1,10.0,-5.6,134,134
2025.12.16 15:36:48,UP,5.1,2,2.1,-10.1,39,310
2025.12.16 15:43:09,DOWN,-5.1,1,10.2,-0.9,95,95
2025.12.16 15:48:14,DOWN,-5.0,2,1.7,-10.0,37,351
2025.12.16 15:54:05,UP,6.5,1,10.1,-2.1,424,424
2025.12.16 16:19:05,DOWN,-5.1,2,0.8,-10.0,0,284
2025.12.16 16:24:06,UP,6.5,1,10.1,-0.6,1433,1433
2025.12.16 16:48:00,UP,6.0,1,10.1,-1.6,705,705
2025.12.16 16:59:46,UP,8.9,2,4.1,-10.0,131,776
2025.12.16 17:12:54,DOWN,-5.1,1,10.1,-0.7,507,507
2025.12.16 17:37:12,DOWN,-5.2,1,10.0,-3.2,1584,1584
2025.12.16 18:08:57,DOWN,-5.1,2,0.1,-10.1,1,303
2025.12.16 18:14:00,UP,7.6,2,6.7,-10.1,4886,6463
2025.12.16 20:03:29,DOWN,-5.6,1,10.1,-0.9,1512,1512
2025.12.16 20:28:43,DOWN,-5.0,1,10.1,-8.5,3419,3419
2025.12.16 21:25:42,DOWN,-14.1,2,2.0,-10.0,1,263
2025.12.16 21:31:38,UP,5.1,1,10.1,-0.6,909,909
2025.12.16 22:18:39,DOWN,-5.0,1,10.1,-5.5,20796,20796
2025.12.17 08:56:32,DOWN,-5.1,2,8.5,-10.0,1697,14163
2025.12.17 14:57:58,UP,5.1,1,10.1,-4.6,3789,3789
2025.12.17 16:02:36,UP,5.2,1,10.1,-8.9,4089,4089
2025.12.17 17:13:51,UP,5.1,2,7.9,-10.1,1558,20630
2025.12.18 09:04:42,UP,5.0,2,0.3,-10.0,6,3039
2025.12.18 09:55:22,DOWN,-5.1,1,10.1,-1.1,2366,2366
2025.12.18 12:12:00,DOWN,-5.2,2,6.7,-10.0,8006,11031
2025.12.18 15:15:52,UP,6.0,1,10.1,0.0,162,162
2025.12.18 15:30:01,UP,5.8,1,10.7,0.0,0,0
2025.12.18 15:41:24,UP,5.1,1,10.1,-5.8,547,547
2025.12.18 15:50:35,UP,5.1,2,9.0,-10.1,133,815
2025.12.18 16:04:27,UP,5.0,2,0.9,-10.0,103,211
2025.12.18 16:13:03,DOWN,-5.1,1,10.1,-3.0,619,619
2025.12.18 16:42:28,DOWN,-5.1,1,10.0,-2.0,2123,2123
2025.12.18 17:17:51,DOWN,-6.4,1,10.2,0.0,969,969
2025.12.18 17:34:00,DOWN,-5.5,2,1.8,-10.0,94,363
2025.12.18 17:46:30,DOWN,-5.1,2,2.9,-10.4,98,1066
2025.12.18 18:04:16,UP,7.1,1,10.1,0.0,838,838
2025.12.18 18:29:17,DOWN,-5.3,1,10.2,-1.8,1387,1387
2025.12.18 20:19:34,DOWN,-5.1,1,10.3,-9.3,47203,47203
2025.12.19 09:57:40,DOWN,-5.0,2,0.5,-10.0,2,1081
2025.12.19 11:33:52,DOWN,-5.1,2,7.9,-10.0,13686,16030
2025.12.19 16:02:01,UP,5.1,1,10.1,-0.3,779,779
2025.12.19 16:48:00,DOWN,-5.1,1,10.1,-0.5,2041,2041
2025.12.19 17:43:33,UP,5.0,2,1.2,-10.0,352,702
2025.12.19 18:21:18,DOWN,-5.1,2,0.1,-10.1,0,6629
2025.12.19 22:53:10,DOWN,-5.1,3,5.8,-2.0,3800,177170
2025.12.22 14:08:36,UP,5.0,1,10.1,-5.3,5131,5131
2025.12.22 15:34:27,UP,5.0,1,10.1,-7.2,3618,3618
2025.12.22 18:24:20,DOWN,-5.1,2,9.1,-10.1,1576,27980
2025.12.23 11:54:41,UP,5.1,1,10.2,-1.1,9362,9362
2025.12.23 14:54:55,DOWN,-5.1,1,10.0,-4.8,3369,3369
2025.12.23 15:52:23,DOWN,-5.3,1,10.0,-2.9,6422,6422
2025.12.23 17:55:38,DOWN,-5.1,2,0.0,-10.0,0,224
2025.12.24 00:00:00,DOWN,-14.1,2,0.0,-10.9,0,31
2025.12.24 10:12:47,DOWN,-5.1,2,4.8,-10.0,394,2400
2025.12.24 12:46:14,DOWN,-5.0,1,10.1,-6.9,13804,13804
2025.12.24 19:58:05,DOWN,-5.0,3,0.6,-8.9,2,101032
2025.12.26 00:08:38,UP,6.0,1,10.0,-6.3,16206,16206
2025.12.26 04:38:44,UP,5.2,2,0.8,-10.2,1145,5294
2025.12.26 08:38:32,DOWN,-5.1,1,10.0,-0.3,5024,5024
2025.12.26 10:02:31,DOWN,-5.1,2,1.2,-10.1,315,3881
2025.12.26 13:24:55,UP,5.1,1,10.0,-8.8,6165,6165
2025.12.26 15:07:41,UP,5.5,2,5.4,-10.0,2348,6342
2025.12.26 17:53:57,DOWN,-5.1,1,10.0,-1.3,1679,1679
2025.12.26 18:22:50,DOWN,-5.0,2,3.9,-10.1,4265,12132
2025.12.29 00:06:17,DOWN,-8.1,2,0.0,-10.8,0,3844
2025.12.29 08:08:38,DOWN,-5.2,2,1.1,-10.2,449,2688
2025.12.29 08:59:41,UP,5.0,1,10.1,-4.3,6341,6341
2025.12.29 10:47:54,UP,5.1,2,5.2,-10.1,233,1096
2025.12.29 11:33:42,UP,5.1,2,5.7,-10.1,387,2092
2025.12.29 12:57:39,DOWN,-5.3,1,10.0,0.0,1050,1050
2025.12.29 15:33:09,UP,5.0,1,10.1,-1.4,3336,3336
2025.12.29 16:33:08,UP,5.1,2,6.0,-10.0,798,4951
2025.12.29 17:55:39,DOWN,-5.7,1,10.1,-1.5,359,359
2025.12.29 18:01:38,DOWN,-5.2,1,10.0,-5.2,1852,1852
2025.12.30 01:05:58,UP,6.4,2,7.5,-10.0,25999,47945
2025.12.30 14:44:43,DOWN,-5.1,1,10.2,-5.1,9176,9176
2025.12.30 17:17:41,DOWN,-5.2,2,7.2,-10.2,1573,3865
2025.12.31 10:27:22,DOWN,-5.1,2,8.7,-10.1,1785,4760
2025.12.31 12:49:07,UP,5.1,1,10.0,-5.8,5240,5240
2025.12.31 15:08:09,DOWN,-5.1,1,10.0,-6.5,3117,3117
2025.12.31 16:07:49,DOWN,-5.1,1,10.1,-4.7,3177,3177
2025.12.31 17:02:02,DOWN,-5.6,2,4.4,-10.1,889,1928
2025.12.31 17:34:10,UP,9.4,1,10.0,-9.8,1423,1423
2025.12.31 17:57:57,UP,5.3,2,3.5,-10.1,328,2253
2025.12.31 18:43:54,DOWN,-5.1,2,3.0,-10.0,400,9973
2026.01.02 09:31:22,DOWN,-5.1,1,10.1,-2.7,2858,2858
2026.01.02 10:19:02,DOWN,-8.4,2,2.4,-10.0,564,2999
2026.01.02 11:09:01,UP,8.6,2,1.1,-10.0,724,1873
2026.01.02 11:54:14,DOWN,-5.1,2,9.4,-10.1,2092,18523
2026.01.02 17:03:02,UP,5.1,1,10.0,-2.1,3089,3089
2026.01.02 17:54:53,UP,5.1,2,8.5,-10.0,504,3148
2026.01.05 00:56:49,DOWN,-7.0,1,10.0,-2.7,317,317
2026.01.05 01:02:06,DOWN,-8.3,1,10.2,-10.0,12224,12224
2026.01.05 04:37:18,DOWN,-5.6,1,10.0,-4.0,2839,2839
2026.01.05 05:24:40,DOWN,-5.0,2,4.2,-10.0,177,10777
2026.01.05 09:34:16,DOWN,-5.1,1,10.0,-10.0,7716,7716
2026.01.05 13:29:48,DOWN,-5.0,1,10.1,-5.6,5301,5301
2026.01.05 15:08:36,DOWN,-5.0,2,2.4,-10.0,2087,2854
2026.01.05 15:57:12,UP,5.1,1,10.2,-0.2,880,880
2026.01.05 16:51:36,UP,5.1,1,10.0,-3.4,1647,1647
2026.01.05 17:23:32,DOWN,-5.1,2,0.7,-10.0,29,2001
2026.01.05 17:57:45,UP,5.0,1,10.2,-0.3,2105,2105
2026.01.05 18:32:56,UP,5.0,1,10.2,-5.1,8818,8818
2026.01.06 04:49:32,UP,5.4,2,9.6,-10.0,15566,22504
2026.01.06 11:04:37,DOWN,-5.1,1,10.1,0.0,976,976
2026.01.06 14:42:24,DOWN,-5.1,2,3.6,-10.0,829,3235
2026.01.06 15:36:43,UP,5.1,2,4.4,-10.1,1894,2853
2026.01.06 16:24:16,DOWN,-5.1,2,3.6,-10.1,970,1737
2026.01.06 16:53:13,UP,5.7,2,1.0,-10.3,15,606
2026.01.06 17:03:19,DOWN,-6.3,1,10.2,-5.1,1034,1034
2026.01.06 17:24:28,DOWN,-5.2,2,5.6,-10.1,1047,9097
2026.01.07 03:58:40,DOWN,-5.1,1,10.1,-7.8,20242,20242
2026.01.07 09:47:46,DOWN,-5.0,2,9.1,-10.0,2427,9236
2026.01.07 14:09:53,DOWN,-5.3,2,1.2,-10.2,108,5537
2026.01.07 15:42:10,UP,6.2,2,6.2,-10.0,5177,5748
2026.01.07 17:17:58,DOWN,-6.5,2,2.6,-10.0,282,973
2026.01.07 17:34:11,UP,5.6,2,3.9,-10.1,485,2441
2026.01.07 18:14:52,DOWN,-7.5,2,0.3,-10.1,17,2927
2026.01.07 20:58:56,DOWN,-5.0,1,10.1,-2.5,10864,10864
2026.01.08 11:54:41,UP,5.1,2,6.2,-10.2,1074,13830
2026.01.08 15:48:39,DOWN,-5.1,2,5.8,-10.1,2007,5516
2026.01.08 17:43:35,DOWN,-5.1,1,10.0,-5.0,2406,2406
2026.01.09 09:58:25,UP,5.1,2,2.7,-10.2,224,7796
2026.01.09 12:24:09,DOWN,-5.1,1,10.4,-9.3,11161,11161
2026.01.09 15:30:10,DOWN,-16.8,2,1.8,-10.3,2,23
2026.01.09 15:35:47,UP,5.3,2,3.9,-10.1,100,240
2026.01.09 15:40:47,UP,5.4,2,6.6,-10.1,187,702
2026.01.09 15:52:29,DOWN,-6.8,2,0.2,-10.0,1,693
2026.01.09 16:04:02,UP,6.7,2,0.6,-10.1,146,491
2026.01.09 16:26:02,DOWN,-5.1,1,10.1,-5.8,2400,2400
2026.01.09 17:06:53,DOWN,-5.1,2,8.6,-10.1,860,1842
2026.01.09 17:39:39,UP,5.1,2,5.8,-12.2,1368,195621
2026.01.12 00:00:02,DOWN,-11.3,2,4.0,-10.0,7366,7710
2026.01.12 02:08:32,UP,12.1,1,10.1,-0.6,661,661
2026.01.12 02:24:19,DOWN,-5.1,2,1.6,-10.0,28,459
2026.01.12 02:31:58,UP,7.0,1,10.0,-2.3,1095,1095
2026.01.12 03:23:27,UP,5.1,2,0.5,-10.0,16,675
2026.01.12 03:34:42,DOWN,-5.1,2,7.7,-10.2,11086,15427
2026.01.12 08:52:49,UP,5.2,1,10.3,-2.8,1672,1672
2026.01.12 09:57:34,UP,5.1,1,10.1,-8.1,4836,4836
2026.01.12 11:19:21,UP,5.1,2,0.9,-10.1,52,1708
2026.01.12 13:39:49,DOWN,-5.1,2,4.5,-10.0,975,5334
2026.01.12 15:08:43,UP,7.6,2,8.3,-10.1,2637,4582
2026.01.12 16:29:52,DOWN,-5.1,2,2.9,-10.1,2295,4772
2026.01.12 18:08:21,DOWN,-5.1,1,10.1,-6.1,17316,17316
2026.01.13 03:38:04,DOWN,-5.1,2,0.0,-10.1,0,13548
2026.01.13 15:30:01,UP,7.0,1,10.5,0.0,0,0
2026.01.13 15:36:46,DOWN,-5.1,1,10.1,-9.6,5944,5944
2026.01.13 17:18:36,DOWN,-5.1,1,10.1,-5.1,3340,3340
2026.01.13 18:34:09,UP,5.0,1,10.1,-8.6,64508,64508
2026.01.14 14:00:46,UP,5.1,2,9.6,-10.4,15054,22586
2026.01.15 03:34:51,DOWN,-5.3,1,10.9,-6.9,41978,41978
2026.01.15 15:30:00,DOWN,-5.2,1,10.0,-3.6,612,612
2026.01.15 16:07:17,UP,5.0,1,10.1,-9.0,12118,12118
2026.01.15 20:04:49,UP,5.1,2,3.3,-10.1,4491,8799
2026.01.16 10:23:00,DOWN,-5.0,2,0.9,-10.0,2278,10319
2026.01.16 14:57:31,UP,5.1,2,8.5,-10.1,8288,8751
2026.01.16 17:23:22,DOWN,-10.8,1,10.2,-1.9,839,839
2026.01.16 17:37:21,DOWN,-5.2,1,10.0,-0.8,307,307
2026.01.16 17:42:30,DOWN,-5.1,2,2.4,-10.4,109,515
2026.01.16 18:01:49,UP,5.1,2,7.3,-16.6,2797,194291
2026.01.19 00:00:30,DOWN,-16.6,2,4.4,-10.1,228,3763
2026.01.19 01:03:13,UP,8.2,1,10.1,-3.5,162,162
2026.01.19 01:08:19,UP,8.4,1,10.1,-4.3,1218,1218
2026.01.19 01:32:47,UP,5.3,2,9.6,-10.1,675,2584
2026.01.19 02:16:00,DOWN,-5.1,2,1.8,-10.1,1,404
2026.01.19 02:22:44,UP,5.5,1,10.2,0.0,592,592
2026.01.19 02:34:16,UP,5.2,2,9.7,-10.1,615,6413
2026.01.19 09:06:38,UP,5.1,2,6.5,-10.0,421,1950
2026.01.19 09:39:08,DOWN,-5.2,1,10.1,-5.0,6272,6272
2026.01.19 11:24:59,DOWN,-5.1,2,0.2,-10.0,1,1009
2026.01.19 15:59:20,DOWN,-5.0,2,0.2,-10.0,0,2985
2026.01.19 16:49:31,UP,5.1,1,10.1,-9.8,45215,45215
2026.01.20 05:23:13,UP,5.1,1,10.1,-1.8,4448,4448
2026.01.20 09:23:33,UP,5.1,1,10.1,-2.8,641,641
2026.01.20 09:34:14,UP,10.9,1,10.0,-0.6,2126,2126
2026.01.20 10:09:53,UP,5.1,1,10.1,-4.9,1302,1302
2026.01.20 10:31:36,UP,10.8,1,10.2,-4.5,1304,1304
2026.01.20 10:53:28,UP,5.1,1,10.1,-4.1,2314,2314
2026.01.20 11:32:44,UP,5.3,2,2.6,-10.1,341,2459
2026.01.20 12:13:43,DOWN,-10.0,2,4.8,-10.2,493,2658
2026.01.20 12:58:03,UP,5.1,1,10.0,-8.9,4781,4781
2026.01.20 14:34:08,DOWN,-5.1,1,10.1,-2.0,1293,1293
2026.01.20 14:57:25,DOWN,-5.1,2,7.2,-10.3,2176,2191
2026.01.20 15:33:56,UP,14.1,1,10.0,-0.8,8,8
2026.01.20 15:39:10,DOWN,-5.1,1,10.1,-7.8,1412,1412
2026.01.20 16:09:09,DOWN,-5.1,2,8.5,-10.0,2010,6071
2026.01.20 17:57:40,DOWN,-5.1,2,1.7,-10.1,17,3484
2026.01.20 19:24:27,DOWN,-5.1,1,10.1,-2.2,5952,5952
2026.01.20 22:09:22,UP,5.1,1,10.4,-4.0,6527,6527
2026.01.21 05:14:26,DOWN,-5.1,1,10.0,-0.8,975,975
2026.01.21 09:02:06,DOWN,-5.1,1,10.1,-6.7,5089,5089
2026.01.21 13:27:34,UP,5.1,1,10.1,-4.9,3898,3898
2026.01.21 15:09:42,UP,5.0,2,0.5,-10.0,60,943
2026.01.21 15:54:21,UP,5.1,2,2.4,-10.1,19,625
2026.01.21 16:04:46,DOWN,-8.7,1,10.1,-3.3,426,426
2026.01.21 16:11:52,DOWN,-11.8,1,10.1,-9.0,4092,4092
2026.01.21 17:21:52,DOWN,-5.1,1,10.0,-9.4,3681,3681
2026.01.21 18:23:13,DOWN,-6.4,2,2.2,-10.1,54,600
2026.01.21 18:33:14,UP,5.0,2,3.0,-10.0,151,1133
2026.01.21 18:52:07,DOWN,-7.6,2,0.4,-10.2,1,837
2026.01.21 19:32:50,DOWN,-5.0,1,10.2,-2.6,6893,6893
2026.01.21 21:27:43,DOWN,-11.5,1,10.1,-2.6,83,83
2026.01.21 21:33:02,DOWN,-5.1,2,4.2,-10.0,608,1527
2026.01.21 21:58:29,UP,6.4,2,0.9,-10.0,100,1431
2026.01.21 22:22:44,DOWN,-5.1,2,2.7,-10.1,99,1917
2026.01.21 23:33:21,UP,5.1,2,0.2,-10.0,126,6555
2026.01.22 01:32:51,DOWN,-5.2,2,1.7,-10.2,16,3539
2026.01.22 02:32:11,UP,5.1,1,10.0,-2.5,5895,5895
2026.01.22 04:24:41,DOWN,-5.1,2,2.0,-10.0,505,6465
2026.01.22 11:24:21,UP,5.1,1,10.0,-9.8,10588,10588
2026.01.22 15:13:30,UP,5.0,1,10.1,-4.3,5095,5095
2026.01.22 16:38:25,UP,6.4,1,10.1,-1.9,3907,3907
2026.01.22 18:11:39,UP,5.1,2,8.3,-10.2,810,3422
2026.01.22 19:08:41,DOWN,-6.7,2,5.2,-10.1,14,981
2026.01.22 23:24:58,UP,5.1,2,5.1,-10.0,6270,19190
2026.01.23 09:43:30,UP,5.2,2,4.9,-10.0,159,1653
2026.01.23 10:15:46,DOWN,-5.1,2,1.6,-10.0,187,1338
2026.01.23 10:43:31,UP,5.1,2,0.6,-10.1,60,4646
2026.01.23 15:49:10,DOWN,-5.0,2,4.8,-10.0,801,3621
2026.01.23 16:49:31,UP,6.1,1,10.0,-3.0,3704,3704
2026.01.23 17:52:38,UP,5.2,2,2.0,-10.2,88,1267
2026.01.23 18:14:01,DOWN,-5.1,2,2.5,-10.0,68,537
2026.01.23 18:23:07,UP,5.6,1,10.1,-3.6,1442,1442
2026.01.23 18:48:08,UP,5.6,1,10.2,-5.7,1502,1502
2026.01.23 19:13:10,UP,5.5,1,10.0,-3.5,922,922
2026.01.23 19:28:32,UP,5.9,2,5.3,-10.1,268,407
2026.01.23 19:48:27,UP,5.1,2,7.0,-10.2,411,1353
2026.01.23 20:11:05,DOWN,-5.1,2,2.9,-10.1,240,774
2026.01.23 20:24:00,UP,5.1,1,10.4,-5.5,3038,3038
2026.01.23 21:23:43,DOWN,-5.0,2,2.8,-10.1,44,1796
2026.01.23 21:53:39,UP,8.9,1,10.0,-0.8,777,777
2026.01.23 22:19:43,UP,5.1,1,10.1,-7.7,2952,2952
2026.01.23 23:08:55,UP,8.5,1,32.4,-9.4,175865,175865
2026.01.26 00:00:00,UP,33.9,2,1.8,-10.7,31,463
2026.01.26 00:07:43,DOWN,-6.9,2,3.7,-10.2,296,1474
2026.01.26 00:53:36,UP,8.3,1,10.4,0.0,57,57
2026.01.26 01:00:30,UP,5.3,2,0.1,-10.0,0,18
2026.01.26 01:05:36,DOWN,-5.1,2,0.0,-10.5,0,45
2026.01.26 01:10:36,UP,5.7,2,6.8,-10.1,292,633
2026.01.26 01:21:11,DOWN,-5.7,1,10.1,-4.2,323,323
2026.01.26 01:26:57,DOWN,-5.1,1,10.1,-0.2,1277,1277
2026.01.26 01:48:14,DOWN,-7.4,1,10.1,-3.2,784,784
2026.01.26 02:01:18,DOWN,-11.6,2,4.3,-10.0,159,557
2026.01.26 02:12:06,DOWN,-5.2,2,6.0,-10.2,512,2492
2026.01.26 02:54:05,UP,5.0,1,10.2,-7.7,4679,4679
2026.01.26 04:12:04,UP,6.8,2,3.8,-10.1,1207,3639
2026.01.26 06:02:45,DOWN,-5.1,2,1.6,-10.0,299,734
2026.01.26 06:14:59,UP,5.0,2,2.7,-10.0,4381,6814
2026.01.26 08:08:33,DOWN,-6.3,1,10.0,-5.5,5647,5647
2026.01.26 09:53:06,DOWN,-5.1,2,5.4,-10.1,246,2424
2026.01.26 10:33:30,UP,5.0,2,7.5,-10.1,164,2590
2026.01.26 11:22:22,UP,5.0,1,10.1,-0.8,604,604
2026.01.26 11:42:44,UP,5.3,2,2.7,-10.1,131,3372
2026.01.26 12:38:58,DOWN,-5.5,1,10.2,-7.0,7565,7565
2026.01.26 15:02:38,DOWN,-5.1,2,2.1,-10.0,280,1472
2026.01.26 15:48:02,UP,5.1,1,10.1,-1.2,1897,1897
2026.01.26 16:19:51,UP,5.1,1,10.2,-0.3,1411,1411
2026.01.26 16:47:09,UP,5.0,1,10.1,-4.2,2963,2963
2026.01.26 17:37:17,UP,5.0,1,10.1,-4.1,1439,1439
2026.01.26 18:04:05,UP,5.5,2,6.4,-10.2,21,649
2026.01.26 18:17:18,DOWN,-5.1,1,10.1,-6.3,5498,5498
2026.01.26 20:09:32,UP,5.3,2,4.5,-10.2,545,3206
2026.01.26 21:03:23,DOWN,-5.1,2,3.4,-10.2,2248,7190
2026.01.27 00:00:05,DOWN,-5.8,2,3.1,-10.2,6604,15870
2026.01.27 04:39:15,UP,5.1,2,4.5,-10.0,163,2611
2026.01.27 09:56:33,DOWN,-5.3,1,10.1,-1.9,1662,1662
2026.01.27 10:24:16,DOWN,-5.9,2,5.0,-10.0,1222,2859
2026.01.27 11:52:11,UP,5.1,1,10.3,-0.4,39,39
2026.01.27 12:01:36,DOWN,-5.2,2,9.8,-10.1,606,6829
2026.01.27 14:12:01,UP,5.1,1,10.3,-0.1,621,621
2026.01.27 14:22:45,UP,5.1,1,10.2,-0.4,221,221
2026.01.27 14:28:33,UP,5.3,1,10.1,-8.7,1478,1478
2026.01.27 14:53:11,UP,6.1,2,7.3,-10.1,531,2124
2026.01.27 15:28:35,DOWN,-5.8,2,0.5,-10.1,2,636
2026.01.27 15:39:11,UP,6.8,2,5.3,-10.0,180,703
2026.01.27 15:52:18,DOWN,-5.2,2,3.2,-10.0,46,838
2026.01.27 16:09:41,UP,5.2,1,10.1,-5.9,1367,1367
2026.01.27 16:32:28,UP,9.3,1,10.1,0.0,169,169
2026.01.27 16:41:29,UP,5.4,2,1.2,-10.0,0,137
2026.01.27 16:49:47,DOWN,-5.1,2,3.8,-10.0,262,671
2026.01.27 17:00:58,UP,6.4,1,10.1,-2.0,348,348
2026.01.27 17:06:46,UP,5.0,1,10.1,-5.6,637,637
2026.01.27 17:22:28,DOWN,-5.3,1,10.0,-9.6,1035,1035
2026.01.27 17:42:20,DOWN,-5.1,2,1.2,-10.0,9,494
2026.01.27 17:50:50,UP,5.0,2,2.1,-10.0,129,538
2026.01.27 17:59:48,DOWN,-5.5,2,0.4,-10.0,32,208
2026.01.27 18:04:48,UP,6.9,1,10.1,-0.2,773,773
2026.01.27 18:18:05,UP,5.1,1,10.0,-2.0,888,888
2026.01.27 18:32:53,UP,7.2,1,10.1,-2.3,783,783
2026.01.27 18:49:20,DOWN,-5.1,1,10.1,-1.5,1276,1276
2026.01.27 19:16:34,DOWN,-5.2,2,7.8,-10.2,796,1645
2026.01.27 19:43:59,UP,12.5,1,10.1,-1.1,1166,1166
2026.01.27 20:03:26,UP,7.1,2,0.3,-10.0,25,492
2026.01.27 20:11:53,DOWN,-5.1,2,3.9,-10.1,585,2474
2026.01.27 20:53:07,UP,5.7,2,0.1,-10.0,0,640
2026.01.27 21:19:03,DOWN,-5.1,2,1.0,-10.1,1794,3442
2026.01.27 22:22:21,UP,5.4,2,2.6,-10.5,368,1294
2026.01.27 22:44:03,DOWN,-5.2,2,4.4,-10.2,19,36
2026.01.27 22:49:03,UP,91.4,2,0.4,-10.1,0,3
2026.01.27 22:54:03,UP,5.7,2,8.5,-10.1,71,132
2026.01.27 22:59:03,DOWN,-18.1,1,10.2,-0.2,116,116
2026.01.27 23:05:34,DOWN,-5.1,2,0.5,-10.2,3,160
2026.01.27 23:11:49,UP,5.1,2,1.0,-10.0,5,109
2026.01.27 23:18:00,UP,5.0,2,0.4,-10.0,5,125
2026.01.27 23:23:06,DOWN,-5.2,2,2.7,-10.1,24,230
2026.01.27 23:28:13,UP,6.7,2,1.2,-11.0,94,382
2026.01.27 23:34:36,DOWN,-11.9,2,0.4,-10.0,5,329
2026.01.27 23:44:14,UP,5.1,2,5.5,-10.1,114,4763
2026.01.28 01:03:37,DOWN,-7.8,1,10.3,-0.9,1099,1099
2026.01.28 01:29:22,DOWN,-5.2,1,10.0,-8.2,2230,2230
2026.01.28 02:17:05,UP,5.1,2,5.0,-10.0,1133,2937
2026.01.28 03:31:32,DOWN,-5.2,1,10.1,-7.1,2575,2575
2026.01.28 04:14:27,DOWN,-5.2,2,0.5,-10.1,12,2229
2026.01.28 05:14:18,UP,5.1,2,2.4,-10.2,130,3483
2026.01.28 07:01:51,DOWN,-5.4,1,10.2,0.0,13,13
2026.01.28 07:06:51,DOWN,-8.2,2,0.2,-10.0,4,541
2026.01.28 07:15:54,UP,5.1,1,10.0,-4.4,3712,3712
2026.01.28 08:19:52,UP,5.1,2,4.6,-10.1,728,1658
2026.01.28 08:48:02,DOWN,-5.1,2,0.2,-10.0,0,1176
2026.01.28 09:11:03,UP,5.1,1,10.2,-0.3,182,182
2026.01.28 09:17:16,DOWN,-5.0,1,10.1,-3.2,606,606
2026.01.28 09:28:37,DOWN,-5.2,1,10.2,-0.5,333,333
2026.01.28 09:34:10,DOWN,-8.9,1,10.1,-0.1,1196,1196
2026.01.28 09:55:20,UP,5.3,1,10.0,-7.1,1542,1542
2026.01.28 10:31:36,DOWN,-5.0,1,10.1,-5.1,843,843
2026.01.28 10:45:46,DOWN,-5.1,1,10.1,-0.1,35,35
2026.01.28 10:51:42,DOWN,-5.2,2,0.6,-10.1,74,358
2026.01.28 10:57:40,UP,6.2,1,10.1,-6.0,2265,2265
2026.01.28 11:44:01,DOWN,-5.2,2,9.6,-10.0,2665,3892
2026.01.28 12:48:53,UP,5.7,2,2.7,-10.1,10,867
2026.01.28 13:03:21,DOWN,-7.0,1,10.0,-0.6,726,726
2026.01.28 13:17:21,DOWN,-5.1,2,7.4,-10.0,1223,4053
2026.01.28 14:41:44,DOWN,-5.1,1,10.2,-2.8,2134,2134
2026.01.28 15:17:19,DOWN,-5.1,1,10.1,-1.7,1927,1927
2026.01.28 15:49:26,DOWN,-5.5,2,5.3,-10.1,293,2318
2026.01.28 16:39:48,UP,5.0,2,4.8,-10.1,304,825
2026.01.28 16:53:34,DOWN,-10.5,1,10.2,-7.8,824,824
2026.01.28 17:07:18,DOWN,-14.6,1,10.4,-1.8,17,17
2026.01.28 17:12:28,UP,5.1,1,10.0,-6.5,1028,1028
2026.01.28 17:29:36,UP,8.9,1,10.1,-4.3,814,814
2026.01.28 17:43:10,UP,8.9,2,0.4,-10.1,6,271
2026.01.28 17:48:10,DOWN,-11.3,1,10.3,-4.7,219,219
2026.01.28 17:53:10,DOWN,-8.7,2,3.1,-10.0,49,117
2026.01.28 17:58:10,UP,5.2,2,9.5,-10.5,563,1555
2026.01.28 18:24:05,DOWN,-11.2,1,10.1,-2.9,437,437
2026.01.28 18:32:07,DOWN,-5.1,2,3.5,-10.0,55,426
2026.01.28 18:39:13,UP,5.8,1,10.0,-1.4,1346,1346
2026.01.28 19:07:16,DOWN,-5.1,1,10.1,-5.3,5262,5262
2026.01.28 20:34:58,DOWN,-8.0,1,10.2,-1.7,721,721
2026.01.28 20:47:01,DOWN,-5.2,2,1.4,-10.1,2,793
2026.01.28 21:00:14,UP,5.1,2,7.3,-10.1,46,77
2026.01.28 21:06:24,DOWN,-5.1,2,7.1,-10.1,1418,1766
2026.01.28 21:37:08,UP,5.1,1,10.1,-6.5,773,773
2026.01.28 21:56:42,UP,5.1,1,10.1,-1.2,260,260
2026.01.28 22:02:22,UP,5.1,2,3.6,-10.1,196,584
2026.01.28 22:12:44,DOWN,-5.2,2,3.9,-10.2,72,816
2026.01.28 22:26:20,UP,5.1,1,10.1,-2.2,5411,5411
2026.01.29 01:13:51,UP,5.0,1,10.1,-0.5,581,581
2026.01.29 01:30:51,UP,5.1,1,10.2,-6.9,3383,3383
2026.01.29 02:36:45,DOWN,-5.1,1,10.1,-3.0,1562,1562
2026.01.29 03:02:49,DOWN,-5.0,1,10.2,-1.0,1474,1474
2026.01.29 04:06:31,DOWN,-5.1,2,0.0,-10.1,0,984
2026.01.29 06:12:34,DOWN,-5.3,2,9.4,-10.2,7232,10283
2026.01.29 09:03:57,UP,10.7,2,1.3,-10.1,0,377
2026.01.29 09:32:05,DOWN,-5.1,1,10.1,-8.8,3812,3812
2026.01.29 11:02:20,UP,5.1,2,0.5,-10.1,1,1193
2026.01.29 11:34:21,UP,5.2,2,1.8,-10.1,78,932
2026.01.29 11:49:53,DOWN,-7.3,1,10.1,-0.1,1716,1716
2026.01.29 12:18:30,DOWN,-6.8,2,9.9,-10.4,2730,9360
2026.01.29 14:54:30,UP,6.2,1,10.0,-3.8,889,889
2026.01.29 15:14:21,DOWN,-5.0,1,10.2,-8.5,1941,1941
2026.01.29 15:46:42,DOWN,-12.5,1,10.1,-1.9,196,196
2026.01.29 15:51:42,UP,8.6,1,10.1,-0.8,1075,1075
2026.01.29 16:09:37,UP,5.7,1,10.1,-1.6,1044,1044
2026.01.29 16:27:01,UP,6.5,2,0.1,-10.2,1,428
2026.01.29 16:34:09,DOWN,-5.6,2,5.0,-10.0,161,1395
2026.01.29 17:02:00,DOWN,-5.1,1,10.1,-2.5,365,365
2026.01.29 17:08:05,DOWN,-5.7,1,10.1,-1.4,435,435
2026.01.29 17:15:35,DOWN,-5.1,1,10.1,-1.7,68,68
2026.01.29 17:20:35,DOWN,-8.4,2,0.4,-10.0,0,59
2026.01.29 17:26:32,DOWN,-5.1,1,10.2,-0.4,84,84
2026.01.29 17:31:32,UP,6.9,1,10.2,-4.0,361,361
2026.01.29 17:37:33,UP,7.2,2,8.4,-10.1,81,425
2026.01.29 17:44:38,DOWN,-12.5,2,3.3,-10.1,23,346
2026.01.29 17:53:45,UP,5.0,1,10.1,-5.0,688,688
2026.01.29 18:05:29,UP,5.1,2,2.6,-10.2,73,1050
2026.01.29 18:26:25,UP,5.1,1,10.2,-6.1,1185,1185
2026.01.29 18:49:23,UP,5.2,1,10.1,-6.8,2113,2113
2026.01.29 19:24:36,UP,11.2,2,2.0,-10.0,1067,3737
2026.01.29 20:34:37,UP,5.1,2,7.9,-10.0,349,5370
2026.01.29 22:04:33,DOWN,-5.4,2,0.2,-10.1,1,382
2026.01.29 22:10:56,UP,6.6,1,10.0,-2.4,1701,1701
2026.01.29 23:14:44,UP,5.1,2,7.2,-10.1,8431,11158
2026.01.30 02:20:52,DOWN,-5.0,1,10.2,-1.3,55,55
2026.01.30 02:31:18,DOWN,-5.1,1,10.2,-5.3,938,938
2026.01.30 03:01:25,DOWN,-5.3,2,5.4,-10.5,353,920
2026.01.30 03:16:45,UP,9.1,2,2.6,-10.1,65,292
2026.01.30 03:21:45,DOWN,-13.3,2,9.7,-10.0,53,1164
2026.01.30 03:41:48,UP,5.1,2,2.6,-10.0,137,850
2026.01.30 03:56:08,DOWN,-5.1,1,10.2,0.0,202,202
2026.01.30 04:02:24,DOWN,-5.0,2,8.7,-10.2,887,940
2026.01.30 04:18:04,UP,9.8,2,4.0,-10.1,5,84
2026.01.30 04:23:04,DOWN,-16.0,2,1.4,-10.1,47,101
2026.01.30 04:28:05,UP,5.4,2,0.6,-10.3,122,408
2026.01.30 04:34:53,DOWN,-5.8,2,1.6,-10.0,6,387
2026.01.30 04:41:53,UP,5.1,1,10.2,-4.7,4865,4865
2026.01.30 06:03:04,UP,5.2,2,10.0,-10.0,4408,6081
2026.01.30 07:44:26,DOWN,-5.4,2,0.5,-10.0,0,786
2026.01.30 07:57:32,UP,5.1,2,7.9,-10.2,660,3465
2026.01.30 09:06:12,UP,5.1,1,10.2,-6.2,2376,2376
2026.01.30 09:56:22,UP,5.1,2,2.7,-10.0,492,2170
2026.01.30 10:36:50,DOWN,-5.1,2,1.0,-10.0,38,673
2026.01.30 11:03:54,DOWN,-5.3,1,10.1,-5.9,1501,1501
2026.01.30 11:28:55,DOWN,-5.8,1,10.0,-7.7,1013,1013
2026.01.30 11:45:48,DOWN,-6.1,2,9.6,-10.1,438,1789
2026.01.30 12:46:30,UP,5.1,1,10.0,-4.7,1547,1547
2026.01.30 13:21:34,DOWN,-5.4,2,2.5,-10.0,6,1205
2026.01.30 13:50:42,UP,5.0,1,10.1,0.0,458,458
2026.01.30 13:58:20,UP,5.5,2,5.7,-10.1,273,2344
2026.01.30 14:42:51,DOWN,-5.1,1,10.1,-0.7,725,725
2026.01.30 14:54:57,DOWN,-5.1,1,10.3,-6.6,3294,3294
2026.01.30 15:49:51,DOWN,-14.3,2,6.0,-10.1,81,726
2026.01.30 16:01:58,UP,5.2,2,3.3,-10.1,101,1293
2026.01.30 16:23:31,DOWN,-6.6,1,10.1,-9.2,2275,2275
2026.01.30 17:01:26,DOWN,-8.9,1,10.0,-3.0,169,169
2026.01.30 17:06:26,UP,6.9,2,6.6,-10.0,123,1510
2026.01.30 17:31:36,DOWN,-7.4,2,5.0,-10.1,158,550
2026.01.30 17:41:46,UP,5.2,2,4.2,-10.3,161,419
2026.01.30 17:48:45,DOWN,-13.0,2,1.3,-10.0,105,407
2026.01.30 17:55:38,UP,5.1,2,0.4,-10.1,1,427
2026.01.30 18:02:49,DOWN,-5.1,1,10.1,-5.2,1337,1337
2026.01.30 18:26:05,UP,5.1,2,2.3,-10.1,38,530
2026.01.30 18:43:28,UP,5.1,2,7.8,-10.0,932,2110
2026.01.30 19:22:15,UP,5.2,1,10.1,-0.4,113,113
2026.01.30 19:31:08,DOWN,-5.0,1,10.1,-1.9,1299,1299
2026.01.30 19:54:07,DOWN,-5.1,1,10.0,-8.0,2077,2077
2026.01.30 20:28:45,DOWN,-6.3,2,2.4,-10.1,27,985
2026.01.30 20:47:07,UP,5.1,1,10.0,-0.3,302,302
2026.01.30 20:52:09,UP,5.0,2,4.2,-10.0,1082,1825
2026.01.30 21:49:20,DOWN,-5.1,1,10.0,0.0,1195,1195
2026.01.30 22:19:31,DOWN,-5.2,3,8.1,-4.3,178829,178829
2026.02.02 01:13:08,UP,5.1,1,10.1,-6.6,1584,1584
2026.02.02 01:39:32,UP,6.9,2,0.6,-10.0,95,1180
2026.02.02 01:59:12,DOWN,-5.1,2,0.1,-10.1,14,109
2026.02.02 02:04:12,UP,13.9,1,10.2,-1.2,423,423
2026.02.02 02:11:38,UP,5.0,2,2.2,-10.0,377,2643
2026.02.02 03:06:38,DOWN,-5.1,2,5.8,-10.0,481,1727
2026.02.02 03:58:20,UP,5.2,2,2.4,-10.7,180,9390
2026.02.02 07:28:10,DOWN,-5.1,1,10.2,-1.0,1267,1267
2026.02.02 07:49:17,DOWN,-7.3,2,4.1,-10.0,236,4353
2026.02.02 09:03:42,UP,5.1,2,4.6,-10.1,1556,3758
2026.02.02 10:06:20,DOWN,-9.0,2,0.4,-10.0,1,213
2026.02.02 10:22:18,DOWN,-5.1,1,10.2,-4.9,1812,1812
2026.02.02 10:52:30,DOWN,-7.1,2,7.6,-10.2,390,3431
2026.02.02 11:49:41,UP,6.1,1,10.0,-2.8,6494,6494
2026.02.02 13:40:44,DOWN,-5.1,1,10.1,-9.4,3321,3321
2026.02.02 14:38:41,DOWN,-5.1,1,10.0,-2.6,1467,1467
2026.02.02 15:03:08,DOWN,-11.1,1,10.5,-3.6,1708,1708
2026.02.02 15:32:52,DOWN,-5.1,1,10.1,-1.5,2190,2190
2026.02.02 16:09:46,DOWN,-5.1,2,8.8,-10.1,590,1670
2026.02.02 16:37:36,UP,5.6,2,5.8,-12.5,964,1344
2026.02.02 17:00:00,DOWN,-11.3,1,10.3,-6.5,2463,2463
2026.02.02 17:42:39,DOWN,-5.2,2,8.3,-10.1,947,4691
2026.02.02 19:24:18,DOWN,-5.1,1,10.0,-3.5,2316,2316
2026.02.02 20:02:54,DOWN,-7.7,1,10.2,-1.1,709,709
2026.02.02 20:14:43,DOWN,-6.5,2,6.4,-10.1,3347,9929
2026.02.03 00:00:08,DOWN,-5.9,2,0.0,-10.0,0,4626
2026.02.03 09:14:52,UP,5.2,2,5.0,-10.1,2027,3635
2026.02.03 10:19:03,DOWN,-5.1,2,3.1,-10.1,122,1468
2026.02.03 10:43:32,UP,7.7,2,2.5,-10.1,631,1185
2026.02.03 11:03:17,DOWN,-5.6,1,10.0,-5.7,2921,2921
2026.02.03 12:17:59,DOWN,-5.2,2,10.0,-10.1,2698,10075
2026.02.03 15:21:48,DOWN,-5.1,1,10.0,-3.5,2570,2570
2026.02.03 16:04:38,DOWN,-7.9,2,8.2,-10.0,375,2380
2026.02.03 16:44:18,UP,7.8,2,3.0,-10.0,348,1039
2026.02.03 17:06:58,UP,5.1,1,10.1,-0.9,976,976
2026.02.03 17:23:14,UP,5.5,1,10.2,-2.1,2368,2368
2026.02.03 18:23:01,DOWN,-5.0,2,1.0,-10.0,415,1995
2026.02.03 19:01:59,UP,5.0,2,6.2,-10.0,1142,5431
2026.02.03 20:44:17,DOWN,-5.1,2,4.8,-10.0,1060,7856
2026.02.03 23:56:55,DOWN,-5.1,2,9.3,-10.0,7487,13657
2026.02.04 03:44:32,UP,5.2,2,9.9,-10.1,23293,28361
2026.02.04 11:37:14,DOWN,-5.1,1,10.0,-3.2,3315,3315
2026.02.04 12:52:14,UP,5.0,1,10.1,-7.6,6693,6693
2026.02.04 15:15:04,UP,5.3,2,0.1,-10.1,0,161
2026.02.04 15:52:07,UP,5.1,2,4.2,-10.1,670,959
2026.02.04 16:08:06,DOWN,-6.1,2,8.6,-10.1,1474,3174
2026.02.04 17:01:00,UP,6.8,2,1.1,-10.1,5,1300
2026.02.04 17:22:41,DOWN,-5.1,1,10.3,-2.8,592,592
2026.02.04 17:32:34,DOWN,-9.0,1,10.0,-6.8,2771,2771
2026.02.04 18:27:44,UP,5.1,1,10.1,-7.6,2455,2455
2026.02.04 19:27:08,DOWN,-5.2,1,10.2,-5.8,31719,31719
2026.02.05 04:16:40,DOWN,-5.1,2,8.9,-10.0,2802,17572
2026.02.05 10:03:01,UP,5.2,2,4.7,-10.0,978,4283
2026.02.05 11:22:42,DOWN,-5.1,1,10.1,-3.2,2136,2136
2026.02.05 14:00:22,DOWN,-5.1,2,3.1,-10.1,1383,1808
2026.02.05 14:30:43,UP,5.1,1,10.5,-8.0,3563,3563
2026.02.05 15:30:06,UP,7.8,1,10.0,-9.2,2657,2657
2026.02.05 16:14:23,UP,10.3,2,2.4,-10.1,43,319
2026.02.05 16:19:43,DOWN,-11.0,2,0.9,-10.1,5,331
2026.02.05 16:26:48,DOWN,-5.1,1,10.2,-2.8,1261,1261
2026.02.05 16:48:29,DOWN,-5.2,1,10.2,-9.7,2409,2409
2026.02.05 17:28:38,DOWN,-5.1,1,10.0,-2.6,1090,1090
2026.02.05 18:18:29,UP,5.1,1,10.1,-6.1,2015,2015
2026.02.05 19:14:27,DOWN,-5.1,1,10.1,-8.0,12212,12212
2026.02.06 02:18:00,DOWN,-5.1,2,3.6,-10.0,205,2290
2026.02.06 02:58:56,UP,5.0,1,10.4,-3.9,13200,13200
2026.02.06 08:11:42,UP,5.1,2,1.4,-10.0,1198,5633
2026.02.06 10:33:40,UP,5.2,1,10.0,-6.8,17786,17786
2026.02.06 16:24:25,DOWN,-5.1,2,0.0,-10.0,0,484
2026.02.06 16:32:29,UP,6.7,2,6.9,-10.3,1135,3082
2026.02.06 18:12:40,UP,5.1,3,6.6,-7.7,18772,193640
2026.02.09 00:00:30,DOWN,-5.2,2,1.1,-10.0,0,3671
2026.02.09 01:01:41,UP,5.1,1,10.3,-9.9,3717,3717
2026.02.09 02:03:53,UP,5.1,2,1.7,-10.0,520,7134
2026.02.09 04:09:30,DOWN,-5.2,2,0.0,-10.0,0,10050
2026.02.09 08:00:32,UP,5.1,1,10.1,-0.5,39,39
2026.02.09 08:06:10,DOWN,-5.3,2,9.4,-10.1,649,2428
2026.02.09 08:53:01,DOWN,-5.2,2,5.0,-10.1,3713,4692
2026.02.09 10:16:43,UP,5.1,2,1.4,-10.1,13,712
2026.02.09 10:29:38,DOWN,-5.1,2,0.7,-10.1,201,1242
2026.02.09 11:03:34,UP,5.1,2,0.4,-10.1,96,5300
2026.02.09 12:34:22,DOWN,-5.1,2,2.3,-10.0,186,3718
2026.02.09 14:01:38,UP,5.1,1,10.3,-4.5,3595,3595
2026.02.09 15:06:19,UP,5.2,1,10.1,-2.9,1089,1089
2026.02.09 15:24:30,UP,5.1,1,10.0,-6.9,2245,2245
2026.02.09 16:02:31,UP,5.2,1,10.2,-5.0,3449,3449
2026.02.09 17:00:39,UP,5.1,2,3.1,-10.0,29,479
2026.02.09 17:08:38,DOWN,-6.4,1,10.3,-4.6,664,664
2026.02.09 17:19:43,DOWN,-7.2,2,1.1,-10.0,27,760
2026.02.09 17:32:33,UP,5.0,2,2.7,-10.0,1750,2768
2026.02.09 18:19:02,DOWN,-5.1,1,10.1,-0.9,745,745
2026.02.09 18:33:28,DOWN,-5.5,2,1.0,-10.0,0,541
2026.02.09 18:42:31,UP,5.0,1,10.1,-8.8,4903,4903
2026.02.09 20:21:51,DOWN,-5.2,2,1.1,-10.1,3,2089
2026.02.10 00:00:30,DOWN,-5.3,1,10.3,-7.4,12302,12302
2026.02.10 03:34:07,UP,5.1,1,10.1,-1.8,4673,4673
2026.02.10 05:58:21,DOWN,-5.5,1,10.3,-4.0,13194,13194
2026.02.10 10:08:47,DOWN,-5.0,2,6.5,-10.0,864,3689
2026.02.10 11:22:43,UP,5.0,2,1.3,-10.3,467,3607
2026.02.10 14:46:00,DOWN,-5.0,2,5.8,-10.2,915,2719
2026.02.10 15:31:19,UP,10.8,1,10.1,-5.1,2571,2571
2026.02.10 16:33:59,UP,5.0,2,2.3,-10.0,16,594
2026.02.10 16:44:33,DOWN,-5.4,1,10.0,-2.7,1399,1399
2026.02.10 17:34:00,DOWN,-5.1,2,0.5,-10.0,1,923
2026.02.10 17:49:23,UP,5.3,1,10.1,0.0,208,208
2026.02.10 17:54:23,UP,6.5,2,2.5,-10.1,30,1321
2026.02.10 18:16:35,DOWN,-5.6,1,10.7,-5.3,7548,7548
2026.02.11 00:03:10,DOWN,-6.1,2,2.9,-10.0,7185,9988
2026.02.11 04:02:44,UP,5.1,1,10.1,-3.0,2138,2138
2026.02.11 08:13:59,DOWN,-5.0,1,10.5,-8.3,19420,19420
2026.02.11 13:44:25,DOWN,-5.0,1,10.5,-8.1,6147,6147
2026.02.11 15:30:01,DOWN,-14.0,1,18.5,0.0,0,0
2026.02.11 15:35:50,UP,5.0,1,10.3,-1.2,214,214
2026.02.11 15:42:21,DOWN,-5.2,2,6.6,-10.1,306,377
2026.02.11 15:48:38,UP,7.5,2,7.2,-10.1,71,515
2026.02.11 16:00:09,DOWN,-6.0,2,0.2,-10.1,0,63
2026.02.11 16:05:42,UP,5.0,2,3.2,-10.0,661,935
2026.02.11 16:21:17,DOWN,-6.6,1,10.0,-1.1,170,170
2026.02.11 16:33:24,DOWN,-5.0,2,7.0,-10.0,1047,1820
2026.02.11 17:03:44,UP,9.2,2,2.1,-10.2,376,775
2026.02.11 17:16:39,DOWN,-5.1,2,8.2,-10.4,2010,4393
2026.02.11 18:37:47,UP,5.1,1,10.0,-3.7,2111,2111
2026.02.11 20:04:33,UP,5.0,2,0.1,-10.1,1,477
2026.02.11 20:18:50,UP,5.1,2,2.4,-10.3,1709,6377
2026.02.12 00:00:00,UP,5.2,2,0.0,-10.9,0,129
2026.02.12 03:23:14,DOWN,-5.4,2,2.8,-10.1,652,2516
2026.02.12 06:44:18,DOWN,-5.1,1,10.5,-5.5,6540,6540
2026.02.12 08:38:40,UP,5.1,1,10.1,-1.8,2382,2382
2026.02.12 09:18:44,UP,5.1,1,10.1,-1.5,3023,3023
2026.02.12 10:49:45,UP,5.1,1,10.2,-0.7,1512,1512
2026.02.12 11:40:37,DOWN,-6.6,1,10.1,-8.9,11629,11629
2026.02.12 14:59:52,UP,5.1,1,10.0,-1.6,2274,2274
2026.02.12 16:14:10,DOWN,-5.2,2,5.0,-10.0,36,6619
2026.02.12 18:11:57,DOWN,-5.1,1,10.2,-0.1,132,132
2026.02.12 18:34:39,UP,5.1,2,8.1,-10.0,545,1877
2026.02.12 19:05:56,DOWN,-5.4,2,0.3,-10.1,0,621
2026.02.12 19:16:39,UP,5.0,2,5.8,-10.1,345,2344
2026.02.12 21:52:08,UP,5.4,2,3.3,-10.0,18557,32382
2026.02.13 09:43:53,UP,5.1,1,10.1,-1.0,4507,4507
2026.02.13 15:30:01,UP,6.1,1,10.2,0.0,5,5
2026.02.13 15:37:40,DOWN,-5.2,2,9.8,-10.0,479,1161
2026.02.13 15:57:01,UP,5.8,2,0.6,-10.0,7,267
2026.02.13 16:08:16,DOWN,-5.3,1,10.1,-6.1,6160,6160
2026.02.13 17:56:09,DOWN,-5.1,2,7.4,-10.1,222,1625
2026.02.13 18:23:38,UP,5.0,1,10.2,-1.0,2865,2865
2026.02.13 19:13:04,UP,5.1,2,3.9,-10.2,159,7000
2026.02.16 00:00:51,UP,5.9,2,0.4,-10.2,1,75
2026.02.16 02:29:34,DOWN,-5.2,1,11.1,-8.6,44738,44738
2026.02.16 16:37:14,DOWN,-5.1,1,10.5,-1.9,10693,10693
2026.02.16 19:43:05,DOWN,-5.7,2,0.2,-10.1,0,6662
2026.02.17 02:44:51,DOWN,-5.2,1,10.1,-5.6,25504,25504
2026.02.17 10:19:26,UP,5.1,1,10.0,-2.6,3563,3563
2026.02.17 13:56:09,DOWN,-5.1,1,10.0,-7.1,6427,6427
2026.02.17 15:43:16,DOWN,-5.6,1,10.1,-9.3,6297,6297
2026.02.17 18:07:15,UP,5.1,1,10.0,-2.8,869,869
2026.02.17 18:36:30,UP,5.2,1,10.1,-6.4,6423,6423
2026.02.17 20:32:48,DOWN,-6.3,2,0.0,-10.2,0,748
2026.02.18 11:09:54,UP,5.0,2,0.0,-10.0,0,1919
2026.02.18 11:41:53,DOWN,-5.5,2,0.5,-10.1,0,1403
2026.02.18 12:34:41,DOWN,-5.1,2,4.6,-10.1,2128,7134
2026.02.18 15:04:04,UP,5.1,2,3.7,-10.4,256,1856
2026.02.18 15:47:13,DOWN,-5.2,1,10.2,-5.7,2085,2085
2026.02.18 16:21:58,DOWN,-5.8,2,3.7,-10.0,115,2570
2026.02.18 17:04:49,UP,10.7,2,0.9,-10.2,5,1034
2026.02.18 17:24:39,DOWN,-5.4,2,1.0,-10.0,0,668
2026.02.18 17:51:41,DOWN,-5.1,1,10.9,-5.5,2310,2310
2026.02.18 18:38:50,DOWN,-5.5,1,10.7,-4.5,5956,5956
2026.02.18 20:21:25,DOWN,-5.1,1,11.9,-2.3,3694,3694
2026.02.19 00:21:48,DOWN,-5.1,2,1.6,-10.0,1,3196
2026.02.19 10:19:30,UP,5.1,2,4.4,-10.2,2940,7195
2026.02.19 12:19:38,DOWN,-5.8,1,10.2,-4.3,4128,4128
2026.02.19 13:28:26,DOWN,-7.8,1,10.1,-5.4,5206,5206
2026.02.19 15:01:32,DOWN,-5.2,1,10.3,-1.2,466,466
2026.02.19 15:09:18,DOWN,-6.7,2,2.4,-10.0,96,1112
2026.02.19 15:30:02,DOWN,-5.2,2,3.5,-10.1,953,1793
2026.02.19 16:00:52,DOWN,-5.1,1,10.1,-2.7,780,780
2026.02.19 16:14:25,DOWN,-5.1,2,7.5,-10.2,647,2858
2026.02.19 17:02:03,UP,7.9,1,10.0,-0.8,394,394
2026.02.19 17:08:37,UP,8.2,2,5.9,-10.1,2408,3543
2026.02.19 18:07:40,DOWN,-7.0,2,1.3,-10.1,38,1834
2026.02.19 18:52:59,DOWN,-5.3,2,4.4,-10.0,632,4812
2026.02.19 20:58:31,DOWN,-5.1,1,10.1,-9.7,24307,24307
2026.02.20 09:42:21,DOWN,-5.3,1,10.2,-2.4,1582,1582
2026.02.20 10:08:43,DOWN,-5.2,2,2.0,-10.0,231,1008
2026.02.20 10:30:00,UP,5.3,1,10.2,-3.7,15757,15757
2026.02.20 15:27:58,UP,5.2,2,8.4,-10.0,125,302
2026.02.20 15:33:00,DOWN,-11.7,2,8.4,-10.2,3992,5295
2026.02.20 17:01:15,UP,7.1,1,10.1,-4.3,27,27
2026.02.20 17:06:15,DOWN,-7.3,2,2.4,-10.0,7,76
2026.02.20 17:12:26,UP,5.2,1,10.3,0.0,56,56
2026.02.20 17:18:03,UP,5.0,2,7.0,-10.0,47,917
2026.02.20 17:33:20,DOWN,-9.0,1,10.0,-8.5,3055,3055
2026.02.20 18:24:15,DOWN,-6.9,1,10.0,-4.8,3290,3290
2026.02.20 19:19:05,DOWN,-6.1,2,4.6,-10.2,345,1847
2026.02.20 19:57:12,DOWN,-5.2,2,2.0,-10.0,268,1666
2026.02.20 20:24:59,UP,7.1,2,10.0,-10.1,824,3782
2026.02.20 23:44:39,DOWN,-5.0,3,3.2,-7.8,850,173721
2026.02.23 00:00:31,UP,10.5,1,10.2,-2.3,4414,4414
2026.02.23 01:14:40,UP,5.1,1,11.1,-2.4,406,406
2026.02.23 01:21:26,UP,10.6,1,10.1,-2.1,1064,1064
2026.02.23 01:39:10,UP,7.3,2,8.8,-10.1,1135,20142
2026.02.23 10:03:55,DOWN,-5.2,1,10.0,-4.6,2772,2772
2026.02.23 11:16:55,DOWN,-5.3,1,10.0,-7.2,6601,6601
2026.02.23 13:29:14,DOWN,-5.1,1,10.2,0.0,3132,3132
2026.02.23 14:24:03,DOWN,-5.1,2,1.7,-10.4,41,3175
2026.02.23 15:19:29,UP,5.1,1,10.0,-3.4,3373,3373
2026.02.23 16:57:22,UP,5.1,2,3.4,-10.1,802,3189
2026.02.23 17:52:41,DOWN,-5.3,2,4.6,-10.1,731,2839
2026.02.23 19:13:07,DOWN,-5.1,1,10.1,-3.2,8806,8806
2026.02.24 00:00:56,UP,5.1,2,6.3,-10.1,9379,11743
2026.02.24 03:26:56,DOWN,-5.1,2,1.1,-10.2,277,1481
2026.02.24 07:59:45,UP,5.2,1,10.2,-9.1,12327,12327
2026.02.24 14:57:35,UP,5.0,2,1.4,-10.0,8,2270
2026.02.24 16:57:06,UP,5.1,1,10.0,-9.8,4507,4507
2026.02.25 05:14:31,DOWN,-5.1,2,0.9,-10.1,17,6452
2026.02.25 15:27:20,DOWN,-5.1,2,10.0,-10.1,1894,6007
2026.02.25 17:13:55,UP,5.3,1,10.0,-7.6,2964,2964
2026.02.25 18:03:19,UP,5.7,1,10.1,-8.2,29852,29852
2026.02.26 09:02:56,DOWN,-5.1,1,10.1,-4.4,3893,3893
2026.02.26 15:08:53,UP,5.0,2,4.0,-10.0,754,2101
2026.02.26 15:43:54,DOWN,-7.6,2,0.6,-10.1,1460,3952
2026.02.26 17:15:54,DOWN,-5.1,1,10.0,-1.1,525,525
2026.02.26 17:24:39,DOWN,-8.2,1,10.1,0.0,205,205
2026.02.26 17:29:39,DOWN,-9.2,2,2.7,-10.1,102,639
2026.02.26 17:57:30,UP,5.1,2,1.6,-10.1,170,1104
2026.02.26 18:23:20,UP,5.1,2,0.4,-10.0,97,3219
2026.02.26 19:19:16,DOWN,-5.3,2,8.4,-10.1,1815,7986
2026.02.27 09:44:26,UP,5.1,1,10.1,-0.8,1364,1364
2026.02.27 10:14:35,DOWN,-5.0,1,10.1,-3.8,3240,3240
2026.02.27 11:57:03,DOWN,-5.0,2,2.8,-10.0,93,8292
2026.02.27 15:30:01,DOWN,-5.1,2,7.6,-10.1,1134,3857
2026.02.27 16:34:18,UP,6.5,2,7.3,-10.1,258,1382
2026.02.27 16:57:52,DOWN,-5.0,2,0.9,-10.1,30,553
2026.02.27 17:07:05,UP,5.2,1,10.0,-8.9,1889,1889
2026.02.27 17:38:34,UP,5.7,2,0.5,-10.0,10,552
2026.02.27 17:47:46,DOWN,-6.2,2,6.3,-10.0,225,1083
2026.02.27 18:31:33,UP,5.1,2,5.7,-10.0,2269,7134
2026.02.27 22:57:35,DOWN,-5.1,1,45.9,-0.9,176545,176545
2026.03.02 00:00:01,DOWN,-41.8,1,10.7,-0.1,982,982
2026.03.02 00:16:59,DOWN,-5.4,2,2.5,-10.3,176,1422
2026.03.02 00:40:41,UP,6.9,1,10.1,-3.7,1571,1571
2026.03.02 01:08:42,UP,5.3,2,3.8,-10.4,36,415
2026.03.02 01:15:45,DOWN,-5.1,1,10.1,-6.4,825,825
2026.03.02 01:29:30,DOWN,-6.3,2,6.4,-10.1,1875,2909
2026.03.02 02:18:14,UP,5.5,2,0.4,-10.1,0,999
2026.03.02 02:59:21,UP,5.4,1,10.0,0.0,651,651
2026.03.02 03:10:21,UP,5.1,2,9.7,-10.0,8259,14604
2026.03.02 07:59:29,DOWN,-5.1,1,10.1,-0.4,764,764
2026.03.02 08:12:39,DOWN,-5.1,1,10.0,-2.8,661,661
2026.03.02 08:23:41,DOWN,-8.2,1,10.3,0.0,982,982
2026.03.02 08:40:20,DOWN,-5.2,1,10.2,-7.2,2250,2250
2026.03.02 09:18:17,DOWN,-5.4,1,10.0,-8.2,1709,1709
2026.03.02 09:46:46,DOWN,-6.2,2,5.8,-10.1,289,816
2026.03.02 10:01:44,UP,5.1,2,1.8,-10.0,31,437
2026.03.02 10:09:02,DOWN,-5.0,1,10.1,-6.6,1315,1315
2026.03.02 10:38:36,DOWN,-5.1,2,0.3,-10.2,2,198
2026.03.02 10:43:37,UP,10.3,1,10.1,-0.8,483,483
2026.03.02 10:51:57,UP,5.1,1,10.2,-1.5,788,788
2026.03.02 11:05:38,UP,5.2,1,10.0,-4.8,4649,4649
2026.03.02 12:47:17,DOWN,-5.1,1,10.2,-0.6,1755,1755
2026.03.02 13:19:26,DOWN,-5.1,2,2.7,-10.0,652,1719
2026.03.02 13:48:05,UP,5.1,2,2.4,-10.3,94,1093
2026.03.02 14:06:39,DOWN,-5.1,1,10.1,-2.3,891,891
2026.03.02 14:44:18,DOWN,-5.1,1,10.3,0.0,669,669
2026.03.02 15:00:59,UP,5.1,2,1.2,-10.0,12,460
2026.03.02 15:09:24,DOWN,-5.1,2,1.3,-10.1,23,388
2026.03.02 15:17:57,UP,5.0,2,7.9,-10.0,655,1592
2026.03.02 15:47:57,UP,5.1,2,1.8,-10.2,11,543
2026.03.02 16:05:22,UP,5.1,1,10.1,-3.8,1618,1618
2026.03.02 16:32:20,UP,7.9,1,10.1,-1.2,1134,1134
2026.03.02 16:51:42,UP,5.1,2,0.0,-10.4,0,498
2026.03.02 17:00:00,DOWN,-5.1,1,10.1,-3.9,1332,1332
2026.03.02 17:35:55,DOWN,-5.1,1,10.4,-0.8,648,648
2026.03.02 17:46:43,DOWN,-7.5,1,10.2,-5.3,863,863
2026.03.02 18:18:39,DOWN,-5.1,2,2.1,-10.1,116,1323
2026.03.02 18:40:43,UP,5.1,1,10.1,-1.0,1533,1533
2026.03.02 19:23:12,UP,5.1,2,4.6,-10.0,2169,3731
2026.03.02 20:49:18,UP,5.1,1,10.0,-1.1,1432,1432
2026.03.02 22:07:18,DOWN,-5.2,1,10.1,-0.9,102,102
2026.03.02 22:12:20,DOWN,-5.0,2,7.4,-10.3,187,11014
2026.03.03 02:04:31,DOWN,-5.3,2,2.8,-10.0,2113,4261
2026.03.03 03:21:52,UP,5.1,2,2.3,-10.2,226,2309
2026.03.03 04:02:16,DOWN,-5.2,1,10.3,-7.4,10104,10104
2026.03.03 07:14:44,DOWN,-5.4,1,10.5,-3.3,1528,1528
2026.03.03 09:02:23,DOWN,-5.0,1,10.1,-4.3,1742,1742
2026.03.03 09:41:32,DOWN,-5.2,2,1.2,-10.2,1,248
2026.03.03 09:57:53,DOWN,-5.1,1,10.5,-1.5,900,900
2026.03.03 10:12:53,DOWN,-10.0,1,10.2,-4.1,1689,1689
2026.03.03 10:41:26,DOWN,-5.1,1,10.2,-7.0,2567,2567
2026.03.03 11:24:13,DOWN,-12.0,1,10.1,-6.6,1412,1412
2026.03.03 11:47:53,DOWN,-5.1,2,2.4,-10.0,290,890
2026.03.03 12:02:43,UP,6.0,2,1.5,-10.1,30,464
2026.03.03 12:21:02,UP,5.1,2,2.9,-10.9,37,1025
2026.03.03 12:38:07,DOWN,-7.5,1,10.0,-9.6,2155,2155
2026.03.03 13:23:23,UP,5.1,1,10.0,-4.6,1349,1349
2026.03.03 13:46:25,UP,5.0,1,10.1,-9.2,2092,2092
2026.03.03 14:21:17,UP,6.3,2,6.0,-10.0,2273,3637
2026.03.03 15:43:24,DOWN,-5.1,1,10.4,-8.4,1850,1850
2026.03.03 16:14:14,DOWN,-5.7,1,10.1,-0.4,644,644
2026.03.03 16:24:58,DOWN,-8.0,2,7.7,-10.1,69,516
2026.03.03 16:33:35,UP,9.5,2,0.5,-10.1,1,496
2026.03.03 16:41:51,DOWN,-6.1,1,10.1,-4.2,1348,1348
2026.03.03 17:08:07,DOWN,-5.1,1,10.0,-0.4,343,343
2026.03.03 17:13:50,DOWN,-5.1,1,10.2,-1.9,263,263
2026.03.03 17:18:50,DOWN,-14.3,2,4.6,-10.1,112,239
2026.03.03 17:23:50,UP,13.3,1,10.2,-0.7,433,433
2026.03.03 17:31:03,UP,5.2,1,10.5,-1.8,199,199
2026.03.03 17:36:31,UP,5.1,1,10.4,-3.7,256,256
2026.03.03 17:41:31,UP,8.6,2,1.5,-10.1,12,138
2026.03.03 17:47:03,UP,5.1,2,0.8,-10.0,59,974
2026.03.03 18:04:02,UP,5.0,1,10.1,-2.9,626,626
2026.03.03 18:14:28,UP,7.1,1,10.1,-8.7,1883,1883
2026.03.03 18:45:51,UP,6.0,2,8.3,-10.1,809,1962
2026.03.03 19:22:59,UP,5.1,1,10.1,-7.2,2741,2741
2026.03.03 20:08:40,UP,8.3,1,10.0,-5.4,1804,1804
2026.03.03 20:38:44,UP,7.8,2,6.6,-10.0,161,1943
2026.03.03 21:17:35,DOWN,-5.1,2,4.2,-10.1,1154,1221
2026.03.03 21:37:56,UP,12.6,1,10.0,-2.3,220,220
2026.03.03 21:42:57,UP,8.2,2,0.4,-10.1,150,800
2026.03.03 21:57:06,DOWN,-5.1,2,2.1,-10.0,315,1497
2026.03.03 22:48:52,DOWN,-5.2,1,10.1,-6.3,11798,11798
2026.03.04 02:22:43,DOWN,-5.2,1,10.0,-4.1,1362,1362
2026.03.04 03:17:57,DOWN,-5.2,1,10.0,-0.4,431,431
2026.03.04 03:36:28,UP,5.1,1,10.0,0.0,474,474
2026.03.04 03:44:28,UP,5.2,1,10.2,-2.1,3968,3968
2026.03.04 07:49:28,UP,5.1,1,10.1,-3.8,2192,2192
2026.03.04 08:26:08,UP,5.1,1,10.1,-0.2,742,742
2026.03.04 09:16:48,UP,5.1,2,6.5,-10.0,911,2727
2026.03.04 10:02:18,DOWN,-5.1,1,10.1,-2.6,1545,1545
2026.03.04 10:28:39,DOWN,-5.0,2,7.3,-10.2,2036,2805
2026.03.04 11:15:50,UP,5.1,1,10.3,-5.7,3150,3150
2026.03.04 12:08:20,UP,6.5,1,11.1,0.0,18,18
2026.03.04 12:13:20,DOWN,-8.0,2,9.7,-10.0,1281,3700
2026.03.04 13:24:56,UP,5.1,2,0.6,-10.1,7,173
2026.03.04 13:29:57,DOWN,-10.1,1,10.1,-1.4,1270,1270
2026.03.04 14:03:39,UP,5.1,2,8.4,-10.1,695,3102
2026.03.04 14:55:50,DOWN,-5.3,2,1.8,-10.1,2,364
2026.03.04 15:01:54,UP,7.5,1,10.1,-1.4,381,381
2026.03.04 15:08:15,UP,5.9,2,4.2,-10.1,72,936
2026.03.04 15:23:51,DOWN,-6.0,1,10.0,-7.7,2363,2363
2026.03.04 16:05:58,UP,5.1,2,7.3,-10.0,871,1788
2026.03.04 16:35:46,DOWN,-13.0,2,7.3,-10.1,1833,2962
2026.03.04 17:26:53,UP,5.0,2,7.5,-10.0,2565,3466
2026.03.04 18:24:39,DOWN,-6.5,2,0.1,-10.1,9,780
2026.03.04 19:04:04,UP,5.0,2,1.6,-10.0,79,1050
2026.03.04 19:21:36,DOWN,-5.3,2,8.6,-10.0,5849,11618
2026.03.05 00:04:14,DOWN,-5.6,2,1.8,-10.0,33,3486
2026.03.05 01:03:58,UP,5.1,2,8.2,-10.0,8764,10005
2026.03.05 04:23:04,DOWN,-5.1,1,10.1,-4.3,3366,3366
2026.03.05 06:29:53,DOWN,-5.3,1,10.1,-6.6,5185,5185
2026.03.05 08:08:54,DOWN,-5.1,2,1.4,-10.0,547,1778
2026.03.05 08:49:47,UP,5.3,1,10.3,-2.2,34,34
2026.03.05 08:54:47,DOWN,-6.7,2,4.8,-10.0,1325,2696
2026.03.05 09:53:54,DOWN,-5.0,1,10.1,-4.9,624,624
2026.03.05 10:04:18,DOWN,-11.1,1,10.1,-8.0,1500,1500
2026.03.05 10:29:18,DOWN,-5.4,2,1.8,-10.1,80,731
2026.03.05 11:03:45,UP,5.1,1,10.0,-0.4,132,132
2026.03.05 11:08:45,UP,33.5,2,4.0,-10.1,13,105
2026.03.05 11:14:50,UP,5.0,2,3.5,-10.0,40,148
2026.03.05 11:19:50,DOWN,-13.7,2,1.2,-10.0,66,325
2026.03.05 11:26:11,DOWN,-5.1,1,10.0,-1.6,779,779
2026.03.05 11:39:44,DOWN,-5.1,2,2.8,-10.1,25,1289
2026.03.05 12:01:13,UP,5.3,2,3.7,-10.2,450,1832
2026.03.05 12:31:53,DOWN,-5.0,1,10.1,-2.7,3989,3989
2026.03.05 14:19:28,UP,5.1,1,10.1,0.0,86,86
2026.03.05 14:33:06,UP,5.1,2,2.8,-10.1,439,1110
2026.03.05 14:52:23,DOWN,-5.3,2,0.8,-10.0,72,240
2026.03.05 14:57:23,UP,6.6,2,3.5,-10.1,874,2014
2026.03.05 15:31:41,DOWN,-5.1,1,10.0,-4.0,781,781
2026.03.05 15:48:17,DOWN,-5.1,2,3.5,-10.0,44,907
2026.03.05 16:03:24,UP,5.6,2,5.6,-10.2,484,2526
2026.03.05 16:48:04,UP,5.0,2,9.1,-10.1,970,1882
2026.03.05 17:19:26,DOWN,-11.1,1,10.1,-3.8,485,485
2026.03.05 17:27:31,DOWN,-7.5,1,10.1,-3.1,655,655
2026.03.05 17:38:26,DOWN,-12.1,2,0.5,-10.0,362,898
2026.03.05 17:53:24,UP,8.1,2,7.2,-10.0,599,792
2026.03.05 18:06:36,DOWN,-5.6,1,10.0,-6.3,1219,1219
2026.03.05 18:31:56,UP,5.0,1,10.1,0.0,522,522
2026.03.05 18:43:38,UP,5.1,1,10.2,-7.8,3379,3379
2026.03.05 19:39:57,UP,15.9,2,2.1,-10.1,49,482
2026.03.05 19:47:59,DOWN,-5.5,2,1.4,-10.1,29,787
2026.03.05 20:17:16,DOWN,-5.0,2,9.0,-10.0,224,1545
2026.03.05 20:46:02,DOWN,-5.1,1,10.1,-4.0,2697,2697
2026.03.05 21:32:36,DOWN,-5.1,2,3.1,-10.3,1363,2180
2026.03.05 22:08:56,UP,6.0,1,10.1,-0.3,105,105
2026.03.05 22:13:56,UP,10.0,1,10.4,-3.3,784,784
2026.03.05 22:27:00,UP,6.5,1,10.0,-9.8,19613,19613
2026.03.06 07:46:19,DOWN,-5.0,1,10.1,-7.6,11757,11757
2026.03.06 11:03:41,DOWN,-5.1,1,10.1,-1.7,844,844
2026.03.06 11:52:56,DOWN,-5.0,2,0.0,-10.0,0,879
2026.03.06 12:29:26,UP,5.3,2,0.7,-10.0,0,2169
2026.03.06 13:08:53,DOWN,-5.2,2,4.6,-10.0,80,322
2026.03.06 13:14:15,UP,12.7,2,0.5,-10.1,26,1628
2026.03.06 13:43:23,DOWN,-5.2,1,10.1,-2.6,1572,1572
2026.03.06 14:17:39,UP,5.1,1,10.1,-1.4,1026,1026
2026.03.06 14:34:46,UP,5.5,2,0.8,-10.0,437,889
2026.03.06 14:49:35,DOWN,-6.7,2,4.0,-10.3,616,2426
2026.03.06 15:30:01,UP,11.1,1,11.8,0.0,0,0
2026.03.06 15:35:51,DOWN,-5.1,1,10.0,-7.9,708,708
2026.03.06 15:47:39,DOWN,-14.8,1,10.2,-3.4,206,206
2026.03.06 15:52:39,DOWN,-6.6,1,10.1,-3.4,82,82
2026.03.06 15:58:00,DOWN,-5.1,2,8.7,-10.0,1516,1954
2026.03.06 16:30:35,UP,7.2,2,3.7,-10.1,112,443
2026.03.06 16:37:58,DOWN,-11.1,2,0.7,-10.3,13,146
2026.03.06 16:42:59,UP,5.1,1,10.0,-3.0,1032,1032
2026.03.06 17:00:15,UP,5.3,1,10.1,0.0,46,46
2026.03.06 17:05:33,DOWN,-5.0,2,5.9,-10.0,249,584
2026.03.06 17:19:38,DOWN,-5.1,1,10.1,-4.3,520,520
2026.03.06 17:28:18,DOWN,-12.5,2,2.3,-10.1,70,179
2026.03.06 17:33:18,UP,5.2,2,4.3,-10.0,153,1157
2026.03.06 17:56:10,UP,5.0,1,10.2,-3.3,482,482
2026.03.06 18:04:12,UP,10.4,1,10.1,-0.3,251,251
2026.03.06 18:09:55,UP,5.1,1,10.0,-10.0,1653,1653
2026.03.06 18:37:29,UP,9.4,2,5.3,-10.1,552,1854
2026.03.06 19:08:24,DOWN,-8.2,2,2.0,-10.1,526,839
2026.03.06 19:22:23,UP,5.3,2,1.8,-10.1,10,197
2026.03.06 19:27:24,DOWN,-5.0,2,2.7,-10.0,787,2655
2026.03.06 20:12:30,UP,5.1,1,10.0,-1.1,489,489
2026.03.06 20:22:29,DOWN,-5.3,1,10.0,-1.0,859,859
2026.03.06 20:37:22,DOWN,-5.2,2,8.9,-10.1,1035,8799
2026.03.06 23:04:01,UP,5.7,2,6.6,-65.1,3253,176159
2026.03.09 00:00:00,DOWN,-70.4,1,10.1,-5.2,503,503
2026.03.09 00:08:23,DOWN,-6.4,1,10.0,-1.7,454,454
2026.03.09 00:17:01,UP,5.1,1,10.0,-2.2,302,302
2026.03.09 00:22:03,UP,7.7,2,4.9,-10.7,113,708
2026.03.09 00:33:51,DOWN,-7.0,1,10.4,-6.7,4055,4055
2026.03.09 02:33:47,UP,5.1,2,5.7,-10.0,187,1630
2026.03.09 03:01:07,DOWN,-5.0,2,3.5,-10.3,1222,1972
2026.03.09 03:33:59,UP,8.7,2,1.0,-10.0,1,1000
2026.03.09 03:52:02,DOWN,-5.1,2,3.0,-10.1,34,1167
2026.03.09 04:17:38,DOWN,-5.2,2,1.2,-10.0,99,1111
2026.03.09 04:37:52,UP,5.2,2,5.5,-10.1,1363,3855
2026.03.09 06:08:24,UP,5.1,1,10.2,-4.8,3478,3478
2026.03.09 07:06:22,UP,5.2,1,10.2,-6.0,926,926
2026.03.09 07:21:48,UP,15.4,1,10.1,0.0,25,25
2026.03.09 07:31:18,UP,5.1,2,2.3,-10.0,15,179
2026.03.09 07:39:15,DOWN,-5.1,2,0.6,-10.0,11,398
2026.03.09 07:46:26,UP,5.1,1,10.0,-0.4,120,120
2026.03.09 07:52:14,UP,5.4,2,1.0,-10.0,112,672
2026.03.09 08:03:26,DOWN,-6.9,1,10.0,-7.8,2914,2914
2026.03.09 08:52:44,DOWN,-5.1,1,10.0,-4.3,653,653
2026.03.09 09:03:37,DOWN,-6.2,2,3.3,-10.3,131,218
2026.03.09 09:08:38,UP,12.8,2,2.8,-10.1,95,528
2026.03.09 09:17:29,DOWN,-5.1,2,1.5,-10.1,13,752
2026.03.09 09:34:56,UP,5.2,2,8.8,-10.1,1535,2421
2026.03.09 10:16:08,DOWN,-5.0,1,10.2,-2.1,353,353
2026.03.09 10:22:01,DOWN,-5.8,1,10.0,-1.6,432,432
2026.03.09 10:29:13,DOWN,-8.0,2,9.2,-10.0,425,1834
2026.03.09 10:59:47,UP,5.8,1,10.0,-3.7,984,984
2026.03.09 11:17:00,UP,5.1,1,10.4,-2.4,936,936
2026.03.09 11:32:37,UP,10.3,1,10.0,-2.1,103,103
2026.03.09 11:37:37,DOWN,-6.3,1,10.3,-4.7,2196,2196
2026.03.09 12:14:37,DOWN,-5.3,2,1.2,-10.1,614,812
2026.03.09 12:28:09,UP,9.5,1,10.1,-6.6,5688,5688
2026.03.09 14:02:57,UP,7.0,2,0.3,-10.2,3,2248
2026.03.09 15:10:55,UP,5.2,1,10.1,-0.1,869,869
2026.03.09 15:25:31,UP,5.1,1,10.1,-0.7,324,324
2026.03.09 15:30:55,UP,6.2,2,3.8,-10.0,347,721
2026.03.09 15:42:56,DOWN,-7.2,1,10.1,-8.8,1384,1384
2026.03.09 16:06:01,DOWN,-13.5,1,10.1,-0.2,37,37
2026.03.09 16:11:09,DOWN,-5.1,2,2.4,-10.2,52,231
2026.03.09 16:16:39,UP,5.2,1,10.1,-5.2,1752,1752
2026.03.09 16:51:48,UP,5.1,1,10.0,-5.8,1396,1396
2026.03.09 17:18:12,DOWN,-5.1,2,2.7,-10.1,67,2152
2026.03.09 17:54:47,UP,5.1,2,7.5,-10.0,3227,4886
2026.03.09 20:12:56,UP,5.0,1,10.1,-8.3,3990,3990
2026.03.09 21:19:27,UP,11.4,1,10.3,-0.8,25,25
2026.03.09 21:24:27,UP,5.8,1,10.1,-1.2,139,139
2026.03.09 21:30:21,DOWN,-5.2,2,5.5,-10.0,44,852
2026.03.09 21:47:48,UP,5.2,2,4.7,-10.0,133,359
2026.03.09 21:53:47,DOWN,-12.6,1,10.0,-1.9,358,358
2026.03.09 21:59:45,DOWN,-9.4,2,0.6,-10.2,6,1671
2026.03.09 22:44:35,UP,5.1,1,10.5,-0.5,753,753
2026.03.09 22:57:08,UP,5.9,1,10.0,-3.6,4675,4675
2026.03.10 00:16:00,DOWN,-5.1,1,10.1,-0.8,455,455
2026.03.10 00:23:35,DOWN,-6.1,1,10.1,-3.3,4722,4722
2026.03.10 01:44:24,DOWN,-5.0,2,5.7,-10.0,1252,2329
2026.03.10 02:36:14,UP,5.1,2,4.2,-10.1,225,2729
2026.03.10 03:27:52,DOWN,-5.0,2,2.8,-10.0,1182,3296
2026.03.10 04:37:43,DOWN,-5.0,1,10.1,-2.5,4173,4173
2026.03.10 07:03:34,UP,5.1,1,10.1,-2.5,4191,4191
2026.03.10 08:38:45,UP,5.1,1,10.2,-7.3,2990,2990
2026.03.10 09:29:07,UP,5.1,1,10.1,-4.2,1202,1202
2026.03.10 09:49:42,UP,5.1,2,6.0,-10.0,148,3791
2026.03.10 10:52:53,DOWN,-8.0,2,4.3,-10.1,392,1373
2026.03.10 11:47:09,DOWN,-5.1,1,10.1,-3.8,1822,1822
2026.03.10 12:32:07,DOWN,-5.0,1,10.1,-0.9,257,257
2026.03.10 12:37:07,DOWN,-8.5,2,5.1,-10.0,49,353
2026.03.10 12:43:00,UP,6.7,1,10.1,-4.3,1299,1299
2026.03.10 13:04:39,UP,6.4,2,7.1,-10.2,35,3424
2026.03.10 14:03:46,DOWN,-5.1,1,10.2,-1.1,218,218
2026.03.10 14:08:46,DOWN,-10.3,2,1.2,-10.0,27,2185
2026.03.10 14:45:43,UP,5.0,1,10.2,-2.1,2126,2126
2026.03.10 15:23:35,UP,5.1,2,1.0,-10.3,6,596
2026.03.10 15:33:31,DOWN,-7.0,1,10.1,-4.4,2170,2170
2026.03.10 16:17:58,UP,5.1,1,10.0,-1.7,1456,1456
2026.03.10 16:43:46,UP,5.1,2,5.7,-10.0,3740,4945
2026.03.10 18:32:40,UP,5.0,1,10.1,-7.4,2294,2294
2026.03.10 19:12:59,DOWN,-5.2,2,1.5,-10.1,23,295
2026.03.10 19:17:59,UP,8.8,2,3.5,-10.1,580,951
2026.03.10 19:33:50,DOWN,-5.8,1,10.0,-1.0,635,635
2026.03.10 20:09:26,DOWN,-5.0,1,10.1,-3.9,326,326
2026.03.10 20:14:52,DOWN,-10.0,1,10.1,-1.7,135,135
2026.03.10 20:19:52,DOWN,-13.5,2,2.1,-10.0,8,410
2026.03.10 20:26:45,UP,5.0,1,10.1,-0.7,98,98
2026.03.10 20:31:49,UP,5.1,2,0.3,-10.1,0,221
2026.03.10 20:36:49,DOWN,-5.6,1,10.1,-3.7,1501,1501
2026.03.10 21:21:29,DOWN,-5.1,1,10.2,-3.5,1143,1143
2026.03.10 21:40:32,DOWN,-5.2,2,2.9,-10.1,1,231
2026.03.10 21:49:05,DOWN,-5.1,2,6.4,-10.1,10733,15825
2026.03.11 02:12:50,UP,7.1,1,10.0,-6.9,9509,9509
2026.03.11 08:48:52,DOWN,-5.1,2,3.2,-10.0,1017,1582
2026.03.11 09:15:14,UP,12.9,2,4.6,-10.0,3,286
2026.03.11 09:20:43,DOWN,-5.2,1,10.1,-4.5,1362,1362
2026.03.11 09:43:44,DOWN,-5.2,1,10.0,-7.1,3751,3751
2026.03.11 10:59:07,UP,5.1,2,1.6,-10.2,56,163
2026.03.11 11:04:07,DOWN,-20.7,2,1.5,-10.0,4,344
2026.03.11 11:09:51,UP,7.4,2,3.8,-10.0,268,1046
2026.03.11 11:27:17,DOWN,-5.1,2,1.7,-10.3,1660,2885
2026.03.11 13:19:18,DOWN,-5.1,1,10.1,-7.3,4458,4458
2026.03.11 14:33:36,DOWN,-8.8,1,10.0,-5.4,1048,1048
2026.03.11 14:51:40,DOWN,-5.0,2,3.7,-10.0,162,2000
2026.03.11 15:27:20,DOWN,-5.1,2,7.4,-10.0,1150,1997
2026.03.11 16:00:38,UP,5.1,1,10.4,-2.4,38,38
2026.03.11 16:05:40,UP,5.0,2,3.7,-10.0,21,182
2026.03.11 16:34:06,DOWN,-5.1,1,10.2,-7.0,1717,1717
2026.03.11 17:02:44,DOWN,-5.1,1,10.2,-3.7,3360,3360
2026.03.11 17:58:45,DOWN,-5.9,1,10.0,-10.0,23769,23769
2026.03.12 02:07:49,DOWN,-5.0,2,1.6,-10.0,430,1938
2026.03.12 03:04:07,UP,5.1,2,4.6,-10.0,2110,5149
2026.03.12 07:03:09,UP,5.1,1,10.1,-2.1,4068,4068
2026.03.12 08:14:19,DOWN,-5.1,2,0.4,-10.0,2,3591
2026.03.12 09:34:17,DOWN,-5.0,2,3.3,-10.0,888,1643
2026.03.12 10:54:31,DOWN,-5.1,2,0.1,-10.0,0,1883
2026.03.12 12:17:16,DOWN,-5.1,2,3.1,-10.1,666,4781
2026.03.12 13:37:44,UP,5.1,2,0.2,-10.1,0,838
2026.03.12 13:52:03,DOWN,-5.0,1,10.1,-2.8,1524,1524
2026.03.12 14:19:27,DOWN,-5.0,1,10.1,-8.7,3594,3594
2026.03.12 15:19:21,DOWN,-7.8,1,10.0,-1.0,105,105
2026.03.12 15:24:37,UP,5.2,2,5.6,-10.0,580,1854
2026.03.12 16:00:24,UP,5.0,2,2.1,-10.0,934,1729
2026.03.12 16:44:14,UP,5.0,2,8.8,-10.1,135,1492
2026.03.12 17:24:55,UP,5.0,1,10.4,-6.4,3403,3403
2026.03.12 18:21:38,UP,8.1,2,2.3,-10.1,69,399
2026.03.12 18:28:18,DOWN,-6.5,2,3.3,-10.0,198,2260
2026.03.12 19:23:02,UP,5.1,2,0.6,-10.0,2,1945
2026.03.13 00:00:06,UP,5.1,1,10.0,-5.7,7783,7783
2026.03.13 08:59:11,DOWN,-5.1,1,10.1,-0.2,1047,1047
2026.03.13 09:22:07,DOWN,-5.2,1,10.1,-6.5,1583,1583
2026.03.13 09:48:30,DOWN,-9.3,1,10.1,-1.2,1084,1084
2026.03.13 10:07:02,DOWN,-5.0,1,10.1,-3.9,601,601
2026.03.13 10:19:09,DOWN,-5.2,2,1.7,-10.0,176,891
2026.03.13 10:34:01,UP,6.8,1,10.1,-5.1,1858,1858
2026.03.13 11:04:59,UP,9.5,1,10.0,-3.8,3945,3945
2026.03.13 12:28:08,DOWN,-5.0,2,0.7,-10.0,246,1196
2026.03.13 12:48:11,UP,5.0,1,10.1,-8.9,6028,6028
2026.03.13 14:28:40,UP,9.0,1,10.4,-8.4,1030,1030
2026.03.13 14:45:50,UP,10.3,2,4.1,-10.1,52,1389
2026.03.13 15:12:26,UP,5.1,2,9.1,-10.1,2141,3779
2026.03.13 16:17:53,DOWN,-5.1,2,0.3,-10.1,11,789
2026.03.13 16:31:23,UP,5.0,2,3.4,-10.1,119,547
2026.03.13 16:42:23,DOWN,-5.1,1,10.1,-1.5,810,810
2026.03.13 16:57:03,DOWN,-5.0,1,10.1,-4.4,2128,2128
2026.03.13 17:33:33,DOWN,-5.3,1,10.2,-8.2,6022,6022
2026.03.13 19:16:36,UP,5.0,2,3.3,-10.0,1728,3932
2026.03.16 00:00:00,UP,11.5,1,11.2,-3.3,9,9
2026.03.16 00:07:07,DOWN,-5.2,2,7.5,-10.3,775,6781
2026.03.16 02:02:00,UP,5.1,1,10.0,-1.2,2204,2204
2026.03.16 03:04:06,DOWN,-5.1,1,10.1,-1.0,1724,1724
2026.03.16 08:23:03,DOWN,-5.1,1,10.0,-5.3,4339,4339
2026.03.16 09:36:00,DOWN,-5.1,2,2.0,-10.0,263,783
2026.03.16 09:49:03,UP,6.0,1,10.1,-3.5,2010,2010
2026.03.16 10:22:33,UP,5.7,1,10.1,-0.8,2368,2368
2026.03.16 12:13:02,UP,5.0,1,10.1,0.0,402,402
2026.03.16 12:19:44,UP,9.5,1,10.2,-0.7,499,499
2026.03.16 12:31:43,DOWN,-5.0,2,2.8,-10.0,806,3085
2026.03.16 13:43:01,UP,5.1,1,10.0,-8.2,7402,7402
2026.03.16 15:51:53,UP,5.0,2,6.5,-10.0,1218,2783
2026.03.16 16:54:49,UP,5.1,1,10.1,-0.9,2678,2678
2026.03.16 17:50:36,DOWN,-5.2,1,10.2,-3.7,2087,2087
2026.03.16 18:36:34,UP,5.1,1,10.0,-1.4,422,422
2026.03.16 18:43:37,UP,5.0,1,10.2,-4.1,5042,5042
2026.03.16 20:07:40,UP,5.2,1,10.0,-2.4,1084,1084
2026.03.16 20:26:40,UP,5.1,2,7.1,-10.1,2603,4944
2026.03.17 03:19:44,DOWN,-5.2,2,2.4,-10.0,1443,5130
2026.03.17 07:44:12,DOWN,-5.2,1,10.0,-0.1,1001,1001
2026.03.17 08:02:46,DOWN,-5.0,2,8.5,-10.0,691,3623
2026.03.17 09:17:57,DOWN,-5.1,2,1.0,-10.1,40,533
2026.03.17 09:26:58,UP,5.1,1,10.1,-7.0,4434,4434
2026.03.17 10:40:58,UP,5.1,1,10.3,-2.9,558,558
2026.03.17 10:56:38,DOWN,-6.3,2,2.6,-10.3,126,1750
2026.03.17 11:25:49,UP,5.1,2,7.4,-10.7,223,2065
2026.03.17 12:00:14,DOWN,-9.7,2,3.7,-10.4,1050,4940
2026.03.17 14:06:24,UP,5.1,1,10.3,-6.0,3238,3238
2026.03.17 15:01:00,UP,5.4,1,10.0,-1.9,1323,1323
2026.03.17 15:23:33,UP,5.2,2,4.1,-10.4,32,1752
2026.03.17 15:52:45,DOWN,-6.8,1,10.1,-9.1,6255,6255
2026.03.17 18:02:25,DOWN,-5.1,2,1.8,-10.2,85,572
2026.03.17 18:11:57,UP,7.3,1,10.2,-9.0,6220,6220
2026.03.17 20:04:07,UP,5.0,2,3.2,-10.1,401,6759
2026.03.17 23:00:27,DOWN,-10.8,2,5.5,-10.5,93,3710
2026.03.18 03:03:02,UP,5.0,1,10.1,-6.5,18406,18406
2026.03.18 09:34:11,DOWN,-5.0,1,10.1,-0.2,769,769
2026.03.18 10:08:26,DOWN,-5.5,2,7.1,-10.2,1089,2701
2026.03.18 10:53:30,UP,5.2,1,10.1,-9.0,7775,7775
2026.03.18 13:04:16,UP,5.1,1,10.3,-2.4,942,942
2026.03.18 13:19:58,UP,6.4,2,0.0,-10.1,0,397
2026.03.18 13:26:35,DOWN,-6.1,1,10.1,-0.3,61,61
2026.03.18 13:31:35,UP,7.7,2,9.7,-10.0,1593,2557
2026.03.18 14:18:49,DOWN,-5.2,1,10.1,-4.2,679,679
2026.03.18 14:30:08,DOWN,-6.4,1,10.1,-9.8,1231,1231
2026.03.18 15:03:27,DOWN,-5.1,1,10.1,-5.0,739,739
2026.03.18 15:21:53,UP,5.1,1,10.0,-2.9,1012,1012
2026.03.18 15:38:46,UP,8.9,2,0.2,-10.1,12,352
2026.03.18 15:44:38,DOWN,-8.2,2,0.0,-10.0,0,875
2026.03.18 15:59:14,UP,5.1,1,10.1,-0.7,334,334
2026.03.18 16:04:48,UP,7.8,2,4.7,-10.3,62,353
2026.03.18 16:11:40,DOWN,-5.2,2,7.4,-10.1,912,2936
2026.03.18 17:00:56,UP,5.4,2,7.6,-10.1,419,3415
2026.03.18 17:58:42,DOWN,-5.3,2,0.1,-10.1,0,1468
2026.03.18 18:23:11,UP,6.0,2,1.1,-10.2,83,712
2026.03.18 18:38:12,DOWN,-5.2,2,5.7,-10.1,2259,4922
2026.03.18 20:00:18,UP,5.3,2,3.3,-10.1,58,851
2026.03.18 20:15:27,DOWN,-5.2,1,10.3,-4.0,1405,1405
2026.03.18 20:38:52,DOWN,-6.0,1,10.2,-2.9,443,443
2026.03.18 20:53:36,DOWN,-5.4,1,10.5,-2.9,1768,1768
2026.03.18 21:23:25,DOWN,-5.0,2,0.7,-10.0,71,737
2026.03.18 21:44:23,DOWN,-5.1,1,10.1,-1.8,1647,1647
2026.03.18 22:19:54,DOWN,-5.2,2,9.2,-13.5,2649,5027
2026.03.18 23:43:41,UP,7.0,2,0.0,-11.0,0,980
2026.03.19 00:00:01,DOWN,-6.0,2,9.9,-10.2,1323,10119
2026.03.19 02:49:23,UP,5.2,1,10.0,-4.3,2878,2878
2026.03.19 04:06:59,UP,5.0,1,10.1,-0.6,92,92
2026.03.19 04:11:59,UP,5.1,2,3.5,-10.3,499,4763
2026.03.19 05:52:50,DOWN,-5.2,1,10.1,-4.2,9757,9757
2026.03.19 08:49:56,DOWN,-5.2,2,9.1,-10.3,824,1137
2026.03.19 09:08:53,UP,14.1,2,1.0,-10.3,2,149
2026.03.19 09:13:55,DOWN,-5.4,2,0.0,-10.0,0,207
2026.03.19 09:18:55,UP,5.6,2,1.0,-10.2,10,948
2026.03.19 09:44:42,DOWN,-5.4,1,10.2,-7.0,1315,1315
2026.03.19 10:08:15,DOWN,-5.1,2,1.1,-10.0,164,582
2026.03.19 10:17:57,UP,7.3,2,4.2,-10.1,206,1460
2026.03.19 10:42:17,DOWN,-7.6,2,2.2,-10.2,23,1118
2026.03.19 11:01:14,UP,5.2,1,10.4,-0.3,1054,1054
2026.03.19 11:19:20,UP,5.1,1,10.1,-1.1,159,159
2026.03.19 11:25:45,DOWN,-5.3,1,10.0,-1.7,48,48
2026.03.19 11:30:50,UP,5.1,1,10.2,-3.8,1010,1010
2026.03.19 11:47:40,UP,8.9,1,10.1,-4.1,290,290
2026.03.19 11:52:40,UP,9.0,2,0.0,-10.2,0,461
2026.03.19 12:03:14,DOWN,-5.4,1,10.1,-8.6,8631,8631
2026.03.19 14:27:05,DOWN,-5.1,2,2.6,-10.2,193,324
2026.03.19 14:32:29,UP,10.3,1,10.0,-2.8,530,530
2026.03.19 14:42:21,UP,5.1,1,10.0,-6.0,2215,2215
2026.03.19 15:19:16,UP,8.1,2,8.2,-10.5,80,254
2026.03.19 15:24:16,DOWN,-10.5,1,10.5,-0.6,365,365
2026.03.19 15:30:21,DOWN,-5.3,2,6.8,-10.2,53,665
2026.03.19 15:41:27,UP,5.2,1,10.2,-8.2,562,562
2026.03.19 15:50:54,UP,5.2,1,10.1,-1.5,169,169
2026.03.19 15:56:02,UP,5.6,2,5.1,-10.2,619,1153
2026.03.19 16:15:47,DOWN,-5.3,2,7.9,-10.2,694,1188
2026.03.19 16:46:48,UP,5.1,1,10.4,-6.5,1121,1121
2026.03.19 17:05:29,UP,5.5,2,9.6,-10.3,78,860
2026.03.19 17:19:49,DOWN,-10.8,1,10.0,-1.0,354,354
2026.03.19 17:25:43,DOWN,-5.6,1,10.1,-2.7,1260,1260
2026.03.19 17:55:56,UP,5.0,1,10.3,-3.1,418,418
2026.03.19 18:02:54,UP,7.9,1,10.2,-2.2,448,448
2026.03.19 18:10:22,UP,6.0,1,10.0,-8.9,3116,3116
2026.03.19 19:02:18,UP,6.7,1,10.0,-7.1,1187,1187
2026.03.19 19:24:01,UP,5.3,1,10.3,-2.6,1852,1852
2026.03.19 19:54:53,UP,10.1,2,2.3,-10.1,40,476
2026.03.19 20:02:49,DOWN,-5.1,2,4.9,-10.3,933,3197
2026.03.19 20:56:26,UP,5.2,1,10.1,-0.5,93,93
2026.03.19 21:01:27,UP,5.1,1,10.1,-1.8,242,242
2026.03.19 21:06:27,UP,10.1,1,10.7,-4.5,113,113
2026.03.19 21:11:27,UP,6.5,2,2.7,-10.1,47,406
2026.03.19 21:18:14,DOWN,-6.3,1,10.9,-4.1,387,387
2026.03.19 21:24:41,DOWN,-9.0,1,10.2,-1.6,665,665
2026.03.19 21:35:46,DOWN,-5.2,2,5.1,-10.3,1072,8767
2026.03.20 00:01:54,UP,10.8,2,2.8,-10.1,25,1742
2026.03.20 04:08:32,UP,5.2,2,0.1,-10.3,0,5106
2026.03.20 08:02:48,UP,5.1,1,10.2,-1.9,3894,3894
2026.03.20 09:07:42,UP,6.7,1,10.1,-2.8,4301,4301
2026.03.20 10:33:06,DOWN,-5.0,1,10.1,-6.3,1981,1981
2026.03.20 11:33:57,DOWN,-5.3,1,10.1,-3.0,1057,1057
2026.03.20 11:53:40,DOWN,-5.0,1,10.2,-1.9,665,665
2026.03.20 12:04:45,DOWN,-9.2,2,4.2,-10.0,377,2036
2026.03.20 12:41:21,UP,5.1,1,10.1,-2.6,1668,1668
2026.03.20 13:09:57,UP,5.2,1,10.0,-2.4,1924,1924
2026.03.20 13:42:40,UP,5.1,2,0.0,-10.2,0,491
2026.03.20 13:51:25,DOWN,-5.0,2,2.2,-10.0,814,1181
2026.03.20 14:37:56,DOWN,-5.2,1,10.0,-5.1,1474,1474
2026.03.20 15:02:45,DOWN,-5.1,1,10.1,-3.6,2860,2860
2026.03.20 15:50:52,DOWN,-5.2,1,10.0,-1.8,652,652
2026.03.20 16:18:53,DOWN,-5.1,2,7.6,-10.1,585,2551
2026.03.20 17:01:24,UP,6.9,1,10.2,-7.3,1325,1325
2026.03.20 17:23:29,UP,11.0,2,6.3,-10.5,13,196
2026.03.20 17:33:35,UP,5.2,2,2.4,-10.0,21,1281
2026.03.20 18:01:56,UP,5.2,1,10.0,-0.9,586,586
2026.03.20 18:11:42,UP,5.3,1,10.0,-8.3,4349,4349
2026.03.20 19:33:50,DOWN,-5.1,1,10.0,-2.4,2924,2924
2026.03.20 20:22:34,DOWN,-9.5,2,5.1,-10.1,50,189
2026.03.20 20:27:35,UP,16.4,2,3.1,-10.2,25,1053
2026.03.20 20:48:50,DOWN,-5.3,2,8.3,-10.1,1076,5472
2026.03.20 22:54:46,UP,5.4,2,2.8,-27.1,184,176714
2026.03.23 00:00:00,DOWN,-29.7,2,1.1,-10.4,0,559
2026.03.23 00:09:59,UP,5.3,2,9.7,-10.1,4879,8786
2026.03.23 02:36:25,DOWN,-7.2,2,6.2,-10.1,428,1839
2026.03.23 03:08:25,UP,5.3,2,4.7,-10.1,1794,5043
2026.03.23 04:33:00,DOWN,-5.1,1,10.0,-6.5,11544,11544
2026.03.23 08:19:18,DOWN,-5.6,2,3.8,-10.1,1560,2666
2026.03.23 09:29:34,DOWN,-5.0,2,0.2,-10.4,11,415
2026.03.23 09:38:11,UP,5.1,2,2.8,-10.3,30,1013
2026.03.23 10:07:10,UP,5.1,1,10.1,-3.6,1102,1102
2026.03.23 10:37:21,DOWN,-5.1,1,10.4,-2.7,1865,1865
2026.03.23 11:18:29,DOWN,-5.0,1,11.0,-1.0,970,970
2026.03.23 11:34:39,DOWN,-5.1,1,10.1,-0.8,572,572
2026.03.23 11:44:11,DOWN,-8.0,1,10.1,-1.9,1149,1149
2026.03.23 12:03:20,DOWN,-5.4,2,4.6,-10.1,1500,2828
2026.03.23 12:50:28,UP,10.0,2,1.9,-10.0,2,103
2026.03.23 13:01:03,UP,5.2,1,10.5,-4.6,255,255
2026.03.23 13:06:03,UP,96.8,1,10.3,-3.5,22,22
2026.03.23 13:11:03,UP,19.8,2,6.1,-10.3,6,38
2026.03.23 13:16:03,UP,6.8,1,10.0,-5.3,78,78
2026.03.23 13:21:03,DOWN,-34.0,2,6.1,-10.2,9,29
2026.03.23 13:26:03,UP,5.1,2,4.8,-10.2,78,114
2026.03.23 13:31:03,UP,13.2,1,10.3,-0.2,71,71
2026.03.23 13:36:19,UP,6.3,2,1.9,-10.0,1,154
2026.03.23 13:42:02,DOWN,-5.2,2,1.5,-10.1,16,83
2026.03.23 13:47:02,DOWN,-12.7,1,10.2,-9.5,532,532
2026.03.23 13:55:54,DOWN,-16.5,1,10.1,-6.4,671,671
2026.03.23 14:07:06,DOWN,-13.1,2,1.5,-10.2,5,88
2026.03.23 14:12:27,DOWN,-5.3,2,5.8,-10.3,155,328
2026.03.23 14:17:55,UP,15.8,2,8.0,-10.1,320,822
2026.03.23 14:31:37,DOWN,-10.3,2,3.0,-10.1,61,204
2026.03.23 14:36:37,UP,6.5,1,10.2,-6.4,284,284
2026.03.23 14:41:37,UP,12.5,1,10.0,-6.8,168,168
2026.03.23 14:52:01,UP,5.3,1,10.3,-6.2,264,264
2026.03.23 14:59:02,UP,5.2,2,3.2,-10.2,83,178
2026.03.23 15:04:02,DOWN,-6.6,1,10.2,-2.7,108,108
2026.03.23 15:09:02,DOWN,-7.9,1,10.0,-1.2,489,489
2026.03.23 15:17:11,DOWN,-5.2,2,6.3,-10.6,530,1213
2026.03.23 15:37:24,UP,12.2,1,10.0,-5.5,321,321
2026.03.23 15:42:45,UP,9.4,2,0.7,-10.0,2,116
2026.03.23 15:47:45,UP,5.8,1,10.0,-5.0,351,351
2026.03.23 15:53:36,UP,5.2,2,0.4,-10.1,7,70
2026.03.23 16:00:49,DOWN,-5.1,2,1.6,-10.1,21,67
2026.03.23 16:05:50,DOWN,-5.0,2,2.8,-10.6,31,702
2026.03.23 16:17:32,UP,7.1,1,10.0,-0.4,133,133
2026.03.23 16:22:32,UP,8.0,1,10.3,-6.5,650,650
2026.03.23 16:33:22,UP,9.5,2,4.1,-10.3,319,592
2026.03.23 16:43:14,DOWN,-8.1,1,10.0,-3.5,566,566
2026.03.23 16:52:41,DOWN,-10.7,2,1.4,-10.0,445,611
2026.03.23 17:02:52,UP,10.6,2,5.2,-10.0,318,982
2026.03.23 17:19:14,DOWN,-5.6,1,10.3,-5.1,921,921
2026.03.23 17:37:07,DOWN,-5.2,1,10.1,-6.1,903,903
2026.03.23 17:52:10,DOWN,-7.6,1,10.2,-1.2,699,699
2026.03.23 18:03:50,DOWN,-5.1,2,4.7,-10.1,854,1876
2026.03.23 18:44:04,UP,5.2,1,10.1,-5.5,2970,2970
2026.03.23 19:35:13,UP,5.0,2,1.4,-10.0,205,584
2026.03.23 19:44:58,DOWN,-8.4,2,6.3,-10.2,1381,2299
2026.03.23 20:23:18,UP,5.0,1,10.2,-3.4,455,455
2026.03.23 20:30:53,UP,6.8,1,10.3,-2.4,263,263
2026.03.23 20:37:03,UP,5.1,2,6.0,-10.2,1083,2351
2026.03.23 21:26:35,DOWN,-5.1,1,10.3,-1.8,9419,9419
2026.03.24 00:03:35,DOWN,-6.3,1,10.0,-9.1,7684,7684
2026.03.24 02:12:48,DOWN,-5.1,1,10.3,-1.8,1579,1579
2026.03.24 02:39:07,DOWN,-10.4,2,4.1,-10.2,27,1966
2026.03.24 03:17:03,DOWN,-5.3,1,10.2,-3.4,1952,1952
2026.03.24 03:52:08,UP,5.1,2,7.1,-10.0,2406,11575
2026.03.24 07:18:56,UP,5.0,1,10.1,-5.0,6208,6208
2026.03.24 09:03:01,UP,5.2,1,10.3,-1.1,445,445
2026.03.24 09:10:32,UP,5.2,2,9.3,-10.1,153,1292
2026.03.24 09:32:05,DOWN,-5.0,2,2.1,-10.0,9,741
2026.03.24 09:44:36,UP,5.1,2,0.8,-10.2,19,1824
2026.03.24 10:19:07,DOWN,-5.2,1,10.1,-3.1,1905,1905
2026.03.24 10:50:52,DOWN,-8.2,2,7.4,-10.0,1514,3234
2026.03.24 12:02:37,DOWN,-5.2,2,6.3,-10.2,2826,4063
2026.03.24 13:16:59,DOWN,-5.1,1,10.0,-5.5,2195,2195
2026.03.24 13:53:34,DOWN,-12.2,2,3.1,-10.0,7,412
2026.03.24 14:28:57,UP,5.2,2,0.5,-10.1,0,313
2026.03.24 14:34:11,DOWN,-9.2,2,3.4,-10.2,646,1122
2026.03.24 14:52:53,UP,5.3,2,5.9,-10.1,11,435
2026.03.24 15:03:13,UP,5.3,2,0.7,-10.2,11,245
2026.03.24 15:08:13,DOWN,-7.2,1,10.1,0.0,35,35
2026.03.24 15:13:13,UP,6.1,2,1.8,-10.0,34,1033
2026.03.24 15:52:25,UP,5.1,1,10.1,-1.7,650,650
2026.03.24 16:03:15,UP,7.1,1,10.0,-3.7,1397,1397
2026.03.24 16:47:30,DOWN,-5.2,2,3.8,-10.8,195,279
2026.03.24 16:52:30,UP,12.3,2,9.5,-10.2,3,409
2026.03.24 16:59:19,DOWN,-10.0,1,10.0,-9.5,3347,3347
2026.03.24 18:28:05,UP,5.2,2,0.3,-10.5,140,681
2026.03.24 18:39:26,DOWN,-6.5,1,10.5,-7.3,1520,1520
2026.03.24 19:04:46,DOWN,-10.6,1,10.9,-0.1,31,31
2026.03.24 19:09:46,DOWN,-10.5,2,2.5,-10.2,32,675
2026.03.24 19:22:12,UP,5.0,1,10.1,-7.1,2022,2022
2026.03.24 19:55:54,UP,15.8,2,1.1,-10.1,0,372
2026.03.24 20:09:20,DOWN,-5.7,2,1.3,-10.0,3,644
2026.03.24 20:32:12,UP,5.4,1,10.4,-6.2,6482,6482
2026.03.24 22:20:14,UP,7.5,1,10.0,-2.4,127,127
2026.03.24 22:26:34,UP,5.1,2,4.6,-10.1,27,89
2026.03.24 22:32:21,DOWN,-5.2,2,0.2,-10.0,1,427
2026.03.24 22:39:28,UP,6.5,2,4.3,-10.2,3,135
2026.03.24 22:44:28,DOWN,-11.0,2,3.8,-10.0,167,4705
2026.03.25 00:11:52,DOWN,-5.3,2,7.0,-10.2,851,7006
2026.03.25 02:08:39,UP,5.3,2,9.4,-10.1,1841,6719
2026.03.25 06:08:48,DOWN,-5.0,1,10.1,-5.8,6415,6415
2026.03.25 08:08:44,DOWN,-5.1,2,1.8,-10.0,39,2568
2026.03.25 09:13:27,UP,5.1,2,3.6,-10.1,452,1298
2026.03.25 09:35:27,DOWN,-5.1,2,0.2,-10.2,0,625
2026.03.25 09:56:02,UP,5.1,2,0.9,-10.1,42,313
2026.03.25 10:01:16,DOWN,-5.5,2,1.4,-10.1,54,395
2026.03.25 10:07:51,UP,8.1,1,10.3,-3.3,799,799
2026.03.25 10:21:22,UP,5.1,2,2.8,-10.2,707,2020
2026.03.25 11:01:31,UP,5.0,2,1.6,-10.2,118,1448
2026.03.25 12:02:17,UP,5.1,2,7.2,-10.2,3746,6392
2026.03.25 13:48:50,DOWN,-12.3,2,0.0,-10.2,0,397
2026.03.25 14:09:19,UP,5.0,2,1.2,-10.1,176,459
2026.03.25 14:16:58,DOWN,-8.1,1,10.4,-1.5,366,366
2026.03.25 14:23:04,DOWN,-5.4,1,10.0,-7.4,4279,4279
2026.03.25 15:47:05,DOWN,-5.2,2,9.2,-10.1,1007,2731
2026.03.25 16:36:29,DOWN,-5.4,2,0.8,-10.1,225,944
2026.03.25 17:08:24,DOWN,-5.0,1,10.4,0.0,490,490
2026.03.25 17:16:43,DOWN,-5.4,1,10.1,-8.2,3082,3082
2026.03.25 18:08:05,DOWN,-6.9,2,4.9,-10.3,161,1014
2026.03.25 18:24:59,UP,8.6,1,10.0,-5.7,4212,4212
2026.03.25 19:58:30,UP,5.2,2,0.2,-10.1,0,2556
2026.03.25 20:55:51,DOWN,-5.1,1,10.3,-2.3,20950,20950
2026.03.26 03:01:46,UP,5.7,2,8.5,-10.1,12614,18788
2026.03.26 08:14:54,DOWN,-6.0,2,2.5,-10.3,1642,2416
2026.03.26 09:02:14,DOWN,-5.1,1,10.1,-1.9,2987,2987
2026.03.26 10:02:15,DOWN,-5.4,2,1.1,-10.1,48,979
2026.03.26 10:18:37,UP,5.6,2,6.7,-10.1,6441,10926
2026.03.26 13:42:19,DOWN,-5.1,1,10.4,-0.8,940,940
2026.03.26 13:58:26,DOWN,-5.4,2,1.5,-10.1,237,917
2026.03.26 14:13:52,UP,5.1,1,10.0,-7.7,3745,3745
2026.03.26 15:33:41,DOWN,-5.1,2,0.7,-10.2,1,661
2026.03.26 15:44:42,UP,7.6,2,5.2,-10.2,50,853
2026.03.26 15:58:56,DOWN,-8.5,2,2.5,-10.0,8,1144
2026.03.26 16:18:01,UP,5.4,2,6.8,-10.7,1032,4752
2026.03.26 17:42:37,DOWN,-5.2,2,2.1,-10.2,80,895
2026.03.26 18:05:39,DOWN,-5.2,1,10.1,-6.4,5990,5990
2026.03.26 21:04:05,DOWN,-5.0,1,10.1,-2.2,3905,3905
2026.03.26 22:11:42,UP,5.3,1,10.4,-1.3,2,2
2026.03.26 22:19:28,DOWN,-5.0,1,10.1,-1.7,374,374
2026.03.26 22:28:38,DOWN,-5.1,1,10.8,-8.4,1896,1896
2026.03.26 23:00:14,DOWN,-7.9,2,0.0,-10.2,0,215
2026.03.27 02:22:55,DOWN,-5.1,2,0.2,-10.1,1538,2982
2026.03.27 08:19:59,DOWN,-5.4,1,10.2,-2.0,3562,3562
2026.03.27 09:29:35,DOWN,-5.0,1,10.2,-3.2,11676,11676
2026.03.27 12:58:01,DOWN,-5.2,2,8.2,-10.0,4075,8310
2026.03.27 15:18:55,UP,5.2,1,10.0,-4.0,1543,1543
2026.03.27 15:53:21,DOWN,-5.0,2,4.5,-10.0,312,5421
2026.03.27 17:23:42,UP,8.9,1,10.0,-4.0,548,548
2026.03.27 17:32:50,UP,9.4,2,1.5,-10.4,31,502
2026.03.27 17:46:29,DOWN,-5.1,1,10.7,-3.6,661,661
2026.03.27 17:57:30,DOWN,-8.2,1,10.1,-7.5,4763,4763
2026.03.27 20:43:30,UP,5.2,2,1.9,-10.0,4671,8111
2026.03.27 22:58:43,DOWN,-6.7,3,4.5,-5.1,176477,176477
2026.03.30 00:00:11,DOWN,-10.2,1,10.3,-5.1,10006,10006
2026.03.30 03:07:58,UP,5.1,1,10.2,-4.3,722,722
2026.03.30 03:32:32,UP,5.1,2,0.4,-10.3,17,5324
2026.03.30 05:14:51,UP,5.0,1,10.1,-5.1,3948,3948
2026.03.30 09:53:12,DOWN,-5.1,1,10.1,-1.0,1583,1583
2026.03.30 10:19:42,DOWN,-5.3,1,10.0,-4.5,3784,3784
2026.03.30 12:14:13,DOWN,-5.3,2,4.0,-10.0,205,3980
2026.03.30 13:31:53,DOWN,-5.1,2,0.0,-10.3,0,3296
2026.03.30 14:26:49,UP,5.3,2,2.6,-10.1,1,87
2026.03.30 14:59:01,DOWN,-5.1,1,10.0,-1.1,946,946
2026.03.30 15:14:48,DOWN,-8.0,2,3.6,-10.0,77,1368
2026.03.30 15:38:26,UP,5.1,2,3.2,-10.2,682,3383
2026.03.30 16:40:53,DOWN,-5.2,1,10.6,-1.2,1491,1491
2026.03.30 17:06:42,DOWN,-5.2,2,5.2,-10.0,937,2476
2026.03.30 17:48:25,UP,5.1,2,0.2,-11.0,1,1037
2026.03.30 18:06:54,DOWN,-5.2,1,10.1,-1.2,477,477
2026.03.30 18:14:51,DOWN,-7.1,2,4.0,-10.0,42,1568
2026.03.30 18:47:05,DOWN,-5.0,2,5.8,-10.0,2602,4449
2026.03.30 20:12:56,DOWN,-5.0,2,3.6,-10.4,7119,13638
2026.03.31 00:00:14,UP,5.6,2,1.1,-10.5,5,434
2026.03.31 00:38:30,UP,5.7,2,1.6,-10.1,370,4975
2026.03.31 02:02:29,DOWN,-5.1,2,8.1,-10.0,4877,6153
2026.03.31 03:45:40,UP,5.1,1,10.1,-0.5,1850,1850
2026.03.31 08:13:26,DOWN,-5.1,2,4.1,-10.1,3259,6168
2026.03.31 10:14:55,DOWN,-5.2,2,8.6,-10.2,13696,15092
2026.03.31 14:26:27,UP,6.8,1,10.0,-4.6,1067,1067
2026.03.31 14:44:15,UP,6.4,1,10.1,-3.4,1123,1123
2026.03.31 15:02:58,UP,5.3,1,10.1,-9.8,1690,1690
2026.03.31 16:07:29,UP,5.1,1,10.1,-0.6,779,779
2026.03.31 16:52:53,UP,5.1,1,10.2,-3.4,2137,2137
2026.03.31 17:28:30,UP,6.3,2,6.7,-10.6,227,668
2026.03.31 17:39:38,DOWN,-13.2,1,10.1,-5.3,984,984
2026.03.31 17:56:02,DOWN,-6.3,2,3.1,-10.1,62,266
2026.03.31 18:09:28,UP,5.5,2,7.1,-10.1,574,2085
2026.03.31 18:44:13,DOWN,-6.1,2,4.8,-10.3,767,1188
2026.03.31 19:04:01,UP,8.7,2,0.0,-10.1,0,910
2026.03.31 19:19:25,DOWN,-5.1,2,1.3,-10.1,76,772
2026.03.31 19:33:05,UP,5.1,1,10.0,-4.8,418,418
2026.03.31 19:40:08,UP,5.5,1,10.0,-1.3,38,38
2026.03.31 19:46:01,DOWN,-5.1,2,8.7,-10.1,188,1017
2026.03.31 20:02:58,UP,10.8,2,5.4,-10.1,2689,3336
2026.03.31 20:58:35,DOWN,-9.7,2,3.6,-10.2,3052,5905
2026.03.31 22:38:22,UP,5.0,1,10.2,-2.6,1623,1623
2026.04.01 00:00:35,DOWN,-10.3,2,0.7,-10.4,0,36
2026.04.01 03:18:14,UP,5.1,2,0.1,-10.2,2,2574
2026.04.01 04:01:08,DOWN,-5.3,1,10.6,-0.1,285,285
2026.04.01 04:06:40,DOWN,-5.1,2,2.5,-10.1,2353,5861
2026.04.01 08:59:37,DOWN,-5.1,2,5.9,-10.0,374,1497
2026.04.01 09:24:34,UP,7.8,1,10.1,-1.2,176,176
2026.04.01 09:29:35,UP,9.6,1,10.1,-9.0,4665,4665
2026.04.01 10:47:20,UP,8.8,2,0.0,-10.0,0,68
2026.04.01 10:53:58,UP,5.2,1,10.1,-7.6,1881,1881
2026.04.01 11:27:10,UP,5.0,1,10.1,-3.8,775,775
2026.04.01 11:47:03,DOWN,-5.2,1,10.0,-1.3,493,493
2026.04.01 11:55:16,DOWN,-7.4,1,10.0,-8.1,1814,1814
2026.04.01 12:29:05,DOWN,-5.5,2,1.7,-10.0,168,1274
2026.04.01 13:55:24,DOWN,-5.2,2,0.8,-10.0,40,1136
2026.04.01 14:23:00,DOWN,-5.2,2,1.7,-10.1,691,2084
2026.04.01 15:08:23,DOWN,-5.1,2,9.0,-10.1,1313,2193
2026.04.01 15:44:56,UP,11.6,1,10.1,-6.1,29,29
2026.04.01 15:49:56,DOWN,-9.6,2,6.5,-10.8,934,2501
2026.04.01 16:31:37,UP,6.8,2,8.2,-10.2,478,1999
2026.04.01 17:04:56,DOWN,-6.0,2,1.7,-10.2,109,1039
2026.04.01 17:22:26,UP,5.2,2,0.6,-10.2,4,790
2026.04.01 17:39:21,UP,5.8,1,10.2,-7.2,1080,1080
2026.04.01 18:09:58,DOWN,-5.4,1,10.1,-1.4,1090,1090
2026.04.01 18:28:08,DOWN,-5.3,2,1.2,-10.2,164,1686
2026.04.01 19:03:45,DOWN,-5.2,2,4.3,-10.1,750,3321
2026.04.01 20:09:10,DOWN,-5.0,1,10.1,-2.8,1295,1295
2026.04.01 20:32:48,DOWN,-5.1,1,10.2,-4.7,1621,1621
2026.04.01 21:02:17,DOWN,-5.2,1,10.0,-5.5,2097,2097
2026.04.01 21:37:22,DOWN,-5.6,2,0.2,-10.2,0,252
2026.04.01 21:42:22,UP,7.6,2,0.0,-10.2,0,1068
2026.04.02 00:00:23,DOWN,-5.5,2,3.3,-10.1,15,6510
2026.04.02 04:03:43,DOWN,-5.3,1,10.1,-0.4,194,194
2026.04.02 04:08:43,DOWN,-5.1,2,0.7,-10.1,5,137
2026.04.02 04:13:43,UP,5.5,2,2.0,-10.1,7,197
2026.04.02 04:18:43,DOWN,-20.9,1,10.0,-8.0,446,446
2026.04.02 04:26:09,DOWN,-6.2,1,10.0,-8.7,403,403
2026.04.02 04:32:52,DOWN,-13.0,1,10.1,-10.0,8613,8613
2026.04.02 08:47:16,DOWN,-5.1,1,10.1,-1.9,1524,1524
2026.04.02 09:12:40,DOWN,-6.6,2,5.3,-10.4,309,1648
2026.04.02 10:06:36,DOWN,-5.2,1,10.5,-9.6,11184,11184
2026.04.02 13:14:42,DOWN,-5.3,2,6.3,-10.2,3137,6589
2026.04.02 15:04:31,UP,7.8,1,10.1,-5.3,8031,8031
2026.04.02 17:18:22,UP,5.1,1,10.3,-9.8,1069,1069
2026.04.02 17:36:11,UP,15.9,1,10.9,-1.4,12,12
2026.04.02 17:41:11,DOWN,-7.5,2,5.7,-10.0,681,1407
2026.04.02 18:04:38,UP,5.9,2,1.5,-10.1,25,950
2026.04.02 18:20:34,DOWN,-5.1,1,10.2,-6.8,9453,9453
2026.04.02 20:58:09,DOWN,-5.1,1,33.2,-8.6,11019,11019
2026.04.03 00:03:12,DOWN,-6.9,2,3.2,-10.4,0,3078
2026.04.03 15:30:01,DOWN,-10.2,1,10.8,0.0,0,0
2026.04.03 16:12:31,UP,5.1,2,2.1,-10.1,219,3573
2026.04.03 21:39:22,DOWN,-5.3,2,0.7,-10.3,4118,5477
2026.04.03 23:10:39,UP,6.4,2,7.5,-10.5,18,1841
2026.04.03 23:41:20,DOWN,-6.2,3,2.0,-7.6,318,173920
2026.04.06 00:00:35,UP,11.1,2,1.9,-10.0,1593,3820
2026.04.06 01:04:15,DOWN,-9.1,2,6.4,-10.1,408,14815
2026.04.06 05:11:10,UP,5.3,1,10.1,-5.5,16803,16803
2026.04.06 09:51:13,UP,6.2,1,10.0,-6.7,2732,2732
2026.04.06 10:39:24,UP,5.2,1,10.2,-2.5,423,423
2026.04.06 10:47:23,UP,5.2,1,10.0,-0.2,549,549
2026.04.06 10:56:43,UP,5.2,2,0.5,-10.1,46,650
2026.04.06 11:07:34,DOWN,-7.3,1,10.0,-4.8,6510,6510
2026.04.06 13:46:18,DOWN,-5.3,2,8.1,-10.1,3,8724
2026.04.06 17:00:30,UP,5.1,2,1.1,-10.0,1,320
2026.04.06 17:38:28,DOWN,-5.3,1,10.2,-0.1,19,19
2026.04.06 17:46:19,DOWN,-5.9,1,10.2,-1.9,538,538
2026.04.06 17:56:11,DOWN,-5.1,1,10.1,-5.9,8358,8358
2026.04.06 20:23:28,UP,5.0,2,9.6,-10.0,3604,29644
2026.04.07 04:39:22,DOWN,-5.1,2,6.4,-10.0,1698,17906
2026.04.07 10:06:26,DOWN,-5.1,2,1.1,-10.0,22,3334
2026.04.07 11:02:00,UP,5.4,1,10.4,-0.4,11,11
2026.04.07 11:09:31,UP,5.1,1,10.1,-1.8,280,280
2026.04.07 11:14:31,UP,10.1,1,10.4,-7.9,2656,2656
2026.04.07 11:58:47,UP,5.5,2,0.6,-10.3,3,2803
2026.04.07 13:09:24,DOWN,-5.3,1,10.1,-6.5,997,997
2026.04.07 13:26:02,DOWN,-8.3,2,0.8,-10.0,0,435
2026.04.07 13:43:56,DOWN,-5.1,2,3.6,-10.1,0,3577
2026.04.07 14:43:53,UP,5.1,1,10.3,-7.8,9633,9633
2026.04.07 17:24:26,UP,8.7,1,10.0,-2.7,849,849
2026.04.07 17:46:36,UP,5.2,2,0.5,-10.0,0,511
2026.04.07 18:08:23,DOWN,-5.2,2,1.1,-10.6,76,453
2026.04.07 18:15:56,UP,6.3,2,1.8,-10.1,1,1762
2026.04.07 19:03:03,UP,5.4,2,3.0,-10.0,6,4704
2026.04.07 20:34:24,UP,5.1,1,10.7,-0.6,2900,2900
2026.04.07 22:18:18,UP,5.2,1,10.1,-0.5,1649,1649
2026.04.07 22:45:47,UP,6.0,1,10.2,-1.7,1777,1777
2026.04.08 00:00:26,DOWN,-5.6,2,0.0,-10.3,0,3581
2026.04.08 01:00:10,UP,5.2,1,10.1,-0.4,191,191
2026.04.08 01:11:05,DOWN,-5.3,2,3.6,-11.4,565,1284
2026.04.08 01:32:29,UP,12.0,2,5.5,-10.7,1,14
2026.04.08 01:37:29,UP,11.2,1,11.1,-1.7,109,109
2026.04.08 01:42:29,DOWN,-11.1,2,1.5,-10.3,2,78
2026.04.08 01:53:39,UP,5.2,1,10.6,-0.1,192,192
2026.04.08 01:58:39,UP,11.5,1,11.5,-4.4,1135,1135
2026.04.08 02:17:34,UP,7.9,1,10.2,-5.5,400,400
2026.04.08 02:24:14,UP,9.1,2,0.4,-10.1,168,235
2026.04.08 02:29:14,DOWN,-6.1,2,5.3,-10.3,441,949
2026.04.08 03:01:30,UP,5.0,2,5.7,-10.0,53,275
2026.04.08 03:07:10,DOWN,-5.0,1,10.1,-7.4,729,729
2026.04.08 03:19:19,DOWN,-8.7,2,4.3,-10.2,1058,3180
2026.04.08 04:12:58,UP,5.2,2,5.5,-10.1,915,4112
2026.04.08 06:23:03,DOWN,-5.0,2,1.8,-10.0,975,2807
2026.04.08 07:22:56,DOWN,-5.1,2,3.1,-10.1,3022,3650
2026.04.08 08:23:55,UP,5.1,1,10.5,-1.9,1574,1574
2026.04.08 08:51:37,UP,5.2,2,8.3,-10.5,108,561
2026.04.08 09:01:37,DOWN,-5.0,2,2.2,-10.0,128,1436
2026.04.08 09:27:04,UP,5.1,1,10.0,-1.5,782,782
2026.04.08 09:42:04,DOWN,-5.2,1,10.5,-6.9,726,726
2026.04.08 09:54:10,DOWN,-10.5,1,10.4,-7.9,1018,1018
2026.04.08 10:11:08,DOWN,-5.3,2,1.4,-10.1,122,552
2026.04.08 10:34:28,DOWN,-5.1,2,1.5,-10.1,262,1206
2026.04.08 11:09:34,DOWN,-5.2,1,10.0,-0.6,1930,1930
2026.04.08 11:41:56,DOWN,-5.4,1,10.4,0.0,77,77
2026.04.08 12:22:06,DOWN,-5.2,2,5.6,-10.1,1438,6478
2026.04.08 14:14:16,UP,5.1,1,10.1,-2.1,809,809
2026.04.08 14:27:46,UP,5.4,2,2.6,-10.1,68,639
2026.04.08 14:38:25,DOWN,-8.1,2,3.3,-10.2,52,1682
2026.04.08 15:06:31,UP,5.2,2,2.3,-10.1,137,825
2026.04.08 15:21:22,DOWN,-5.2,2,6.4,-10.0,7,710
2026.04.08 15:33:33,UP,5.1,1,10.3,-2.3,798,798
2026.04.08 16:02:12,UP,5.3,2,2.3,-10.1,83,722
2026.04.08 16:14:15,DOWN,-7.5,1,10.1,-5.1,1093,1093
2026.04.08 16:32:55,DOWN,-5.0,1,10.2,-2.3,310,310
2026.04.08 16:38:05,DOWN,-8.5,2,1.2,-10.0,2,607
2026.04.08 16:48:12,UP,5.3,2,0.5,-10.3,6,346
2026.04.08 16:53:58,DOWN,-8.8,2,0.1,-10.1,4,544
2026.04.08 17:03:03,UP,5.0,2,4.2,-10.1,1525,3835
2026.04.08 18:06:58,DOWN,-6.2,1,10.1,-7.5,4215,4215
2026.04.08 19:43:16,DOWN,-5.0,1,10.7,-9.0,5757,5757
2026.04.08 21:19:13,DOWN,-13.2,1,10.2,-5.0,1794,1794
2026.04.08 21:49:56,DOWN,-5.1,2,9.4,-10.1,620,2860
2026.04.08 22:37:36,UP,6.0,2,7.5,-10.5,1290,16198
2026.04.09 04:34:26,UP,5.2,1,10.1,-2.1,9209,9209
2026.04.09 10:17:52,DOWN,-5.0,2,5.1,-10.2,899,5730
2026.04.09 11:54:11,UP,5.1,1,10.3,-3.9,9372,9372
2026.04.09 15:33:31,DOWN,-5.4,2,0.1,-10.1,0,489
2026.04.09 15:41:40,UP,6.3,2,0.9,-10.2,0,344
2026.04.09 16:19:15,UP,5.3,2,3.7,-11.3,1062,2393
2026.04.09 16:59:52,DOWN,-5.3,2,6.5,-10.4,3231,4670
2026.04.09 18:17:42,UP,5.7,1,10.1,-1.0,401,401
2026.04.09 18:24:24,UP,6.7,1,10.1,-6.5,2641,2641
2026.04.09 19:17:47,UP,5.1,1,10.0,-5.7,4858,4858
2026.04.09 20:53:50,DOWN,-5.4,1,10.0,-2.7,1291,1291
2026.04.09 22:33:12,UP,5.2,2,0.3,-10.1,32,1684
2026.04.10 01:29:46,DOWN,-5.2,1,10.1,-2.4,7137,7137
2026.04.10 10:42:31,DOWN,-5.0,2,4.5,-10.8,1273,5785
2026.04.10 12:18:57,UP,6.9,1,10.4,-3.1,19,19
2026.04.10 12:24:16,DOWN,-5.2,2,8.9,-10.1,210,4517
2026.04.10 14:44:57,UP,5.1,1,10.4,-6.9,5794,5794
2026.04.10 16:24:21,UP,5.3,1,10.2,-9.4,7202,7202
2026.04.10 18:29:22,DOWN,-5.1,1,10.0,-1.3,1071,1071
2026.04.10 23:57:04,DOWN,-5.6,1,54.3,-1.7,172976,172976
2026.04.13 00:00:00,DOWN,-55.8,2,6.6,-10.3,272,1911
2026.04.13 00:59:19,DOWN,-5.7,2,7.5,-10.1,5132,8736
2026.04.13 09:14:53,DOWN,-5.2,1,10.6,-3.1,1685,1685
2026.04.13 09:43:26,DOWN,-5.1,2,1.5,-10.1,191,1021
2026.04.13 10:01:14,UP,5.0,2,9.7,-10.1,2044,17891
2026.04.13 14:59:26,DOWN,-6.1,2,0.5,-10.1,423,2741
2026.04.13 15:47:01,UP,5.0,1,10.4,-2.8,3705,3705
2026.04.13 16:49:34,UP,5.3,1,10.1,-6.3,3059,3059
2026.04.13 17:59:18,DOWN,-5.1,2,7.6,-10.1,1890,5641
2026.04.13 19:33:19,UP,5.9,1,10.3,-3.4,841,841
2026.04.13 19:47:22,UP,5.1,1,10.4,-7.6,6249,6249
2026.04.13 21:31:32,UP,6.4,1,10.0,-0.1,1003,1003
2026.04.13 21:49:46,UP,5.1,1,10.1,-1.8,596,596
2026.04.13 21:59:42,UP,6.4,2,1.0,-10.1,8,493
2026.04.14 00:00:32,DOWN,-5.0,2,0.4,-10.6,46,3681
2026.04.14 01:01:53,UP,7.5,1,10.2,-8.1,31906,31906
2026.04.14 10:02:08,UP,5.1,1,10.0,0.0,220,220
2026.04.14 10:07:21,UP,5.1,2,2.8,-10.3,14,331
2026.04.14 10:12:52,DOWN,-9.3,2,8.8,-10.0,4031,10467
2026.04.14 13:08:00,UP,5.0,1,10.2,-4.5,6639,6639
2026.04.14 14:58:39,UP,6.1,2,0.3,-10.1,0,168
2026.04.14 15:03:39,DOWN,-5.5,2,1.9,-10.1,116,1584
2026.04.14 15:30:05,UP,5.2,2,0.2,-10.1,2,832
2026.04.14 15:49:41,UP,5.2,2,9.6,-10.1,7620,10532
2026.04.14 18:48:18,DOWN,-5.2,2,0.4,-10.1,0,5379
2026.04.15 03:03:55,DOWN,-5.3,1,10.1,-3.9,8573,8573
2026.04.15 08:19:44,UP,5.0,2,1.3,-10.0,2988,4315
2026.04.15 12:02:43,DOWN,-5.1,1,10.0,-5.4,554,554
2026.04.15 12:11:57,DOWN,-6.5,2,0.0,-10.2,0,395
2026.04.15 13:07:16,UP,5.3,2,2.3,-10.1,343,1273
2026.04.15 13:29:16,DOWN,-5.1,2,1.1,-10.2,441,1046
2026.04.15 14:46:20,UP,5.4,1,10.1,-9.6,4213,4213
2026.04.15 16:24:14,UP,5.1,1,10.3,-9.9,6923,6923
2026.04.15 18:31:10,DOWN,-5.2,2,6.9,-10.1,8262,34233
2026.04.16 04:38:12,DOWN,-5.0,2,0.0,-10.1,0,3174
2026.04.16 05:42:28,UP,5.1,1,10.1,-1.0,1494,1494
2026.04.16 08:43:51,DOWN,-5.3,1,10.9,-5.3,7750,7750
2026.04.16 11:07:24,DOWN,-5.1,1,10.1,-3.4,1138,1138
2026.04.16 12:34:33,UP,5.1,2,1.3,-10.1,165,2947
2026.04.16 14:03:55,UP,5.1,2,3.8,-10.3,858,9480
2026.04.16 16:52:12,DOWN,-5.1,2,5.7,-10.0,394,7668
2026.04.16 19:23:28,DOWN,-5.1,1,10.0,-1.0,617,617
2026.04.16 19:33:45,DOWN,-8.7,2,4.6,-10.1,2468,8835
2026.04.17 00:00:28,DOWN,-7.9,2,4.3,-10.6,92,3816
2026.04.17 11:43:13,UP,5.0,1,10.1,-0.5,2711,2711
2026.04.17 15:25:35,UP,5.1,1,10.9,-2.5,1307,1307
2026.04.17 15:47:22,UP,9.7,1,11.1,-1.2,104,104
2026.04.17 15:53:15,DOWN,-5.1,2,1.5,-10.1,44,289
2026.04.17 15:58:15,UP,6.2,1,10.0,-5.8,502,502
2026.04.17 16:06:37,UP,5.1,2,3.5,-10.1,326,1209
2026.04.17 16:26:47,DOWN,-5.9,1,10.1,-8.1,1206,1206
2026.04.17 16:46:53,DOWN,-10.7,2,0.7,-10.0,82,612
2026.04.17 17:06:41,DOWN,-5.0,1,10.2,-2.9,1733,1733
2026.04.17 17:35:34,DOWN,-8.8,1,10.7,-9.3,1710,1710
2026.04.17 18:04:04,DOWN,-5.1,1,10.3,-7.4,3386,3386
2026.04.17 19:00:39,DOWN,-5.2,1,10.3,-9.2,4093,4093
2026.04.17 20:08:52,DOWN,-9.5,2,0.7,-10.0,3,525
2026.04.17 20:17:38,UP,5.4,2,2.6,-10.3,4128,5146
2026.04.17 21:43:24,DOWN,-5.1,1,10.0,-2.2,552,552
2026.04.17 21:52:38,DOWN,-5.2,1,10.1,-8.1,4363,4363
2026.04.17 23:28:21,DOWN,-5.9,1,29.3,-4.3,174699,174699
2026.04.20 00:00:00,DOWN,-26.1,2,6.6,-10.1,3654,11056
2026.04.20 03:04:17,UP,7.0,1,10.1,-0.9,1746,1746
2026.04.20 04:32:27,UP,5.1,2,6.0,-10.0,7732,17693
2026.04.20 09:31:15,UP,5.0,1,10.3,-4.5,1511,1511
2026.04.20 09:56:27,UP,6.0,2,6.6,-10.1,1504,3217
2026.04.20 11:57:35,UP,5.0,1,10.3,-9.7,10122,10122
2026.04.20 14:54:47,DOWN,-5.2,1,10.3,-0.9,1032,1032
2026.04.20 16:08:39,UP,5.2,1,10.2,-3.2,1699,1699
2026.04.20 16:43:39,UP,5.2,2,3.5,-10.1,277,1516
2026.04.20 17:51:04,DOWN,-5.3,2,8.6,-10.1,12,1816
2026.04.20 18:21:23,UP,5.1,2,8.9,-10.1,27540,52891
2026.04.21 09:02:54,DOWN,-5.0,1,10.1,-3.8,6987,6987
2026.04.21 10:59:21,DOWN,-5.2,2,9.4,-10.1,16762,24135
2026.04.21 17:47:10,DOWN,-5.2,1,10.1,-0.3,554,554
2026.04.21 17:56:24,DOWN,-6.3,1,10.2,-3.6,2017,2017
2026.04.21 18:36:20,DOWN,-5.1,2,1.6,-10.0,1,1441
2026.04.21 19:54:55,DOWN,-5.1,1,10.1,-3.4,979,979
2026.04.21 20:11:26,DOWN,-5.5,2,8.3,-10.0,621,1621
2026.04.21 20:38:53,UP,5.0,1,10.2,-0.3,206,206
2026.04.21 20:43:53,UP,16.1,2,6.9,-10.2,3,482
2026.04.21 20:54:38,DOWN,-5.2,1,10.2,-3.5,1317,1317
2026.04.21 21:16:35,DOWN,-6.0,2,3.4,-10.0,682,2330
2026.04.21 22:12:18,UP,5.2,2,4.6,-10.0,130,1564
2026.04.21 22:38:22,DOWN,-8.9,1,10.2,0.0,211,211
2026.04.21 22:43:22,DOWN,-11.6,2,2.6,-10.3,22,1580
2026.04.21 23:09:42,UP,8.5,1,10.2,-2.2,3,3
2026.04.21 23:16:41,UP,5.0,2,2.6,-10.0,415,2698
2026.04.22 00:01:39,DOWN,-5.6,2,0.0,-13.1,0,45
2026.04.22 00:18:06,DOWN,-5.3,2,3.7,-10.1,526,9910
2026.04.22 03:59:15,DOWN,-5.2,2,5.4,-10.1,10851,15425
2026.04.22 08:16:20,UP,10.6,1,10.1,-1.7,292,292
2026.04.22 08:21:36,UP,5.1,2,0.7,-10.1,3,771
2026.04.22 08:34:27,DOWN,-5.9,1,10.3,-7.9,21812,21812
2026.04.22 15:09:34,DOWN,-5.1,2,8.3,-10.0,3581,5744
2026.04.22 16:54:01,DOWN,-5.1,1,10.2,-6.4,2313,2313
2026.04.22 17:32:34,DOWN,-7.7,1,10.2,-8.7,1716,1716
2026.04.22 18:42:56,DOWN,-5.2,1,10.1,-1.9,14992,14992
2026.04.23 03:13:28,DOWN,-5.4,2,6.5,-10.0,199,335
2026.04.23 03:19:03,UP,10.6,2,5.3,-10.1,743,9364
2026.04.23 10:06:22,UP,5.3,2,4.6,-10.1,56,1418
2026.04.23 10:30:00,DOWN,-5.4,1,10.0,-8.0,9568,9568
2026.04.23 13:09:28,DOWN,-5.2,2,9.0,-10.1,5061,6203
2026.04.23 14:52:51,UP,10.4,2,0.4,-10.1,5,688
2026.04.23 15:06:32,UP,5.5,2,4.2,-10.2,423,4092
2026.04.23 16:14:44,DOWN,-7.1,2,0.3,-10.1,13,1077
2026.04.23 16:32:41,UP,5.1,1,10.1,-7.8,3022,3022
2026.04.23 17:24:22,UP,5.1,1,10.1,-2.3,1766,1766
2026.04.23 17:55:37,DOWN,-5.1,1,10.3,-4.4,3059,3059
2026.04.23 18:49:56,UP,5.1,2,0.1,-10.0,20,1148
2026.04.23 20:01:42,DOWN,-5.4,1,11.0,-1.7,471,471
2026.04.23 20:09:33,DOWN,-7.8,1,10.0,-1.7,1831,1831
2026.04.23 20:41:19,DOWN,-5.1,2,4.1,-10.1,345,719
2026.04.23 20:53:18,UP,9.1,1,10.0,-4.7,358,358
2026.04.23 20:59:16,UP,13.6,2,6.6,-10.1,672,5683
2026.04.24 00:01:41,DOWN,-5.1,2,0.3,-10.9,2,861
2026.04.24 00:20:45,DOWN,-5.0,2,8.1,-10.0,22340,37824
2026.04.24 10:58:27,UP,5.2,1,10.1,-9.5,10817,10817
2026.04.24 14:04:53,UP,5.1,1,10.1,-6.4,2652,2652
2026.04.24 15:07:44,DOWN,-5.1,1,10.2,-4.9,2781,2781
2026.04.24 15:57:43,UP,5.2,1,10.2,-9.3,10379,10379
2026.04.24 18:50:47,UP,5.2,2,3.4,-26.0,18382,191353
2026.04.27 00:00:00,DOWN,-28.6,2,5.7,-10.8,17,1195
2026.04.27 04:00:45,UP,5.0,1,10.2,-5.4,9729,9729
2026.04.27 09:49:00,UP,5.0,1,10.1,-0.7,1046,1046
2026.04.27 10:52:52,UP,5.3,1,10.1,-2.2,3747,3747
2026.04.27 15:09:43,UP,5.2,2,5.7,-10.1,600,5968
2026.04.27 16:49:54,DOWN,-5.3,1,10.0,-10.0,9148,9148
2026.04.27 20:19:42,DOWN,-5.0,2,0.2,-10.0,121,1051
2026.04.28 03:27:30,DOWN,-5.7,1,10.1,-4.3,9000,9000
2026.04.28 09:47:17,DOWN,-5.1,2,9.6,-10.0,792,5344
2026.04.28 11:16:44,UP,5.1,2,1.9,-10.1,105,3795
2026.04.28 12:33:11,DOWN,-5.1,1,10.0,-9.2,8857,8857
2026.04.28 15:02:58,DOWN,-5.6,2,0.0,-10.0,0,1040
2026.04.28 15:20:19,UP,5.2,1,10.0,-5.1,1728,1728
2026.04.28 16:18:10,DOWN,-5.2,2,1.3,-10.1,198,703
2026.04.28 16:29:53,UP,8.1,2,4.1,-10.0,493,1963
2026.04.28 17:02:36,DOWN,-7.9,2,0.1,-10.0,0,1724
2026.04.28 17:31:59,UP,5.0,1,10.1,-9.6,3283,3283
2026.04.28 18:39:26,UP,5.1,2,6.8,-10.2,30309,47799
2026.04.29 09:39:36,UP,5.1,2,7.8,-10.2,15624,24022
2026.04.29 16:19:58,DOWN,-7.2,2,9.4,-10.1,1010,5654
2026.04.29 17:54:12,UP,11.5,2,1.1,-10.1,33,2042
2026.04.29 18:28:50,DOWN,-5.2,2,0.0,-10.1,0,696
2026.04.29 18:53:34,DOWN,-5.2,1,10.3,-2.2,2598,2598
2026.04.29 21:00:14,DOWN,-5.2,1,10.1,-8.9,669,669
2026.04.29 21:17:41,UP,5.0,2,4.4,-10.0,1139,1202
2026.04.29 21:37:44,DOWN,-5.0,2,6.8,-10.0,567,2236
2026.04.29 22:23:30,DOWN,-5.5,1,12.1,-5.0,6044,6044
2026.04.30 00:04:14,DOWN,-14.5,2,0.0,-12.3,0,64
2026.04.30 00:09:14,UP,11.0,1,10.4,-2.2,8737,8737
2026.04.30 04:59:05,DOWN,-5.1,1,10.1,-3.0,2708,2708
2026.04.30 06:13:29,DOWN,-5.1,1,10.2,-4.5,4837,4837
2026.04.30 09:11:43,DOWN,-5.0,2,0.6,-10.0,21,1237
2026.04.30 10:14:53,UP,5.0,1,10.3,-5.7,3021,3021
2026.04.30 11:06:22,UP,5.3,2,3.2,-10.1,69,1228
2026.04.30 11:38:56,UP,5.0,2,0.0,-10.8,0,716
2026.04.30 11:52:41,DOWN,-5.0,2,6.4,-10.0,1059,2279
2026.04.30 12:30:44,UP,5.1,1,10.1,-6.3,3380,3380
2026.04.30 13:27:04,UP,5.6,1,10.1,-2.7,277,277
2026.04.30 13:32:18,UP,5.1,2,0.2,-10.0,0,887
2026.04.30 13:47:06,DOWN,-7.0,2,0.5,-10.1,60,432
2026.04.30 14:06:11,DOWN,-5.0,1,10.1,-8.9,3415,3415
2026.04.30 15:03:07,DOWN,-5.2,1,10.1,-5.4,882,882
2026.04.30 15:17:49,DOWN,-15.0,2,0.0,-10.1,0,306
2026.04.30 15:24:00,UP,5.1,2,4.0,-10.1,248,1243
2026.04.30 15:44:44,DOWN,-8.7,2,5.4,-10.2,1142,1525
2026.04.30 16:12:57,DOWN,-5.2,1,10.2,-1.5,664,664
2026.04.30 16:24:25,DOWN,-5.0,2,1.3,-10.2,39,976
2026.04.30 16:48:37,UP,5.1,2,0.4,-10.1,0,702
2026.04.30 17:02:15,UP,5.6,1,10.0,-6.7,820,820
2026.04.30 17:15:55,UP,7.7,1,10.0,-5.3,2048,2048
2026.04.30 17:51:00,UP,5.0,1,10.3,-0.5,269,269
2026.04.30 17:56:21,UP,5.1,2,0.8,-10.0,19,589
2026.04.30 18:07:47,UP,5.3,1,10.1,-7.7,13364,13364
2026.05.01 03:14:25,DOWN,-5.1,2,0.9,-10.1,77,7172
2026.05.01 09:45:49,UP,5.2,1,10.1,-1.8,202,202
2026.05.01 09:50:53,UP,5.1,1,10.3,-8.9,15606,15606
2026.05.01 14:14:36,UP,5.4,1,10.1,-5.8,3600,3600
2026.05.01 15:14:36,UP,9.5,2,8.1,-10.0,522,5460
2026.05.01 16:46:55,DOWN,-5.5,2,4.4,-10.2,150,511
2026.05.01 16:55:26,UP,6.2,1,10.0,-1.4,410,410
2026.05.01 17:02:16,UP,5.9,1,10.1,-0.8,567,567
2026.05.01 17:12:33,UP,5.2,2,5.8,-10.1,722,1689
2026.05.01 17:51:17,DOWN,-5.1,1,10.5,-5.7,3562,3562
2026.05.01 18:50:39,DOWN,-13.8,1,10.0,-9.6,2583,2583
2026.05.01 19:33:49,DOWN,-5.2,1,10.1,-4.6,3632,3632
2026.05.01 20:34:22,DOWN,-5.2,1,10.2,-6.0,3295,3295
2026.05.01 21:29:17,DOWN,-5.2,2,5.2,-23.5,8919,181843
2026.05.04 00:00:00,UP,26.1,2,5.0,-10.1,1592,3693
2026.05.04 01:01:33,DOWN,-6.6,1,10.1,-7.4,7114,7114
2026.05.04 04:17:39,UP,5.2,1,10.2,-6.8,9346,9346
2026.05.04 06:53:25,UP,7.2,2,1.1,-10.0,85,2531
2026.05.04 09:43:03,DOWN,-5.2,1,10.1,-4.8,4181,4181
2026.05.04 11:01:34,DOWN,-5.2,2,1.3,-10.0,227,2941
2026.05.04 13:02:42,DOWN,-5.1,1,10.7,-2.9,268,268
2026.05.04 13:07:42,DOWN,-8.7,1,10.2,-0.5,519,519
2026.05.04 13:17:18,DOWN,-5.1,2,3.0,-10.1,317,535
2026.05.04 13:26:13,UP,6.0,1,10.0,-1.7,358,358
2026.05.04 13:32:11,UP,8.6,2,3.0,-10.0,11,1985
2026.05.04 14:14:59,DOWN,-5.4,2,4.9,-10.0,2727,3783
2026.05.04 15:18:06,UP,5.2,1,10.2,-5.1,5108,5108
2026.05.04 17:09:49,DOWN,-5.0,2,0.0,-10.1,0,1749
2026.05.04 17:44:35,DOWN,-5.1,1,10.0,-6.5,2189,2189
2026.05.04 18:21:05,DOWN,-5.1,1,10.2,-5.1,2954,2954
2026.05.04 19:17:33,UP,5.1,1,10.0,-9.8,10256,10256
2026.05.04 22:08:29,UP,7.1,2,1.7,-10.0,991,3994
2026.05.05 00:00:30,UP,6.8,2,0.0,-10.9,0,23
2026.05.05 04:23:02,DOWN,-5.4,2,0.0,-10.2,0,3760
2026.05.05 07:57:30,DOWN,-5.1,2,0.8,-10.0,158,4376
2026.05.05 09:19:38,DOWN,-5.5,2,0.6,-10.2,299,2718
2026.05.05 10:36:52,UP,5.1,2,1.7,-10.4,3,3837
2026.05.05 12:00:13,DOWN,-5.0,2,2.7,-10.0,1214,4870
2026.05.05 14:00:48,DOWN,-5.2,2,2.0,-10.1,980,1845
2026.05.05 15:13:23,UP,5.1,1,10.1,-1.9,3324,3324
2026.05.05 16:08:47,UP,6.4,2,4.2,-10.4,3593,4187
2026.05.05 17:18:34,DOWN,-6.2,2,0.2,-10.1,1,260
2026.05.05 17:23:34,UP,6.0,1,10.0,-4.4,4706,4706
2026.05.06 01:52:11,UP,5.1,1,10.3,-2.0,231,231
2026.05.06 02:07:34,UP,5.2,1,10.0,-3.0,839,839
2026.05.06 03:34:23,UP,5.1,1,10.1,-4.0,14175,14175
2026.05.06 07:49:38,UP,5.0,2,4.6,-10.7,430,6290
2026.05.06 10:58:51,UP,5.4,1,10.3,-2.9,2100,2100
2026.05.06 11:33:51,UP,7.6,1,10.1,-1.5,987,987
2026.05.06 11:50:18,UP,7.9,1,10.4,-0.7,64,64
2026.05.06 12:03:21,DOWN,-5.2,2,1.6,-10.1,52,983
2026.05.06 12:19:44,UP,7.7,1,10.1,-6.5,4901,4901
2026.05.06 13:42:50,UP,5.2,1,10.0,-1.4,472,472
2026.05.06 13:50:43,UP,5.2,2,7.2,-10.4,213,3138
2026.05.06 14:43:01,DOWN,-5.9,1,10.0,-0.7,758,758
2026.05.06 15:01:35,DOWN,-5.2,1,10.9,-1.1,780,780
2026.05.06 15:14:35,DOWN,-8.7,2,1.5,-10.0,101,1043
2026.05.06 15:47:36,DOWN,-5.2,1,10.2,-4.2,4762,4762
2026.05.06 17:31:19,UP,5.0,1,10.1,-1.5,815,815
2026.05.06 17:44:54,UP,6.2,2,0.9,-10.0,38,1050
2026.05.06 19:58:17,DOWN,-5.2,2,0.5,-10.0,0,554
2026.05.07 00:04:41,DOWN,-5.1,2,0.0,-10.1,0,11297
2026.05.07 03:14:54,UP,5.1,1,10.4,-9.7,24829,24829
2026.05.07 10:08:43,UP,9.8,1,10.0,-5.7,8754,8754
2026.05.07 12:34:37,UP,5.9,2,3.9,-10.1,640,5635
2026.05.07 16:38:38,DOWN,-5.1,1,10.2,-8.0,8850,8850
2026.05.07 20:26:43,DOWN,-5.3,1,10.3,-0.3,413,413
2026.05.07 20:33:36,DOWN,-5.9,2,5.9,-10.1,196,1712
2026.05.07 21:44:21,DOWN,-5.0,1,10.1,-9.8,4449,4449
2026.05.07 22:58:30,DOWN,-6.0,2,2.0,-10.0,88,354
2026.05.07 23:04:24,UP,10.4,2,0.8,-10.1,1,1043
2026.05.07 23:57:09,DOWN,-5.4,2,1.2,-10.0,1,11417
2026.05.08 03:18:47,DOWN,-5.2,2,2.6,-10.0,8633,17013
2026.05.08 09:04:30,UP,5.2,1,10.1,-2.4,8264,8264
2026.05.08 11:22:18,UP,5.1,1,10.0,-2.0,1406,1406
2026.05.08 12:01:52,UP,5.1,2,4.6,-10.1,1203,11432
2026.05.08 15:18:05,UP,5.0,1,10.1,-6.9,949,949
2026.05.08 15:33:54,UP,9.4,1,10.1,-9.0,3582,3582
2026.05.08 16:33:36,UP,7.0,2,2.5,-10.0,166,1866
2026.05.08 17:09:16,DOWN,-5.5,2,3.0,-10.1,83,14117
2026.05.08 21:04:33,UP,7.7,2,8.8,-32.8,10195,183327
2026.05.11 00:00:00,DOWN,-36.3,2,6.8,-10.1,31,1981
2026.05.11 00:41:56,UP,6.2,2,1.2,-10.0,150,1211
2026.05.11 01:02:07,DOWN,-5.7,2,0.0,-10.0,0,5966
2026.05.11 09:03:48,UP,5.1,1,10.2,-2.6,3171,3171
2026.05.11 09:57:19,UP,5.3,1,10.2,-3.6,4696,4696
2026.05.11 14:55:59,DOWN,-5.3,2,2.4,-10.0,28,3874
2026.05.11 16:09:14,UP,5.3,2,5.7,-10.1,5725,13713
2026.05.12 00:00:26,DOWN,-8.8,2,1.8,-10.5,1,364
2026.05.12 00:06:31,UP,5.2,2,4.6,-10.0,4202,11842
2026.05.12 08:55:56,UP,5.0,2,4.7,-10.1,4,1490
2026.05.12 10:04:50,DOWN,-5.3,1,10.0,-8.3,14429,14429
2026.05.12 15:09:35,DOWN,-5.9,2,1.6,-10.1,1254,2119
2026.05.12 15:44:54,UP,5.4,2,2.4,-10.1,1078,1830
2026.05.12 16:17:32,DOWN,-5.1,1,10.0,-7.1,7187,7187
2026.05.12 18:34:03,UP,5.1,1,10.0,-2.9,11933,11933
2026.05.13 00:00:23,DOWN,-5.8,1,10.2,-7.8,34469,34469
2026.05.13 10:54:16,DOWN,-5.3,1,10.5,-3.0,5021,5021
2026.05.13 12:19:30,DOWN,-5.1,2,0.1,-10.0,3,2154
2026.05.13 15:17:16,DOWN,-5.1,1,10.1,-2.3,768,768
2026.05.13 15:30:04,DOWN,-6.3,2,0.2,-10.0,36,237
2026.05.13 16:32:39,UP,5.2,1,10.0,-6.5,62057,62057
2026.05.14 09:48:40,UP,5.2,2,1.4,-10.2,374,1752
2026.05.14 10:58:58,DOWN,-5.4,1,10.3,-5.3,16697,16697
2026.05.14 16:38:45,DOWN,-5.1,2,2.7,-10.1,270,385
2026.05.14 16:45:10,UP,5.1,2,1.2,-10.0,8,552
2026.05.14 16:54:22,DOWN,-5.3,2,2.0,-10.1,389,1551
2026.05.14 17:51:46,DOWN,-5.1,1,10.1,-1.1,421,421
2026.05.14 17:58:47,DOWN,-5.2,1,10.0,-0.4,1520,1520
2026.05.15 03:03:09,DOWN,-5.1,1,10.1,-6.9,5333,5333
2026.05.15 08:46:42,DOWN,-5.4,2,7.8,-10.1,4440,5869
2026.05.15 10:26:21,DOWN,-5.4,1,10.0,-0.8,3019,3019
2026.05.15 12:08:48,DOWN,-5.6,2,7.1,-10.1,567,3556
2026.05.15 13:09:24,UP,5.1,1,10.1,-2.4,1847,1847
2026.05.15 13:51:31,UP,5.1,2,5.3,-10.0,96,2126
2026.05.15 15:37:37,DOWN,-5.1,2,4.7,-10.0,520,5968
2026.05.15 17:17:05,UP,5.7,2,5.5,-10.2,261,4055
2026.05.18 00:00:00,DOWN,-6.7,1,10.0,-6.6,14083,14083
2026.05.18 10:26:09,UP,5.2,2,7.8,-10.5,5340,12752
2026.05.18 14:34:12,UP,5.1,1,10.3,-1.7,333,333
2026.05.18 14:39:45,UP,10.6,1,10.0,-8.5,4038,4038
2026.05.18 15:53:12,DOWN,-5.1,1,10.3,-7.3,7676,7676
2026.05.18 18:02:23,DOWN,-5.2,2,4.2,-10.0,459,2040
2026.05.18 18:54:31,UP,5.1,2,5.1,-10.0,1614,9069
2026.05.18 21:27:03,DOWN,-5.4,2,9.8,-10.3,1976,2084
2026.05.18 22:01:47,UP,18.2,1,10.1,-4.0,4402,4402
2026.05.19 00:01:24,DOWN,-5.1,2,1.4,-10.0,236,2896
2026.05.19 03:04:21,DOWN,-5.2,1,10.4,-4.6,16434,16434
2026.05.19 09:47:50,DOWN,-5.0,1,10.1,-2.1,5097,5097
2026.05.19 11:12:47,DOWN,-5.1,1,10.1,-7.2,3584,3584
2026.05.19 12:12:41,DOWN,-5.1,2,2.6,-10.1,1172,4264
2026.05.19 13:38:19,DOWN,-5.3,1,10.1,-5.7,9673,9673
2026.05.19 16:19:32,DOWN,-6.2,1,10.4,-8.8,3947,3947
2026.05.19 17:27:13,DOWN,-5.1,2,4.3,-10.1,2472,7311
2026.05.20 00:00:42,DOWN,-5.5,2,3.1,-10.1,195,9024
2026.05.20 04:50:45,UP,5.2,2,5.1,-10.9,7913,14380
2026.05.20 09:19:34,UP,5.1,2,2.6,-10.0,563,2209
2026.05.20 11:11:20,DOWN,-5.1,2,4.8,-10.0,528,8674
2026.05.20 13:37:38,UP,5.1,2,4.3,-10.0,3838,8822
2026.05.20 17:04:25,DOWN,-5.1,2,4.4,-10.0,398,704
2026.05.20 17:16:10,UP,7.1,1,10.1,-0.5,23,23
2026.05.20 17:21:10,DOWN,-6.6,2,0.0,-10.1,0,76
2026.05.20 17:30:28,UP,5.2,1,10.1,-7.1,2711,2711
2026.05.20 18:15:39,UP,13.7,1,10.2,-0.5,9,9
2026.05.20 18:26:52,DOWN,-5.0,2,8.8,-10.1,9234,12525
2026.05.21 00:00:41,DOWN,-9.0,2,0.1,-10.0,0,607
2026.05.21 04:09:50,UP,5.1,2,0.8,-10.1,339,2653
2026.05.21 04:54:19,DOWN,-5.2,1,10.3,-5.6,19242,19242
2026.05.21 10:15:01,DOWN,-5.7,1,10.3,-1.4,238,238
2026.05.21 10:25:55,DOWN,-5.0,2,1.4,-10.0,65,1176
2026.05.21 11:04:40,UP,5.1,1,10.0,-1.1,436,436
2026.05.21 11:11:57,UP,9.0,1,10.0,-3.5,242,242
2026.05.21 11:16:57,UP,6.1,2,2.9,-10.0,44,1695
2026.05.21 11:47:04,UP,5.2,2,5.8,-10.0,2624,5896
2026.05.21 13:25:48,DOWN,-5.2,1,10.2,-1.0,343,343
2026.05.21 13:31:31,DOWN,-7.1,1,10.4,-9.8,5174,5174
2026.05.21 14:57:45,DOWN,-6.6,2,3.1,-10.1,1787,2821
2026.05.21 15:58:03,DOWN,-5.1,1,10.0,-1.4,1274,1274
2026.05.21 16:19:17,DOWN,-6.9,1,10.1,-3.9,1389,1389
2026.05.21 16:48:52,UP,5.1,1,10.2,-0.7,265,265
2026.05.21 16:53:52,UP,10.2,2,7.9,-10.1,49,4413
2026.05.21 18:07:25,DOWN,-10.0,2,0.6,-10.1,90,4742
2026.05.21 20:10:31,UP,5.1,1,10.0,-2.8,312,312
2026.05.21 20:15:43,UP,6.7,1,10.0,-0.4,117,117
2026.05.21 20:20:43,UP,6.3,1,10.0,-5.3,1822,1822
2026.05.21 21:00:54,UP,5.0,2,0.1,-10.0,3,410
2026.05.21 21:48:38,DOWN,-5.8,1,10.2,-3.3,378,378
2026.05.21 21:54:56,DOWN,-8.0,2,1.5,-10.1,29,1616
2026.05.21 22:44:25,DOWN,-5.1,1,10.1,-5.4,27046,27046
2026.05.22 08:58:04,DOWN,-5.4,1,10.2,-6.2,11804,11804
2026.05.22 15:12:17,UP,5.6,1,10.6,-4.5,3443,3443
2026.05.22 16:09:40,UP,7.4,2,6.6,-10.0,105,2302
2026.05.22 16:53:26,UP,5.0,2,0.4,-10.1,228,441
2026.05.22 17:00:47,DOWN,-8.5,2,7.0,-10.2,1015,4514
2026.05.22 20:28:13,UP,5.1,2,2.7,-10.2,117,8268
2026.05.25 00:00:00,UP,34.1,1,10.0,-7.1,13780,13780
2026.05.25 03:49:40,UP,8.2,2,1.4,-10.1,300,500
2026.05.25 03:58:00,DOWN,-9.5,2,8.3,-10.3,22860,38493
2026.05.25 15:34:18,UP,5.1,2,3.6,-10.1,737,5076
2026.05.25 18:11:28,UP,5.3,2,1.9,-10.0,25,5401
2026.05.26 10:04:35,DOWN,-5.2,2,5.9,-10.1,97,1634
2026.05.26 10:31:49,UP,6.0,2,5.2,-10.0,10707,20215
2026.05.26 16:29:46,DOWN,-5.3,1,10.1,-4.6,7637,7637
2026.05.27 00:00:10,DOWN,-7.9,2,0.5,-10.0,23,8121
2026.05.27 15:18:23,UP,5.2,1,10.0,-2.2,210,210
2026.05.27 15:23:23,UP,17.0,2,0.0,-10.1,0,52
2026.05.27 15:28:27,UP,5.0,2,7.3,-10.1,454,1853
2026.05.27 15:59:22,DOWN,-10.3,1,10.2,-8.1,6939,6939
2026.05.27 17:55:33,DOWN,-5.1,1,10.1,-4.7,30848,30848
2026.05.28 02:52:00,DOWN,-5.1,1,10.1,-7.4,12155,12155
2026.05.28 06:14:35,DOWN,-5.5,1,10.1,-0.5,1134,1134
2026.05.28 06:33:30,DOWN,-5.3,2,9.6,-10.2,1912,10011
2026.05.28 11:14:24,DOWN,-5.2,2,6.4,-10.2,9936,13293
2026.05.28 15:30:10,UP,5.0,1,10.4,-2.6,1869,1869
2026.05.28 16:02:53,UP,5.1,2,1.6,-10.1,22,3163
2026.05.28 17:12:54,UP,6.7,1,10.1,0.0,18,18
2026.05.28 17:18:05,UP,5.4,2,9.4,-10.2,7587,46313
2026.05.29 10:24:19,DOWN,-5.1,1,10.1,-0.2,2615,2615
2026.05.29 11:49:26,DOWN,-5.1,2,7.3,-10.0,402,4175
2026.05.29 14:39:31,UP,5.1,1,10.3,-5.7,11434,11434
2026.05.29 17:51:19,UP,5.1,1,10.6,-1.3,237,237
2026.05.29 17:56:22,UP,7.2,1,10.0,-6.3,2203,2203
2026.05.29 18:33:06,UP,8.3,2,2.4,-10.1,13,1996
2026.06.01 00:00:00,DOWN,-8.6,1,10.1,-8.4,17405,17405
2026.06.01 09:57:19,UP,5.2,2,1.0,-10.1,125,2578
2026.06.01 16:04:52,DOWN,-5.0,1,10.1,-1.8,455,455
2026.06.01 16:12:28,DOWN,-10.3,1,10.1,-5.9,1454,1454
2026.06.01 16:38:55,UP,5.1,2,1.0,-10.0,40,580
2026.06.01 16:51:47,DOWN,-5.3,2,6.1,-10.0,672,5917
2026.06.01 18:30:31,UP,5.3,2,1.7,-10.3,39,2822
2026.06.01 19:54:54,UP,5.1,1,10.2,-4.3,44643,44643
2026.06.02 09:12:21,UP,5.1,2,9.2,-10.1,23024,28092
2026.06.02 17:00:33,DOWN,-6.8,2,0.3,-10.1,3,2240
2026.06.02 18:27:12,DOWN,-5.1,1,10.1,-2.9,4353,4353
2026.06.03 09:24:27,DOWN,-5.2,2,0.2,-10.2,0,4245
2026.06.03 13:05:53,UP,5.1,2,1.7,-10.0,6,8046
2026.06.03 15:33:38,DOWN,-5.1,2,7.1,-10.1,7920,8706
2026.06.03 17:59:27,UP,5.2,2,0.8,-10.0,60,3754
2026.06.04 01:56:45,UP,5.1,1,10.1,-1.6,27527,27527
2026.06.04 10:22:01,DOWN,-5.1,2,7.4,-10.0,1200,5993
2026.06.04 12:03:39,UP,5.4,1,10.3,-1.5,3673,3673
2026.06.04 14:04:20,UP,5.1,2,9.9,-10.0,2697,14538
2026.06.05 14:53:44,UP,5.0,2,1.5,-11.3,394,2177
2026.06.05 15:30:01,DOWN,-5.0,1,10.3,-3.0,7,7
2026.06.05 15:36:24,DOWN,-5.2,1,10.2,-3.7,898,898
2026.06.05 15:51:22,DOWN,-5.4,1,10.1,-3.1,469,469
2026.06.05 15:59:11,DOWN,-5.9,2,5.6,-10.1,67,169
2026.06.05 16:04:11,UP,5.2,2,7.1,-10.0,1023,1623
2026.06.05 16:39:30,DOWN,-5.1,1,10.4,-6.0,1627,1627
2026.06.05 17:06:40,DOWN,-5.5,1,10.0,-1.0,641,641
2026.06.05 17:31:22,UP,5.1,2,0.9,-10.2,76,774
2026.06.05 17:44:16,DOWN,-5.4,1,10.2,-8.7,3007,3007
2026.06.05 18:37:27,DOWN,-5.1,1,10.3,-0.7,1800,1800
2026.06.05 19:16:28,DOWN,-5.5,2,1.0,-10.1,1145,2552
2026.06.05 23:07:10,DOWN,-5.0,1,10.5,-7.1,175970,175970
2026.06.08 00:00:00,DOWN,-11.8,2,7.2,-10.0,35,4511
2026.06.08 04:28:11,DOWN,-5.2,2,8.6,-10.0,167,3528
2026.06.08 08:04:56,UP,5.1,2,4.3,-10.0,997,2218
2026.06.08 08:57:18,DOWN,-5.0,1,10.1,-9.2,10745,10745
2026.06.08 12:36:42,UP,5.4,1,10.0,-2.4,1819,1819
2026.06.08 13:07:05,UP,5.1,1,10.3,-3.3,1640,1640
2026.06.08 13:34:25,UP,9.4,1,10.2,-7.5,2741,2741
2026.06.08 14:20:27,UP,5.0,1,10.2,-7.9,7342,7342
2026.06.08 16:22:50,UP,6.7,2,2.4,-10.4,17,2132
2026.06.08 17:21:22,DOWN,-5.2,2,0.2,-10.1,0,1940
2026.06.08 17:53:42,UP,7.4,2,6.7,-10.1,1245,14525
2026.06.08 21:59:24,DOWN,-5.1,2,0.0,-12.1,0,7250
2026.06.09 00:00:15,UP,7.2,2,0.1,-10.1,8,9109
2026.06.09 09:14:50,UP,5.1,2,3.4,-10.4,233,3132
2026.06.09 16:38:02,DOWN,-5.0,2,0.1,-10.0,0,658
2026.06.09 16:49:01,UP,7.9,2,3.6,-10.0,10,1599
2026.06.09 17:24:48,UP,5.1,2,2.8,-10.1,598,4006
2026.06.09 18:33:17,DOWN,-5.2,1,11.0,-4.4,2951,2951
2026.06.09 19:23:44,DOWN,-5.1,1,10.1,-6.7,1074,1074
2026.06.09 19:41:44,DOWN,-5.3,2,0.8,-10.0,27,396
2026.06.09 19:59:19,UP,5.3,1,10.1,-0.9,1345,1345
2026.06.09 20:21:44,UP,5.0,2,2.9,-10.1,25,8615
2026.06.10 03:58:09,UP,5.1,1,10.0,-7.4,10589,10589
2026.06.10 11:03:29,DOWN,-5.1,2,0.5,-10.2,27,6132
2026.06.10 14:03:48,DOWN,-5.1,1,10.1,-1.3,61,61
2026.06.10 14:08:48,UP,8.6,2,2.5,-10.3,518,1764
2026.06.10 14:38:34,DOWN,-5.1,2,1.6,-10.0,5,3042
2026.06.10 15:30:01,UP,5.1,1,10.1,-9.3,966,966
2026.06.10 15:46:17,UP,5.1,2,0.6,-10.0,2,490
2026.06.10 15:54:27,DOWN,-7.0,2,8.1,-10.0,347,2468
2026.06.10 16:35:38,UP,5.2,2,6.6,-10.1,804,2620
2026.06.10 17:19:18,DOWN,-7.1,1,10.0,-5.9,3111,3111
2026.06.10 18:23:10,UP,5.1,2,2.6,-10.0,803,1494
2026.06.10 18:48:04,DOWN,-8.4,2,9.5,-10.1,17,1145
2026.06.10 20:49:06,UP,5.0,2,7.5,-10.1,949,7881
2026.06.11 01:02:38,DOWN,-5.3,2,4.6,-10.0,4195,7192
2026.06.11 03:02:34,UP,5.2,1,10.0,-3.9,4106,4106
2026.06.11 11:54:18,DOWN,-5.1,2,8.2,-10.3,5146,9374
2026.06.11 15:15:54,UP,5.4,2,0.2,-10.0,4,378
2026.06.11 15:22:14,DOWN,-5.1,1,10.4,-4.2,246,246
2026.06.11 15:32:27,DOWN,-5.1,2,3.8,-10.0,25,730
2026.06.11 15:44:37,UP,6.5,1,10.1,-4.4,657,657
2026.06.11 15:55:34,UP,5.4,2,0.5,-10.0,3,707
2026.06.11 16:07:44,DOWN,-5.6,1,10.6,-2.1,460,460
2026.06.11 16:24:07,UP,5.1,1,10.0,-1.1,1271,1271
2026.06.11 16:46:31,UP,5.2,2,2.4,-10.1,21,966
2026.06.11 17:03:50,DOWN,-5.2,1,10.3,-3.3,2023,2023
2026.06.11 20:28:49,UP,5.4,1,10.7,0.0,2,2
2026.06.11 20:33:49,UP,26.2,1,10.1,-2.4,42,42
2026.06.11 20:41:33,DOWN,-5.1,1,10.1,-8.8,558,558
2026.06.11 20:50:52,DOWN,-6.2,2,1.1,-10.0,2,88
2026.06.11 21:02:17,DOWN,-5.2,2,4.6,-10.2,240,821
2026.06.11 21:16:30,UP,5.1,1,10.1,-9.3,2892,2892
2026.06.11 22:04:42,UP,9.6,1,10.1,-3.3,923,923
2026.06.11 22:30:21,UP,5.2,2,4.1,-10.3,34,5416
2026.06.12 01:03:13,UP,5.1,2,4.9,-10.7,3504,7075
2026.06.12 03:01:46,DOWN,-5.3,1,10.1,-5.0,20949,20949
2026.06.12 09:03:01,UP,5.2,1,10.1,-0.6,3301,3301
2026.06.12 10:13:53,DOWN,-5.1,2,6.3,-10.1,1500,3770
2026.06.12 11:16:51,UP,5.0,1,10.2,-0.5,189,189
2026.06.12 11:38:50,UP,5.0,2,0.2,-10.1,5,1758
2026.06.12 12:16:32,UP,5.1,2,7.4,-10.1,636,4146
2026.06.12 13:26:13,DOWN,-5.1,1,10.1,-7.9,7108,7108
2026.06.12 15:24:41,DOWN,-6.0,2,2.4,-10.3,312,3318
2026.06.12 16:40:42,DOWN,-5.3,2,6.4,-10.1,90,6330
2026.06.12 18:29:28,UP,5.2,2,0.1,-10.0,41,787
2026.06.12 18:42:35,DOWN,-5.8,3,8.3,-5.0,19022,191845
2026.06.15 00:00:00,UP,8.6,1,10.5,-1.6,1540,1540
2026.06.15 00:25:56,UP,5.3,1,10.1,-0.1,602,602
2026.06.15 01:03:52,UP,5.1,2,7.6,-10.0,318,10297
2026.06.15 08:12:42,UP,5.1,2,2.3,-10.0,78,3266
2026.06.15 09:07:25,DOWN,-5.1,1,10.1,-2.3,9543,9543
2026.06.15 12:02:34,UP,6.3,1,10.1,-3.4,13512,13512
2026.06.15 22:58:13,DOWN,-5.0,2,2.5,-12.1,144,3716
2026.06.16 00:00:26,UP,9.6,2,0.0,-16.7,0,0
2026.06.16 00:51:47,DOWN,-5.1,1,10.1,-6.1,22914,22914
2026.06.16 09:34:21,UP,5.1,1,10.0,-3.0,4062,4062
2026.06.16 14:43:10,DOWN,-5.1,1,10.0,-5.8,10254,10254
2026.06.16 17:56:40,UP,5.2,1,10.0,-7.0,3617,3617
2026.06.17 11:11:44,DOWN,-5.2,1,10.1,-5.7,11538,11538
2026.06.17 17:47:15,DOWN,-5.1,1,10.1,-8.8,11566,11566
2026.06.17 21:00:01,DOWN,-19.7,1,10.1,-4.0,14,14
2026.06.17 21:05:22,DOWN,-5.1,2,7.7,-10.0,527,1634
2026.06.17 21:32:36,UP,10.8,2,5.2,-10.1,7,26
2026.06.17 21:37:36,UP,11.2,1,10.0,-2.8,103,103
2026.06.17 21:42:49,DOWN,-5.0,2,0.2,-10.1,0,62
2026.06.17 21:48:22,DOWN,-5.1,1,10.4,-5.0,414,414
2026.06.17 21:55:20,DOWN,-5.1,1,10.1,-0.5,218,218
2026.06.17 22:02:52,DOWN,-5.2,1,10.2,0.0,93,93
2026.06.17 22:09:38,DOWN,-5.0,1,10.1,-1.0,203,203
2026.06.17 22:15:45,DOWN,-5.0,1,10.1,-4.7,449,449
2026.06.17 22:23:14,DOWN,-6.2,1,10.0,-3.7,535,535
2026.06.17 22:32:33,DOWN,-5.1,1,10.0,-2.9,368,368
2026.06.17 22:38:54,DOWN,-5.1,2,0.9,-10.0,82,437
2026.06.17 22:46:13,UP,5.1,1,10.0,-3.5,2486,2486
2026.06.18 03:01:32,UP,5.1,1,10.0,-3.0,5225,5225
2026.06.18 09:03:32,UP,5.2,1,10.1,-2.4,1551,1551
2026.06.18 09:36:56,DOWN,-5.0,1,10.1,-3.2,1764,1764
2026.06.18 10:43:01,UP,5.1,2,6.0,-10.2,478,1921
2026.06.18 11:34:12,DOWN,-5.1,1,10.1,-1.2,1158,1158
2026.06.18 12:07:52,DOWN,-5.1,1,10.1,-4.3,3441,3441
2026.06.18 13:06:05,DOWN,-5.1,1,10.1,-8.3,4336,4336
2026.06.18 14:24:57,UP,5.1,1,10.2,-8.1,3341,3341
2026.06.18 15:20:56,UP,5.0,2,8.6,-10.0,44,2759
2026.06.18 16:16:51,DOWN,-5.0,2,2.5,-10.0,266,904
2026.06.18 16:32:12,UP,5.1,1,10.1,-9.2,5184,5184
2026.06.18 17:58:36,UP,5.1,2,1.2,-10.1,135,1638
2026.06.18 22:04:43,DOWN,-5.1,2,3.6,-10.1,1140,6927
2026.06.19 00:00:12,UP,7.3,2,2.7,-10.1,2,17736
2026.06.19 06:16:18,DOWN,-5.1,1,10.1,-2.6,5323,5323
2026.06.19 07:49:28,DOWN,-5.1,1,10.6,-3.1,1665,1665
2026.06.19 08:51:02,UP,5.1,1,10.0,-0.7,3952,3952
2026.06.19 10:04:03,UP,5.1,1,10.1,-5.7,4772,4772
2026.06.19 11:42:09,UP,5.1,2,1.3,-10.2,57,5898
2026.06.19 15:51:01,UP,5.0,2,4.9,-10.0,51,2740
2026.06.19 16:37:35,DOWN,-5.2,2,0.7,-10.1,2,4088
2026.06.19 18:02:01,UP,5.1,2,2.4,-10.1,23,2158
2026.06.19 19:24:50,UP,5.0,1,10.7,-3.1,7212,7212
2026.06.19 23:17:41,DOWN,-5.6,1,19.0,-4.6,175339,175339
2026.06.22 00:00:00,DOWN,-5.4,2,3.3,-10.6,545,2616
2026.06.22 00:59:07,DOWN,-6.0,2,3.9,-10.0,10269,10878
2026.06.22 04:04:01,UP,5.1,2,2.2,-10.1,65,4262
2026.06.22 06:57:56,DOWN,-5.1,1,10.1,-8.9,13796,13796
2026.06.22 11:21:54,UP,5.1,1,10.0,-6.3,2646,2646
2026.06.22 13:09:22,UP,5.1,2,1.5,-10.0,11,3955
2026.06.22 15:03:42,UP,5.1,2,8.3,-10.1,1930,3424
2026.06.22 16:00:46,DOWN,-11.4,1,10.1,-4.4,2962,2962
2026.06.22 16:59:06,DOWN,-5.5,2,2.8,-10.0,466,578
2026.06.22 17:08:44,UP,9.8,1,10.0,-9.4,2626,2626
2026.06.22 17:52:30,UP,5.1,2,2.0,-10.0,77,2287
2026.06.22 18:49:19,DOWN,-5.2,1,10.1,-0.7,11164,11164
2026.06.23 00:00:27,DOWN,-5.5,2,6.5,-10.1,0,36538
2026.06.23 10:30:11,DOWN,-5.1,1,10.0,-1.1,477,477
2026.06.23 10:38:10,DOWN,-5.1,1,10.1,-1.3,858,858
2026.06.23 10:52:28,DOWN,-5.8,1,10.3,-6.0,10591,10591
2026.06.23 13:49:14,DOWN,-5.4,1,10.1,-3.4,3744,3744
2026.06.23 14:51:43,DOWN,-5.0,2,5.6,-10.0,2048,6272
2026.06.23 16:59:40,DOWN,-5.2,1,10.1,-2.8,1353,1353
2026.06.23 17:22:21,DOWN,-5.5,1,10.2,-9.3,45414,45414
2026.06.24 05:59:15,DOWN,-5.3,1,10.2,-9.2,14590,14590
2026.06.24 10:44:05,UP,5.1,2,3.2,-10.2,261,1697
2026.06.24 11:12:22,DOWN,-5.1,1,10.2,-8.4,10340,10340
2026.06.24 14:55:47,DOWN,-5.0,1,10.4,-6.2,2309,2309
2026.06.24 15:34:16,DOWN,-8.1,2,6.3,-10.0,2130,3460
2026.06.24 16:33:19,UP,5.2,1,10.0,-9.3,6294,6294
2026.06.24 18:23:32,UP,5.1,2,1.9,-10.1,239,972
2026.06.24 18:53:46,DOWN,-5.2,2,1.1,-10.1,20,1922
2026.06.24 19:38:28,UP,5.1,2,0.3,-10.1,10,1016
2026.06.24 20:07:29,DOWN,-5.1,1,14.7,-6.4,14110,14110
2026.06.25 00:03:59,DOWN,-5.1,2,5.4,-10.0,13070,15217
2026.06.25 04:19:47,UP,5.2,2,1.2,-10.0,225,2508
2026.06.25 09:31:07,DOWN,-5.0,1,10.1,-3.0,2702,2702
2026.06.25 10:17:49,DOWN,-5.1,2,0.5,-10.0,3,862
2026.06.25 11:24:24,UP,5.1,2,7.5,-10.0,4071,6259
2026.06.25 15:30:12,UP,5.1,1,10.0,-0.6,30,30
2026.06.25 15:36:43,UP,5.1,1,10.0,-7.3,3209,3209
2026.06.25 16:39:43,UP,5.0,1,10.1,-9.8,1514,1514
2026.06.25 17:04:57,UP,15.1,2,5.0,-10.1,79,1026
2026.06.25 17:24:18,DOWN,-5.0,2,0.3,-10.0,0,700
2026.06.25 17:53:38,DOWN,-5.2,2,0.8,-10.2,9,687
2026.06.25 18:09:05,DOWN,-5.2,1,10.0,-9.6,17136,17136
2026.06.26 00:00:29,DOWN,-5.8,1,16.0,0.0,0,0
2026.06.26 00:05:34,DOWN,-8.1,1,10.1,-9.9,19149,19149
2026.06.26 06:54:38,UP,5.2,1,10.1,-2.9,7178,7178
2026.06.26 09:54:04,UP,5.2,1,10.0,-4.2,2710,2710
2026.06.26 10:39:14,UP,6.8,1,10.1,-4.4,1816,1816
2026.06.26 11:09:30,UP,12.7,1,10.1,-6.7,2173,2173
2026.06.26 11:57:04,DOWN,-5.1,2,5.9,-10.2,596,3129
2026.06.26 12:49:13,UP,6.1,2,0.9,-10.0,6,1900
2026.06.26 15:53:40,UP,5.0,1,10.1,-3.1,236,236
2026.06.26 15:58:40,UP,16.3,2,4.7,-10.1,19,675
2026.06.26 16:09:55,DOWN,-5.2,1,10.1,-9.3,6187,6187
2026.06.26 17:53:02,DOWN,-7.7,1,10.0,-0.5,222,222
2026.06.26 17:58:02,DOWN,-10.0,2,2.1,-10.0,189,1453
2026.06.26 18:51:04,DOWN,-5.9,1,10.5,-3.0,2054,2054
2026.06.26 19:36:18,DOWN,-5.1,3,3.2,-9.6,10198,188622
2026.06.29 00:07:44,DOWN,-6.0,2,2.6,-10.0,2612,19196
2026.06.29 09:53:25,UP,5.1,2,6.0,-10.1,357,5224
2026.06.29 14:56:11,UP,5.1,1,10.0,-9.5,8761,8761
2026.06.29 17:44:31,DOWN,-5.5,2,2.2,-10.0,290,2589
2026.06.30 00:00:27,DOWN,-5.6,1,11.3,-8.5,151,151
2026.06.30 04:13:24,DOWN,-5.0,1,10.1,-9.8,10641,10641
2026.06.30 07:57:46,DOWN,-5.1,2,9.5,-10.1,3668,7064
2026.06.30 11:01:02,DOWN,-5.1,2,10.0,-10.0,2285,18934
2026.06.30 16:18:32,UP,5.1,2,2.0,-10.3,107,2489
2026.06.30 17:02:59,DOWN,-5.1,2,0.6,-10.0,3,416
2026.06.30 17:15:40,UP,5.1,1,10.1,-5.7,2069,2069
2026.06.30 17:50:10,UP,5.2,1,10.1,-1.9,449,449
2026.06.30 17:57:47,UP,5.1,2,3.0,-10.3,234,1244
2026.06.30 20:04:34,UP,5.1,2,8.2,-10.7,10656,14251
2026.07.01 00:02:08,DOWN,-6.0,1,10.1,-7.8,14664,14664
2026.07.01 11:58:50,DOWN,-5.1,1,10.1,-5.4,10689,10689
2026.07.01 14:57:32,DOWN,-5.0,1,10.1,-3.3,2302,2302
2026.07.01 15:39:07,DOWN,-5.1,1,10.1,-3.5,2126,2126
2026.07.01 16:14:34,DOWN,-12.5,2,0.3,-10.1,10,196
2026.07.01 16:19:34,UP,7.7,1,10.0,-1.3,290,290
2026.07.01 16:24:34,UP,11.0,1,10.0,-3.1,414,414
2026.07.01 16:31:29,UP,5.1,1,10.1,-6.1,736,736
2026.07.01 16:43:45,UP,13.7,1,10.0,-0.5,116,116
2026.07.01 16:53:51,DOWN,-5.1,1,10.2,-6.6,3379,3379
2026.07.01 17:54:40,DOWN,-5.1,1,10.0,-9.2,12144,12144
2026.07.02 09:49:09,UP,5.1,1,10.1,-6.4,3197,3197
2026.07.02 10:42:37,UP,5.1,1,10.0,-4.6,1385,1385
2026.07.02 12:04:53,DOWN,-5.1,1,10.1,-1.4,5299,5299
2026.07.02 15:30:01,UP,5.8,1,10.5,-0.1,3,3
2026.07.02 15:35:13,UP,5.2,1,10.1,-4.1,291,291
2026.07.02 15:40:56,UP,5.0,2,1.2,-10.0,3,61
2026.07.02 15:45:56,DOWN,-5.2,1,10.2,-0.3,123,123
2026.07.02 15:51:58,DOWN,-5.1,1,10.1,-9.0,1727,1727
2026.07.02 16:20:45,DOWN,-5.3,2,5.4,-10.1,283,2883
2026.07.02 17:08:48,UP,8.9,2,4.2,-10.0,311,1217
2026.07.02 17:29:05,DOWN,-5.2,1,10.1,-1.2,842,842
2026.07.02 17:49:18,UP,5.1,2,9.3,-10.0,2874,9581
2026.07.03 00:00:30,DOWN,-9.0,1,14.7,-8.4,16,16
2026.07.03 05:09:13,UP,5.1,1,10.1,-4.8,10665,10665
2026.07.03 08:57:30,DOWN,-5.1,2,2.0,-10.1,65,2194
2026.07.03 09:34:04,UP,5.9,2,3.7,-10.1,293,3664
2026.07.06 00:02:00,UP,5.4,2,2.3,-14.2,61,61
2026.07.06 03:17:01,UP,5.1,2,0.0,-10.0,0,4160
2026.07.06 08:58:13,DOWN,-5.0,1,10.1,-3.9,13852,13852
2026.07.06 14:39:05,DOWN,-5.1,2,6.0,-10.1,8309,14844
2026.07.07 04:30:45,UP,5.2,2,2.8,-10.0,1462,13209
2026.07.07 11:24:32,UP,5.1,2,1.9,-10.0,971,5664
2026.07.07 14:53:37,DOWN,-5.0,2,1.5,-10.0,2,1747
2026.07.07 15:23:46,UP,5.1,2,3.9,-10.1,406,6006
2026.07.07 17:03:52,DOWN,-7.9,1,10.0,-8.8,8052,8052
2026.07.07 21:49:22,DOWN,-5.1,1,10.0,-3.5,1325,1325
2026.07.08 00:00:29,DOWN,-6.8,2,4.9,-11.9,0,212
2026.07.08 00:32:53,DOWN,-5.0,2,4.9,-10.0,15078,19687
2026.07.08 11:16:40,DOWN,-5.1,1,10.1,-2.0,48,48
2026.07.08 11:26:35,UP,5.1,2,6.3,-10.0,1364,2571
2026.07.08 12:09:27,DOWN,-7.3,2,6.5,-10.1,312,4916
2026.07.08 14:38:00,DOWN,-5.3,2,5.4,-10.1,166,6841
2026.07.08 16:32:01,UP,5.0,2,5.6,-10.0,992,7105
2026.07.08 20:07:07,UP,5.1,1,10.1,-3.5,8690,8690
2026.07.09 00:03:24,DOWN,-6.1,1,11.9,-0.7,15,15
2026.07.09 08:13:02,UP,5.1,1,10.1,-3.6,4197,4197
2026.07.09 09:22:59,UP,6.1,2,7.5,-10.3,656,5600
2026.07.09 11:58:52,DOWN,-5.1,2,4.9,-10.0,7122,11411
2026.07.09 16:17:25,UP,5.1,1,10.1,-4.9,2839,2839
2026.07.09 17:04:44,UP,6.1,2,0.8,-10.0,5,2495
2026.07.09 18:09:56,UP,5.0,2,5.5,-10.0,3946,17238
2026.07.10 00:01:00,DOWN,-12.8,2,0.0,-13.2,0,1
2026.07.10 00:09:26,DOWN,-5.2,2,4.2,-10.1,2824,13528
2026.07.10 04:23:46,DOWN,-5.2,2,0.3,-10.0,266,2674
2026.07.10 05:08:32,UP,5.2,2,7.1,-10.0,2764,9115
2026.07.10 09:44:57,DOWN,-5.1,1,10.2,-3.2,10289,10289
2026.07.10 15:13:44,UP,5.1,2,6.9,-10.0,19,1363
2026.07.10 16:04:28,DOWN,-5.0,1,10.6,-4.5,5318,5318
2026.07.10 17:33:07,DOWN,-11.9,2,2.5,-10.1,0,1681
2026.07.10 18:16:08,UP,5.1,2,9.8,-10.3,3608,7790
2026.07.10 23:08:37,DOWN,-5.2,1,12.2,-4.5,175883,175883
2026.07.13 00:00:00,DOWN,-13.5,1,10.2,-7.5,4008,4008
2026.07.13 01:06:48,DOWN,-6.3,2,2.7,-10.0,2819,5939
2026.07.13 03:23:52,UP,5.1,2,2.4,-10.1,47,2235
2026.07.13 04:24:23,DOWN,-5.1,2,1.7,-10.0,7,1300
2026.07.13 10:04:40,UP,5.1,1,10.1,-2.8,1857,1857
2026.07.13 10:35:37,UP,5.8,1,10.0,-1.2,1111,1111
2026.07.13 11:08:45,UP,5.0,1,10.2,-0.4,193,193
2026.07.13 11:14:05,UP,5.2,2,5.4,-10.0,238,3938
2026.07.13 15:08:13,DOWN,-5.0,2,1.7,-10.1,279,3113
2026.07.13 17:16:45,DOWN,-5.1,1,10.0,-0.5,2298,2298
2026.07.13 17:59:41,UP,5.1,2,2.1,-10.0,34,5259
2026.07.13 19:29:22,DOWN,-5.1,1,10.0,-1.7,13303,13303
2026.07.14 00:02:46,UP,8.0,1,10.0,-9.6,39494,39494
2026.07.14 11:43:41,UP,5.2,2,0.2,-10.1,32,3548
2026.07.14 14:48:36,UP,5.1,1,17.3,-2.4,2485,2485
2026.07.14 15:30:01,UP,11.4,1,16.4,0.0,1,1
2026.07.14 15:36:18,DOWN,-5.1,2,6.0,-10.1,80,389
2026.07.14 15:42:47,UP,11.1,2,4.9,-10.1,160,587
2026.07.14 15:52:34,DOWN,-7.8,2,3.3,-10.0,339,558
2026.07.14 16:01:52,UP,8.4,2,0.9,-10.1,260,681
2026.07.14 16:13:20,DOWN,-5.1,2,1.8,-10.1,59,909
2026.07.14 16:46:42,DOWN,-5.0,2,0.0,-10.0,0,1248
2026.07.14 17:07:54,UP,5.1,2,0.6,-10.0,330,955
2026.07.14 17:23:51,DOWN,-5.2,1,10.0,-9.4,4550,4550
2026.07.14 18:42:08,DOWN,-5.0,1,10.1,-3.6,5561,5561
2026.07.15 00:03:03,UP,7.3,2,0.0,-10.1,0,3862
2026.07.15 09:59:01,DOWN,-5.1,1,10.0,-2.3,1691,1691
2026.07.15 15:23:42,UP,5.0,1,10.1,-1.0,509,509
2026.07.15 15:32:11,UP,9.1,1,10.0,-5.9,1984,1984
2026.07.15 16:14:46,DOWN,-5.1,2,3.6,-10.1,740,4914
2026.07.15 17:52:42,DOWN,-5.1,2,6.1,-10.0,4448,7698
2026.07.15 20:01:12,UP,5.2,1,10.1,-2.1,1735,1735
2026.07.15 20:32:47,UP,5.1,1,10.1,0.0,635,635
2026.07.15 21:43:24,DOWN,-5.0,1,10.1,-0.5,3171,3171
2026.07.16 00:04:35,UP,5.5,2,8.0,-10.1,38652,51109
2026.07.16 14:49:55,DOWN,-5.1,2,3.1,-10.2,34,670
2026.07.16 15:33:41,DOWN,-5.0,1,10.1,-1.3,1427,1427
2026.07.16 15:58:25,DOWN,-5.1,2,2.5,-10.0,385,1746
2026.07.16 16:59:31,DOWN,-5.0,1,10.1,-3.8,3272,3272
2026.07.16 18:03:04,DOWN,-5.1,2,1.3,-10.1,17,2734
2026.07.17 09:14:47,UP,5.0,2,6.6,-10.0,2942,7493
2026.07.17 11:19:40,DOWN,-5.1,1,10.0,-8.0,9863,9863
2026.07.17 15:34:15,DOWN,-5.2,2,4.7,-10.1,2707,6178
2026.07.17 19:02:14,DOWN,-5.1,3,8.1,-7.6,190666,190666
2026.07.20 00:00:31,DOWN,-12.8,2,1.6,-10.1,8559,14413
2026.07.20 10:23:00,UP,5.0,2,7.7,-10.0,685,7022
2026.07.20 14:30:33,UP,5.2,2,1.8,-10.1,58,1628
2026.07.20 14:57:48,DOWN,-5.0,1,10.1,-2.0,1368,1368
2026.07.20 17:32:35,DOWN,-5.1,2,8.9,-10.0,1495,54609
2026.07.21 12:38:26,UP,5.1,2,0.3,-10.0,3,5411
2026.07.21 16:37:45,DOWN,-5.1,2,1.4,-10.0,411,1900
2026.07.22 10:30:27,UP,5.1,2,0.3,-10.0,5,649
2026.07.22 10:44:48,DOWN,-5.1,2,5.5,-10.2,8429,20353
2026.07.22 16:31:43,UP,5.0,2,1.5,-10.0,23,3501
2026.07.22 18:34:59,DOWN,-5.1,2,4.9,-10.0,19517,33932
2026.07.23 07:08:55,UP,5.1,2,1.5,-10.1,1454,9984
2026.07.23 14:33:39,DOWN,-5.1,1,10.1,-3.5,2974,2974
2026.07.23 15:24:23,DOWN,-5.1,1,10.1,-4.7,2880,2880
2026.07.23 16:13:37,DOWN,-5.2,2,1.3,-10.1,2,988
2026.07.23 16:59:51,DOWN,-5.0,2,9.0,-10.0,1239,39533
2026.07.24 03:59:04,UP,5.1,1,10.0,-7.0,22224,22224
2026.07.24 10:09:28,UP,5.0,2,7.6,-10.0,1309,5822
2026.07.24 14:58:02,DOWN,-5.2,2,6.5,-10.0,4360,11300
2026.07.24 18:11:03,UP,5.1,2,2.8,-10.0,292,6509
2026.07.24 20:08:05,DOWN,-5.1,2,4.5,-17.1,13914,186715
2026.07.27 00:01:00,UP,20.5,1,10.1,-3.0,11512,11512
2026.07.27 03:14:53,UP,5.0,1,10.1,-2.8,6250,6250
2026.07.27 04:59:06,UP,5.1,2,0.7,-10.0,33,4443
2026.07.27 09:04:25,UP,5.1,2,7.2,-10.1,2228,5978
2026.07.27 10:59:40,DOWN,-5.1,1,10.1,-6.4,14127,14127
2026.07.27 15:12:30,DOWN,-5.1,1,10.1,-2.5,6317,6317
2026.07.27 20:04:18,DOWN,-5.1,1,10.1,-5.6,43393,43393
2026.07.28 17:54:01,UP,5.1,1,10.0,-0.5,1110,1110
2026.07.28 18:12:31,UP,5.2,1,10.1,-0.2,3569,3569
2026.07.29 00:04:40,UP,5.2,1,10.1,-9.2,25943,25943
2026.07.29 17:43:30,DOWN,-5.1,1,10.1,-1.7,955,955
2026.07.29 17:59:25,DOWN,-5.1,2,4.6,-10.1,4569,8371
2026.07.29 21:00:01,UP,6.0,1,10.0,-0.6,1,1
2026.07.29 21:06:04,UP,5.1,2,9.4,-10.3,552,1581
2026.07.29 21:32:25,DOWN,-12.2,2,3.3,-10.0,18,350
2026.07.29 21:38:15,UP,5.0,1,10.1,0.0,169,169
2026.07.29 21:43:42,UP,5.0,1,10.2,-1.3,242,242
2026.07.29 21:48:42,UP,6.7,1,10.2,-2.0,672,672
2026.07.29 22:04:43,DOWN,-5.1,2,6.9,-10.0,386,669
2026.07.29 22:15:52,UP,5.3,2,9.9,-10.0,161,1055
2026.07.29 22:33:27,DOWN,-5.7,2,1.0,-10.0,60,553
2026.07.29 22:42:40,UP,5.1,2,1.7,-10.0,120,1053
2026.07.29 23:34:43,UP,5.1,1,10.2,-0.1,818,818
2026.07.29 23:48:21,UP,5.1,2,0.0,-10.7,0,899
2026.07.30 00:03:20,DOWN,-7.8,2,3.1,-10.1,41,6152
2026.07.30 03:28:07,DOWN,-5.1,1,10.0,-4.4,20287,20287
2026.07.30 10:29:04,DOWN,-5.2,2,2.6,-10.1,222,2655
2026.07.30 11:43:34,UP,5.1,1,10.0,-4.6,2282,2282
2026.07.30 13:14:30,UP,5.1,1,10.0,-2.0,1730,1730
2026.07.30 13:43:20,UP,6.3,2,3.6,-10.1,21,2177
2026.07.30 15:13:46,UP,5.1,2,2.7,-10.1,1566,2392
2026.07.30 15:53:38,DOWN,-5.5,2,1.3,-10.2,179,1921
2026.07.30 16:36:07,UP,5.1,1,10.2,-1.2,379,379
2026.07.30 16:42:32,UP,5.0,1,10.1,-1.3,365,365
2026.07.30 16:48:37,UP,6.2,1,10.1,-8.4,481,481
2026.07.30 16:58:38,UP,5.1,1,10.1,-1.4,218,218
2026.07.30 17:03:38,UP,8.7,2,4.8,-10.1,68,207
2026.07.30 17:08:38,DOWN,-15.7,2,1.4,-10.1,3,137
2026.07.30 17:14:29,UP,5.0,2,3.1,-10.0,118,1060
2026.07.30 17:32:24,DOWN,-5.3,1,10.0,-6.0,1508,1508
2026.07.30 17:58:02,DOWN,-5.1,2,5.3,-10.1,902,1439
2026.07.30 19:03:14,UP,5.1,2,4.5,-10.1,1796,5464
2026.07.30 20:36:54,UP,5.2,1,10.1,-2.0,1403,1403
2026.07.31 04:38:17,DOWN,-5.2,1,10.1,-1.6,11490,11490
2026.07.31 09:34:15,DOWN,-5.1,1,10.1,-9.7,7196,7196
2026.07.31 11:49:13,UP,5.1,1,10.1,-1.6,518,518
2026.07.31 11:57:51,UP,11.0,2,1.8,-10.0,39,1036
2026.07.31 12:28:24,DOWN,-5.0,1,10.1,-3.0,5588,5588
2026.07.31 16:22:16,UP,5.1,2,7.0,-10.0,170,818
2026.07.31 16:36:09,DOWN,-5.2,1,10.1,-0.2,48,48
2026.07.31 16:41:13,UP,5.0,1,10.1,-1.8,325,325
2026.07.31 16:49:13,DOWN,-5.1,2,3.4,-10.1,731,1595
2026.07.31 17:39:52,UP,5.1,1,10.1,-0.3,673,673
2026.07.31 17:51:08,UP,5.1,1,10.0,-3.5,2822,2822
2026.07.31 18:38:10,UP,6.7,1,10.0,-2.1,2158,2158
2026.07.31 20:14:18,UP,5.1,1,10.1,-2.9,1134,1134
2026.07.31 20:33:12,UP,5.7,1,10.1,-9.1,11601,11601
2026.07.31 23:53:10,DOWN,-5.1,1,10.1,-3.6,367,367
2026.07.31 23:59:17,DOWN,-12.7,2,2.0,-17.5,32,172843
2026.08.03 00:00:32,UP,18.0,1,10.0,-1.9,4169,4169
2026.08.03 01:13:37,UP,5.0,2,0.4,-10.0,97,591
2026.08.03 03:01:07,DOWN,-5.1,2,3.8,-10.1,169,1743
2026.08.03 03:48:22,DOWN,-5.2,1,10.1,-0.9,789,789
2026.08.03 10:17:19,DOWN,-5.3,2,7.3,-10.0,10861,17109
2026.08.03 15:38:36,DOWN,-5.1,1,10.1,-7.5,5590,5590
2026.08.03 17:16:06,UP,5.0,2,1.9,-10.0,3,1628
2026.08.03 17:43:29,DOWN,-5.0,2,9.8,-10.0,2913,74799
2026.08.04 14:49:48,DOWN,-5.1,2,8.5,-10.1,5416,8316
2026.08.04 18:38:37,UP,5.1,1,10.1,-5.9,11741,11741
2026.08.04 21:54:20,UP,5.1,1,10.0,-5.9,42641,42641
2026.08.05 11:41:57,DOWN,-5.1,2,2.1,-10.0,238,8864
2026.08.05 15:18:39,UP,5.1,2,0.4,-10.1,232,2135
2026.08.05 16:36:04,DOWN,-5.1,2,6.9,-10.1,881,15686
2026.08.06 11:01:28,DOWN,-5.2,1,10.0,-8.1,25979,25979
2026.08.06 18:14:27,DOWN,-5.1,1,10.1,-1.0,3692,3692
2026.08.06 19:18:20,DOWN,-5.1,2,0.3,-10.0,6,9947
2026.08.06 22:53:50,UP,5.1,1,10.1,-7.2,57990,57990
2026.08.07 15:30:01,UP,8.2,1,10.2,0.0,1,1
2026.08.07 15:35:34,DOWN,-5.0,2,5.3,-10.0,113,494
2026.08.07 15:46:25,UP,5.1,2,0.7,-10.2,140,1480
2026.08.07 16:16:48,DOWN,-5.1,1,10.1,-6.0,2426,2426
2026.08.07 16:57:14,DOWN,-5.2,2,9.3,-10.0,4051,19819
