t_trigger,dir,impulse_pips,outcome,mfe_pips,mae_pips,secs_to_mfe,secs_total
2024.01.02 10:02:23,UP,10.1,2,13.2,-20.0,679,7616
2024.01.03 17:00:07,UP,10.0,2,11.2,-20.1,259,2269
2024.01.03 21:18:43,UP,10.0,1,20.0,-1.9,791,791
2024.01.04 00:00:00,DOWN,-13.8,2,1.8,-20.0,88,6844
2024.01.04 15:31:48,DOWN,-10.1,2,5.8,-20.3,72,5559
2024.01.04 17:04:27,UP,13.9,2,6.1,-20.1,2512,45701
2024.01.05 15:30:01,DOWN,-11.3,1,20.3,0.0,9,9
2024.01.05 15:42:45,UP,10.1,1,20.0,-4.5,1277,1277
2024.01.05 16:04:46,UP,10.1,1,20.0,-6.9,2751,2751
2024.01.05 17:00:00,UP,11.4,1,20.0,0.0,72,72
2024.01.05 17:15:56,DOWN,-10.1,1,20.0,-19.0,6093,6093
2024.01.10 09:59:20,DOWN,-10.0,2,4.8,-20.0,137,4292
2024.01.10 17:34:49,UP,10.2,1,20.0,-4.9,33083,33083
2024.01.11 15:30:00,UP,10.6,2,1.6,-42.1,0,2
2024.01.11 15:35:59,UP,10.1,2,6.7,-20.0,43,307
2024.01.11 15:41:07,DOWN,-10.2,1,20.0,-11.2,1236,1236
2024.01.11 16:13:30,UP,10.1,1,20.1,-5.0,1296,1296
2024.01.11 16:42:31,DOWN,-10.0,1,20.1,-5.7,1941,1941
2024.01.11 17:19:38,UP,10.1,1,20.0,-0.7,1489,1489
2024.01.11 17:54:52,DOWN,-10.1,2,7.5,-20.0,3702,10874
2024.01.12 00:02:00,DOWN,-10.3,2,0.0,-20.0,0,6376
2024.01.12 15:30:02,UP,10.1,1,20.0,-16.0,4399,4399
2024.01.12 18:39:19,DOWN,-10.2,3,14.4,-5.0,4135,192041
2024.01.16 10:21:52,UP,10.2,2,0.8,-20.0,1,718
2024.01.16 10:34:15,DOWN,-10.2,1,20.1,-5.3,7642,7642
2024.01.16 15:30:01,UP,10.5,2,10.1,-20.0,766,4855
2024.01.16 18:00:26,DOWN,-10.0,1,20.0,-18.8,51192,51192
2024.01.17 09:36:39,DOWN,-10.1,2,0.9,-20.0,17,2235
2024.01.17 15:30:03,DOWN,-10.0,2,15.7,-20.1,8614,26452
2024.01.18 15:30:00,DOWN,-12.9,2,0.7,-20.1,0,310
2024.01.18 15:38:12,DOWN,-10.1,2,13.7,-20.1,8368,37280
2024.01.23 17:24:35,DOWN,-10.1,2,15.9,-20.0,1212,27648
2024.01.24 10:30:37,DOWN,-10.2,2,0.8,-20.0,45,2280
2024.01.24 11:32:32,UP,10.0,1,20.0,-10.6,14396,14396
2024.01.24 16:45:00,DOWN,-12.5,1,20.0,-7.1,4111,4111
2024.01.25 15:30:02,DOWN,-12.8,2,5.7,-20.1,10,167
2024.01.25 15:54:32,DOWN,-10.1,1,20.0,-5.9,1006,1006
2024.01.25 16:13:29,UP,10.2,2,4.6,-20.0,913,3178
2024.01.25 19:16:03,UP,10.0,2,4.8,-20.0,216,6325
2024.01.26 09:19:59,DOWN,-10.1,2,2.6,-20.0,1539,5017
2024.01.26 12:04:08,UP,10.1,1,20.1,-1.8,4765,4765
2024.01.26 15:30:09,UP,10.2,2,1.0,-20.1,1,184
2024.01.26 15:44:45,UP,10.0,2,11.7,-20.0,264,28310
2024.01.29 00:01:00,DOWN,-11.3,1,20.0,-8.2,43264,43264
2024.01.29 16:14:30,DOWN,-10.0,2,14.9,-20.1,6466,20854
2024.01.29 22:02:04,UP,11.9,1,20.7,-19.2,66438,66438
2024.01.30 17:00:01,DOWN,-10.4,1,20.0,-8.5,41209,41209
2024.01.31 09:45:12,DOWN,-10.2,2,1.9,-20.0,204,4633
2024.01.31 11:02:36,UP,10.1,1,20.0,-7.7,15145,15145
2024.01.31 15:15:01,UP,10.4,1,20.0,-7.5,4724,4724
2024.01.31 21:00:04,UP,10.3,2,1.9,-25.8,1,3
2024.01.31 21:31:42,UP,10.1,1,20.1,-10.6,669,669
2024.01.31 21:52:14,DOWN,-10.2,1,20.0,-7.5,588,588
2024.01.31 22:02:02,DOWN,-15.1,1,20.0,-2.0,97,97
2024.02.01 15:30:05,UP,10.4,1,20.0,-17.5,9628,9628
2024.02.02 15:30:01,DOWN,-11.0,1,20.2,0.0,9,9
2024.02.02 15:36:22,DOWN,-10.2,1,20.0,-16.3,1662,1662
2024.02.02 16:04:04,DOWN,-15.1,2,0.8,-20.2,3,2558
2024.02.02 16:46:42,UP,10.2,2,4.7,-20.0,122,1144
2024.02.05 17:00:00,DOWN,-10.3,2,9.0,-20.0,2652,52306
2024.02.07 17:53:09,DOWN,-10.4,2,7.0,-20.0,221,37196
2024.02.09 15:31:10,UP,10.2,3,13.5,-6.9,2628,203385
2024.02.13 15:30:06,DOWN,-47.4,1,20.0,-4.8,119,119
2024.02.13 15:40:46,DOWN,-10.2,1,20.1,-6.7,1194,1194
2024.02.13 16:17:51,UP,10.0,2,8.6,-20.0,4630,64702
2024.02.15 15:30:07,UP,10.3,1,20.4,-1.7,3721,3721
2024.02.15 16:32:17,UP,10.1,2,5.5,-20.0,2710,4971
2024.02.16 15:30:02,DOWN,-13.4,1,20.1,-0.1,372,372
2024.02.16 15:36:17,DOWN,-10.2,2,1.3,-20.0,194,3534
2024.02.21 21:04:15,UP,10.3,1,20.0,-11.6,43292,43292
2024.02.22 10:15:00,UP,14.0,2,14.7,-20.0,14,4354
2024.02.22 15:30:03,DOWN,-10.4,1,20.0,-8.9,4294,4294
2024.02.22 16:42:42,DOWN,-10.3,2,0.1,-20.0,3,10115
2024.02.23 02:37:01,DOWN,-10.2,2,3.2,-20.2,33476,42884
2024.02.26 00:01:00,UP,12.5,1,20.0,-18.4,48144,48144
2024.02.29 10:02:12,UP,10.1,2,17.2,-20.1,25216,28930
2024.03.01 16:48:11,DOWN,-10.0,2,2.6,-20.9,510,710
2024.03.01 17:00:02,UP,20.7,1,20.0,-13.7,1680,1680
2024.03.05 17:00:03,UP,14.2,1,20.0,-17.9,69674,69674
2024.03.07 15:15:39,DOWN,-10.2,2,16.2,-20.2,2343,4750
2024.03.08 15:30:02,DOWN,-10.0,2,11.7,-20.4,12,44
2024.03.08 15:37:38,UP,10.4,1,20.0,-3.6,358,358
2024.03.08 15:43:36,UP,12.3,2,2.1,-20.0,7,807
2024.03.08 16:08:19,DOWN,-10.0,1,20.1,-8.5,14767,14767
2024.03.12 14:30:01,DOWN,-20.9,2,12.1,-20.1,17,151
2024.03.12 14:36:01,UP,10.0,2,11.1,-20.0,331,2102
2024.03.14 14:30:04,DOWN,-10.5,1,20.1,-19.9,6505,6505
2024.03.20 20:00:02,UP,10.9,1,20.2,-8.7,2530,2530
2024.03.20 20:45:31,UP,10.2,1,20.0,-4.0,11939,11939
2024.03.21 10:15:00,DOWN,-11.3,1,20.2,-10.3,2306,2306
2024.03.28 00:00:41,DOWN,-10.2,1,20.1,-10.5,36185,36185
2024.03.28 14:59:19,UP,10.1,2,12.0,-20.0,3658,21134
2024.03.29 14:30:42,UP,10.1,3,11.8,-7.3,655,206959
2024.04.01 17:00:00,DOWN,-10.9,1,20.0,-3.7,2224,2224
2024.04.02 11:02:34,DOWN,-10.3,2,5.0,-20.0,1639,14120
2024.04.02 17:04:21,UP,10.1,1,24.9,-14.7,86139,86139
2024.04.03 17:00:00,UP,14.1,1,20.0,-5.2,3304,3304
2024.04.05 00:01:01,DOWN,-13.3,2,0.0,-20.3,0,14023
2024.04.05 15:30:01,DOWN,-10.4,1,20.9,0.0,7,7
2024.04.05 15:38:42,UP,10.1,2,0.0,-20.2,0,840
2024.04.05 16:08:14,DOWN,-10.0,2,3.5,-20.2,404,4546
2024.04.09 00:01:00,DOWN,-11.4,2,0.0,-20.1,0,46793
2024.04.10 15:30:01,DOWN,-26.8,1,20.0,0.0,14,14
2024.04.10 15:38:10,DOWN,-10.1,1,20.3,-17.6,3895,3895
2024.04.10 16:48:35,DOWN,-10.1,1,20.0,-16.4,8659,8659
2024.04.10 20:31:40,UP,10.0,2,0.7,-20.0,5,47847
2024.04.11 15:15:34,DOWN,-10.2,2,7.7,-20.3,84,1057
2024.04.11 15:33:11,UP,17.2,2,13.7,-20.0,3382,6191
2024.04.12 09:39:31,DOWN,-10.2,1,20.0,0.0,3013,3013
2024.04.15 00:01:22,DOWN,-11.2,2,1.6,-20.1,18,5415
2024.04.15 15:30:00,DOWN,-10.4,1,20.0,-18.0,8197,8197
2024.04.16 20:30:59,DOWN,-10.2,2,2.5,-20.2,61,2171
2024.04.16 21:08:01,UP,10.1,2,5.5,-20.0,31395,42576
2024.04.18 15:31:23,DOWN,-10.1,1,20.0,-6.5,21790,21790
2024.04.19 06:29:16,UP,10.0,1,20.0,-9.9,15798,15798
2024.04.23 10:18:14,UP,10.1,1,22.0,-2.5,707,707
2024.04.23 10:30:01,UP,14.9,2,14.2,-20.0,51,5947
2024.04.23 16:45:00,UP,13.4,1,20.1,0.0,43,43
2024.04.23 16:52:28,UP,10.1,3,17.9,-18.3,42405,86401
2024.04.24 17:08:43,UP,10.1,2,0.4,-20.1,2,5745
2024.04.25 15:30:11,UP,10.6,2,13.7,-20.4,5,105
2024.04.25 15:39:55,DOWN,-10.6,2,13.1,-20.4,2038,5901
2024.04.25 17:18:25,UP,10.3,1,20.0,-8.5,10287,10287
2024.04.26 11:02:20,UP,11.0,2,12.2,-20.0,2430,13590
2024.04.26 15:30:04,UP,10.5,2,12.3,-20.0,3,3566
2024.04.30 12:03:11,UP,10.2,2,14.4,-20.1,5899,12412
2024.04.30 15:30:03,DOWN,-20.9,1,20.0,-19.2,12987,12987
2024.05.01 17:00:02,UP,11.2,2,0.2,-20.0,2,9980
2024.05.01 21:00:06,UP,11.3,1,20.5,-11.4,2330,2330
2024.05.01 21:39:30,UP,11.0,1,20.0,-3.5,946,946
2024.05.01 22:19:26,DOWN,-10.3,2,19.3,-20.4,3205,40363
2024.05.02 17:03:34,DOWN,-10.1,2,2.3,-20.1,349,4336
2024.05.03 15:30:01,UP,12.4,1,21.9,0.0,1,1
2024.05.03 15:36:58,UP,10.1,2,1.7,-20.2,202,764
2024.05.03 15:52:10,DOWN,-10.2,1,20.1,-19.7,4822,4822
2024.05.09 15:31:10,UP,10.2,1,20.1,-0.5,4413,4413
2024.05.13 18:04:04,DOWN,-10.0,1,20.2,-5.3,77160,77160
2024.05.14 15:30:04,DOWN,-23.6,2,6.3,-20.1,24,130
2024.05.14 15:38:15,UP,10.3,1,20.4,-1.8,2058,2058
2024.05.15 15:30:01,UP,10.3,1,20.3,0.0,11,11
2024.05.21 16:00:43,DOWN,-10.1,1,20.0,-16.4,81469,81469
2024.05.23 10:15:00,DOWN,-11.0,2,3.7,-20.0,735,3221
2024.05.23 16:45:00,DOWN,-12.2,1,20.0,-5.7,3923,3923
2024.05.27 15:03:41,DOWN,-10.2,2,6.2,-20.0,212,46212
2024.05.29 11:02:37,DOWN,-10.1,1,20.0,-16.9,23085,23085
2024.05.30 15:34:38,UP,10.2,1,20.4,-14.4,76342,76342
2024.05.31 15:30:31,UP,10.7,2,19.8,-20.1,1698,10317
2024.06.03 17:00:00,UP,10.5,1,20.0,0.0,920,920
2024.06.04 17:00:03,UP,10.4,3,15.5,-16.2,85499,86401
2024.06.05 17:00:04,DOWN,-17.3,2,16.8,-20.1,7983,41422
2024.06.06 15:15:37,UP,10.2,1,21.0,-4.0,864,864
2024.06.06 15:30:30,UP,10.0,2,2.0,-20.0,6,682
2024.06.07 15:30:02,DOWN,-26.1,1,20.5,-3.9,12,12
2024.06.07 15:37:11,DOWN,-10.0,1,20.0,-8.5,8340,8340
2024.06.10 00:00:36,DOWN,-25.4,1,20.0,-7.6,25303,25303
2024.06.11 11:49:32,DOWN,-10.1,1,20.3,-6.7,8714,8714
2024.06.12 15:30:05,UP,27.9,1,21.5,0.0,31,31
2024.06.12 17:03:57,DOWN,-10.0,2,9.3,-20.1,506,1994
2024.06.12 21:00:01,DOWN,-16.3,1,20.0,-16.8,5524,5524
2024.06.13 15:30:02,UP,10.1,2,14.0,-20.2,40,6318
2024.06.14 14:58:13,DOWN,-10.0,1,20.0,-1.7,5509,5509
2024.06.18 15:30:04,UP,10.4,1,20.0,-2.1,4618,4618
2024.06.20 14:59:12,DOWN,-10.0,1,20.3,-17.3,69348,69348
2024.06.21 10:15:00,DOWN,-12.3,1,20.0,-6.4,1347,1347
2024.06.21 16:45:00,DOWN,-12.5,3,4.5,-14.8,120,198900
2024.06.26 00:01:41,DOWN,-12.1,1,20.0,-16.8,51704,51704
2024.06.27 15:38:51,UP,10.0,2,11.5,-20.0,3439,45249
2024.06.28 15:30:05,UP,10.1,2,5.4,-20.1,9,3795
2024.06.28 17:49:34,UP,10.0,1,34.9,-4.1,195027,195027
2024.07.01 00:00:01,UP,32.4,1,20.1,-12.1,32538,32538
2024.07.01 09:04:11,UP,10.0,2,10.7,-20.4,1489,20424
2024.07.02 17:00:09,DOWN,-10.3,2,7.1,-20.0,723,36461
2024.07.03 15:19:35,UP,10.0,1,20.2,-2.2,4741,4741
2024.07.03 17:00:00,UP,10.2,2,18.3,-20.3,1002,15793
2024.07.05 15:30:03,DOWN,-11.6,2,9.2,-20.6,2,17
2024.07.05 15:39:38,DOWN,-10.0,2,5.4,-20.0,5537,22383
2024.07.08 00:00:02,DOWN,-37.7,2,1.8,-24.8,162,3833
2024.07.08 01:04:31,UP,10.0,3,15.8,-14.5,55116,86409
2024.07.11 15:30:01,UP,11.8,1,20.0,0.0,10,10
2024.07.11 15:36:14,DOWN,-10.2,2,3.6,-20.0,11,410
2024.07.11 15:43:04,UP,16.2,2,3.3,-20.0,501,3399
2024.07.12 15:30:02,DOWN,-12.6,2,1.1,-20.0,1,2597
2024.07.15 00:00:48,DOWN,-19.5,2,4.2,-20.0,178,41394
2024.07.15 19:42:00,UP,10.0,2,3.9,-24.8,6,15540
2024.07.16 15:30:00,DOWN,-11.6,2,18.9,-20.0,2792,68582
2024.07.18 18:43:05,UP,10.1,2,1.6,-20.2,18,10762
2024.07.24 10:30:00,DOWN,-12.7,2,8.4,-20.0,1685,19353
2024.07.25 15:30:03,DOWN,-14.0,2,10.1,-20.0,4123,9798
2024.07.29 17:53:44,UP,10.1,1,20.2,-1.9,63538,63538
2024.07.30 17:04:05,DOWN,-10.2,2,1.6,-20.0,2488,39007
2024.07.31 10:04:02,DOWN,-10.3,2,8.6,-20.2,4285,13124
2024.07.31 21:00:04,DOWN,-10.2,2,3.2,-20.8,58,2480
2024.08.01 15:30:09,UP,11.3,2,16.3,-20.2,5571,15698
2024.08.02 10:04:54,DOWN,-10.0,2,0.1,-20.0,3,3327
2024.08.02 15:30:01,UP,13.7,1,20.0,0.0,8,8
2024.08.02 15:38:40,DOWN,-10.0,2,1.8,-20.1,6,421
2024.08.02 15:48:47,UP,10.1,1,20.0,-0.1,411,411
2024.08.05 00:00:50,UP,11.9,2,17.4,-20.5,26820,32815
2024.08.05 10:04:27,UP,10.0,1,20.2,0.0,669,669
2024.08.05 10:24:21,UP,10.0,1,20.3,-6.1,522,522
2024.08.05 10:33:03,UP,22.0,2,2.4,-20.4,60,1238
2024.08.05 10:53:42,DOWN,-14.8,2,6.7,-20.4,24,805
2024.08.05 11:09:09,UP,10.0,2,5.8,-20.7,127,2996
2024.08.05 13:02:39,DOWN,-10.1,2,8.3,-20.3,403,6957
2024.08.05 14:59:47,UP,10.0,1,20.0,-2.5,2516,2516
2024.08.05 15:48:11,UP,10.5,2,12.5,-20.0,50,4192
2024.08.05 17:00:00,DOWN,-11.4,1,26.8,-19.9,25260,25260
2024.08.06 00:01:02,DOWN,-10.9,2,0.0,-20.0,0,3960
2024.08.08 15:31:48,DOWN,-10.0,1,20.0,-1.7,563,563
2024.08.13 15:30:01,UP,11.1,1,20.0,-4.4,4419,4419
2024.08.14 00:01:56,DOWN,-12.6,2,0.0,-20.0,0,35622
2024.08.14 15:30:03,UP,10.9,2,1.2,-20.2,4,69
2024.08.14 16:03:39,UP,10.2,1,20.1,-5.3,5785,5785
2024.08.15 15:30:01,DOWN,-10.6,1,20.6,-2.0,24,24
2024.08.15 15:37:34,DOWN,-10.3,2,14.6,-20.0,2093,8085
2024.08.19 17:34:30,UP,10.0,1,20.4,-9.4,79947,79947
2024.08.21 00:01:07,DOWN,-10.5,2,18.0,-20.2,61147,66298
2024.08.21 18:26:52,UP,10.3,1,20.0,-6.2,9282,9282
2024.08.21 21:03:03,UP,10.6,2,7.9,-21.3,1609,10654
2024.08.22 10:15:00,UP,10.5,2,2.1,-26.2,3,900
2024.08.22 10:30:00,DOWN,-10.5,1,20.0,-14.7,23020,23020
2024.08.22 17:09:39,DOWN,-10.4,2,5.7,-20.0,889,40472
2024.08.23 17:00:11,UP,10.7,1,20.9,-6.8,240,240
2024.08.23 17:10:28,UP,10.8,1,20.1,-15.4,2792,2792
2024.08.29 11:00:39,DOWN,-10.2,1,20.2,-1.2,238,238
2024.08.29 11:22:36,DOWN,-10.5,2,6.3,-20.0,125,4192
2024.08.29 15:30:15,DOWN,-10.1,1,20.0,-4.9,6537,6537
2024.08.29 17:19:13,DOWN,-10.0,2,9.1,-20.0,947,5920
2024.08.30 11:59:43,DOWN,-10.1,1,20.3,-14.6,24447,24447
2024.09.03 17:00:00,UP,10.9,2,0.0,-20.1,0,743
2024.09.04 00:04:59,DOWN,-11.2,2,0.0,-20.0,0,12994
2024.09.04 17:00:01,UP,12.1,1,20.0,-2.2,2445,2445
2024.09.05 15:15:02,UP,10.9,2,7.2,-20.1,413,2095
2024.09.05 17:00:05,DOWN,-10.9,2,17.9,-20.0,2815,39290
2024.09.06 15:30:01,DOWN,-10.6,2,17.0,-20.0,9,36
2024.09.06 15:36:21,UP,10.3,2,4.3,-20.3,39,1033
2024.09.06 15:53:37,DOWN,-10.1,1,20.0,-5.1,1452,1452
2024.09.06 16:27:13,DOWN,-10.1,1,20.0,-9.5,1083,1083
2024.09.06 16:59:56,UP,10.0,1,20.6,-9.8,2324,2324
2024.09.06 17:38:41,UP,19.5,1,20.2,-6.0,1305,1305
2024.09.06 18:00:26,UP,22.5,2,10.2,-20.5,23,201
2024.09.06 18:07:35,DOWN,-10.3,1,20.0,-16.1,4318,4318
2024.09.11 15:30:01,DOWN,-10.4,1,20.3,-9.3,492,492
2024.09.11 15:38:14,DOWN,-14.1,3,9.5,-15.3,7838,86401
2024.09.12 16:09:26,UP,10.1,1,20.0,-13.2,18422,18422
2024.09.17 15:31:10,UP,10.4,2,0.0,-20.4,0,89
2024.09.17 16:09:22,UP,10.1,3,13.8,-15.6,74469,86402
2024.09.18 21:00:01,UP,16.6,1,21.0,0.0,2,2
2024.09.18 21:07:10,UP,11.1,2,4.5,-20.7,43,334
2024.09.18 21:12:44,DOWN,-14.6,2,0.8,-20.1,2,308
2024.09.18 21:18:21,UP,10.5,2,16.7,-20.2,970,1895
2024.09.18 21:54:35,UP,10.1,2,3.8,-20.4,81,350
2024.09.18 22:01:07,DOWN,-10.7,1,20.0,-9.0,2524,2524
2024.09.18 22:48:26,DOWN,-10.1,1,20.1,-19.6,18466,18466
2024.09.19 14:14:53,DOWN,-10.6,1,20.1,-4.2,4518,4518
2024.09.19 15:30:12,DOWN,-10.9,1,20.0,-3.0,4468,4468
2024.09.19 17:09:23,DOWN,-10.5,2,2.0,-20.0,69,4523
2024.09.20 17:03:07,DOWN,-10.2,2,8.5,-20.4,4800,7075
2024.09.23 10:15:00,DOWN,-14.9,1,20.1,-4.8,2197,2197
2024.09.23 17:09:27,DOWN,-10.1,2,1.2,-20.1,13,1282
2024.09.25 15:30:29,UP,11.2,2,7.4,-20.3,2165,6165
2024.09.25 18:09:09,DOWN,-10.2,1,20.5,-5.6,2904,2904
2024.09.25 20:09:58,DOWN,-10.1,2,0.2,-20.1,2,34480
2024.09.26 10:55:56,DOWN,-10.0,2,13.7,-20.0,1725,11660
2024.09.26 15:30:17,DOWN,-11.1,1,20.1,-10.5,5702,5702
2024.09.26 17:12:36,UP,10.8,1,20.2,-2.6,1548,1548
2024.09.26 17:49:36,UP,10.2,2,15.1,-21.3,3925,57324
2024.09.27 09:45:00,DOWN,-10.0,1,20.1,-1.7,2336,2336
2024.09.27 15:30:08,UP,10.2,1,20.6,-3.0,1010,1010
2024.09.27 15:57:58,UP,10.3,2,6.6,-20.3,805,4433
2024.09.27 17:49:12,DOWN,-10.9,1,20.0,-10.3,5196,5196
2024.09.30 00:01:17,DOWN,-10.3,2,0.2,-20.0,11,11705
2024.09.30 11:02:32,UP,10.4,1,20.0,-5.1,3226,3226
2024.09.30 16:04:51,DOWN,-10.0,1,20.1,-3.5,4570,4570
2024.09.30 17:25:59,DOWN,-10.0,1,21.1,-16.7,13543,13543
2024.09.30 21:11:42,DOWN,-13.9,1,20.4,-16.2,50044,50044
2024.10.01 16:39:34,DOWN,-10.0,2,9.3,-20.3,1230,2149
2024.10.01 20:32:37,UP,10.3,1,20.1,-8.6,54184,54184
2024.10.02 16:08:34,UP,10.0,2,0.8,-20.4,22,4167
2024.10.03 17:00:00,DOWN,-16.0,1,20.0,-19.7,81002,81002
2024.10.04 15:30:03,DOWN,-28.9,1,20.1,-0.9,11,11
2024.10.07 00:01:10,DOWN,-10.4,2,9.2,-20.0,46202,54476
2024.10.08 00:03:27,DOWN,-15.6,2,0.2,-20.2,0,5459
2024.10.10 15:30:01,DOWN,-15.9,2,9.6,-21.9,1,9
2024.10.10 15:36:42,DOWN,-10.3,1,20.1,-15.1,7490,7490
2024.10.10 19:47:57,DOWN,-10.1,2,11.2,-20.0,1223,10780
2024.10.11 00:01:28,DOWN,-25.1,2,0.0,-24.0,0,212
2024.10.11 15:32:24,UP,10.1,2,0.1,-20.0,0,466
2024.10.17 00:08:32,UP,10.9,2,7.6,-20.0,3090,55304
2024.10.17 15:30:17,DOWN,-14.4,1,20.0,-0.7,2276,2276
2024.10.17 16:09:08,DOWN,-10.1,2,15.6,-20.2,1139,62577
2024.10.24 10:15:00,DOWN,-10.2,2,7.2,-20.4,643,1917
2024.10.24 15:30:04,DOWN,-11.4,2,1.1,-20.0,2,3665
2024.10.29 16:00:01,UP,15.4,1,20.6,-17.1,36117,36117
2024.10.30 11:00:21,UP,10.9,2,14.7,-20.1,291,10086
2024.10.30 14:15:01,DOWN,-11.4,2,7.3,-20.2,965,5794
2024.10.30 15:54:13,UP,10.6,1,21.6,-4.5,6598,6598
2024.10.31 14:32:52,UP,10.0,2,6.3,-20.3,3721,4897
2024.10.31 15:54:30,DOWN,-10.5,2,14.6,-20.0,7014,22548
2024.11.01 14:30:01,UP,14.9,1,20.2,-2.8,25,25
2024.11.01 14:38:28,UP,10.1,2,5.7,-20.1,99,1580
2024.11.01 15:11:24,DOWN,-10.0,1,21.2,-4.1,5125,5125
2024.11.04 00:00:47,UP,42.5,1,20.0,-5.7,17977,17977
2024.11.05 17:00:00,DOWN,-12.9,2,3.5,-20.5,0,4520
2024.11.06 02:09:01,DOWN,-10.0,1,20.0,-2.8,266,266
2024.11.06 02:14:01,DOWN,-26.7,1,20.1,-7.6,996,996
2024.11.06 02:30:46,DOWN,-10.5,1,20.3,-10.6,855,855
2024.11.06 02:45:41,DOWN,-11.3,1,20.6,-17.6,5053,5053
2024.11.06 04:09:54,DOWN,-13.0,1,20.0,-2.2,1110,1110
2024.11.06 04:28:25,DOWN,-10.0,1,20.2,-1.5,209,209
2024.11.06 04:36:14,DOWN,-10.3,2,0.8,-20.3,1,321
2024.11.06 04:49:32,UP,10.2,2,0.7,-20.0,1,583
2024.11.06 04:59:16,DOWN,-10.8,1,20.0,-13.2,2370,2370
2024.11.06 05:38:47,DOWN,-13.1,1,20.3,0.0,316,316
2024.11.06 05:44:03,DOWN,-16.3,2,6.0,-20.2,39,943
2024.11.06 05:59:47,UP,10.8,1,21.0,-4.7,981,981
2024.11.06 06:34:11,UP,10.0,1,22.5,-2.7,452,452
2024.11.06 06:41:44,UP,17.5,2,0.6,-20.0,16,434
2024.11.06 06:59:02,UP,11.3,2,18.3,-20.9,561,2327
2024.11.06 07:37:53,DOWN,-10.2,1,20.2,-11.5,2146,2146
2024.11.06 08:13:40,DOWN,-12.9,1,20.0,-5.3,1068,1068
2024.11.06 08:47:59,UP,10.1,1,20.2,-14.4,1767,1767
2024.11.06 09:42:48,DOWN,-10.4,2,2.2,-20.0,599,2619
2024.11.06 10:27:45,UP,10.1,1,20.1,-6.6,1262,1262
2024.11.06 11:03:48,DOWN,-10.0,1,20.2,-10.5,4042,4042
2024.11.06 13:19:08,DOWN,-10.3,1,20.3,-3.9,3820,3820
2024.11.06 14:29:58,DOWN,-10.1,2,14.4,-20.7,2181,4998
2024.11.06 15:53:16,UP,15.6,1,20.1,-19.6,7116,7116
2024.11.06 20:14:48,UP,10.6,2,11.5,-20.5,520,13510
2024.11.07 10:19:36,UP,10.0,2,2.0,-20.0,2333,5678
2024.11.07 16:43:01,UP,10.4,2,11.2,-20.6,2895,5562
2024.11.07 21:00:54,DOWN,-10.0,1,20.0,-11.2,2579,2579
2024.11.07 21:43:54,DOWN,-24.2,2,0.0,-20.1,0,184
2024.11.07 21:49:20,UP,10.9,1,20.2,-6.5,1514,1514
2024.11.07 22:14:47,UP,10.5,2,2.1,-20.0,54,17642
2024.11.08 10:03:34,DOWN,-10.4,2,8.2,-20.0,464,4590
2024.11.08 15:34:47,DOWN,-10.0,1,20.0,-12.8,9552,9552
2024.11.11 00:01:25,DOWN,-13.6,2,0.1,-20.2,88,12021
2024.11.11 09:49:54,DOWN,-11.0,1,20.1,-7.9,11763,11763
2024.11.12 00:04:04,DOWN,-10.2,2,0.0,-20.1,0,6397
2024.11.13 10:13:07,UP,10.2,1,20.2,-8.8,4742,4742
2024.11.13 13:54:45,UP,10.1,1,20.0,-6.4,5724,5724
2024.11.13 15:30:09,UP,27.6,2,0.2,-20.0,2,134
2024.11.13 15:44:59,DOWN,-10.3,1,20.0,-7.5,2887,2887
2024.11.13 16:33:09,DOWN,-10.1,1,20.4,-4.7,1189,1189
2024.11.13 16:52:58,DOWN,-14.9,1,20.0,-0.2,833,833
2024.11.13 17:06:51,DOWN,-12.7,2,12.4,-20.0,103,1623
2024.11.13 17:33:55,UP,17.1,2,4.5,-20.2,1131,2736
2024.11.13 19:09:32,UP,10.4,2,4.1,-20.1,461,30421
2024.11.14 13:14:05,DOWN,-10.2,2,0.8,-20.0,1,1676
2024.11.14 15:30:39,DOWN,-10.0,2,14.9,-20.2,356,2908
2024.11.14 16:38:28,UP,10.1,2,18.2,-20.2,6484,18443
2024.11.14 22:00:59,DOWN,-10.0,1,20.0,-3.9,391,391
2024.11.14 22:07:31,DOWN,-11.2,2,6.2,-20.0,2828,18998
2024.11.15 08:47:10,UP,10.2,1,20.0,-7.8,8720,8720
2024.11.15 15:13:59,UP,10.1,2,0.0,-20.8,0,964
2024.11.15 15:30:03,DOWN,-13.1,1,20.2,-18.2,2355,2355
2024.11.15 16:39:08,DOWN,-10.3,2,3.1,-20.0,1017,6102
2024.11.18 11:23:28,UP,10.1,2,7.0,-20.0,475,5924
2024.11.19 10:39:03,DOWN,-10.0,1,20.3,-5.5,2445,2445
2024.11.19 11:19:49,DOWN,-21.1,1,20.4,-1.0,95,95
2024.11.19 15:49:12,DOWN,-10.1,2,15.8,-20.6,4546,35052
2024.11.20 11:14:35,UP,10.4,2,0.1,-20.3,1,4866
2024.11.20 16:21:14,DOWN,-11.2,1,20.9,-13.4,6623,6623
2024.11.20 18:11:49,DOWN,-10.4,2,1.1,-20.2,9,4043
2024.11.21 11:23:34,DOWN,-10.0,2,2.6,-20.5,690,15270
2024.11.21 17:53:48,DOWN,-10.2,1,20.5,-3.9,1349,1349
2024.11.21 18:16:17,DOWN,-10.2,1,20.2,-1.1,2477,2477
2024.11.21 19:03:47,DOWN,-10.1,2,2.0,-20.3,13,2281
2024.11.22 10:15:00,DOWN,-16.6,1,20.8,-6.6,2089,2089
2024.11.22 10:49:49,DOWN,-14.5,1,20.0,-2.7,619,619
2024.11.22 11:00:17,DOWN,-10.0,1,20.5,-9.1,602,602
2024.11.22 11:10:50,DOWN,-11.0,1,20.0,-1.0,54,54
2024.11.22 11:15:50,UP,14.6,1,20.2,-0.5,92,92
2024.11.22 11:27:44,UP,10.1,1,20.0,-1.5,859,859
2024.11.22 11:59:42,DOWN,-10.0,2,19.1,-20.1,363,1928
2024.11.22 12:34:07,UP,10.1,2,10.6,-20.2,1412,6443
2024.11.22 16:45:00,DOWN,-10.6,2,17.8,-70.1,6093,198945
2024.11.25 00:00:45,UP,62.1,1,20.7,-18.3,5323,5323
2024.11.25 01:29:28,UP,11.4,2,0.6,-20.2,18,839
2024.11.25 09:58:00,DOWN,-10.3,2,1.3,-20.2,1699,3741
2024.11.25 11:02:23,UP,10.0,1,20.1,-4.3,3172,3172
2024.11.25 15:18:48,UP,11.2,2,18.7,-20.2,2234,6392
2024.11.25 17:27:50,UP,10.2,2,4.4,-20.0,493,1656
2024.11.25 17:57:43,DOWN,-10.5,1,21.4,-6.0,2891,2891
2024.11.26 01:42:51,DOWN,-10.4,1,20.1,0.0,380,380
2024.11.26 01:49:11,DOWN,-10.6,1,20.0,-5.0,698,698
2024.11.26 02:03:23,UP,10.0,2,3.0,-20.1,74,693
2024.11.26 02:22:58,UP,10.1,1,20.0,-18.5,10382,10382
2024.11.26 10:19:54,UP,10.7,1,20.7,-4.3,2607,2607
2024.11.26 11:03:21,UP,13.1,1,20.1,-12.2,11543,11543
2024.11.26 14:17:25,UP,10.9,2,10.6,-20.2,81,3714
2024.11.26 15:21:54,DOWN,-11.6,1,20.2,-13.1,9349,9349
2024.11.26 18:12:49,DOWN,-10.7,2,10.2,-20.5,8559,18100
2024.11.27 10:07:06,UP,10.4,1,20.9,-7.4,799,799
2024.11.27 10:20:26,UP,17.7,2,8.3,-20.2,22,2098
2024.11.27 15:30:12,UP,10.9,1,20.7,-4.0,1576,1576
2024.11.27 15:56:38,UP,10.2,2,12.6,-20.1,303,3909
2024.11.27 17:02:13,DOWN,-10.5,2,10.2,-20.3,887,2707
2024.11.27 17:53:33,UP,10.3,2,4.4,-20.0,81,2039
2024.11.27 18:39:37,UP,10.0,2,12.2,-20.0,2426,29448
2024.11.28 10:03:27,DOWN,-10.3,2,3.9,-20.7,17,3729
2024.11.29 14:57:55,UP,10.4,2,5.1,-20.2,235,13553
2024.11.29 20:04:43,UP,10.1,3,6.7,-8.3,9534,186979
2024.12.02 00:01:10,DOWN,-14.8,1,20.0,-11.2,5240,5240
2024.12.02 09:17:41,DOWN,-10.0,2,11.4,-20.0,2810,15108
2024.12.02 14:13:31,UP,10.1,2,1.5,-20.2,32,1416
2024.12.02 14:39:03,DOWN,-10.2,1,20.1,-4.8,6578,6578
2024.12.02 17:02:47,DOWN,-10.6,2,1.8,-20.1,3713,4679
2024.12.02 18:22:07,UP,10.4,1,20.2,-7.2,14025,14025
2024.12.02 22:15:53,UP,16.6,2,9.2,-20.0,261,18847
2024.12.03 10:34:10,UP,10.0,2,6.2,-20.0,2478,23798
2024.12.04 15:42:43,DOWN,-10.2,2,10.3,-23.3,1605,4637
2024.12.04 17:00:00,UP,15.3,1,20.3,-5.9,1006,1006
2024.12.04 17:25:26,UP,10.1,2,2.2,-20.4,26,1359
2024.12.04 17:53:05,UP,10.3,2,9.1,-20.4,6046,11233
2024.12.05 11:12:52,DOWN,-11.0,2,0.9,-20.2,792,13850
2024.12.05 15:30:05,UP,10.7,1,20.9,-7.6,2679,2679
2024.12.05 17:24:02,DOWN,-10.2,2,3.7,-20.9,1231,2013
2024.12.05 18:13:48,DOWN,-10.0,2,11.1,-20.0,7901,13137
2024.12.06 15:30:01,UP,14.5,1,20.3,-6.4,173,173
2024.12.06 15:39:37,UP,10.2,2,0.0,-20.0,0,503
2024.12.06 15:48:01,DOWN,-12.4,1,21.1,-8.6,1178,1178
2024.12.06 16:11:20,DOWN,-10.0,1,20.1,-14.1,3825,3825
2024.12.06 17:48:43,UP,10.2,3,14.8,-18.5,2914,195130
2024.12.09 00:00:53,DOWN,-10.8,1,20.1,-13.5,21839,21839
2024.12.09 09:56:03,UP,10.1,1,20.0,-9.4,27923,27923
2024.12.11 09:09:53,DOWN,-10.1,1,20.0,-4.0,1663,1663
2024.12.11 09:37:37,DOWN,-11.1,2,8.4,-20.0,9167,16703
2024.12.11 15:30:02,UP,12.3,2,8.7,-20.2,2,167
2024.12.11 15:37:22,UP,10.7,2,12.3,-20.2,484,3222
2024.12.11 17:02:13,DOWN,-10.1,2,10.5,-20.0,2821,6305
2024.12.11 20:03:10,UP,10.1,1,20.0,-16.1,46877,46877
2024.12.12 15:14:34,DOWN,-10.9,2,10.1,-20.0,179,1771
2024.12.12 16:03:33,UP,10.2,2,0.0,-20.9,0,558
2024.12.12 16:12:52,DOWN,-11.2,2,2.0,-20.2,15,1639
2024.12.12 16:43:48,UP,10.4,2,18.6,-20.1,977,2784
2024.12.12 18:07:47,UP,10.3,1,20.0,-4.8,2157,2157
2024.12.13 11:56:55,UP,10.3,1,20.1,-3.4,9800,9800
2024.12.13 14:40:43,UP,10.0,2,12.6,-20.1,1874,6899
2024.12.13 18:12:46,UP,10.2,3,5.9,-16.0,2288,193688
2024.12.16 00:01:00,DOWN,-18.4,2,0.0,-20.0,0,4034
2024.12.16 10:15:00,UP,10.1,2,12.6,-20.2,1029,9108
2024.12.16 16:45:00,DOWN,-10.5,2,2.2,-20.1,386,2592
2024.12.16 20:59:00,UP,10.1,2,12.8,-20.0,21330,40698
2024.12.17 15:31:20,UP,10.2,2,11.5,-20.0,12965,85867
2024.12.18 17:49:46,DOWN,-10.2,1,20.8,-15.6,11437,11437
2024.12.18 21:00:24,DOWN,-29.4,1,20.0,-2.0,106,106
2024.12.18 21:06:39,DOWN,-10.6,1,20.3,-3.5,1884,1884
2024.12.18 21:38:04,DOWN,-16.7,1,20.6,-7.5,591,591
2024.12.18 21:48:03,DOWN,-10.4,1,20.1,-8.4,1065,1065
2024.12.18 22:05:49,DOWN,-10.5,2,18.3,-20.2,6919,24635
2024.12.19 04:57:49,UP,10.0,1,20.3,-15.1,21759,21759
2024.12.19 17:08:01,UP,10.4,2,0.5,-20.1,4,2474
2024.12.20 08:09:27,DOWN,-10.0,2,14.1,-20.0,210,2857
2024.12.20 15:30:26,UP,10.1,2,11.8,-20.3,136,4556
2024.12.20 17:44:41,UP,10.0,1,20.6,-14.5,3150,3150
2024.12.20 18:37:18,UP,10.0,1,20.2,-4.9,11641,11641
2024.12.23 01:03:14,UP,10.1,2,3.9,-20.0,21136,31369
2024.12.24 14:57:36,DOWN,-10.1,2,0.4,-20.0,1,5575
2024.12.24 23:50:21,DOWN,-10.2,3,0.3,-14.2,0,87017
2024.12.26 20:02:32,UP,10.8,1,20.4,-17.3,64844,64844
2024.12.27 17:58:28,DOWN,-10.1,3,3.6,-14.4,5045,194557
2024.12.30 11:52:24,UP,10.0,1,20.6,-4.1,8487,8487
2024.12.30 14:23:03,DOWN,-10.1,1,20.0,-9.8,5156,5156
2024.12.30 15:49:27,DOWN,-10.6,1,20.3,-2.2,489,489
2024.12.30 15:57:48,DOWN,-10.4,1,20.1,-10.6,6679,6679
2025.01.02 12:32:16,DOWN,-10.3,1,20.8,-4.3,1004,1004
2025.01.02 12:49:00,DOWN,-19.6,1,20.0,-13.3,15291,15291
2025.01.02 17:27:11,DOWN,-11.6,1,20.2,-3.7,1913,1913
2025.01.02 17:59:08,DOWN,-10.3,1,20.1,-3.0,253,253
2025.01.02 18:04:08,DOWN,-42.2,2,7.2,-20.3,24,209
2025.01.02 18:09:09,UP,12.3,1,20.1,-10.9,31401,31401
2025.01.06 11:09:11,UP,10.5,2,8.0,-20.2,86,6011
2025.01.06 13:09:39,UP,10.3,1,20.1,-1.8,258,258
2025.01.06 13:14:39,UP,33.1,1,20.0,-4.5,459,459
2025.01.06 13:22:18,UP,11.5,1,21.1,-1.3,523,523
2025.01.06 13:31:01,UP,11.1,2,7.4,-20.5,161,3163
2025.01.06 14:53:51,DOWN,-10.1,2,0.4,-20.3,2,466
2025.01.06 15:31:46,DOWN,-10.7,1,20.0,-1.7,839,839
2025.01.06 16:15:34,DOWN,-10.2,1,20.5,0.0,11,11
2025.01.06 16:23:33,UP,10.2,1,20.0,-7.8,1638,1638
2025.01.06 17:51:11,UP,10.4,1,20.0,-10.9,55142,55142
2025.01.07 09:47:25,DOWN,-11.0,2,8.5,-20.1,2510,9009
2025.01.07 14:43:05,DOWN,-10.3,1,20.1,-12.4,8245,8245
2025.01.07 17:00:31,DOWN,-19.3,1,20.1,-8.8,13406,13406
2025.01.08 13:31:58,DOWN,-10.2,2,16.8,-21.4,509,18564
2025.01.09 11:18:25,UP,10.0,2,1.1,-20.1,8,12163
2025.01.10 15:30:01,DOWN,-22.9,1,25.9,0.0,9,9
2025.01.10 15:36:00,UP,10.3,1,20.0,-5.5,1022,1022
2025.01.10 15:53:19,UP,10.4,2,14.8,-20.1,3082,4090
2025.01.10 17:01:29,DOWN,-13.4,2,2.1,-20.2,20,829
2025.01.10 17:19:04,UP,10.4,2,13.3,-20.1,396,2006
2025.01.10 19:09:56,UP,10.0,3,7.1,-12.4,2019,190254
2025.01.13 00:01:10,DOWN,-12.3,2,3.3,-20.0,44,11832
2025.01.13 11:24:28,DOWN,-10.0,1,20.4,0.0,166,166
2025.01.14 00:13:34,UP,10.0,1,20.0,-5.6,4699,4699
2025.01.14 15:30:01,UP,23.4,2,9.0,-20.2,21,2153
2025.01.14 16:48:13,DOWN,-10.2,2,0.9,-20.0,3,951
2025.01.15 10:19:14,DOWN,-10.1,2,9.2,-39.4,16227,18648
2025.01.15 15:30:02,UP,42.7,2,10.0,-20.9,147,5410
2025.01.15 17:01:52,DOWN,-10.2,1,20.4,-13.8,3973,3973
2025.01.15 18:31:22,DOWN,-10.8,1,20.1,-3.5,141,141
2025.01.16 02:49:03,DOWN,-10.1,1,20.1,-13.7,42632,42632
2025.01.16 15:18:52,DOWN,-10.2,2,3.8,-20.1,788,2014
2025.01.16 17:05:51,UP,10.2,1,20.0,-8.1,3451,3451
2025.01.16 18:14:01,DOWN,-10.2,1,20.1,-17.5,55215,55215
2025.01.17 16:14:56,DOWN,-10.0,2,8.4,-20.1,645,2137
2025.01.17 16:50:59,UP,10.3,1,20.0,-2.7,869,869
2025.01.17 17:05:42,UP,10.2,2,8.7,-20.3,352,2218
2025.01.17 18:57:32,DOWN,-10.2,3,13.1,-10.1,17927,191029
2025.01.20 15:30:05,UP,15.9,1,22.1,0.0,6,6
2025.01.20 15:35:51,DOWN,-10.3,1,20.1,-3.9,156,156
2025.01.20 15:44:07,UP,10.4,1,20.0,-3.0,1065,1065
2025.01.20 16:08:20,DOWN,-10.1,2,5.3,-20.6,234,1957
2025.01.20 16:40:58,UP,14.7,1,20.0,-6.7,194,194
2025.01.20 16:57:43,DOWN,-10.2,2,0.8,-20.0,24,929
2025.01.20 17:16:11,DOWN,-10.3,1,20.0,-14.6,1493,1493
2025.01.20 17:44:53,DOWN,-10.7,1,20.3,-17.4,6007,6007
2025.01.20 19:25:05,DOWN,-12.7,2,3.0,-20.5,70,328
2025.01.20 19:31:01,UP,10.6,1,20.9,-6.4,514,514
2025.01.20 19:39:36,UP,12.0,1,20.4,-18.6,8045,8045
2025.01.20 22:16:56,DOWN,-10.2,1,20.2,-15.4,16415,16415
2025.01.21 02:50:31,DOWN,-16.1,1,20.4,0.0,37,37
2025.01.21 02:56:20,DOWN,-10.9,2,8.8,-20.1,40,1484
2025.01.21 03:23:50,UP,10.2,2,10.7,-20.0,238,1203
2025.01.21 04:03:43,UP,10.4,2,19.9,-20.1,4329,23567
2025.01.21 15:34:00,UP,10.1,1,20.0,-5.4,3090,3090
2025.01.21 18:28:25,UP,10.6,1,20.3,-2.6,7939,7939
2025.01.22 01:04:38,DOWN,-10.0,1,20.0,-2.2,644,644
2025.01.22 15:38:08,DOWN,-11.0,1,20.7,-8.1,30083,30083
2025.01.23 09:11:03,DOWN,-10.5,2,0.6,-20.6,1,9497
2025.01.23 17:23:20,DOWN,-10.2,2,15.6,-20.2,2938,3209
2025.01.23 18:23:06,UP,10.3,1,21.4,-15.6,4963,4963
2025.01.24 04:14:24,UP,10.4,1,20.2,-0.2,2077,2077
2025.01.24 08:38:14,UP,10.2,2,1.9,-20.0,2,2195
2025.01.24 10:13:30,UP,11.2,1,20.8,-9.5,3789,3789
2025.01.24 11:21:28,UP,11.1,2,0.8,-20.1,180,1433
2025.01.24 16:45:00,UP,13.1,1,20.5,-7.7,1452,1452
2025.01.24 17:09:13,UP,11.6,2,12.3,-20.0,7726,19677
2025.01.27 00:01:08,DOWN,-16.8,1,20.0,-17.2,32922,32922
2025.01.27 14:54:29,UP,10.0,2,9.2,-20.2,816,7672
2025.01.28 01:03:38,DOWN,-10.8,1,20.0,-4.3,893,893
2025.01.28 01:18:32,DOWN,-14.6,1,21.0,-1.0,857,857
2025.01.28 01:34:10,DOWN,-10.0,2,8.0,-20.1,62,7067
2025.01.28 03:58:26,DOWN,-10.9,1,20.1,-6.0,36340,36340
2025.01.29 17:44:25,UP,11.2,2,2.1,-20.1,5889,11760
2025.01.29 21:00:26,DOWN,-12.5,2,17.9,-20.0,2161,3085
2025.01.29 21:51:51,UP,11.6,2,2.4,-21.1,10,1293
2025.01.29 22:13:24,DOWN,-14.3,2,0.0,-20.0,0,641
2025.01.30 11:03:23,DOWN,-10.3,1,20.1,-2.0,10594,10594
2025.01.30 15:31:27,DOWN,-10.1,2,2.6,-21.0,17,1067
2025.01.30 15:49:14,UP,10.6,1,20.1,-4.0,502,502
2025.01.30 15:57:37,UP,20.1,1,21.1,-0.9,165,165
2025.01.30 16:03:45,DOWN,-10.4,1,20.1,-3.9,1784,1784
2025.01.30 17:41:31,UP,10.0,2,3.6,-20.3,2,4079
2025.01.30 22:36:47,DOWN,-12.1,1,20.2,-4.1,148,148
2025.01.30 22:46:13,UP,11.1,2,14.3,-20.0,1051,16874
2025.01.31 03:27:27,DOWN,-10.4,2,1.3,-21.4,0,20257
2025.01.31 11:00:00,DOWN,-10.1,2,8.9,-20.1,200,15138
2025.01.31 17:58:22,UP,10.5,1,21.5,-12.2,4297,4297
2025.01.31 19:09:59,UP,20.7,2,12.8,-20.5,153,4187
2025.01.31 20:19:46,DOWN,-18.7,1,20.1,-4.7,394,394
2025.01.31 20:26:21,DOWN,-10.5,1,21.2,-6.1,9831,9831
2025.01.31 23:11:22,DOWN,-10.5,1,104.3,-14.0,175782,175782
2025.02.03 00:01:04,DOWN,-111.0,1,20.0,-16.8,8415,8415
2025.02.03 02:21:20,DOWN,-16.2,1,20.6,-5.9,105,105
2025.02.03 02:26:58,UP,10.1,1,20.6,-9.7,3602,3602
2025.02.03 06:01:14,UP,10.2,1,20.2,-18.7,19732,19732
2025.02.03 11:42:31,DOWN,-10.1,2,16.0,-20.2,895,9599
2025.02.03 14:27:50,UP,10.5,2,4.3,-20.3,415,1848
2025.02.03 15:03:12,UP,10.4,2,19.1,-20.2,134,6722
2025.02.03 17:09:07,UP,10.1,1,20.8,-2.1,772,772
2025.02.03 17:22:00,UP,20.0,1,20.1,-9.5,131,131
2025.02.03 17:27:00,DOWN,-12.9,2,7.9,-20.6,90,590
2025.02.03 17:41:35,UP,10.3,2,18.2,-22.6,125,1295
2025.02.03 18:03:11,DOWN,-20.0,2,2.0,-20.4,3,20
2025.02.03 18:13:40,UP,10.1,2,5.6,-20.4,328,2169
2025.02.03 18:56:32,DOWN,-11.1,2,16.5,-20.1,3960,15814
2025.02.03 23:20:14,UP,10.1,1,20.1,-7.6,1039,1039
2025.02.03 23:37:33,UP,18.2,1,20.6,-5.7,336,336
2025.02.03 23:43:09,UP,13.1,2,1.1,-29.3,195,1121
2025.02.04 07:04:38,DOWN,-10.9,1,20.0,-4.0,416,416
2025.02.04 07:11:49,DOWN,-10.0,2,1.1,-20.0,2,1664
2025.02.04 10:22:05,UP,10.3,1,20.1,-12.6,20774,20774
2025.02.04 17:00:02,UP,10.1,1,20.0,-10.5,55412,55412
2025.02.05 09:26:32,UP,11.0,1,20.5,-16.7,11331,11331
2025.02.05 15:18:12,DOWN,-10.0,2,9.2,-22.4,2152,6108
2025.02.05 17:00:00,UP,14.2,2,7.7,-20.0,25,4375
2025.02.06 15:30:33,UP,10.1,1,20.2,-11.6,18429,18429
2025.02.07 15:30:01,UP,25.2,2,14.5,-21.8,5,30
2025.02.07 15:47:51,DOWN,-10.2,2,5.8,-20.2,456,2454
2025.02.07 17:11:34,DOWN,-10.4,1,20.1,-12.6,2508,2508
2025.02.07 17:53:22,DOWN,-29.8,1,21.6,-8.4,66,66
2025.02.07 17:59:43,UP,10.3,2,0.4,-20.6,6,205
2025.02.07 18:04:43,DOWN,-19.0,2,14.4,-20.2,3216,3818
2025.02.07 19:08:21,UP,30.3,2,4.8,-20.6,7,450
2025.02.07 19:15:52,DOWN,-11.9,1,20.9,-7.5,144,144
2025.02.07 19:21:50,UP,12.2,2,8.6,-33.0,10208,189538
2025.02.10 00:00:49,DOWN,-31.1,2,17.2,-20.3,48,7307
2025.02.11 21:39:54,UP,10.8,1,20.1,0.0,145,145
2025.02.12 15:30:02,DOWN,-37.9,2,11.3,-20.0,660,3590
2025.02.12 17:02:56,DOWN,-10.2,2,1.8,-21.5,954,1284
2025.02.12 17:24:21,UP,22.0,1,20.0,-7.0,934,934
2025.02.12 17:39:56,UP,18.4,2,0.2,-20.0,0,1734
2025.02.12 18:58:03,UP,10.0,1,20.1,-1.9,953,953
2025.02.12 19:13:56,UP,10.6,2,17.8,-20.2,2823,6201
2025.02.13 13:46:35,DOWN,-10.6,1,20.1,-3.7,1471,1471
2025.02.13 15:30:01,UP,13.7,2,0.0,-20.5,0,52
2025.02.13 15:38:32,UP,10.1,2,0.9,-20.3,33,1649
2025.02.13 17:02:45,UP,10.3,1,20.2,-7.2,763,763
2025.02.13 17:16:19,UP,11.4,2,10.4,-20.5,4124,12272
2025.02.13 20:40:51,DOWN,-16.2,1,20.2,0.0,38,38
2025.02.13 20:47:22,UP,10.0,2,5.1,-20.3,129,288
2025.02.13 20:52:22,DOWN,-15.0,2,9.4,-20.4,42,695
2025.02.13 21:03:58,UP,10.9,1,20.0,-0.4,1526,1526
2025.02.14 15:30:00,UP,10.4,1,20.0,-8.5,4521,4521
2025.02.21 00:04:03,DOWN,-10.9,1,20.3,-16.7,36749,36749
2025.02.21 10:16:32,DOWN,-25.2,2,9.5,-20.3,14281,23308
2025.02.21 16:45:00,UP,10.2,2,3.3,-20.6,47,1627
2025.02.24 00:01:10,UP,11.3,1,20.2,-11.6,8209,8209
2025.02.24 02:49:39,UP,10.0,1,20.0,-2.6,4643,4643
2025.02.24 09:37:09,DOWN,-10.1,1,20.0,0.0,2506,2506
2025.02.24 10:19:06,DOWN,-10.0,1,20.0,-12.0,23369,23369
2025.02.26 17:27:31,UP,10.1,1,20.2,-0.9,2460,2460
2025.02.26 19:29:33,UP,10.4,2,5.7,-20.7,41,231
2025.02.26 19:34:33,DOWN,-19.0,1,20.1,-2.9,1094,1094
2025.02.26 19:53:00,DOWN,-10.1,1,20.1,-17.0,38515,38515
2025.02.27 15:30:16,UP,10.2,2,0.0,-20.0,0,368
2025.02.27 15:46:29,DOWN,-10.0,1,20.4,-12.6,666,666
2025.02.27 15:57:42,DOWN,-10.0,1,20.1,-14.8,7608,7608
2025.02.28 17:57:45,DOWN,-10.2,1,20.3,-16.4,8563,8563
2025.02.28 20:21:52,DOWN,-10.1,2,9.5,-33.3,2510,185953
2025.03.03 00:01:05,UP,26.8,1,20.1,-9.7,4932,4932
2025.03.03 12:00:50,UP,10.5,1,20.0,-5.8,6222,6222
2025.03.03 17:00:53,UP,10.1,2,11.3,-20.1,13629,17786
2025.03.03 22:05:38,UP,10.3,1,20.3,-17.0,44343,44343
2025.03.04 10:24:57,UP,10.4,1,20.0,-6.7,12364,12364
2025.03.04 13:51:02,UP,10.6,1,20.2,-0.7,3791,3791
2025.03.04 16:14:18,DOWN,-10.1,1,20.0,-1.0,2786,2786
2025.03.04 17:18:49,DOWN,-10.3,2,12.6,-20.0,96,2571
2025.03.04 18:08:29,DOWN,-10.3,2,1.7,-20.3,78,832
2025.03.04 18:22:22,UP,10.1,1,20.0,-14.7,6484,6484
2025.03.04 20:11:51,UP,10.1,1,20.3,-4.9,2470,2470
2025.03.04 22:34:26,DOWN,-10.4,2,3.7,-20.0,469,4945
2025.03.05 01:24:38,DOWN,-10.0,2,19.8,-20.1,12955,27418
2025.03.05 09:01:36,UP,10.2,1,20.2,-12.8,2168,2168
2025.03.05 09:46:31,DOWN,-10.1,2,1.1,-20.1,28,666
2025.03.05 10:02:46,DOWN,-10.2,2,5.2,-20.2,179,736
2025.03.05 10:33:57,DOWN,-10.1,2,4.1,-21.5,249,1259
2025.03.05 11:03:24,UP,10.2,2,13.8,-20.0,1771,5076
2025.03.05 12:28:24,DOWN,-10.1,2,9.3,-20.0,3381,7496
2025.03.05 14:49:20,DOWN,-10.1,2,16.7,-20.0,857,3623
2025.03.05 15:49:44,UP,16.8,1,20.2,-10.0,2344,2344
2025.03.05 16:28:57,UP,10.0,1,20.0,-0.7,266,266
2025.03.05 16:34:10,UP,11.1,2,15.4,-20.3,460,2456
2025.03.05 17:16:46,UP,10.2,1,20.2,-11.8,2866,2866
2025.03.05 18:04:50,UP,10.1,1,20.0,-12.8,16323,16323
2025.03.06 09:09:58,UP,10.0,2,4.9,-20.0,31,815
2025.03.06 09:43:28,UP,10.2,2,4.3,-20.0,222,861
2025.03.06 10:09:50,UP,10.1,2,12.4,-20.0,2303,5147
2025.03.06 14:59:33,UP,10.1,1,20.1,-9.0,989,989
2025.03.06 15:16:02,UP,24.7,1,20.6,-4.3,30,30
2025.03.06 15:21:06,DOWN,-10.0,2,12.5,-20.2,654,1885
2025.03.06 16:03:53,UP,10.2,2,4.6,-20.0,44,196
2025.03.06 16:08:53,DOWN,-21.3,2,0.9,-20.0,25,828
2025.03.06 17:02:44,UP,10.1,2,6.7,-20.0,61,955
2025.03.06 17:18:39,DOWN,-11.7,1,20.0,-11.1,6926,6926
2025.03.06 20:42:54,DOWN,-10.4,2,7.3,-20.1,126,2256
2025.03.07 11:13:48,UP,10.4,1,20.4,-18.0,15387,15387
2025.03.07 15:30:15,UP,19.8,2,1.9,-20.1,5,61
2025.03.07 15:38:04,DOWN,-10.0,1,20.1,-6.4,1246,1246
2025.03.07 15:59:47,DOWN,-10.3,2,4.3,-20.1,13,1395
2025.03.07 16:23:03,UP,13.1,2,13.0,-20.1,944,2706
2025.03.07 17:48:58,UP,10.2,1,20.2,-1.6,15,15
2025.03.07 17:53:58,DOWN,-10.7,1,20.0,-9.6,2174,2174
2025.03.07 19:17:50,DOWN,-10.3,3,17.9,-7.3,3479,189730
2025.03.10 00:03:23,UP,10.3,1,20.1,0.0,4402,4402
2025.03.10 09:48:19,DOWN,-10.1,1,20.3,-0.1,3919,3919
2025.03.10 10:54:26,DOWN,-10.2,2,0.0,-20.1,0,1401
2025.03.10 11:18:06,UP,10.0,1,20.1,-0.6,1244,1244
2025.03.10 11:47:06,UP,10.5,1,20.3,-4.3,2416,2416
2025.03.10 12:27:45,UP,10.2,2,0.0,-20.4,0,2178
2025.03.10 13:04:03,DOWN,-10.3,1,20.1,-8.3,36,36
2025.03.10 13:09:03,UP,10.4,1,20.2,-2.1,2451,2451
2025.03.10 13:49:54,UP,10.1,2,0.2,-20.1,0,4291
2025.03.10 19:53:41,DOWN,-10.0,2,15.9,-20.2,4426,25439
2025.03.11 08:20:39,UP,10.2,1,20.0,-1.0,785,785
2025.03.11 08:33:46,UP,12.1,1,20.3,-19.1,4195,4195
2025.03.11 09:43:48,UP,10.2,1,20.0,-9.8,3911,3911
2025.03.11 10:48:59,UP,15.1,2,5.9,-20.1,1009,4902
2025.03.11 12:48:57,UP,10.1,1,20.2,-16.6,7010,7010
2025.03.11 16:00:30,DOWN,-10.2,2,15.2,-20.3,1703,11512
2025.03.12 10:52:09,UP,10.1,2,8.8,-20.0,2848,11617
2025.03.12 14:30:01,UP,24.1,2,15.7,-20.6,20,430
2025.03.12 14:37:11,DOWN,-10.4,2,19.7,-20.0,4778,8659
2025.03.13 10:17:59,DOWN,-10.4,1,20.0,-19.9,13265,13265
2025.03.13 13:59:04,DOWN,-15.7,2,1.5,-26.8,654,1857
2025.03.13 14:30:01,UP,12.4,2,2.7,-20.2,0,154
2025.03.13 14:37:49,DOWN,-10.1,1,20.0,-7.2,601,601
2025.03.13 14:47:51,DOWN,-13.0,2,3.7,-20.0,1814,3463
2025.03.13 16:02:37,UP,10.0,1,20.2,-6.4,9559,9559
2025.03.14 09:34:31,DOWN,-10.3,2,3.0,-20.0,677,3202
2025.03.14 12:24:34,UP,10.1,1,20.1,-9.1,1267,1267
2025.03.14 12:46:04,UP,10.3,2,12.3,-20.0,401,10918
2025.03.14 15:48:03,DOWN,-11.1,3,14.8,-9.8,2868,202350
2025.03.17 14:30:04,UP,10.4,2,0.0,-20.1,0,393
2025.03.18 09:58:47,UP,10.2,1,20.1,-1.9,1008,1008
2025.03.18 14:37:38,DOWN,-10.3,2,5.8,-20.0,44,1679
2025.03.18 17:01:26,DOWN,-10.2,2,9.8,-20.1,311,2289
2025.03.18 17:39:44,UP,10.1,1,20.2,-4.1,5842,5842
2025.03.19 09:36:52,DOWN,-10.3,2,18.6,-20.0,381,15550
2025.03.19 14:58:19,DOWN,-10.0,1,20.3,-4.5,10529,10529
2025.03.19 20:00:12,UP,11.7,1,20.0,-2.7,2163,2163
2025.03.19 20:41:52,UP,10.1,2,7.5,-20.0,215,2474
2025.03.20 09:38:47,DOWN,-10.0,1,20.5,-16.9,6329,6329
2025.03.20 16:04:21,UP,10.1,1,20.2,-12.9,22719,22719
2025.03.21 17:53:06,DOWN,-10.0,2,10.2,-20.0,39,10199
2025.03.24 00:00:46,UP,11.7,1,20.2,-8.7,31418,31418
2025.03.24 10:15:00,UP,10.3,2,8.1,-20.1,554,3771
2025.03.24 15:45:42,DOWN,-10.9,1,20.1,-2.8,877,877
2025.03.24 16:34:44,DOWN,-10.5,1,20.0,-5.6,7652,7652
2025.03.24 20:40:37,UP,10.0,2,3.7,-20.0,304,46279
2025.03.25 10:34:01,UP,10.2,1,20.0,-2.5,5945,5945
2025.03.26 15:18:35,DOWN,-11.5,2,5.1,-20.1,815,3520
2025.03.26 17:56:24,DOWN,-10.6,2,1.5,-20.1,2,1853
2025.03.26 19:17:29,DOWN,-10.1,1,20.0,-0.5,6932,6932
2025.03.27 07:54:56,DOWN,-10.1,2,12.4,-20.2,5935,18551
2025.03.27 13:08:44,UP,10.4,2,2.2,-20.1,71,7976
2025.03.27 17:31:56,UP,10.0,2,13.6,-20.2,585,45743
2025.03.28 15:08:12,UP,10.1,1,21.3,-9.1,3274,3274
2025.03.28 17:04:31,UP,10.5,2,11.1,-20.2,1907,8174
2025.03.31 10:14:36,DOWN,-10.4,1,20.2,-3.7,4370,4370
2025.03.31 17:50:22,UP,10.3,1,20.0,-13.4,17893,17893
2025.04.01 13:09:11,DOWN,-10.1,1,20.6,-6.3,5586,5586
2025.04.01 17:01:38,UP,10.1,1,20.2,-17.1,82579,82579
2025.04.02 17:43:24,UP,10.1,1,20.3,-6.6,577,577
2025.04.02 17:53:02,UP,14.0,2,13.5,-20.1,3727,19100
2025.04.02 23:11:30,DOWN,-10.6,2,2.3,-20.9,5,110
2025.04.02 23:16:58,UP,10.0,1,20.2,0.0,35,35
2025.04.02 23:21:58,UP,21.6,2,4.6,-20.6,26,109
2025.04.02 23:26:58,DOWN,-13.8,1,22.5,0.0,1,1
2025.04.02 23:32:23,DOWN,-10.7,1,20.5,-14.1,447,447
2025.04.02 23:39:51,DOWN,-20.9,2,8.3,-22.6,271,627
2025.04.02 23:55:41,UP,10.2,2,8.1,-20.1,176,1299
2025.04.03 00:18:05,DOWN,-10.1,1,20.1,-11.8,3294,3294
2025.04.03 01:12:59,DOWN,-13.8,2,2.7,-20.2,546,1672
2025.04.03 01:49:26,UP,10.1,1,20.0,-3.0,1771,1771
2025.04.03 02:24:20,UP,10.6,1,20.1,-3.3,366,366
2025.04.03 02:42:39,UP,10.0,2,5.0,-20.0,172,2198
2025.04.03 04:31:35,UP,10.0,1,20.0,-11.9,14187,14187
2025.04.03 08:28:04,UP,10.5,1,20.2,-4.4,3998,3998
2025.04.03 09:34:42,UP,12.3,1,20.6,-0.7,315,315
2025.04.03 09:39:57,UP,16.8,2,8.9,-20.0,1172,2545
2025.04.03 10:23:28,DOWN,-10.0,2,17.8,-20.0,133,3070
2025.04.03 11:38:48,UP,10.1,1,20.3,0.0,1796,1796
2025.04.03 12:08:46,UP,15.5,1,20.5,0.0,219,219
2025.04.03 12:13:46,UP,11.5,2,1.6,-20.3,2,494
2025.04.03 13:04:07,UP,10.0,1,20.9,-0.8,110,110
2025.04.03 13:09:07,UP,15.7,1,21.4,-2.3,197,197
2025.04.03 13:14:07,UP,58.8,2,1.6,-20.0,60,189
2025.04.03 13:21:33,UP,10.2,2,0.4,-20.1,1,235
2025.04.03 13:26:33,DOWN,-17.1,1,21.0,-6.1,1534,1534
2025.04.03 13:52:07,DOWN,-10.2,1,20.0,-3.2,803,803
2025.04.03 14:19:07,DOWN,-10.0,2,7.2,-20.2,61,761
2025.04.03 14:31:49,UP,12.8,1,20.1,-3.7,856,856
2025.04.03 14:47:06,UP,10.1,2,15.3,-20.5,1166,3117
2025.04.03 15:39:03,DOWN,-15.4,2,0.8,-20.2,26,309
2025.04.03 15:44:12,UP,17.0,1,20.0,-17.7,1882,1882
2025.04.03 16:15:49,UP,10.0,2,18.6,-20.0,330,769
2025.04.03 16:28:38,DOWN,-19.9,1,20.3,-4.2,279,279
2025.04.03 16:33:38,DOWN,-19.9,2,0.0,-20.1,0,683
2025.04.03 16:49:48,UP,10.1,2,4.2,-20.6,131,611
2025.04.03 16:59:59,DOWN,-11.8,2,0.3,-21.4,0,18
2025.04.03 17:05:44,UP,10.1,1,20.1,-6.9,1909,1909
2025.04.03 17:37:33,UP,11.9,2,16.5,-20.1,572,2274
2025.04.03 18:18:14,DOWN,-10.4,1,20.2,-1.1,478,478
2025.04.03 18:27:40,DOWN,-10.2,1,20.0,-8.1,3299,3299
2025.04.03 19:23:20,DOWN,-10.6,1,20.0,-4.9,4936,4936
2025.04.03 21:19:41,UP,10.0,1,20.0,-17.6,13735,13735
2025.04.04 01:34:10,UP,10.4,2,3.0,-20.2,319,2545
2025.04.04 03:44:38,UP,10.2,1,20.1,-3.3,5371,5371
2025.04.04 07:14:57,DOWN,-10.1,2,5.1,-20.3,1117,4211
2025.04.04 08:31:53,DOWN,-10.1,1,20.4,0.0,1997,1997
2025.04.04 10:09:46,UP,10.1,2,4.8,-20.3,153,1572
2025.04.04 10:37:09,DOWN,-10.0,1,21.0,-0.6,558,558
2025.04.04 10:46:34,DOWN,-10.0,1,20.4,-11.6,846,846
2025.04.04 11:00:41,DOWN,-12.9,1,20.0,-18.2,7510,7510
2025.04.04 13:06:58,DOWN,-10.3,2,0.1,-20.0,1,165
2025.04.04 13:18:55,UP,10.1,1,20.3,-0.1,238,238
2025.04.04 13:23:55,UP,17.4,1,20.1,-0.3,183,183
2025.04.04 13:29:24,UP,10.1,2,6.7,-20.0,217,1537
2025.04.04 14:03:53,UP,10.2,1,20.0,-3.3,711,711
2025.04.04 14:15:47,UP,10.8,1,20.0,-19.6,4138,4138
2025.04.04 15:24:45,UP,15.0,2,6.1,-22.6,211,318
2025.04.04 15:30:03,DOWN,-16.7,2,6.2,-23.1,1,7
2025.04.04 15:36:49,DOWN,-10.0,1,20.6,-12.0,815,815
2025.04.04 15:53:16,DOWN,-10.5,2,11.5,-20.0,293,1480
2025.04.04 16:19:19,UP,10.8,2,1.6,-20.0,6,474
2025.04.04 16:27:13,DOWN,-15.8,1,20.6,-17.6,1577,1577
2025.04.04 16:53:30,DOWN,-10.4,1,20.0,-10.2,2472,2472
2025.04.04 17:34:42,DOWN,-12.6,1,20.2,-0.1,681,681
2025.04.04 17:53:29,UP,10.1,1,20.0,-4.4,524,524
2025.04.04 18:02:14,UP,13.0,2,5.0,-20.4,17,1375
2025.04.04 18:25:09,DOWN,-10.8,2,9.1,-20.2,26,596
2025.04.04 18:42:15,UP,10.3,2,16.8,-20.3,1111,2299
2025.04.04 19:22:29,DOWN,-10.1,1,23.6,-13.3,2705,2705
2025.04.04 20:07:35,DOWN,-13.2,1,20.2,-1.1,273,273
2025.04.04 20:12:35,DOWN,-20.1,2,3.2,-20.2,3,2087
2025.04.04 20:47:47,UP,10.1,2,15.8,-20.0,2724,4823
2025.04.04 22:42:56,UP,10.2,2,4.7,-20.3,241,2482
2025.04.04 23:24:19,DOWN,-12.4,2,7.2,-20.3,107,1731
2025.04.04 23:54:53,UP,10.6,2,3.0,-74.1,62,173108
2025.04.07 00:00:43,DOWN,-71.6,2,12.9,-20.1,654,2580
2025.04.07 00:43:43,UP,17.5,1,20.0,-8.7,1328,1328
2025.04.07 01:06:33,UP,11.0,1,21.3,-12.9,572,572
2025.04.07 01:16:16,UP,10.9,1,20.1,-2.3,390,390
2025.04.07 01:22:46,UP,10.9,2,16.9,-20.6,3754,6127
2025.04.07 03:04:53,DOWN,-19.4,1,21.6,-16.4,8517,8517
2025.04.07 05:27:13,DOWN,-10.2,2,19.0,-20.4,1077,6306
2025.04.07 08:18:58,UP,10.3,1,20.4,-6.6,2348,2348
2025.04.07 08:58:07,UP,11.8,1,20.0,-19.7,4377,4377
2025.04.07 10:11:27,UP,10.1,2,13.0,-20.0,136,1396
2025.04.07 10:34:43,DOWN,-10.6,1,20.9,-9.9,2659,2659
2025.04.07 11:19:22,DOWN,-10.9,1,20.7,0.0,615,615
2025.04.07 11:29:41,DOWN,-10.1,2,4.8,-20.2,337,1009
2025.04.07 11:47:29,UP,10.4,2,11.9,-20.1,449,1477
2025.04.07 12:12:07,DOWN,-10.3,1,20.0,-2.1,1127,1127
2025.04.07 12:40:54,DOWN,-10.1,2,3.1,-20.1,82,1356
2025.04.07 13:03:30,UP,10.6,2,17.6,-20.3,1873,4090
2025.04.07 14:13:50,DOWN,-10.1,2,16.0,-20.0,548,5258
2025.04.07 15:43:35,UP,10.0,2,14.7,-20.1,519,2439
2025.04.07 16:24:15,DOWN,-14.9,1,20.0,-14.4,2733,2733
2025.04.07 17:09:51,DOWN,-10.3,2,0.7,-20.4,8,33
2025.04.07 17:14:51,UP,32.2,2,3.0,-20.3,96,611
2025.04.07 17:25:16,DOWN,-11.0,1,20.2,-19.1,1772,1772
2025.04.07 18:00:52,DOWN,-10.6,2,5.3,-20.2,29,1476
2025.04.07 18:26:39,UP,10.1,2,0.5,-20.1,2,207
2025.04.07 18:31:39,DOWN,-16.5,2,1.4,-20.1,162,1423
2025.04.07 19:44:19,DOWN,-10.3,2,3.8,-20.3,48,883
2025.04.07 21:08:29,UP,10.2,2,0.1,-20.0,1,600
2025.04.07 21:34:47,UP,10.4,2,10.4,-20.1,4186,5070
2025.04.07 22:59:46,DOWN,-10.3,2,15.3,-20.2,3775,16311
2025.04.08 03:53:59,UP,10.2,1,20.0,-11.5,6033,6033
2025.04.08 09:33:19,UP,10.1,2,6.6,-20.3,654,2801
2025.04.08 10:23:00,DOWN,-10.2,1,20.2,-16.8,2033,2033
2025.04.08 10:56:58,DOWN,-10.6,1,20.0,-14.2,5265,5265
2025.04.08 15:04:00,UP,10.2,1,20.3,-2.6,2055,2055
2025.04.08 16:34:32,DOWN,-10.2,1,20.4,-0.2,1667,1667
2025.04.08 17:02:19,DOWN,-10.9,1,20.5,-2.4,1274,1274
2025.04.08 17:23:33,DOWN,-13.1,2,15.1,-20.0,719,8533
2025.04.08 19:48:17,UP,10.6,1,20.2,-9.9,5614,5614
2025.04.08 21:30:12,UP,10.3,2,2.9,-20.2,4,1532
2025.04.09 03:24:38,UP,10.1,1,20.0,-1.5,2011,2011
2025.04.09 03:58:38,UP,10.2,1,20.2,-2.9,1427,1427
2025.04.09 04:23:23,UP,10.2,2,0.4,-20.5,19,751
2025.04.09 04:52:42,DOWN,-10.2,2,9.7,-20.0,3097,8138
2025.04.09 07:26:38,UP,10.4,2,12.9,-20.1,1968,3843
2025.04.09 09:14:57,DOWN,-10.1,2,5.5,-20.3,46,2287
2025.04.09 09:53:40,UP,11.3,2,13.3,-20.4,122,1202
2025.04.09 10:13:42,DOWN,-15.8,1,20.1,-11.0,2173,2173
2025.04.09 10:49:55,DOWN,-10.2,1,20.4,-0.9,429,429
2025.04.09 10:57:04,DOWN,-16.2,2,17.9,-20.4,391,6209
2025.04.09 12:55:34,UP,10.3,2,12.7,-20.2,924,3968
2025.04.09 14:01:47,DOWN,-10.5,2,0.9,-20.4,0,84
2025.04.09 14:08:22,UP,10.1,1,20.0,-14.5,4544,4544
2025.04.09 15:24:07,UP,11.3,1,20.0,-0.1,575,575
2025.04.09 15:44:02,DOWN,-10.5,1,20.0,-1.1,375,375
2025.04.09 15:54:37,UP,10.1,2,7.4,-20.4,1744,2665
2025.04.09 16:44:13,DOWN,-10.5,1,20.0,-6.7,4012,4012
2025.04.09 17:51:07,DOWN,-10.1,2,0.0,-20.1,0,885
2025.04.09 18:41:56,DOWN,-10.3,1,20.6,-4.4,1501,1501
2025.04.09 19:09:56,DOWN,-10.7,1,20.1,-17.4,3187,3187
2025.04.09 20:03:03,DOWN,-15.3,2,11.1,-20.6,26,697
2025.04.09 20:14:40,UP,10.9,1,20.2,-8.0,340,340
2025.04.09 20:20:20,UP,21.9,2,16.3,-20.3,38,132
2025.04.09 20:25:33,UP,10.3,2,9.9,-20.4,1,36
2025.04.09 20:30:33,UP,10.3,2,6.8,-20.3,132,191
2025.04.09 20:36:32,UP,10.1,1,20.1,-6.2,337,337
2025.04.09 20:42:18,UP,10.2,2,14.5,-20.8,453,750
2025.04.09 20:54:48,DOWN,-34.5,1,22.7,-8.4,414,414
2025.04.09 21:01:43,DOWN,-13.5,1,20.4,-17.2,249,249
2025.04.09 21:06:43,DOWN,-13.4,2,17.2,-21.1,80,1548
2025.04.09 21:32:55,UP,10.2,1,20.5,-5.2,601,601
2025.04.09 21:42:56,UP,17.1,2,7.9,-20.0,133,623
2025.04.09 21:53:20,DOWN,-10.2,2,6.7,-20.1,27,1112
2025.04.09 22:14:02,DOWN,-10.4,1,20.4,-9.6,1443,1443
2025.04.09 22:38:06,DOWN,-13.2,2,11.7,-20.5,1656,2909
2025.04.09 23:26:35,UP,16.5,2,1.2,-20.3,9,649
2025.04.09 23:43:01,UP,10.0,1,20.3,-6.3,13524,13524
2025.04.10 05:09:41,DOWN,-10.0,2,4.0,-20.2,793,3830
2025.04.10 09:38:45,DOWN,-10.1,2,2.3,-20.6,978,1293
2025.04.10 10:02:38,DOWN,-10.0,2,5.7,-20.5,174,1005
2025.04.10 10:19:24,UP,14.0,1,20.0,-15.8,1274,1274
2025.04.10 10:44:25,UP,10.3,1,20.0,-8.8,2608,2608
2025.04.10 11:37:52,UP,10.0,1,20.4,-16.6,4982,4982
2025.04.10 13:02:39,UP,10.0,1,20.2,-13.9,7781,7781
2025.04.10 15:12:59,UP,10.0,1,20.5,-4.3,1022,1022
2025.04.10 15:30:01,UP,15.5,2,16.6,-20.1,555,1809
2025.04.10 16:09:59,UP,10.0,1,20.0,-6.5,2039,2039
2025.04.10 17:02:38,UP,10.1,1,20.3,-12.0,3045,3045
2025.04.10 17:53:23,UP,13.3,1,20.3,-0.6,259,259
2025.04.10 17:58:23,UP,17.5,2,6.7,-20.2,94,926
2025.04.10 18:18:26,UP,10.0,1,20.4,-1.4,400,400
2025.04.10 18:39:55,UP,10.5,1,22.9,-7.1,176,176
2025.04.10 18:46:08,UP,10.1,2,6.0,-20.3,200,556
2025.04.10 18:58:45,DOWN,-10.1,2,18.6,-20.3,4117,7311
2025.04.10 21:18:31,UP,10.2,2,15.3,-20.2,1294,2628
2025.04.10 22:07:38,DOWN,-10.7,1,20.1,-1.2,708,708
2025.04.10 22:19:26,DOWN,-10.2,2,17.6,-20.0,592,2348
2025.04.10 22:58:47,UP,10.2,1,20.3,-16.1,8178,8178
2025.04.11 01:28:58,DOWN,-10.5,2,3.3,-20.2,141,1327
2025.04.11 01:51:06,UP,10.2,1,22.2,-16.9,3675,3675
2025.04.11 02:52:21,UP,17.0,1,20.0,-4.7,1791,1791
2025.04.11 03:22:12,UP,14.9,1,20.3,-7.7,596,596
2025.04.11 03:32:08,UP,20.2,1,20.9,0.0,7,7
2025.04.11 03:38:01,UP,11.1,1,20.9,-11.5,222,222
2025.04.11 03:44:03,DOWN,-10.6,1,20.3,0.0,43,43
2025.04.11 03:51:07,UP,10.5,2,4.6,-20.3,15,324
2025.04.11 03:56:32,DOWN,-11.7,1,20.6,-15.8,794,794
2025.04.11 04:09:46,DOWN,-19.7,2,0.0,-20.0,0,822
2025.04.11 04:23:29,UP,11.1,1,20.0,-3.3,1146,1146
2025.04.11 04:42:35,UP,20.2,2,6.2,-20.5,12,200
2025.04.11 04:47:35,DOWN,-12.1,2,7.3,-20.1,165,873
2025.04.11 05:02:23,UP,11.9,2,5.3,-20.1,745,2816
2025.04.11 05:52:40,UP,10.0,1,20.3,-11.5,1941,1941
2025.04.11 06:57:08,DOWN,-10.0,1,20.0,-2.0,1316,1316
2025.04.11 08:01:10,DOWN,-10.1,1,20.7,-1.0,2151,2151
2025.04.11 08:37:35,DOWN,-10.1,1,20.1,-2.1,1561,1561
2025.04.11 09:03:37,DOWN,-18.3,2,19.6,-20.9,2260,3371
2025.04.11 10:01:44,UP,10.4,1,21.6,-3.7,222,222
2025.04.11 10:06:44,UP,10.5,1,20.2,-8.9,1132,1132
2025.04.11 10:25:42,UP,10.0,1,20.0,-12.8,1816,1816
2025.04.11 10:55:59,UP,10.3,1,22.6,-12.8,386,386
2025.04.11 11:02:25,UP,25.9,1,20.9,-0.6,16,16
2025.04.11 11:07:38,DOWN,-11.0,2,15.3,-20.1,229,630
2025.04.11 11:18:08,UP,14.3,1,20.5,-17.7,899,899
2025.04.11 11:33:07,UP,22.4,1,20.2,-5.7,471,471
2025.04.11 11:40:58,UP,20.9,1,20.5,-1.4,405,405
2025.04.11 11:47:43,UP,19.9,1,21.9,-12.8,163,163
2025.04.11 11:55:57,UP,10.3,2,5.6,-20.5,6,207
2025.04.11 12:01:23,DOWN,-10.4,1,21.1,-2.6,436,436
2025.04.11 12:08:39,DOWN,-13.3,2,10.1,-20.0,138,606
2025.04.11 12:18:45,UP,16.8,2,5.3,-20.4,4,678
2025.04.11 12:31:03,DOWN,-10.1,2,0.1,-20.1,1,510
2025.04.11 12:39:41,UP,10.2,2,9.3,-20.6,680,1166
2025.04.11 12:59:07,DOWN,-15.8,1,20.1,-0.5,81,81
2025.04.11 13:04:07,DOWN,-23.8,2,5.5,-20.0,33,936
2025.04.11 13:19:44,UP,10.4,2,2.4,-20.2,87,332
2025.04.11 13:27:46,DOWN,-10.1,1,20.3,-11.1,788,788
2025.04.11 13:40:55,DOWN,-10.3,2,16.4,-20.1,1069,1660
2025.04.11 14:08:44,UP,10.3,2,1.1,-20.1,80,465
2025.04.11 14:17:11,DOWN,-10.6,2,11.0,-20.2,76,303
2025.04.11 14:22:14,UP,15.8,2,16.4,-20.2,316,1373
2025.04.11 14:52:49,UP,10.0,2,1.5,-20.1,127,259
2025.04.11 14:57:49,DOWN,-22.1,2,5.7,-20.0,124,507
2025.04.11 15:08:23,UP,10.8,1,20.2,-12.9,2425,2425
2025.04.11 15:48:49,UP,16.4,1,20.0,-2.4,200,200
2025.04.11 15:53:49,UP,14.7,1,20.0,-5.4,1042,1042
2025.04.11 16:17:27,UP,10.1,2,0.9,-20.1,231,425
2025.04.11 16:24:32,DOWN,-19.0,1,21.0,-15.4,852,852
2025.04.11 16:38:44,DOWN,-28.1,1,20.5,-0.2,32,32
2025.04.11 16:43:44,UP,28.2,2,10.8,-20.2,77,210
2025.04.11 16:48:44,DOWN,-43.8,2,12.5,-20.0,46,642
2025.04.11 16:59:26,UP,26.8,1,20.5,-8.3,783,783
2025.04.11 17:12:35,UP,10.1,2,0.9,-20.2,339,1164
2025.04.11 17:32:00,DOWN,-11.7,1,20.4,-7.8,1110,1110
2025.04.11 17:52:36,DOWN,-11.2,1,20.5,-18.7,4270,4270
2025.04.11 19:03:46,DOWN,-14.6,1,20.0,-13.8,987,987
2025.04.11 19:21:49,DOWN,-10.3,2,6.4,-20.0,253,1594
2025.04.11 20:38:05,UP,10.4,2,7.5,-20.2,116,1089
2025.04.11 20:56:15,DOWN,-10.8,2,15.4,-20.1,215,2209
2025.04.11 21:38:15,DOWN,-10.0,2,12.2,-20.1,221,2352
2025.04.11 22:17:28,UP,10.0,1,20.1,-4.5,4049,4049
2025.04.14 00:01:00,DOWN,-48.7,2,0.7,-20.2,274,3610
2025.04.14 01:01:11,UP,13.5,1,20.0,-10.8,1831,1831
2025.04.14 01:33:26,UP,10.1,2,1.4,-20.0,31,1308
2025.04.14 02:07:59,UP,10.0,1,20.4,-16.3,3621,3621
2025.04.14 03:08:21,UP,11.1,1,20.6,-10.8,3834,3834
2025.04.14 04:12:35,UP,10.2,1,20.5,-9.6,1594,1594
2025.04.14 04:39:14,UP,10.0,2,4.4,-20.4,23,1041
2025.04.14 05:03:36,UP,10.4,2,5.4,-20.3,653,2161
2025.04.14 06:11:40,DOWN,-10.7,2,16.6,-20.7,7163,10424
2025.04.14 09:05:25,UP,10.5,1,21.6,-2.6,1697,1697
2025.04.14 09:33:42,UP,11.9,2,13.6,-20.3,2071,3543
2025.04.14 10:33:09,DOWN,-10.4,2,5.1,-20.1,1169,2892
2025.04.14 11:32:07,DOWN,-10.3,1,20.0,-17.4,13229,13229
2025.04.14 15:13:15,DOWN,-10.3,1,20.4,-9.3,2605,2605
2025.04.14 15:56:42,DOWN,-10.2,1,20.4,-0.1,470,470
2025.04.14 16:04:33,DOWN,-14.2,1,20.5,-1.7,315,315
2025.04.14 16:09:49,DOWN,-16.2,2,8.6,-20.2,44,1931
2025.04.14 16:47:38,UP,10.3,1,20.1,-15.4,2603,2603
2025.04.14 17:32:18,UP,10.5,1,20.0,-11.8,4455,4455
2025.04.14 18:46:33,UP,10.6,2,2.6,-20.1,111,665
2025.04.14 19:19:34,DOWN,-10.2,1,20.6,-10.1,2201,2201
2025.04.14 20:00:35,UP,10.0,1,20.0,-12.1,7950,7950
2025.04.14 22:54:06,DOWN,-10.1,1,22.5,-1.2,4211,4211
2025.04.15 01:08:36,DOWN,-10.4,1,21.2,-9.5,8249,8249
2025.04.15 09:08:20,UP,10.1,2,7.1,-20.1,144,1952
2025.04.15 09:41:12,DOWN,-10.1,2,11.4,-20.5,1352,4344
2025.04.15 10:53:52,UP,10.2,1,20.0,-5.4,666,666
2025.04.15 11:04:58,UP,19.6,2,2.1,-20.2,19,577
2025.04.15 11:41:20,DOWN,-10.3,1,20.5,-9.6,9709,9709
2025.04.15 14:23:29,DOWN,-10.0,1,20.1,-16.1,7359,7359
2025.04.15 16:38:43,UP,10.2,2,6.0,-20.0,577,1682
2025.04.15 17:06:45,DOWN,-14.4,2,16.9,-20.3,650,1702
2025.04.15 17:49:29,UP,10.1,2,4.6,-20.0,412,2500
2025.04.15 19:34:47,DOWN,-10.0,2,3.8,-20.0,506,13995
2025.04.16 03:13:35,UP,10.0,1,20.1,-3.9,11561,11561
2025.04.16 08:54:20,UP,10.2,1,20.0,-0.1,260,260
2025.04.16 08:59:20,UP,18.6,2,1.0,-20.2,19,3520
2025.04.16 10:06:22,UP,10.0,2,19.5,-20.3,1438,5590
2025.04.16 11:39:53,DOWN,-10.1,2,12.6,-20.1,130,1173
2025.04.16 12:27:16,DOWN,-10.0,1,20.1,-12.9,11394,11394
2025.04.16 15:47:09,DOWN,-10.1,2,5.8,-20.0,436,1422
2025.04.16 17:01:44,UP,10.2,2,6.1,-20.2,159,1149
2025.04.16 17:46:46,UP,10.1,1,21.3,-16.0,15461,15461
2025.04.16 22:34:57,DOWN,-10.0,1,20.2,-14.4,17889,17889
2025.04.17 04:03:42,DOWN,-10.3,2,2.4,-20.0,1810,5800
2025.04.17 10:04:27,UP,10.1,2,19.5,-20.3,6243,18939
2025.04.17 15:20:30,DOWN,-10.3,2,5.2,-20.2,14,2382
2025.04.17 16:00:31,UP,10.2,2,19.2,-20.7,5154,6871
2025.04.17 17:55:13,DOWN,-10.2,2,0.0,-20.0,0,964
2025.04.17 19:26:52,DOWN,-10.2,2,11.9,-20.0,539,8687
2025.04.18 03:54:59,DOWN,-11.8,2,11.8,-20.0,22052,48560
2025.04.21 00:15:54,UP,10.2,1,20.4,-15.1,3014,3014
2025.04.21 01:06:09,UP,19.6,1,21.3,-9.8,5198,5198
2025.04.21 03:08:41,UP,10.0,1,20.0,-11.2,8053,8053
2025.04.21 05:27:57,UP,10.9,1,23.0,-0.1,14,14
2025.04.21 06:42:07,UP,10.2,2,1.7,-20.3,27,1518
2025.04.21 09:12:38,DOWN,-10.1,2,14.6,-20.3,2235,5523
2025.04.21 10:57:40,UP,15.2,1,20.3,-14.6,4498,4498
2025.04.21 12:12:38,UP,13.6,2,0.2,-20.1,527,2214
2025.04.21 15:18:55,UP,10.3,2,1.5,-20.0,76,940
2025.04.21 16:08:26,DOWN,-10.0,1,20.0,-9.7,1081,1081
2025.04.21 17:33:55,DOWN,-10.1,2,18.7,-20.1,2472,14442
2025.04.22 03:01:57,DOWN,-10.9,1,20.1,-4.6,2360,2360
2025.04.22 06:03:17,UP,10.3,2,16.4,-20.4,8787,13019
2025.04.22 09:57:03,DOWN,-10.1,1,20.1,-14.6,18275,18275
2025.04.22 15:01:46,DOWN,-10.3,1,20.0,-14.1,4204,4204
2025.04.22 16:48:38,UP,10.1,2,15.8,-20.0,3324,7936
2025.04.22 19:00:57,DOWN,-10.9,1,20.0,-14.8,3348,3348
2025.04.22 20:39:01,DOWN,-10.1,1,20.1,-19.3,13719,13719
2025.04.23 00:29:03,DOWN,-10.1,1,23.0,-1.7,267,267
2025.04.23 00:34:03,DOWN,-20.0,1,21.9,-0.5,1382,1382
2025.04.23 00:58:45,DOWN,-13.0,1,20.9,-5.1,355,355
2025.04.23 01:04:40,DOWN,-19.6,2,7.9,-20.4,131,330
2025.04.23 01:10:20,UP,10.2,2,4.9,-20.0,81,392
2025.04.23 01:16:53,DOWN,-13.5,1,20.0,-7.2,625,625
2025.04.23 01:27:19,DOWN,-15.8,2,17.2,-20.5,675,2033
2025.04.23 02:02:34,UP,10.6,1,20.9,-6.7,3773,3773
2025.04.23 06:38:08,DOWN,-10.0,2,4.7,-20.2,2242,6115
2025.04.23 08:39:27,DOWN,-10.1,2,12.6,-20.0,655,6452
2025.04.23 10:39:46,DOWN,-10.1,2,15.2,-20.0,1939,4716
2025.04.23 12:02:19,UP,10.5,2,16.5,-20.0,1903,4849
2025.04.23 14:09:16,DOWN,-10.3,2,4.8,-20.4,107,1870
2025.04.23 16:31:07,UP,10.0,2,0.3,-20.0,11,397
2025.04.23 16:37:45,DOWN,-11.8,1,20.2,-11.8,578,578
2025.04.23 16:47:23,DOWN,-27.1,1,20.1,-0.9,679,679
2025.04.23 16:58:42,DOWN,-14.3,1,20.0,0.0,95,95
2025.04.23 17:03:42,UP,11.2,1,20.1,-2.3,627,627
2025.04.23 17:14:09,UP,16.0,2,16.5,-20.3,94,4006
2025.04.23 18:23:06,UP,10.6,1,20.3,-9.2,354,354
2025.04.23 18:29:00,UP,14.4,2,0.6,-20.6,10,1337
2025.04.23 18:57:56,DOWN,-10.1,1,20.0,-15.5,4637,4637
2025.04.24 01:07:56,UP,10.1,1,20.0,-15.7,13244,13244
2025.04.24 11:39:04,DOWN,-10.3,2,8.6,-20.0,19,5422
2025.04.24 14:56:41,DOWN,-10.2,1,20.0,-14.8,12106,12106
2025.04.24 18:18:27,DOWN,-15.0,2,4.8,-20.0,1411,5152
2025.04.25 03:03:32,DOWN,-10.1,1,20.0,-7.6,7030,7030
2025.04.25 07:04:48,DOWN,-10.1,2,0.3,-20.0,16,3234
2025.04.25 10:03:05,UP,10.2,1,20.4,-18.7,27095,27095
2025.04.25 22:56:43,DOWN,-10.1,3,3.5,-4.3,3108,176598
2025.04.28 01:30:56,DOWN,-10.0,2,0.0,-20.1,0,5931
2025.04.28 09:39:13,DOWN,-10.2,1,20.3,-0.6,1012,1012
2025.04.28 09:57:37,DOWN,-10.3,2,3.5,-20.0,21,2303
2025.04.28 11:39:11,UP,10.0,1,20.0,-10.2,13657,13657
2025.04.28 16:43:44,UP,10.1,1,20.9,-17.6,3367,3367
2025.04.28 17:39:51,UP,15.5,2,19.9,-20.0,85,1952
2025.04.28 18:14:18,DOWN,-10.4,2,0.5,-20.4,22,1891
2025.04.28 19:13:21,UP,10.2,1,20.0,-19.2,13272,13272
2025.04.29 02:09:16,DOWN,-10.1,1,20.5,-8.0,10018,10018
2025.04.29 05:12:00,UP,10.4,2,7.1,-20.4,154,3771
2025.04.29 10:09:14,UP,10.8,2,12.8,-20.2,2267,11010
2025.04.29 14:58:33,DOWN,-10.4,2,1.9,-20.2,1166,2602
2025.04.29 15:43:39,UP,10.1,1,20.0,-19.9,13329,13329
2025.04.29 19:44:55,DOWN,-10.0,1,20.0,-0.2,4382,4382
2025.04.29 20:58:36,DOWN,-10.4,1,20.3,-11.7,28697,28697
2025.04.30 04:58:46,DOWN,-10.1,2,3.1,-20.0,95,4853
2025.04.30 15:15:07,UP,10.2,2,5.3,-20.0,1925,3192
2025.04.30 17:01:47,DOWN,-10.0,2,9.0,-20.1,377,2961
2025.04.30 17:51:08,UP,27.4,2,0.0,-20.2,0,151
2025.04.30 18:14:49,DOWN,-10.1,1,20.0,-3.4,779,779
2025.04.30 18:29:01,DOWN,-10.9,2,11.5,-20.5,206,2211
2025.05.01 14:49:42,DOWN,-10.1,1,20.0,-19.9,7861,7861
2025.05.01 17:00:43,DOWN,-19.8,1,20.4,-13.3,3109,3109
2025.05.01 17:59:29,UP,10.2,1,20.2,-15.3,39890,39890
2025.05.02 09:19:47,UP,10.1,1,20.1,-8.9,11967,11967
2025.05.02 14:39:40,UP,10.2,2,1.8,-20.2,16,2785
2025.05.02 15:30:01,DOWN,-13.2,2,18.0,-20.2,2,3216
2025.05.02 16:23:42,UP,10.3,1,20.0,-2.7,859,859
2025.05.02 16:38:01,UP,17.8,2,17.3,-20.1,1389,6275
2025.05.02 18:23:31,DOWN,-10.5,1,20.2,-1.5,1933,1933
2025.05.02 19:49:07,DOWN,-10.0,1,20.1,-3.1,3223,3223
2025.05.02 20:42:50,DOWN,-14.5,3,8.1,-10.0,10672,184690
2025.05.05 00:39:50,DOWN,-11.0,2,0.4,-20.0,507,3635
2025.05.05 15:24:30,UP,10.0,2,9.3,-20.3,2547,5817
2025.05.05 17:01:27,DOWN,-16.6,1,20.0,-17.3,6802,6802
2025.05.05 19:09:52,DOWN,-10.2,2,2.7,-20.5,6834,10840
2025.05.06 11:07:21,DOWN,-10.3,2,4.7,-20.0,5,647
2025.05.06 16:06:24,DOWN,-10.1,2,1.4,-20.7,339,2494
2025.05.06 16:49:20,UP,11.0,2,13.8,-20.3,1631,7079
2025.05.06 19:18:59,UP,10.0,1,20.1,-2.5,2936,2936
2025.05.06 23:32:36,DOWN,-10.1,1,20.3,-9.9,5712,5712
2025.05.07 01:08:15,DOWN,-10.4,2,17.7,-20.2,8156,27800
2025.05.07 09:41:52,UP,10.1,2,2.0,-20.1,702,3398
2025.05.07 12:09:51,DOWN,-10.1,2,0.6,-20.6,14,6923
2025.05.07 18:23:22,DOWN,-10.1,1,21.8,-17.1,12216,12216
2025.05.07 21:46:58,DOWN,-11.6,1,20.0,-15.0,1833,1833
2025.05.07 22:19:07,UP,10.0,2,1.9,-20.1,7,2658
2025.05.08 03:59:48,DOWN,-10.2,2,1.8,-20.2,17,3124
2025.05.08 04:51:53,UP,12.6,2,6.5,-20.1,4834,11836
2025.05.08 08:13:13,DOWN,-10.4,1,20.3,-10.5,5401,5401
2025.05.08 10:02:31,DOWN,-10.3,2,1.6,-20.0,311,2138
2025.05.08 14:52:34,UP,10.1,1,20.0,-4.8,2809,2809
2025.05.08 15:39:24,UP,18.3,2,3.9,-20.0,56,753
2025.05.08 15:51:59,DOWN,-10.1,2,0.6,-20.1,2,4746
2025.05.08 17:51:18,DOWN,-10.1,1,21.8,-14.8,3104,3104
2025.05.08 18:49:17,DOWN,-10.1,1,20.2,-0.8,1297,1297
2025.05.08 19:13:36,DOWN,-10.8,1,20.2,-5.2,35297,35297
2025.05.09 14:27:28,UP,10.4,1,20.2,-15.1,10550,10550
2025.05.09 17:52:36,DOWN,-10.3,1,20.2,-7.4,20871,20871
2025.05.12 00:01:07,DOWN,-51.8,2,6.7,-20.1,95,1118
2025.05.12 00:19:46,UP,11.5,1,20.1,-8.9,8380,8380
2025.05.12 10:00:31,DOWN,-10.2,1,21.3,-0.3,21,21
2025.05.12 10:06:33,UP,10.2,2,0.1,-20.2,1,358
2025.05.12 10:12:31,DOWN,-10.6,1,20.2,-1.2,477,477
2025.05.12 10:22:32,DOWN,-10.6,1,21.4,-1.6,318,318
2025.05.12 10:27:50,DOWN,-18.8,1,20.4,-10.8,981,981
2025.05.12 10:44:11,DOWN,-20.5,2,19.6,-20.0,1811,3065
2025.05.12 11:39:10,UP,10.1,2,15.8,-20.0,1117,5159
2025.05.12 13:17:36,DOWN,-10.8,1,20.2,-7.2,1827,1827
2025.05.12 14:42:52,UP,10.2,1,20.0,-1.3,3806,3806
2025.05.12 16:31:58,UP,10.3,2,0.9,-20.0,14,3068
2025.05.12 17:23:42,DOWN,-10.7,2,3.7,-20.1,56,848
2025.05.12 17:37:51,UP,10.3,2,2.0,-20.0,55,943
2025.05.12 17:53:38,DOWN,-10.2,1,20.0,-12.1,7184,7184
2025.05.13 09:44:36,UP,10.3,1,20.5,-17.8,22633,22633
2025.05.13 16:08:47,UP,10.1,1,20.0,-12.3,6529,6529
2025.05.14 10:03:22,UP,10.1,1,20.3,-16.6,3596,3596
2025.05.14 11:04:17,UP,10.1,1,21.0,0.0,230,230
2025.05.14 11:09:53,UP,10.6,1,20.0,-14.3,4508,4508
2025.05.14 12:44:12,UP,10.5,2,4.5,-20.1,336,1969
2025.05.14 14:19:00,DOWN,-10.2,1,20.0,-18.9,19288,19288
2025.05.14 19:40:35,DOWN,-10.3,1,22.1,-3.1,5665,5665
2025.05.14 22:04:45,DOWN,-10.1,2,4.8,-20.0,7003,19348
2025.05.15 09:22:56,UP,10.1,1,20.1,-2.4,1998,1998
2025.05.15 10:03:08,DOWN,-10.5,1,20.2,-6.7,2611,2611
2025.05.15 10:47:53,DOWN,-10.2,2,0.1,-20.2,4,4969
2025.05.15 14:34:44,DOWN,-10.1,2,4.9,-21.2,17,3323
2025.05.15 15:30:07,UP,13.0,2,7.5,-20.6,609,1227
2025.05.15 15:54:13,UP,10.1,1,20.8,-1.2,784,784
2025.05.15 16:08:09,UP,10.2,2,1.9,-20.1,534,1291
2025.05.15 16:29:45,DOWN,-11.4,1,20.0,-8.9,3951,3951
2025.05.16 03:04:26,UP,10.1,2,17.6,-20.7,23042,51141
2025.05.16 17:37:32,DOWN,-10.0,1,20.3,-2.3,2705,2705
2025.05.19 00:00:52,UP,13.7,1,20.2,-13.6,14006,14006
2025.05.19 03:54:18,UP,15.5,2,2.9,-20.2,366,2444
2025.05.19 09:32:13,UP,10.2,1,20.1,-7.8,3556,3556
2025.05.19 10:34:08,UP,10.4,1,20.2,-4.7,4978,4978
2025.05.19 12:08:29,UP,10.5,2,14.7,-20.3,6368,14055
2025.05.19 18:54:58,DOWN,-11.1,1,20.0,-4.8,31065,31065
2025.05.20 04:19:43,UP,10.1,2,3.0,-20.5,11,5878
2025.05.20 05:57:41,DOWN,-10.7,2,1.8,-20.4,2,5836
2025.05.20 11:44:49,DOWN,-10.0,1,20.0,-15.3,12810,12810
2025.05.20 17:09:52,UP,10.0,1,20.1,-16.2,20154,20154
2025.05.21 05:09:27,UP,10.2,1,20.4,-4.8,6225,6225
2025.05.21 09:14:41,UP,10.2,2,15.8,-20.0,1406,3673
2025.05.21 11:04:43,UP,10.3,2,0.2,-20.5,2,2955
2025.05.21 12:42:41,UP,10.1,1,20.0,-5.3,2451,2451
2025.05.21 16:59:08,UP,10.1,1,20.3,-4.3,12179,12179
2025.05.21 20:22:42,UP,10.3,2,4.2,-20.0,266,1737
2025.05.21 20:59:51,UP,10.0,2,0.7,-20.9,62,5424
2025.05.22 04:57:02,UP,10.0,2,4.1,-20.3,2870,17570
2025.05.22 10:30:06,DOWN,-10.3,2,15.5,-20.2,27,2371
2025.05.22 15:36:44,DOWN,-10.2,1,20.0,-13.9,8320,8320
2025.05.22 18:07:28,DOWN,-10.2,2,15.2,-20.1,8465,33373
2025.05.23 14:19:56,UP,10.7,1,20.2,-0.9,1323,1323
2025.05.23 14:44:20,DOWN,-10.4,1,20.5,-1.9,30,30
2025.05.23 14:51:53,DOWN,-11.0,2,19.5,-20.0,1070,2404
2025.05.23 15:31:58,UP,12.2,2,12.5,-20.0,708,3274
2025.05.23 17:08:27,UP,10.0,1,20.1,-4.8,6096,6096
2025.05.26 04:54:24,UP,10.1,2,5.0,-20.2,730,20163
2025.05.27 01:02:36,UP,10.1,2,13.0,-20.0,11198,25537
2025.05.27 09:53:38,DOWN,-10.0,1,23.9,-2.5,2079,2079
2025.05.27 10:28:39,DOWN,-10.1,2,9.2,-20.0,1806,18580
2025.05.27 16:48:32,DOWN,-10.1,1,20.1,-2.2,3199,3199
2025.05.28 04:09:32,DOWN,-10.1,1,20.3,-15.1,6346,6346
2025.05.28 17:52:22,DOWN,-10.1,1,20.0,-2.1,3494,3494
2025.05.29 02:33:14,DOWN,-10.1,1,20.7,-2.7,250,250
2025.05.29 02:38:14,DOWN,-35.4,2,15.4,-20.3,404,1775
2025.05.29 03:23:39,UP,10.1,2,5.1,-20.0,250,2306
2025.05.29 04:04:42,DOWN,-11.1,2,0.0,-20.1,0,1569
2025.05.29 10:02:02,UP,10.1,1,20.0,-19.4,19697,19697
2025.05.29 15:30:22,UP,11.1,1,20.0,-4.9,866,866
2025.05.29 15:57:39,UP,10.1,1,20.3,-7.6,5066,5066
2025.05.29 17:22:11,UP,10.3,2,0.1,-20.0,0,435
2025.05.29 17:48:37,UP,10.4,1,20.0,-9.9,5241,5241
2025.05.30 15:09:19,UP,10.2,2,12.6,-20.4,1849,5723
2025.05.30 16:44:46,DOWN,-10.0,2,11.8,-20.2,137,4170
2025.05.30 17:54:17,UP,14.9,1,20.0,-2.2,8768,8768
2025.06.02 10:51:59,UP,10.0,2,0.1,-20.0,3,2107
2025.06.02 16:26:12,DOWN,-10.1,2,0.0,-21.5,0,2028
2025.06.02 17:00:13,UP,10.4,1,20.0,-1.1,2196,2196
2025.06.03 10:32:26,DOWN,-10.1,1,20.1,-2.1,10699,10699
2025.06.03 16:38:57,UP,10.2,2,2.1,-20.5,27,1631
2025.06.03 17:06:08,DOWN,-11.7,2,8.4,-20.1,143,1508
2025.06.04 04:00:59,DOWN,-10.3,2,0.9,-20.1,1,2169
2025.06.04 08:34:48,DOWN,-10.5,2,0.0,-20.5,0,4970
2025.06.04 15:15:03,UP,10.1,1,20.1,-0.1,2685,2685
2025.06.04 17:00:00,UP,14.0,1,20.0,-5.6,3175,3175
2025.06.05 15:15:16,UP,10.0,1,20.4,-19.8,3306,3306
2025.06.05 16:10:44,UP,10.1,1,20.1,-6.5,632,632
2025.06.05 16:21:30,UP,10.1,2,18.5,-20.0,457,5314
2025.06.06 11:47:29,DOWN,-10.1,1,24.4,-14.6,13354,13354
2025.06.06 15:30:03,DOWN,-17.3,2,4.2,-20.5,5,126
2025.06.06 15:38:28,DOWN,-10.1,1,20.4,-9.4,2645,2645
2025.06.06 16:24:05,DOWN,-10.9,2,4.5,-20.3,144,1724
2025.06.06 16:52:56,UP,10.3,3,17.6,-17.9,2202,198524
2025.06.09 14:34:14,DOWN,-10.1,2,19.3,-20.0,6636,22509
2025.06.10 10:07:14,DOWN,-10.9,2,10.5,-20.0,387,3821
2025.06.10 15:02:40,UP,10.2,2,8.3,-20.1,3932,11821
2025.06.11 02:18:10,DOWN,-10.0,2,16.9,-20.2,28490,36660
2025.06.11 15:30:01,UP,20.7,1,20.0,0.0,74,74
2025.06.11 15:36:01,UP,10.0,2,2.7,-20.0,53,468
2025.06.12 12:08:58,UP,10.5,1,23.5,-4.5,2697,2697
2025.06.12 12:53:56,UP,16.1,1,20.7,-12.7,3436,3436
2025.06.12 13:51:12,UP,12.3,2,6.2,-20.2,10,3652
2025.06.12 15:17:44,UP,10.1,1,20.6,-10.7,767,767
2025.06.12 15:30:31,UP,31.1,2,4.5,-20.1,7,2384
2025.06.12 16:13:58,DOWN,-10.1,1,20.3,-5.2,3989,3989
2025.06.13 02:59:50,UP,10.1,2,5.1,-20.4,314,623
2025.06.13 03:11:42,DOWN,-10.1,1,20.4,-0.4,196,196
2025.06.13 03:16:42,UP,11.7,2,12.5,-22.5,178,1194
2025.06.13 03:36:36,DOWN,-10.1,1,20.0,-8.7,8843,8843
2025.06.13 06:04:00,DOWN,-11.7,1,20.3,-9.6,8588,8588
2025.06.13 08:39:12,UP,10.1,1,20.4,-1.8,1733,1733
2025.06.13 09:38:03,DOWN,-10.0,2,4.0,-20.1,226,1479
2025.06.13 11:38:53,DOWN,-10.7,1,20.0,-7.1,7116,7116
2025.06.13 13:39:26,DOWN,-10.3,2,15.4,-20.2,620,11794
2025.06.13 17:13:57,UP,10.3,1,20.3,-6.4,4259,4259
2025.06.13 23:44:55,UP,10.3,2,1.0,-23.3,688,173771
2025.06.16 00:01:07,DOWN,-21.9,2,0.0,-20.9,0,21
2025.06.16 09:52:45,UP,10.1,1,20.6,-4.7,22400,22400
2025.06.16 16:07:12,UP,10.1,2,16.9,-20.0,3599,14426
2025.06.17 05:53:05,UP,10.5,1,20.5,-14.2,34618,34618
2025.06.17 15:30:03,UP,12.8,2,0.0,-20.0,0,651
2025.06.17 17:32:59,DOWN,-11.1,1,20.0,-12.9,8316,8316
2025.06.17 20:39:25,DOWN,-10.1,1,20.0,-2.6,4086,4086
2025.06.18 00:06:30,UP,10.8,1,20.2,-10.7,27032,27032
2025.06.18 17:03:36,UP,10.1,1,20.7,-0.6,50,50
2025.06.18 17:09:45,DOWN,-10.3,2,11.4,-20.1,2292,4790
2025.06.18 18:29:35,UP,11.0,2,1.3,-20.2,32,3981
2025.06.18 21:00:01,UP,12.7,2,19.6,-20.4,44,2893
2025.06.18 21:48:21,DOWN,-10.7,1,20.8,-3.8,785,785
2025.06.18 22:01:30,DOWN,-10.2,2,3.6,-20.0,462,786
2025.06.18 22:14:37,UP,19.8,2,3.2,-20.6,35,805
2025.06.18 22:33:55,UP,10.0,2,12.3,-20.3,9418,23011
2025.06.19 04:57:39,DOWN,-10.1,2,8.2,-20.0,16515,19462
2025.06.20 14:46:15,UP,10.1,2,2.5,-20.4,3230,9374
2025.06.20 17:52:25,UP,10.3,1,20.0,-2.8,1941,1941
2025.06.23 00:01:42,DOWN,-70.0,2,0.0,-20.6,0,959
2025.06.23 01:00:05,UP,10.3,1,20.2,-6.5,5546,5546
2025.06.23 09:09:07,DOWN,-10.1,1,20.1,-8.5,9230,9230
2025.06.23 12:09:22,DOWN,-10.0,2,8.7,-20.1,1386,16228
2025.06.23 16:39:50,UP,11.4,1,20.2,-0.4,1236,1236
2025.06.23 17:00:26,UP,13.9,1,20.2,-3.3,1192,1192
2025.06.23 17:27:22,UP,10.7,1,20.6,-19.0,8328,8328
2025.06.23 19:46:10,UP,11.0,1,20.1,-16.1,5919,5919
2025.06.24 01:06:24,UP,10.3,1,20.0,-6.8,24028,24028
2025.06.24 09:17:07,UP,10.3,2,8.6,-20.2,486,4420
2025.06.24 10:30:47,DOWN,-10.1,2,13.2,-20.0,1351,7647
2025.06.24 17:09:50,UP,10.1,1,20.1,-0.5,849,849
2025.06.24 17:24:00,UP,10.4,2,18.5,-25.0,179,23799
2025.06.25 00:01:00,DOWN,-10.0,2,0.0,-20.2,0,10894
2025.06.25 10:53:36,DOWN,-10.5,2,3.8,-20.0,66,22589
2025.06.26 02:02:54,UP,10.1,1,20.0,-3.8,13385,13385
2025.06.26 06:05:44,UP,10.1,2,8.6,-20.1,69,1853
2025.06.26 11:06:00,UP,11.0,1,20.1,-6.6,2109,2109
2025.06.26 14:39:05,DOWN,-10.0,2,4.5,-20.2,3486,6445
2025.06.26 18:12:36,DOWN,-10.2,2,0.3,-20.1,9,1643
2025.06.27 00:01:45,DOWN,-11.4,2,7.8,-20.0,6042,23220
2025.06.27 10:19:59,DOWN,-10.1,2,14.7,-20.0,11498,18758
2025.06.27 15:32:37,UP,15.8,2,18.4,-20.0,1707,7625
2025.06.30 00:01:10,UP,13.2,1,20.1,-16.8,35704,35704
2025.06.30 17:03:28,DOWN,-10.2,2,0.3,-20.0,0,1067
2025.06.30 18:44:34,UP,10.1,1,20.2,-5.8,9202,9202
2025.07.01 00:01:04,DOWN,-12.8,2,1.4,-20.0,1961,11629
2025.07.01 10:02:56,DOWN,-10.1,2,1.6,-20.0,28,5228
2025.07.01 11:54:22,UP,10.1,1,20.8,-10.4,2401,2401
2025.07.01 12:34:23,UP,13.2,2,1.8,-20.0,3,6132
2025.07.01 16:38:21,UP,10.2,2,5.1,-20.0,694,1465
2025.07.01 17:02:46,DOWN,-14.8,1,20.1,-13.6,7293,7293
2025.07.01 19:04:27,DOWN,-10.1,2,4.4,-20.2,2803,11078
2025.07.02 14:58:05,DOWN,-10.0,2,0.4,-21.7,8,1027
2025.07.02 15:15:12,UP,18.6,2,16.9,-20.1,615,9307
2025.07.02 17:56:45,UP,10.2,1,20.3,-3.7,3034,3034
2025.07.03 15:30:01,DOWN,-18.2,1,20.0,0.0,0,0
2025.07.03 15:35:30,UP,10.0,1,20.5,-14.2,2376,2376
2025.07.03 16:18:00,UP,10.2,1,20.0,-9.6,2543,2543
2025.07.03 17:00:30,UP,10.1,2,6.3,-20.6,21,803
2025.07.03 17:28:24,UP,10.4,2,3.4,-20.3,679,7336
2025.07.07 00:01:40,UP,14.1,2,9.3,-20.1,11749,34117
2025.07.07 09:33:46,DOWN,-10.3,1,20.1,-6.9,7882,7882
2025.07.07 19:23:14,DOWN,-10.5,1,20.6,-2.1,1480,1480
2025.07.07 19:56:35,DOWN,-10.4,2,3.6,-20.2,413,2205
2025.07.07 20:33:21,UP,16.7,1,20.8,-10.5,18535,18535
2025.07.08 16:24:26,DOWN,-10.0,1,20.0,-9.5,3589,3589
2025.07.08 19:59:00,UP,10.1,1,20.3,-0.7,6958,6958
2025.07.09 15:18:12,UP,10.1,1,20.1,-11.3,42019,42019
2025.07.10 02:59:05,UP,10.2,2,10.8,-20.0,2700,41446
2025.07.10 17:23:57,DOWN,-10.1,2,13.2,-20.0,337,19236
2025.07.11 03:08:59,DOWN,-10.3,1,21.8,-4.8,1506,1506
2025.07.11 03:57:27,UP,10.2,1,20.2,-9.0,36586,36586
2025.07.11 16:41:15,UP,10.4,2,0.3,-20.0,9,671
2025.07.14 00:02:20,DOWN,-29.2,2,0.0,-20.4,0,3615
2025.07.14 01:02:36,UP,10.1,2,19.0,-20.4,11856,29820
2025.07.14 18:49:04,DOWN,-11.0,1,20.6,-1.4,6948,6948
2025.07.15 15:30:01,UP,19.3,2,6.3,-20.2,303,572
2025.07.15 15:39:34,DOWN,-24.6,2,2.3,-20.0,46,954
2025.07.15 16:34:05,DOWN,-10.6,1,21.4,-0.3,1605,1605
2025.07.15 17:01:11,DOWN,-10.2,1,20.0,-7.5,3798,3798
2025.07.16 15:30:03,UP,11.1,2,7.7,-20.0,6,3074
2025.07.16 16:48:54,DOWN,-10.0,2,5.5,-20.6,3059,3915
2025.07.16 17:54:09,UP,20.4,1,20.1,-7.9,540,540
2025.07.16 18:03:09,UP,15.3,1,22.6,-1.3,780,780
2025.07.16 18:16:09,UP,11.6,1,20.1,0.0,12,12
2025.07.16 18:22:26,UP,10.0,1,20.0,-10.2,473,473
2025.07.16 18:30:19,UP,15.2,1,20.4,-0.2,38,38
2025.07.16 18:35:21,DOWN,-10.1,2,1.7,-20.7,168,308
2025.07.16 18:42:43,DOWN,-10.2,1,20.0,-2.2,337,337
2025.07.16 18:48:20,DOWN,-17.5,1,25.4,-11.8,412,412
2025.07.16 18:55:12,DOWN,-16.1,1,25.4,0.0,4,4
2025.07.16 19:02:28,DOWN,-11.0,2,2.9,-20.4,12,273
2025.07.16 19:07:28,UP,13.9,2,15.9,-20.1,4804,10680
2025.07.16 23:59:46,DOWN,-10.1,1,20.0,-10.3,32613,32613
2025.07.17 09:18:23,DOWN,-10.1,1,20.1,-3.3,978,978
2025.07.17 15:30:40,DOWN,-10.7,2,8.7,-20.2,14,960
2025.07.17 16:08:03,UP,10.2,2,0.3,-20.0,0,3619
2025.07.17 19:39:19,DOWN,-10.2,2,9.5,-20.3,6204,21177
2025.07.18 04:49:12,UP,10.1,2,0.3,-20.1,137,13343
2025.07.18 16:24:24,UP,10.0,2,4.9,-20.0,2146,5403
2025.07.18 19:23:49,DOWN,-10.4,3,15.1,-5.9,11271,189467
2025.07.21 17:01:58,UP,10.2,1,20.0,-2.2,3228,3228
2025.07.22 16:43:45,UP,10.3,1,20.0,-10.2,4253,4253
2025.07.22 17:54:49,UP,10.1,1,20.0,-9.4,2577,2577
2025.07.22 18:37:57,UP,10.2,2,14.8,-20.0,3149,69389
2025.07.23 18:56:07,UP,11.0,1,20.0,-3.1,8133,8133
2025.07.24 16:05:52,UP,10.0,1,20.9,-1.1,1257,1257
2025.07.24 16:28:57,UP,10.7,2,18.4,-20.0,2778,25637
2025.07.25 00:02:32,DOWN,-11.2,2,3.0,-20.0,74,9840
2025.07.25 16:05:37,DOWN,-10.2,2,5.0,-20.1,22,873
2025.07.28 00:01:01,UP,11.7,2,17.9,-20.2,11758,33537
2025.07.28 09:21:44,DOWN,-10.6,1,20.7,-4.8,4208,4208
2025.07.28 10:32:07,DOWN,-10.0,1,20.9,-5.4,1538,1538
2025.07.28 10:58:32,DOWN,-10.1,1,20.3,-17.1,11026,11026
2025.07.28 15:00:24,UP,10.5,2,4.8,-21.5,2248,4854
2025.07.28 17:27:32,UP,10.5,2,3.8,-20.3,1144,3105
2025.07.29 09:34:14,DOWN,-10.8,1,20.1,-3.6,1253,1253
2025.07.29 09:55:27,DOWN,-11.8,2,12.5,-20.2,901,4061
2025.07.29 14:38:58,DOWN,-10.4,1,20.0,-2.3,4738,4738
2025.07.29 16:59:35,UP,10.4,2,2.2,-20.1,46,1030
2025.07.29 17:23:49,UP,10.0,1,20.2,-19.2,36122,36122
2025.07.30 15:31:51,DOWN,-10.3,1,20.0,-1.7,1307,1307
2025.07.30 15:54:38,DOWN,-10.8,2,19.7,-20.4,3658,20446
2025.07.30 21:35:25,UP,12.6,2,3.4,-20.3,36,95
2025.07.30 21:41:28,DOWN,-11.7,1,20.0,-6.6,473,473
2025.07.30 21:49:22,DOWN,-15.7,1,20.0,-3.8,828,828
2025.07.30 22:09:51,UP,10.2,2,4.9,-20.6,240,4383
2025.07.30 23:23:16,DOWN,-10.3,2,2.6,-20.1,2181,8676
2025.07.31 06:26:30,DOWN,-10.0,2,0.0,-20.1,0,4384
2025.07.31 16:09:18,DOWN,-10.5,2,10.7,-20.1,1204,5354
2025.07.31 18:44:07,DOWN,-10.2,1,20.0,-7.3,15366,15366
2025.08.01 13:33:50,UP,10.2,2,5.4,-20.0,2366,6326
2025.08.01 15:19:19,DOWN,-10.1,2,4.1,-26.3,476,642
2025.08.01 15:30:01,UP,32.3,1,20.0,-6.1,33,33
2025.08.01 15:37:12,UP,10.1,1,20.6,-14.4,538,538
2025.08.01 15:46:10,UP,10.2,1,20.6,-8.4,1508,1508
2025.08.01 16:11:19,UP,10.0,1,20.1,-17.4,1473,1473
2025.08.01 16:46:50,DOWN,-10.0,2,8.4,-20.4,338,813
2025.08.01 17:00:23,UP,19.0,2,8.7,-20.1,17,385
2025.08.01 17:16:58,UP,10.2,2,15.2,-20.0,500,3443
2025.08.01 18:29:49,DOWN,-10.1,2,0.5,-20.0,0,1073
2025.08.01 19:28:58,DOWN,-10.4,1,20.1,-2.0,2666,2666
2025.08.01 22:30:12,UP,10.1,1,20.8,-6.1,574,574
2025.08.01 22:51:47,DOWN,-10.2,2,1.7,-20.1,482,2277
2025.08.01 23:48:06,UP,10.0,3,1.1,-12.3,69,173645
2025.08.04 03:04:12,DOWN,-10.1,1,20.2,-6.0,1795,1795
2025.08.04 06:04:32,UP,10.3,2,0.4,-20.5,0,12112
2025.08.04 10:06:43,DOWN,-10.0,2,13.3,-20.1,5464,14877
2025.08.04 15:24:17,UP,10.0,2,6.5,-20.0,1402,9026
2025.08.04 17:54:44,DOWN,-12.5,2,4.8,-20.2,5177,29432
2025.08.05 10:47:37,DOWN,-10.1,2,18.5,-20.0,13884,25816
2025.08.06 13:08:30,UP,10.0,1,20.3,-4.8,9553,9553
2025.08.06 15:49:55,UP,10.5,1,20.0,-4.2,8806,8806
2025.08.06 18:40:38,DOWN,-10.1,2,1.2,-20.2,1,586
2025.08.07 11:06:27,DOWN,-10.3,1,20.0,-4.4,7301,7301
2025.08.07 14:34:49,DOWN,-10.1,1,20.2,-17.9,9249,9249
2025.08.07 17:08:58,DOWN,-13.7,2,14.1,-20.9,3352,19727
2025.08.11 17:04:17,DOWN,-10.2,2,19.1,-20.4,3998,80747
2025.08.12 15:30:05,UP,29.7,1,20.3,-16.1,671,671
2025.08.12 15:51:02,DOWN,-10.4,1,20.0,-3.7,2418,2418
2025.08.12 16:44:14,UP,11.7,1,20.7,-0.1,45,45
2025.08.12 16:49:14,DOWN,-11.1,2,9.0,-20.0,218,5661
2025.08.12 18:27:59,UP,11.2,1,20.4,-19.8,56713,56713
2025.08.13 10:14:54,UP,10.1,2,19.7,-20.0,9736,84806
2025.08.14 15:30:02,DOWN,-13.7,1,20.0,-16.5,5533,5533
2025.08.14 17:07:21,DOWN,-10.2,2,0.9,-20.2,8,566
2025.08.15 15:31:29,DOWN,-10.4,2,0.1,-20.1,5,462
2025.08.15 15:39:11,UP,14.2,1,20.0,-12.1,5308,5308
2025.08.18 11:04:52,DOWN,-10.3,1,20.0,-17.3,62638,62638
2025.08.20 15:32:59,UP,10.6,2,10.5,-20.3,1386,43811
2025.08.21 15:30:14,UP,10.0,2,6.2,-25.8,467,4486
2025.08.21 16:45:01,DOWN,-11.0,1,20.0,-6.9,5168,5168
2025.08.21 18:11:35,DOWN,-10.4,2,0.8,-20.7,308,1068
2025.08.21 18:29:24,UP,10.3,2,2.7,-20.0,7,1845
2025.08.22 17:00:02,UP,12.5,1,20.0,-0.2,4,4
2025.08.22 17:06:29,UP,11.0,1,20.1,-9.1,618,618
2025.08.22 17:16:48,UP,10.0,1,20.3,-10.7,2047,2047
2025.08.22 17:52:49,UP,10.6,1,20.0,-5.4,9075,9075
2025.08.25 22:09:25,DOWN,-10.4,2,0.9,-20.1,8,5412
2025.08.26 03:03:47,UP,13.1,1,20.1,-4.5,638,638
2025.08.26 03:14:26,UP,13.6,2,12.4,-20.3,1432,10263
2025.08.26 09:28:50,UP,10.1,2,3.9,-20.2,478,2571
2025.08.26 11:23:12,DOWN,-10.2,2,1.0,-20.0,28,2713
2025.08.26 17:23:00,UP,10.0,2,3.1,-20.8,290,12553
2025.08.27 11:31:49,DOWN,-10.2,2,4.9,-20.0,9069,16781
2025.08.27 16:54:28,UP,10.7,1,20.0,-18.6,9402,9402
2025.08.27 19:47:41,UP,10.0,1,20.8,-8.4,63034,63034
2025.08.28 15:39:49,UP,10.1,1,20.0,-17.0,15905,15905
2025.08.29 11:33:29,UP,10.1,2,2.4,-20.1,41,6038
2025.08.29 17:32:29,UP,10.0,3,13.2,-14.7,1797,196140
2025.09.01 00:01:30,UP,11.7,1,20.0,-9.6,30846,30846
2025.09.02 10:14:15,DOWN,-10.0,1,20.0,-0.2,1184,1184
2025.09.02 10:34:52,DOWN,-10.0,1,20.2,-11.6,1434,1434
2025.09.02 11:07:51,DOWN,-10.5,1,20.2,-18.6,16258,16258
2025.09.02 15:39:32,DOWN,-10.2,2,0.9,-20.0,542,1763
2025.09.02 17:00:07,UP,10.3,1,20.1,-2.3,990,990
2025.09.03 10:18:43,DOWN,-10.5,2,11.4,-20.0,177,2644
2025.09.03 11:17:50,UP,10.0,1,20.1,-18.2,21562,21562
2025.09.03 17:17:52,UP,10.4,2,2.5,-20.1,4371,13212
2025.09.04 15:15:01,UP,10.6,2,1.0,-20.1,0,1205
2025.09.04 15:58:06,UP,10.5,1,20.6,-16.1,46530,46530
2025.09.05 15:30:01,UP,16.4,1,20.2,-2.7,4,4
2025.09.05 15:51:05,DOWN,-10.2,2,7.5,-20.2,1782,3341
2025.09.05 17:03:51,UP,10.4,2,0.0,-20.0,0,1161
2025.09.05 17:39:30,DOWN,-10.2,2,2.4,-20.1,9,1927
2025.09.05 20:03:45,DOWN,-10.0,1,20.2,-7.0,187125,187125
2025.09.09 17:00:10,UP,10.1,2,10.2,-20.0,13,195
2025.09.09 17:34:01,DOWN,-10.5,1,20.0,-11.0,13800,13800
2025.09.10 09:58:33,DOWN,-10.0,2,17.4,-20.0,179,19888
2025.09.10 15:30:01,UP,27.4,2,6.4,-20.0,8,836
2025.09.11 15:16:26,DOWN,-10.3,2,13.3,-21.7,818,830
2025.09.11 15:30:16,UP,12.1,1,20.2,-4.5,116,116
2025.09.11 15:43:11,DOWN,-10.0,2,9.4,-20.0,513,1161
2025.09.11 16:03:03,UP,10.4,1,20.2,-11.4,8338,8338
2025.09.12 15:33:08,DOWN,-10.1,2,1.8,-20.3,502,5481
2025.09.12 17:04:30,UP,10.2,3,18.7,-13.4,17517,197818
2025.09.16 15:30:01,DOWN,-10.7,2,1.1,-20.1,0,1957
2025.09.16 18:04:23,DOWN,-10.3,2,5.8,-20.1,669,4611
2025.09.17 00:04:45,DOWN,-15.6,2,0.0,-20.0,0,7780
2025.09.17 10:02:58,DOWN,-10.0,2,13.1,-21.0,11428,39423
2025.09.17 21:00:01,UP,16.4,1,20.1,-1.7,151,151
2025.09.17 21:07:37,UP,10.2,2,16.0,-21.2,117,1389
2025.09.17 21:33:00,DOWN,-10.3,1,20.2,-7.4,539,539
2025.09.17 21:42:05,DOWN,-10.4,1,20.0,-1.8,269,269
2025.09.17 21:47:05,DOWN,-14.3,2,17.4,-20.2,469,1357
2025.09.17 22:11:08,DOWN,-10.0,1,20.1,-6.4,1730,1730
2025.09.17 22:39:58,DOWN,-11.7,1,20.2,-8.3,32014,32014
2025.09.18 10:04:37,UP,10.0,1,20.2,-1.7,1506,1506
2025.09.18 12:38:55,UP,10.0,2,0.8,-20.0,195,5633
2025.09.18 15:30:09,DOWN,-11.3,1,20.3,-2.3,2132,2132
2025.09.18 16:34:36,DOWN,-10.1,1,20.1,0.0,471,471
2025.09.18 16:47:01,UP,10.0,1,20.4,-7.7,2696,2696
2025.09.18 17:49:00,UP,10.6,2,14.8,-20.0,9831,58633
2025.09.19 16:04:38,UP,10.0,1,20.1,-2.8,4756,4756
2025.09.22 16:56:25,DOWN,-10.5,2,12.6,-20.2,2451,13634
2025.09.23 00:01:00,DOWN,-10.1,2,12.0,-20.2,86,16485
2025.09.23 10:15:00,DOWN,-10.3,2,0.9,-20.0,1,1021
2025.09.23 10:32:02,UP,11.5,3,18.5,-16.1,52646,86403
2025.09.25 15:30:00,DOWN,-10.1,1,20.0,-1.3,208,208
2025.09.25 17:08:10,UP,10.0,2,0.0,-20.4,0,2671
2025.09.26 16:04:06,UP,10.1,3,13.9,-14.8,26303,201443
2025.09.29 03:04:52,UP,10.0,1,20.4,-6.5,45152,45152
2025.09.29 15:37:24,UP,11.2,1,20.0,-3.6,4118,4118
2025.09.30 00:01:00,DOWN,-12.0,2,2.2,-20.2,18052,29744
2025.09.30 16:09:38,DOWN,-10.2,2,4.5,-20.0,984,3556
2025.09.30 17:08:54,UP,12.8,1,20.4,-15.1,11572,11572
2025.10.01 09:43:42,UP,10.3,2,4.1,-20.1,1849,2727
2025.10.01 10:29:10,DOWN,-10.5,1,20.3,-11.3,8469,8469
2025.10.01 15:15:47,UP,10.9,1,20.0,-0.9,69,69
2025.10.01 15:24:21,DOWN,-10.1,1,20.2,-12.1,8594,8594
2025.10.01 17:47:35,DOWN,-21.1,2,0.4,-20.2,0,218
2025.10.01 18:18:33,DOWN,-10.0,2,11.0,-20.0,5134,56637
2025.10.03 17:00:00,UP,10.9,2,10.1,-20.2,445,14776
2025.10.06 00:00:48,DOWN,-26.9,1,20.0,-16.9,35321,35321
2025.10.06 10:40:47,DOWN,-10.1,1,20.7,0.0,32,32
2025.10.06 10:45:47,UP,10.1,2,0.8,-20.0,0,935
2025.10.07 00:01:32,DOWN,-10.3,1,20.1,-13.6,36180,36180
2025.10.08 04:00:08,DOWN,-10.5,1,20.2,-7.1,4797,4797
2025.10.08 11:57:15,DOWN,-10.4,2,6.6,-20.2,3536,7228
2025.10.08 21:16:15,UP,10.3,1,20.0,-7.9,14065,14065
2025.10.09 12:04:51,UP,10.4,2,4.9,-20.1,3191,16558
2025.10.09 16:42:39,DOWN,-10.4,1,20.0,-11.0,4952,4952
2025.10.09 18:07:48,DOWN,-10.0,1,20.6,-10.2,13438,13438
2025.10.10 00:00:49,DOWN,-11.1,2,9.6,-20.0,100,23733
2025.10.10 18:02:59,UP,11.7,1,20.2,-2.3,328,328
2025.10.10 18:08:27,UP,15.8,3,19.7,-14.1,1662,193953
2025.10.13 00:01:25,DOWN,-12.8,2,18.8,-20.0,4829,33659
2025.10.13 09:48:22,DOWN,-10.4,1,20.1,-3.8,4948,4948
2025.10.14 10:28:39,DOWN,-10.3,2,16.9,-20.0,974,21414
2025.10.14 16:25:33,UP,14.3,1,20.3,-10.7,8756,8756
2025.10.14 19:19:51,UP,10.0,1,20.0,-14.0,52136,52136
2025.10.16 00:01:06,DOWN,-10.1,2,0.3,-20.4,210,12478
2025.10.17 10:22:42,DOWN,-10.1,2,2.5,-20.3,143,2429
2025.10.17 11:07:16,DOWN,-10.1,1,20.7,-3.1,11160,11160
2025.10.17 14:13:17,DOWN,-10.1,1,20.1,-8.5,10362,10362
2025.10.20 00:01:00,UP,12.0,2,13.5,-20.1,30898,74439
2025.10.24 10:30:00,UP,10.1,1,23.2,-12.0,18001,18001
2025.10.24 15:30:01,UP,29.9,2,6.5,-20.3,2,4694
2025.10.24 16:48:15,DOWN,-11.4,3,4.6,-13.4,3925,198705
2025.10.29 20:00:39,DOWN,-10.0,1,20.6,-14.2,2094,2094
2025.10.29 20:35:34,DOWN,-27.8,1,20.1,-5.1,227,227
2025.10.29 20:44:09,UP,10.3,2,3.4,-20.0,535,1221
2025.10.29 21:04:30,DOWN,-14.2,2,3.1,-20.3,1464,5403
2025.10.30 14:28:22,DOWN,-10.1,1,20.1,-4.9,1748,1748
2025.10.31 15:43:40,DOWN,-10.1,3,12.7,-9.9,17913,202661
2025.11.03 17:03:51,UP,10.0,2,17.8,-20.3,8117,37502
2025.11.05 17:00:00,DOWN,-13.2,2,4.6,-20.0,149,29446
2025.11.07 00:01:00,DOWN,-10.8,2,6.4,-20.0,30429,47973
2025.11.07 17:02:41,UP,10.1,2,8.3,-20.4,2020,16734
2025.11.10 02:00:54,UP,10.5,1,20.5,-7.4,29780,29780
2025.11.11 15:24:33,UP,10.1,2,15.8,-20.0,1966,54958
2025.11.13 11:39:10,DOWN,-10.1,2,8.6,-20.1,8233,21067
2025.11.17 00:09:12,UP,10.5,2,2.1,-20.0,3438,14041
2025.11.18 17:59:01,DOWN,-10.0,1,20.3,-15.8,80405,80405
2025.11.20 15:30:02,DOWN,-10.0,2,3.4,-20.0,1,45
2025.11.20 15:37:12,UP,10.1,2,14.6,-20.1,3363,30457
2025.11.21 14:30:15,UP,10.0,2,15.0,-20.3,4982,15071
2025.11.25 14:43:02,UP,10.0,1,20.0,-3.5,2002,2002
2025.11.25 15:16:24,UP,10.9,1,20.0,-17.2,7640,7640
2025.11.25 19:00:16,UP,10.3,1,20.5,-7.1,3393,3393
2025.11.26 15:34:48,DOWN,-10.1,1,20.1,-8.8,1166,1166
2025.11.27 00:04:01,DOWN,-15.3,2,0.0,-20.0,0,6081
2025.11.28 11:08:30,UP,10.3,2,1.1,-20.4,192,6312
2025.11.28 17:59:20,UP,10.2,3,0.5,-18.1,36,194561
2025.12.02 17:33:11,UP,10.1,1,20.0,-18.6,30727,30727
2025.12.04 15:30:00,DOWN,-10.2,3,19.3,-19.0,30634,86401
2025.12.05 18:09:56,DOWN,-10.0,3,9.4,-11.4,666,193874
2025.12.08 08:01:09,UP,10.1,2,5.8,-20.0,211,27493
2025.12.08 16:53:37,DOWN,-10.0,1,20.0,-5.8,2962,2962
2025.12.09 17:00:01,DOWN,-11.6,2,11.8,-20.0,606,60913
2025.12.10 21:00:00,DOWN,-10.6,2,0.8,-20.0,0,24
2025.12.10 21:33:25,UP,10.6,2,6.7,-20.6,126,402
2025.12.10 21:40:07,DOWN,-13.9,2,6.3,-20.0,92,961
2025.12.10 21:57:04,UP,10.0,1,20.0,-4.0,989,989
2025.12.11 17:09:43,UP,10.3,2,17.3,-20.1,7364,69555
2025.12.15 00:02:40,DOWN,-12.6,2,3.9,-20.0,149,47841
2025.12.15 17:24:08,UP,10.0,2,0.0,-20.0,0,7476
2025.12.16 15:30:00,UP,13.6,2,11.8,-20.0,143,874
2025.12.16 15:44:34,DOWN,-14.1,2,6.2,-20.0,257,2538
2025.12.16 21:25:42,DOWN,-10.1,2,6.0,-20.0,1,1302
2025.12.17 08:59:21,DOWN,-10.1,2,3.5,-20.0,1528,14515
2025.12.17 15:19:31,UP,10.0,1,20.0,-9.6,6871,6871
2025.12.18 09:57:36,DOWN,-10.1,1,20.0,-3.0,15643,15643
2025.12.18 15:16:01,UP,10.2,1,20.2,-5.9,846,846
2025.12.18 15:30:07,UP,25.4,2,1.5,-20.0,5,489
2025.12.18 15:52:08,UP,10.1,2,4.0,-20.1,40,1795
2025.12.18 17:18:53,DOWN,-10.1,2,8.5,-20.0,1001,3561
2025.12.19 16:04:14,UP,10.1,2,8.4,-20.0,1377,6720
2025.12.23 15:31:42,DOWN,-10.0,2,15.8,-20.1,8075,42468
2025.12.29 11:43:28,DOWN,-10.0,1,20.1,-2.9,9732,9732
2025.12.29 17:58:34,DOWN,-10.1,1,20.0,-11.4,85390,85390
2025.12.31 17:54:34,UP,10.0,3,12.9,-11.6,18298,108326
2026.01.02 10:19:10,DOWN,-10.2,2,11.3,-20.0,7796,27323
2026.01.05 00:58:23,DOWN,-10.0,1,20.1,-3.0,13012,13012
2026.01.07 17:00:00,DOWN,-10.0,1,20.1,-12.2,81903,81903
2026.01.09 15:30:01,DOWN,-11.0,2,7.6,-20.0,11,161
2026.01.09 15:43:28,UP,10.2,2,1.8,-20.1,26,2575
2026.01.12 00:00:00,DOWN,-11.4,2,3.9,-20.3,7368,8373
2026.01.13 15:30:01,UP,10.3,2,14.6,-20.0,20,9479
2026.01.15 15:31:44,DOWN,-10.2,3,16.3,-14.3,4292,86401
2026.01.16 17:22:34,DOWN,-10.1,1,20.0,-3.7,1193,1193
2026.01.19 00:00:00,DOWN,-16.7,2,4.3,-20.3,258,3955
2026.01.19 01:06:02,UP,10.5,1,20.2,-6.4,2198,2198
2026.01.19 02:08:44,DOWN,-10.1,2,4.8,-20.0,437,1560
2026.01.19 02:34:49,UP,10.3,2,8.1,-20.0,23930,31775
2026.01.20 09:34:04,UP,10.2,1,20.0,-1.0,3441,3441
2026.01.20 10:31:31,UP,10.1,1,20.0,-3.8,2158,2158
2026.01.20 11:07:33,UP,10.1,1,20.0,-13.3,15997,15997
2026.01.20 15:34:10,UP,26.9,1,20.1,-0.9,28,28
2026.01.20 15:42:29,UP,10.0,2,0.4,-20.0,3,1360
2026.01.21 16:04:53,DOWN,-10.0,1,20.0,-4.6,4588,4588
2026.01.21 21:27:39,DOWN,-10.3,1,20.0,-1.7,14697,14697
2026.01.22 16:39:31,UP,10.2,1,20.1,-5.7,5633,5633
2026.01.22 19:08:55,DOWN,-10.4,2,1.5,-20.0,0,4421
2026.01.23 21:54:30,UP,10.0,1,20.2,-1.8,4448,4448
2026.01.26 00:00:00,UP,32.9,1,20.5,-13.0,3216,3216
2026.01.26 00:53:37,UP,10.9,2,13.8,-20.3,1311,2104
2026.01.26 01:28:41,DOWN,-10.5,1,20.0,-12.9,30223,30223
2026.01.26 18:04:11,UP,10.4,2,1.5,-20.0,15,787
2026.01.27 11:52:26,UP,10.3,1,20.1,-4.7,8260,8260
2026.01.27 14:12:52,UP,10.1,1,20.3,-1.5,814,814
2026.01.27 14:26:26,UP,11.4,1,20.0,-14.8,7586,7586
2026.01.27 16:32:52,UP,16.4,1,20.0,-11.5,2581,2581
2026.01.27 17:34:28,DOWN,-10.1,2,7.3,-20.0,481,2828
2026.01.27 19:42:38,UP,10.2,1,20.5,-3.4,10959,10959
2026.01.27 22:45:17,UP,10.5,1,20.0,-2.2,79,79
2026.01.27 22:50:33,DOWN,-10.2,2,5.5,-20.1,127,196
2026.01.27 22:56:20,DOWN,-10.0,1,20.0,-5.5,281,281
2026.01.27 23:09:56,UP,10.1,2,11.0,-20.0,2172,9984
2026.01.28 02:02:35,DOWN,-10.0,1,20.0,-10.6,7039,7039
2026.01.28 07:01:55,DOWN,-10.1,2,15.1,-20.0,58,7852
2026.01.28 09:12:47,UP,12.2,2,15.8,-20.0,186,1592
2026.01.28 10:46:12,DOWN,-10.2,1,20.1,-17.2,16592,16592
2026.01.28 16:53:33,DOWN,-10.2,1,20.0,-7.5,840,840
2026.01.28 17:07:34,DOWN,-24.3,1,20.0,-15.5,5028,5028
2026.01.28 21:00:19,UP,10.1,2,2.3,-20.1,41,73
2026.01.28 21:32:31,UP,10.1,1,20.3,-3.5,1444,1444
2026.01.28 21:58:10,UP,10.1,1,20.2,-10.4,11841,11841
2026.01.29 01:59:59,UP,10.1,2,7.5,-20.0,2056,5245
2026.01.29 09:03:55,UP,10.1,2,1.9,-20.0,2,1826
2026.01.29 15:43:54,UP,10.0,2,0.1,-20.4,0,171
2026.01.29 15:48:54,DOWN,-15.2,2,9.2,-20.0,72,2277
2026.01.29 17:04:23,DOWN,-10.1,1,20.1,-3.0,720,720
2026.01.29 17:16:35,DOWN,-10.1,1,20.3,0.0,83,83
2026.01.29 17:26:58,DOWN,-10.1,2,7.4,-20.0,68,714
2026.01.29 17:38:52,UP,14.4,2,1.2,-20.2,2,357
2026.01.29 17:44:49,DOWN,-15.2,2,0.6,-20.0,12,1134
2026.01.29 18:42:06,UP,10.1,1,20.0,-3.6,14232,14232
2026.01.30 00:00:01,DOWN,-11.8,1,20.0,-15.8,8574,8574
2026.01.30 02:22:55,DOWN,-20.0,1,20.4,-9.8,3571,3571
2026.01.30 03:22:26,DOWN,-19.2,2,3.8,-20.1,12,1294
2026.01.30 03:56:24,DOWN,-10.1,1,20.2,-5.6,1494,1494
2026.01.30 04:21:19,DOWN,-12.1,2,5.5,-20.1,40,3342
2026.01.30 13:51:20,UP,10.0,2,10.8,-20.2,693,3252
2026.01.30 15:30:10,DOWN,-10.1,1,20.2,-13.7,5631,5631
2026.01.30 17:04:01,DOWN,-18.1,1,20.1,-16.4,8133,8133
2026.01.30 19:23:29,UP,10.0,2,7.7,-20.0,374,3912
2026.01.30 20:47:28,UP,10.0,2,9.4,-20.0,1363,6092
2026.02.02 02:01:03,UP,10.4,2,18.2,-20.0,1012,46927
2026.02.02 15:03:11,DOWN,-13.3,1,20.4,-5.8,3968,3968
2026.02.02 17:00:00,DOWN,-11.3,1,20.0,-6.5,3506,3506
2026.02.03 16:04:43,DOWN,-10.1,2,6.0,-20.2,370,4958
2026.02.04 17:32:38,DOWN,-10.1,2,19.3,-20.0,66348,81705
2026.02.05 16:14:23,UP,10.3,2,2.4,-20.1,43,2616
2026.02.05 17:00:01,UP,10.2,2,3.7,-20.0,13,2085
2026.02.09 08:00:59,UP,10.3,1,20.0,-6.5,8150,8150
2026.02.10 15:30:29,UP,10.1,1,20.0,-4.4,3597,3597
2026.02.10 17:49:35,UP,10.0,2,8.0,-20.0,318,9640
2026.02.11 15:30:01,DOWN,-14.0,1,20.2,0.0,0,0
2026.02.11 15:37:18,UP,10.1,1,20.1,-4.8,689,689
2026.02.11 15:48:47,UP,10.9,2,3.8,-21.5,62,682
2026.02.11 16:04:35,UP,10.2,2,10.4,-20.0,728,5241
2026.02.11 17:53:13,UP,10.0,1,20.1,-11.2,4018,4018
2026.02.12 16:14:46,DOWN,-10.1,1,20.1,-15.1,58750,58750
2026.02.13 15:30:01,UP,10.6,2,14.8,-20.0,33,8916
2026.02.13 17:58:41,DOWN,-10.1,2,2.4,-20.1,70,1755
2026.02.17 17:02:32,DOWN,-11.0,2,8.7,-20.0,2909,5587
2026.02.18 17:04:46,UP,10.2,2,1.4,-20.1,8,9230
2026.02.19 16:04:50,DOWN,-10.0,2,13.5,-20.0,1222,6234
2026.02.19 17:48:44,UP,11.1,2,2.5,-20.0,21620,36053
2026.02.20 15:32:38,DOWN,-10.2,2,9.9,-20.1,4014,5344
2026.02.20 17:01:42,UP,18.7,2,3.4,-20.1,4,91
2026.02.20 17:08:29,UP,10.3,1,20.0,-0.1,294,294
2026.02.20 17:13:29,UP,16.2,2,12.2,-20.0,321,4917
2026.02.23 00:00:31,UP,10.5,1,20.3,-2.3,4790,4790
2026.02.23 01:21:26,UP,10.2,2,19.0,-20.0,2199,38934
2026.02.26 10:04:40,DOWN,-10.0,1,20.0,-11.2,26573,26573
2026.02.26 17:28:16,DOWN,-10.0,2,8.9,-20.0,8475,18943
2026.03.02 00:00:00,DOWN,-41.9,2,15.4,-20.0,7245,12851
2026.03.02 08:23:53,DOWN,-10.1,1,20.0,-1.5,2689,2689
2026.03.02 10:43:16,UP,10.0,1,20.3,-0.5,1264,1264
2026.03.02 16:06:46,UP,10.1,2,16.5,-20.0,2696,6371
2026.03.02 22:08:20,DOWN,-10.0,1,20.4,-8.9,32860,32860
2026.03.03 10:12:53,DOWN,-10.2,1,20.1,-4.3,4247,4247
2026.03.03 11:23:55,DOWN,-10.1,1,20.0,-4.7,4461,4461
2026.03.03 12:38:27,DOWN,-10.0,2,10.7,-20.1,2568,8280
2026.03.03 16:43:46,DOWN,-10.0,1,20.1,-8.1,1639,1639
2026.03.03 17:18:11,DOWN,-10.0,2,8.9,-20.0,151,784
2026.03.03 17:31:35,UP,10.0,1,20.1,-0.4,552,552
2026.03.03 17:41:41,UP,10.0,1,20.0,-15.7,4404,4404
2026.03.03 19:54:37,DOWN,-10.1,2,3.8,-20.0,170,2362
2026.03.03 20:39:15,UP,10.4,2,7.6,-20.2,3743,21545
2026.03.04 03:37:53,UP,10.1,1,20.0,-0.7,8156,8156
2026.03.04 11:13:45,UP,10.1,1,20.3,-2.1,3282,3282
2026.03.04 12:08:27,UP,12.1,1,20.1,-2.8,4160,4160
2026.03.04 13:27:49,DOWN,-10.2,1,20.2,-8.0,11277,11277
2026.03.04 16:35:46,DOWN,-13.0,2,7.3,-20.0,1833,5283
2026.03.05 08:49:59,UP,10.2,2,6.6,-20.0,25,4871
2026.03.05 11:06:07,UP,10.1,1,20.0,-0.2,109,109
2026.03.05 11:17:04,DOWN,-10.3,1,20.1,-7.2,4987,4987
2026.03.05 16:39:09,DOWN,-10.1,1,20.1,-12.3,3457,3457
2026.03.05 17:37:59,DOWN,-10.0,2,12.9,-20.0,2940,7360
2026.03.05 20:19:42,DOWN,-10.0,2,5.1,-20.2,5737,6675
2026.03.05 22:11:18,UP,10.0,1,20.2,-3.8,20554,20554
2026.03.06 13:12:28,UP,10.1,2,3.1,-20.2,133,3124
2026.03.06 15:30:01,UP,11.1,2,17.6,-20.1,1,1512
2026.03.06 16:09:12,DOWN,-10.0,2,1.4,-20.0,844,1384
2026.03.06 16:32:16,UP,10.0,1,20.0,-13.5,1725,1725
2026.03.06 17:01:01,UP,15.5,1,20.0,-17.2,5787,5787
2026.03.06 18:37:39,UP,10.1,2,13.0,-62.0,6181,192141
2026.03.09 00:00:00,DOWN,-70.4,1,20.2,-5.2,957,957
2026.03.09 00:22:03,UP,10.5,2,2.1,-20.5,113,3498
2026.03.09 07:21:38,UP,10.2,1,20.0,-0.9,101,101
2026.03.09 07:48:08,UP,10.0,2,9.6,-20.0,171,4457
2026.03.09 09:07:22,UP,10.2,2,15.0,-20.2,3189,4800
2026.03.09 10:29:49,DOWN,-10.1,2,7.1,-20.0,389,2551
2026.03.09 11:32:37,UP,10.3,1,20.0,-12.9,14258,14258
2026.03.09 16:05:52,DOWN,-10.2,2,19.5,-20.0,369,4563
2026.03.09 21:19:25,UP,10.4,1,20.0,0.0,149,149
2026.03.09 21:30:59,DOWN,-10.1,2,0.6,-20.0,6,889
2026.03.09 21:51:46,DOWN,-10.1,2,13.2,-20.0,485,8555
2026.03.10 02:49:07,DOWN,-10.0,2,17.7,-20.1,11506,23968
2026.03.10 12:34:30,DOWN,-10.0,2,14.3,-20.0,206,18479
2026.03.10 18:54:58,UP,10.0,2,14.2,-20.0,1961,4758
2026.03.10 20:14:52,DOWN,-10.0,1,20.9,-10.2,5140,5140
2026.03.11 02:13:31,UP,10.0,1,20.0,-9.8,25303,25303
2026.03.11 09:15:14,UP,14.2,2,3.3,-20.0,3,1386
2026.03.11 11:01:39,DOWN,-10.2,1,20.0,-9.2,13749,13749
2026.03.11 16:01:11,UP,10.1,2,11.0,-20.0,23,3505
2026.03.11 19:37:55,DOWN,-10.2,1,20.1,-12.6,21135,21135
2026.03.12 15:19:55,DOWN,-10.0,1,20.3,-9.9,27614,27614
2026.03.13 09:48:33,DOWN,-10.0,1,20.0,-1.9,1669,1669
2026.03.13 10:34:56,UP,10.0,1,20.0,-8.3,8036,8036
2026.03.13 13:19:09,UP,10.1,1,20.0,-8.0,5209,5209
2026.03.13 14:45:58,UP,12.0,2,3.9,-20.1,3729,7133
2026.03.13 17:47:19,UP,10.1,2,5.7,-20.1,13,12576
2026.03.16 00:00:00,UP,11.5,1,20.0,-8.6,8176,8176
2026.03.16 10:23:35,UP,10.1,1,20.0,-5.2,6716,6716
2026.03.16 17:51:58,DOWN,-10.1,2,8.3,-20.2,2323,8142
2026.03.17 11:27:29,UP,10.1,1,20.0,-19.4,14190,14190
2026.03.17 23:00:27,DOWN,-10.8,2,5.5,-20.1,93,33704
2026.03.18 13:26:58,DOWN,-10.1,1,20.0,-8.4,3787,3787
2026.03.18 14:43:55,DOWN,-10.0,1,20.0,-2.8,1620,1620
2026.03.18 20:15:42,DOWN,-10.3,1,20.1,-9.1,2366,2366
2026.03.19 04:07:38,UP,10.1,2,7.0,-20.0,760,13020
2026.03.19 09:02:44,DOWN,-10.0,2,2.4,-20.1,56,941
2026.03.19 11:03:16,UP,10.0,1,20.2,-4.0,2822,2822
2026.03.19 11:52:32,UP,10.1,2,1.1,-20.1,1,1680
2026.03.19 14:32:29,UP,10.1,1,20.1,-2.6,1962,1962
2026.03.19 15:23:30,DOWN,-10.1,2,17.3,-20.0,464,1811
2026.03.19 15:53:41,UP,13.9,1,20.4,-3.5,148,148
2026.03.19 16:06:21,UP,10.1,2,1.3,-20.1,0,1189
2026.03.19 16:27:21,DOWN,-10.2,2,0.1,-20.0,0,1423
2026.03.19 17:05:59,UP,10.1,2,5.0,-20.0,48,1134
2026.03.19 17:56:15,UP,10.0,1,20.4,-8.1,921,921
2026.03.19 18:11:36,UP,11.1,1,20.7,-14.0,4516,4516
2026.03.19 19:54:53,UP,10.3,1,20.7,-15.1,3930,3930
2026.03.19 21:04:07,UP,10.4,1,20.0,-1.8,252,252
2026.03.19 21:09:07,UP,18.0,2,2.5,-20.2,118,892
2026.03.19 21:24:41,DOWN,-10.3,1,20.3,-4.1,18619,18619
2026.03.20 09:08:48,UP,10.1,2,9.4,-20.1,4696,9757
2026.03.20 12:04:47,DOWN,-10.3,2,3.1,-20.1,375,2240
2026.03.20 14:09:26,UP,10.0,2,2.8,-20.1,1270,3383
2026.03.20 15:51:45,DOWN,-10.1,2,19.3,-20.0,2213,8883
2026.03.20 19:05:47,DOWN,-10.0,3,10.6,-19.5,190453,190453
2026.03.23 00:00:00,DOWN,-29.7,2,1.1,-20.0,0,1713
2026.03.23 12:50:28,UP,10.0,1,21.6,-16.0,894,894
2026.03.23 13:05:22,UP,34.0,1,20.1,0.0,10,10
2026.03.23 13:10:22,UP,11.2,2,14.7,-20.1,47,210
2026.03.23 13:15:38,UP,10.5,2,12.5,-20.6,125,297
2026.03.23 13:20:38,DOWN,-11.2,1,20.4,-1.6,11,11
2026.03.23 13:28:06,DOWN,-10.5,2,1.1,-20.0,0,118
2026.03.23 13:33:06,UP,18.7,2,16.1,-20.0,194,864
2026.03.23 13:47:30,DOWN,-20.7,2,13.8,-20.0,1181,2145
2026.03.23 14:31:34,DOWN,-10.1,2,3.2,-20.3,64,338
2026.03.23 14:37:12,UP,11.5,1,20.1,-11.4,779,779
2026.03.23 15:01:56,DOWN,-10.1,1,20.3,-6.2,1161,1161
2026.03.23 15:37:21,UP,10.1,1,20.2,-6.3,2455,2455
2026.03.23 16:18:16,UP,14.3,1,20.1,-2.9,906,906
2026.03.23 16:33:39,UP,10.0,2,3.6,-20.1,302,1141
2026.03.23 16:52:40,DOWN,-10.9,1,20.3,-15.3,3225,3225
2026.03.23 17:52:12,DOWN,-10.0,2,12.8,-20.1,1552,6327
2026.03.23 20:07:35,DOWN,-10.0,2,2.4,-20.0,24,1361
2026.03.23 20:33:34,UP,10.0,2,15.1,-20.0,1292,19710
2026.03.24 02:39:07,DOWN,-10.2,2,10.4,-20.4,16197,23471
2026.03.24 09:12:53,UP,10.1,2,4.4,-20.1,12,4029
2026.03.24 10:50:53,DOWN,-10.1,2,16.7,-20.0,16773,21684
2026.03.24 16:52:17,UP,18.2,2,3.6,-20.4,16,425
2026.03.24 16:59:22,DOWN,-14.3,1,20.0,-13.8,7552,7552
2026.03.24 19:05:17,DOWN,-10.3,2,2.9,-20.0,17,3023
2026.03.24 19:55:40,UP,12.9,1,20.6,-12.6,8761,8761
2026.03.24 22:21:41,UP,13.3,1,20.2,-1.8,268,268
2026.03.24 22:28:12,DOWN,-10.3,2,9.0,-20.0,1143,14967
2026.03.25 13:47:56,DOWN,-10.0,1,20.0,-17.0,7097,7097
2026.03.25 17:17:14,DOWN,-10.0,1,20.0,-18.6,72477,72477
2026.03.26 15:59:04,DOWN,-10.1,2,17.7,-20.0,22206,22370
2026.03.26 22:11:54,UP,37.8,2,1.2,-20.2,1,30
2026.03.27 17:23:49,UP,10.1,2,10.3,-20.0,572,2044
2026.03.27 17:57:53,DOWN,-12.3,3,16.6,-11.6,194527,194527
2026.03.30 00:00:11,DOWN,-10.2,2,10.3,-20.2,10006,22779
2026.03.31 03:38:54,UP,10.2,1,20.0,-4.5,2398,2398
2026.03.31 14:11:18,UP,10.2,1,20.0,-9.6,2193,2193
2026.03.31 15:12:35,DOWN,-10.2,2,1.3,-20.1,14,1387
2026.03.31 16:08:55,UP,10.1,1,20.0,-5.0,2747,2747
2026.03.31 16:54:42,UP,13.5,2,8.8,-20.5,2255,3695
2026.03.31 19:40:19,UP,10.3,1,20.1,-13.0,24319,24319
2026.04.01 04:03:49,DOWN,-10.4,2,9.4,-20.3,2524,19377
2026.04.01 09:27:34,UP,10.0,1,20.0,-11.8,7523,7523
2026.04.01 15:44:56,UP,10.3,2,15.6,-20.3,8304,18957
2026.04.02 04:03:48,DOWN,-10.0,2,6.3,-20.0,190,444
2026.04.02 04:11:12,UP,17.6,2,0.1,-20.2,0,343
2026.04.02 04:17:16,DOWN,-10.2,1,20.2,-0.3,513,513
2026.04.02 04:32:24,DOWN,-10.1,1,20.1,-7.1,11049,11049
2026.04.02 08:49:30,DOWN,-10.1,2,16.4,-20.0,19049,31599
2026.04.02 17:36:09,UP,15.0,2,19.1,-42.9,37,23139
2026.04.03 00:03:12,DOWN,-10.1,2,0.0,-20.2,0,49894
2026.04.03 15:30:01,DOWN,-10.2,1,20.3,-6.4,29479,29479
2026.04.06 00:00:35,UP,11.1,1,20.0,-16.6,38158,38158
2026.04.06 13:46:19,DOWN,-10.3,2,3.1,-20.0,2,11561
2026.04.06 17:38:33,DOWN,-10.0,1,20.9,-8.2,1463,1463
2026.04.07 11:02:06,UP,10.0,1,20.0,-5.6,3372,3372
2026.04.07 13:09:25,DOWN,-10.1,2,5.9,-20.2,997,15313
2026.04.07 17:24:51,UP,10.1,1,20.0,-7.4,19256,19256
2026.04.07 22:45:50,UP,10.2,1,20.0,-5.9,8370,8370
2026.04.08 01:32:29,UP,11.4,2,6.1,-20.8,1,16
2026.04.08 01:37:29,UP,11.2,1,20.0,-1.7,1074,1074
2026.04.08 01:57:10,UP,10.1,1,20.0,-3.0,1448,1448
2026.04.08 03:02:22,UP,10.3,2,0.4,-20.0,1,368
2026.04.08 03:09:11,DOWN,-10.1,2,9.5,-20.2,12607,20452
2026.04.08 08:52:45,UP,10.2,2,3.3,-20.1,40,575
2026.04.08 09:28:26,UP,10.1,2,5.7,-20.9,701,2516
2026.04.08 11:42:55,DOWN,-10.2,2,5.6,-20.0,18,9033
2026.04.08 14:38:57,DOWN,-10.1,2,7.4,-20.0,2552,3969
2026.04.08 16:29:18,DOWN,-10.4,1,20.0,-1.5,6291,6291
2026.04.08 21:18:40,DOWN,-10.2,1,20.1,-2.9,2482,2482
2026.04.09 18:32:50,UP,10.0,2,19.1,-20.0,7559,33862
2026.04.10 12:19:09,UP,10.1,1,20.0,-0.7,4884,4884
2026.04.10 15:30:08,UP,10.1,2,16.0,-53.3,10455,203392
2026.04.13 00:00:00,DOWN,-55.8,2,6.6,-20.0,272,32430
2026.04.13 21:32:29,UP,10.1,1,20.1,-1.1,20925,20925
2026.04.14 10:02:22,UP,10.8,1,20.2,-13.9,28340,28340
2026.04.16 19:33:49,DOWN,-10.0,2,3.3,-20.2,2464,58245
2026.04.17 15:47:22,UP,10.3,1,20.0,-1.8,165,165
2026.04.17 16:27:52,DOWN,-10.2,1,20.1,-12.4,5577,5577
2026.04.17 20:08:55,DOWN,-10.2,1,20.0,-12.8,12012,12012
2026.04.20 00:00:00,DOWN,-26.1,2,6.6,-20.0,3654,12782
2026.04.20 17:51:06,DOWN,-10.1,2,3.8,-20.2,10,1978
2026.04.21 17:48:27,DOWN,-10.1,1,20.2,-1.1,2874,2874
2026.04.21 20:12:49,DOWN,-10.0,2,3.8,-20.2,538,1574
2026.04.21 20:39:03,UP,10.0,2,19.3,-20.0,293,7377
2026.04.21 22:42:00,DOWN,-10.8,2,5.5,-21.6,52,1666
2026.04.21 23:09:46,UP,21.0,2,16.4,-20.0,33086,58814
2026.04.23 03:19:03,UP,10.9,2,5.0,-20.3,743,35399
2026.04.23 14:52:51,UP,10.3,2,19.2,-20.0,10917,20833
2026.04.23 20:53:20,UP,10.3,1,20.2,-12.7,61714,61714
2026.04.24 14:22:20,UP,10.1,2,7.5,-21.9,34489,207460
2026.04.27 00:00:00,DOWN,-28.6,2,5.7,-20.8,17,3636
2026.04.27 04:01:42,UP,10.0,1,20.0,-10.4,25162,25162
2026.04.28 15:20:38,UP,10.3,1,20.0,-10.2,11926,11926
2026.04.29 17:54:08,UP,10.1,2,3.5,-20.0,3416,7769
2026.04.29 21:00:20,DOWN,-10.1,1,20.0,-13.8,37669,37669
2026.04.30 13:29:39,UP,10.0,2,14.2,-20.0,1994,9247
2026.04.30 17:19:29,UP,10.1,1,20.3,-3.4,2044,2044
2026.04.30 17:53:33,UP,12.3,1,20.3,-9.3,63248,63248
2026.05.01 15:14:36,UP,10.1,1,20.3,-18.0,7095,7095
2026.05.01 18:50:37,DOWN,-10.5,1,20.0,-6.3,4160,4160
2026.05.04 00:00:00,UP,26.0,2,5.1,-20.1,1592,10838
2026.05.04 13:03:53,DOWN,-10.1,1,20.0,-10.9,22013,22013
2026.05.04 19:19:48,UP,10.0,3,18.1,-19.3,84429,86401
2026.05.06 11:50:28,UP,10.1,1,20.0,-2.2,6664,6664
2026.05.06 13:53:14,UP,10.1,2,2.3,-20.0,62,3081
2026.05.06 14:44:35,DOWN,-10.8,1,20.4,-2.4,1800,1800
2026.05.07 20:29:56,DOWN,-10.1,1,20.1,-7.5,12388,12388
2026.05.08 15:34:20,UP,10.0,2,12.7,-28.9,30008,203140
2026.05.11 00:00:00,DOWN,-36.3,2,6.8,-21.6,31,2516
2026.05.12 00:00:27,DOWN,-10.6,1,20.0,-16.5,35599,35599
2026.05.14 00:00:53,DOWN,-10.2,1,20.0,-17.7,64603,64603
2026.05.15 13:53:07,UP,10.4,2,0.0,-20.0,0,2765
2026.05.18 00:02:04,DOWN,-10.6,2,6.2,-20.0,13959,33715
2026.05.18 14:39:41,UP,10.1,2,15.8,-20.5,37252,74043
2026.05.19 13:44:16,DOWN,-10.2,1,20.1,-13.2,68772,68772
2026.05.20 17:16:22,UP,10.2,1,20.0,0.0,366,366
2026.05.20 17:31:13,UP,10.0,1,20.7,-11.9,2702,2702
2026.05.20 18:16:16,UP,28.1,2,2.4,-20.0,46,2233
2026.05.21 10:16:33,DOWN,-10.8,2,14.4,-20.2,627,3514
2026.05.21 13:26:33,DOWN,-10.1,1,20.0,-4.9,10342,10342
2026.05.21 16:53:15,UP,10.1,1,20.0,-10.9,12172,12172
2026.05.21 20:16:07,UP,11.3,2,16.8,-20.0,2339,74694
2026.05.22 17:01:01,DOWN,-10.6,2,4.9,-20.1,1001,10791
2026.05.25 00:00:00,UP,34.1,3,15.4,-7.8,56795,86410
2026.05.26 16:53:34,DOWN,-10.2,2,3.7,-20.2,6217,37855
2026.05.27 15:18:34,UP,10.5,2,13.7,-20.3,1047,9536
2026.05.27 17:57:39,DOWN,-10.1,1,20.0,-9.7,44213,44213
2026.05.28 15:30:14,UP,10.0,1,20.1,-7.6,6507,6507
2026.05.28 17:19:10,UP,10.2,2,4.6,-20.0,7522,47977
2026.05.29 17:51:24,UP,10.4,1,20.0,-4.6,2506,2506
2026.05.29 18:33:13,UP,10.1,2,0.6,-20.1,6,7580
2026.06.01 16:12:27,DOWN,-10.2,1,20.0,-5.8,2360,2360
2026.06.03 17:53:40,UP,10.1,1,20.0,-12.1,67484,67484
2026.06.05 15:30:03,DOWN,-10.3,1,20.0,-1.4,1041,1041
2026.06.05 15:54:38,DOWN,-10.3,1,20.0,-5.1,3398,3398
2026.06.05 16:51:44,DOWN,-10.2,1,20.5,-7.3,3133,3133
2026.06.08 00:00:00,DOWN,-11.4,2,7.6,-20.1,35,13569
2026.06.08 12:39:13,UP,10.1,1,20.2,-7.1,3316,3316
2026.06.08 13:34:29,UP,13.4,1,21.5,-11.5,10101,10101
2026.06.09 16:49:07,UP,10.2,2,1.3,-20.2,4,6160
2026.06.09 19:38:16,DOWN,-10.0,2,8.2,-20.0,235,48341
2026.06.10 14:03:58,DOWN,-10.4,2,7.2,-20.0,2081,6129
2026.06.10 18:48:12,DOWN,-10.4,1,20.1,-17.3,74072,74072
2026.06.11 15:22:44,DOWN,-10.1,2,6.0,-20.1,218,1969
2026.06.11 20:28:50,UP,11.6,1,20.0,-1.8,196,196
2026.06.11 20:33:50,UP,26.2,1,20.2,-8.2,5723,5723
2026.06.12 11:18:17,UP,10.0,3,10.0,-19.7,4131,218503
2026.06.16 18:54:07,UP,10.1,2,4.2,-20.4,1696,66922
2026.06.17 17:47:28,DOWN,-10.0,1,20.1,-13.7,11577,11577
2026.06.17 21:00:25,DOWN,-33.0,1,20.0,-5.0,824,824
2026.06.17 21:32:36,UP,10.0,2,6.0,-20.1,7,114
2026.06.17 21:37:36,UP,11.2,2,19.2,-20.1,406,1525
2026.06.17 22:03:01,DOWN,-11.8,1,20.1,-3.2,567,567
2026.06.17 22:13:01,DOWN,-10.0,1,20.1,-12.9,1274,1274
2026.06.17 22:34:15,DOWN,-10.6,2,7.4,-20.0,361,4046
2026.06.18 15:21:26,UP,10.0,2,9.4,-20.0,9565,23991
2026.06.19 00:00:14,UP,10.0,2,0.0,-20.2,0,22564
2026.06.22 00:00:00,DOWN,-13.1,2,0.0,-20.0,0,14641
2026.06.22 16:00:44,DOWN,-10.1,1,20.0,-5.9,19933,19933
2026.06.23 00:00:27,DOWN,-12.0,2,0.0,-20.2,0,37186
2026.06.23 10:32:16,DOWN,-10.1,1,20.1,-0.4,2777,2777
2026.06.24 11:14:16,DOWN,-10.1,2,18.2,-20.0,17730,29786
2026.06.25 00:02:39,DOWN,-18.2,2,0.0,-20.1,0,335
2026.06.25 15:30:22,UP,10.0,1,20.0,-6.0,5567,5567
2026.06.25 17:03:48,UP,10.1,2,14.4,-25.8,5291,25001
2026.06.26 11:09:15,UP,10.1,1,20.0,-4.1,17157,17157
2026.06.26 15:57:35,UP,10.1,2,10.9,-20.0,84,7062
2026.06.26 17:57:42,DOWN,-10.1,3,13.8,-13.9,16114,194538
2026.06.30 00:02:58,DOWN,-16.9,2,0.0,-20.0,0,41
2026.06.30 14:43:49,UP,10.1,1,20.0,-9.1,10790,10790
2026.06.30 17:51:46,UP,10.2,2,8.9,-20.0,595,36644
2026.07.01 16:10:41,DOWN,-10.1,2,2.7,-20.1,243,1003
2026.07.01 16:42:33,UP,10.1,2,14.0,-20.0,188,16114
2026.07.02 15:30:01,UP,10.3,1,20.2,-1.2,7,7
2026.07.02 15:36:14,UP,10.1,2,12.9,-20.0,533,2941
2026.07.02 16:33:51,UP,10.1,2,7.1,-20.0,2408,14063
2026.07.03 00:00:32,DOWN,-12.0,2,11.7,-20.0,14,15461
2026.07.08 00:00:29,DOWN,-11.7,2,0.0,-20.7,0,212
2026.07.08 11:16:55,DOWN,-10.0,1,20.0,-6.1,12229,12229
2026.07.08 14:43:40,UP,10.0,1,20.0,-13.4,20221,20221
2026.07.09 00:03:39,DOWN,-18.0,2,0.0,-21.0,0,22
2026.07.10 00:01:00,DOWN,-12.8,2,0.4,-20.0,147,13458
2026.07.10 15:13:57,UP,10.2,2,1.8,-20.2,6,3263
2026.07.10 17:33:06,DOWN,-10.2,2,4.2,-20.0,1,4788
2026.07.13 00:00:00,DOWN,-13.6,2,15.9,-20.4,15870,38260
2026.07.13 10:37:40,UP,10.7,1,20.0,-4.6,2049,2049
2026.07.13 17:16:45,DOWN,-10.3,1,20.1,-5.7,8245,8245
2026.07.14 15:30:01,UP,11.4,1,20.2,0.0,2,2
2026.07.14 15:37:35,DOWN,-10.1,1,20.0,-19.9,16951,16951
2026.07.15 15:32:34,UP,10.0,1,20.0,-6.8,16083,16083
2026.07.20 00:00:00,DOWN,-11.2,2,3.2,-20.1,8590,37994
2026.07.27 00:00:00,UP,18.0,1,20.0,-0.5,12415,12415
2026.07.29 21:00:01,UP,10.3,1,20.4,-4.9,41,41
2026.07.29 21:32:08,DOWN,-10.2,2,5.3,-20.1,35,708
2026.07.29 21:44:33,UP,10.1,1,20.0,-1.9,1054,1054
2026.07.29 22:16:43,UP,10.0,2,13.5,-20.0,13928,43339
2026.07.30 16:38:15,UP,10.1,1,20.0,-3.2,880,880
2026.07.30 16:53:21,UP,10.1,1,20.1,-3.3,577,577
2026.07.30 17:03:00,UP,10.0,2,3.5,-21.3,106,2300
2026.07.31 11:56:48,UP,10.1,2,2.7,-20.1,102,2882
2026.07.31 16:22:22,UP,10.1,2,2.0,-20.1,164,832
2026.07.31 16:36:15,DOWN,-10.0,1,20.0,-1.3,220,220
2026.07.31 16:44:16,UP,10.0,1,20.0,-6.2,3344,3344
2026.07.31 17:53:43,UP,10.0,1,20.0,-7.1,9063,9063
2026.07.31 23:58:30,DOWN,-10.2,3,4.5,-15.0,79,172890
2026.08.03 00:00:32,UP,18.0,2,14.3,-20.1,4482,35009
2026.08.07 15:30:01,UP,10.2,1,20.0,0.0,5,5
