t_trigger,dir,impulse_pips,outcome,mfe_pips,mae_pips,secs_to_mfe,secs_total
2024.01.02 00:00:00,UP,7.7,2,1.4,-20.0,360,16902
2024.01.02 08:53:47,DOWN,-5.1,1,20.0,-10.0,11543,11543
2024.01.02 12:09:17,DOWN,-5.1,1,20.0,-4.9,4069,4069
2024.01.02 13:17:21,DOWN,-5.0,1,20.1,-1.1,3800,3800
2024.01.02 14:36:55,DOWN,-5.1,1,20.0,-5.8,12079,12079
2024.01.02 17:58:18,DOWN,-5.1,2,0.8,-20.0,5,1629
2024.01.02 18:31:08,DOWN,-5.1,1,20.0,-12.4,63924,63924
2024.01.03 12:38:08,DOWN,-5.1,1,20.0,-11.0,17986,17986
2024.01.03 17:38:00,DOWN,-5.0,2,13.7,-20.0,12970,29742
2024.01.04 08:33:43,DOWN,-5.2,2,5.9,-20.0,109,6085
2024.01.04 10:16:05,UP,5.1,1,20.1,-11.2,5594,5594
2024.01.04 12:27:34,DOWN,-5.1,1,20.2,-4.3,10977,10977
2024.01.04 15:30:31,DOWN,-7.9,2,8.0,-20.0,149,6261
2024.01.04 17:14:52,UP,6.9,2,4.7,-20.2,1887,24375
2024.01.05 00:12:35,DOWN,-6.4,1,20.2,-15.3,35445,35445
2024.01.05 10:32:09,DOWN,-5.1,1,20.0,-18.7,17877,17877
2024.01.05 15:30:06,DOWN,-28.7,2,15.1,-20.1,105,793
2024.01.05 15:43:20,UP,12.2,1,20.1,-6.6,1287,1287
2024.01.05 16:04:47,UP,10.4,1,20.0,-7.2,2751,2751
2024.01.05 16:52:19,UP,5.1,1,20.0,-8.0,493,493
2024.01.05 17:00:32,UP,24.7,1,20.1,-3.5,574,574
2024.01.05 17:11:31,UP,5.3,2,1.3,-20.2,2,252
2024.01.05 17:16:31,DOWN,-12.6,2,0.5,-20.0,102,1361
2024.01.05 17:42:34,UP,5.1,2,0.8,-20.0,3,1321
2024.01.05 18:04:35,DOWN,-5.3,1,20.0,-7.8,3205,3205
2024.01.05 18:58:00,DOWN,-8.0,1,20.0,-6.7,190996,190996
2024.01.08 00:01:18,DOWN,-8.2,2,0.0,-20.0,0,13482
2024.01.08 09:19:39,DOWN,-5.1,1,20.0,-2.8,7498,7498
2024.01.08 11:48:05,UP,5.0,1,20.0,-3.4,15821,15821
2024.01.08 16:14:06,UP,5.1,1,20.0,-5.1,7202,7202
2024.01.08 18:41:46,UP,5.1,2,0.9,-20.1,225,6236
2024.01.08 20:33:32,DOWN,-5.0,1,20.0,-13.8,58828,58828
2024.01.09 13:33:19,DOWN,-5.1,2,0.8,-20.0,257,10808
2024.01.09 16:33:27,UP,6.5,2,2.4,-20.1,104,4197
2024.01.09 17:43:24,DOWN,-5.6,2,18.9,-20.0,1574,63262
2024.01.10 13:29:12,DOWN,-5.1,2,13.1,-20.0,12402,15267
2024.01.10 17:43:39,UP,6.7,1,20.0,-12.6,38066,38066
2024.01.11 10:04:19,DOWN,-5.1,2,15.1,-22.2,7256,19541
2024.01.11 15:30:00,UP,10.6,2,1.6,-42.1,0,2
2024.01.11 15:35:06,DOWN,-5.1,2,0.6,-20.1,1,89
2024.01.11 15:40:28,DOWN,-5.5,1,20.0,-6.5,784,784
2024.01.11 15:53:32,DOWN,-9.0,2,8.3,-20.0,761,1964
2024.01.11 16:26:16,UP,5.3,2,14.0,-20.1,548,2346
2024.01.11 17:09:33,DOWN,-5.1,2,5.6,-20.2,322,1311
2024.01.11 17:31:24,UP,8.2,1,20.0,-19.1,14212,14212
2024.01.11 21:28:16,UP,5.2,2,6.6,-20.0,1637,3002
2024.01.11 22:18:18,DOWN,-9.3,2,0.6,-20.0,21,11297
2024.01.12 09:04:11,DOWN,-5.1,1,20.0,-12.3,16568,16568
2024.01.12 14:57:15,DOWN,-5.1,2,1.4,-20.0,181,1966
2024.01.12 15:30:01,UP,7.2,1,20.1,-13.1,4044,4044
2024.01.12 16:37:25,UP,5.0,2,9.5,-20.0,1971,8558
2024.01.15 00:00:53,DOWN,-6.8,2,2.3,-20.0,7659,15463
2024.01.15 09:18:22,DOWN,-5.1,1,20.0,-6.0,10284,10284
2024.01.15 14:41:08,UP,5.1,2,2.4,-20.0,52,42906
2024.01.16 02:53:12,DOWN,-5.1,1,20.0,-6.6,27581,27581
2024.01.16 10:32:53,DOWN,-6.5,1,20.0,-1.6,4240,4240
2024.01.16 11:43:33,DOWN,-5.5,1,20.0,-13.1,22655,22655
2024.01.16 18:01:08,DOWN,-20.8,2,3.1,-20.0,15,921
2024.01.16 18:16:32,UP,5.1,2,8.5,-20.2,524,3508
2024.01.16 19:17:56,UP,5.1,2,13.1,-20.0,31830,72799
2024.01.17 15:31:15,DOWN,-18.5,2,7.2,-20.0,8542,20545
2024.01.18 08:09:31,UP,5.1,2,3.6,-20.0,2705,7102
2024.01.18 10:32:01,DOWN,-5.1,1,26.1,-19.4,17879,17879
2024.01.18 15:30:00,DOWN,-13.5,2,0.1,-20.1,0,308
2024.01.18 15:37:16,DOWN,-5.2,2,18.6,-20.1,8424,43488
2024.01.19 09:09:23,DOWN,-5.1,3,12.1,-19.9,27080,226273
2024.01.22 00:00:36,DOWN,-7.0,3,10.1,-19.8,56055,86401
2024.01.23 03:57:34,UP,5.2,1,20.0,-2.9,14402,14402
2024.01.23 09:24:56,DOWN,-5.0,1,20.0,-5.0,6054,6054
2024.01.23 12:49:12,DOWN,-5.1,1,20.0,-2.0,13955,13955
2024.01.23 16:41:47,DOWN,-5.3,1,20.0,-5.5,3038,3038
2024.01.23 17:32:38,DOWN,-5.0,2,12.2,-20.2,729,21314
2024.01.24 00:01:06,DOWN,-12.8,2,0.4,-20.1,284,20873
2024.01.24 09:54:33,DOWN,-5.6,2,9.2,-20.0,2209,5332
2024.01.24 11:32:04,UP,5.4,1,20.2,-6.0,14234,14234
2024.01.24 15:32:25,UP,5.2,2,15.6,-20.1,3468,5467
2024.01.24 17:03:32,DOWN,-6.9,1,20.0,-12.2,32789,32789
2024.01.25 10:09:17,UP,5.1,2,11.3,-20.0,18395,20732
2024.01.25 15:54:49,DOWN,-14.5,1,20.0,-10.3,4285,4285
2024.01.25 17:06:15,DOWN,-5.1,1,20.1,-4.5,2953,2953
2024.01.25 18:03:35,DOWN,-5.1,2,2.8,-20.0,49,4348
2024.01.25 19:16:03,UP,9.5,2,5.3,-20.0,216,6370
2024.01.25 21:11:39,UP,5.1,1,20.0,-17.0,52810,52810
2024.01.26 12:03:06,UP,5.1,1,20.2,-0.6,4059,4059
2024.01.26 13:11:15,UP,5.0,2,12.8,-20.0,8335,35240
2024.01.29 00:00:46,DOWN,-9.3,1,20.0,-6.2,41937,41937
2024.01.29 13:13:38,DOWN,-5.1,1,20.0,-17.4,14925,14925
2024.01.29 17:49:25,DOWN,-5.1,2,0.8,-20.0,771,12088
2024.01.29 22:01:01,UP,5.1,1,20.0,-12.4,55416,55416
2024.01.30 13:24:37,UP,5.1,2,13.5,-20.0,12347,52846
2024.01.31 09:45:02,DOWN,-5.2,2,6.9,-20.0,214,4674
2024.01.31 11:02:56,UP,14.2,1,21.7,-11.8,16025,16025
2024.01.31 15:30:01,UP,10.0,1,20.3,-10.1,4130,4130
2024.01.31 16:39:28,UP,5.2,2,10.7,-20.0,1395,3758
2024.01.31 17:44:37,DOWN,-5.0,1,24.8,-12.6,11730,11730
2024.01.31 21:00:07,DOWN,-15.9,2,14.3,-20.3,188,2326
2024.01.31 21:38:53,UP,13.2,2,14.1,-20.0,548,1385
2024.01.31 22:01:58,DOWN,-10.3,1,20.0,0.0,67,67
2024.01.31 22:07:12,DOWN,-5.2,2,4.8,-20.0,1622,7848
2024.02.01 00:48:54,DOWN,-5.0,1,20.1,-10.7,30172,30172
2024.02.01 09:18:37,DOWN,-5.1,2,6.6,-20.1,4363,15002
2024.02.01 14:04:09,UP,5.0,1,20.0,-7.7,14412,14412
2024.02.01 18:04:21,UP,7.2,1,20.0,-1.9,1787,1787
2024.02.01 18:43:36,UP,5.1,1,20.0,-1.3,27940,27940
2024.02.02 02:58:30,DOWN,-5.4,2,1.5,-20.0,3266,30171
2024.02.02 11:22:44,UP,5.1,2,4.8,-20.6,1240,14837
2024.02.02 15:30:01,DOWN,-13.2,1,20.2,-1.6,9,9
2024.02.02 15:35:42,DOWN,-5.2,1,20.0,-11.3,1652,1652
2024.02.02 16:03:14,DOWN,-10.2,2,5.7,-20.0,53,2730
2024.02.02 16:48:44,UP,14.8,2,0.0,-20.0,0,812
2024.02.02 17:02:17,DOWN,-12.1,3,16.7,-7.8,11594,197863
2024.02.05 01:09:55,DOWN,-5.1,1,20.0,-12.9,38682,38682
2024.02.05 11:54:37,DOWN,-5.4,1,21.3,-5.4,18323,18323
2024.02.05 17:00:00,DOWN,-10.7,2,8.6,-20.0,2652,52306
2024.02.06 09:02:16,UP,5.1,2,6.7,-20.0,792,9942
2024.02.06 11:56:12,DOWN,-5.2,2,4.8,-20.0,9454,19120
2024.02.06 17:16:43,DOWN,-5.0,2,3.3,-20.1,3195,35321
2024.02.07 11:33:38,UP,5.0,1,20.0,-12.9,67771,67771
2024.02.08 09:43:22,DOWN,-5.1,1,20.2,-5.4,15987,15987
2024.02.08 14:19:03,DOWN,-5.1,2,15.3,-20.0,5564,19176
2024.02.08 20:01:49,UP,5.1,3,16.8,-16.3,72789,86401
2024.02.12 00:00:55,DOWN,-5.9,2,1.0,-20.0,656,7566
2024.02.12 09:22:52,UP,5.2,2,9.3,-20.0,2101,5453
2024.02.12 12:19:56,DOWN,-5.1,3,11.5,-19.1,17960,86401
2024.02.13 13:09:13,UP,5.1,2,18.7,-33.9,8448,8453
2024.02.13 15:30:06,DOWN,-44.7,1,20.1,-2.1,115,115
2024.02.13 15:35:06,UP,5.0,2,1.0,-20.0,273,498
2024.02.13 15:43:24,DOWN,-17.3,3,19.9,-12.5,67954,86401
2024.02.14 15:48:46,DOWN,-5.2,2,2.5,-20.0,895,9636
2024.02.14 19:04:29,DOWN,-5.0,2,6.0,-20.1,17732,72965
2024.02.15 15:30:00,UP,5.9,1,20.0,-0.3,28,28
2024.02.15 15:35:57,UP,5.1,1,20.0,-3.5,3433,3433
2024.02.15 16:33:11,UP,11.4,2,4.2,-20.3,2656,4888
2024.02.16 00:00:01,DOWN,-5.2,1,21.0,-13.9,55809,55809
2024.02.16 15:30:11,DOWN,-22.7,2,12.9,-20.0,560,6169
2024.02.16 17:13:05,UP,5.2,3,19.0,-6.0,13694,197268
2024.02.19 00:03:46,DOWN,-5.1,3,10.0,-17.6,62063,86401
2024.02.20 00:08:35,DOWN,-7.5,2,7.9,-20.0,16834,40677
2024.02.20 11:39:56,UP,5.1,1,20.0,-5.4,14783,14783
2024.02.20 15:47:03,UP,5.1,2,18.9,-20.0,2806,68930
2024.02.21 10:57:21,DOWN,-5.1,2,7.5,-20.0,727,22327
2024.02.21 17:23:19,DOWN,-5.1,2,11.9,-20.2,9548,33882
2024.02.22 09:18:55,UP,5.1,1,24.4,-3.4,3365,3365
2024.02.22 10:15:00,UP,15.1,2,13.6,-20.0,14,4341
2024.02.22 11:33:18,DOWN,-5.1,1,21.0,-7.6,14203,14203
2024.02.22 15:30:02,DOWN,-7.6,1,20.0,-6.1,3285,3285
2024.02.22 16:24:47,DOWN,-5.2,2,8.8,-20.0,1078,40824
2024.02.23 13:22:54,UP,5.2,3,9.3,-18.7,4746,211086
2024.02.26 00:01:02,UP,9.5,1,20.0,-15.4,44955,44955
2024.02.26 14:58:43,DOWN,-5.1,3,10.7,-16.8,7881,86402
2024.02.27 15:30:26,UP,5.1,2,1.1,-20.1,41,5717
2024.02.27 17:05:43,DOWN,-5.9,2,2.9,-20.0,2035,6163
2024.02.27 18:48:39,UP,5.2,2,0.5,-20.1,106,31790
2024.02.28 10:08:56,DOWN,-5.1,1,20.1,-3.9,4285,4285
2024.02.28 12:02:57,UP,5.0,1,20.3,-0.7,13496,13496
2024.02.28 15:47:54,UP,5.4,1,20.1,-4.7,11938,11938
2024.02.29 00:02:02,DOWN,-5.1,2,6.2,-20.2,35753,39944
2024.02.29 11:07:46,UP,5.6,2,2.9,-20.0,4442,9403
2024.02.29 14:12:44,DOWN,-5.1,2,6.1,-20.0,3067,7114
2024.02.29 16:11:18,UP,6.8,2,8.4,-20.0,3070,6046
2024.02.29 17:52:30,DOWN,-5.0,1,20.0,-0.2,2977,2977
2024.02.29 18:42:07,DOWN,-5.3,2,9.3,-20.5,3059,81214
2024.03.01 17:15:42,UP,5.3,3,17.7,-2.5,15298,197150
2024.03.04 00:01:39,DOWN,-9.7,2,0.0,-20.1,0,32368
2024.03.04 10:13:03,DOWN,-5.1,3,14.3,-15.2,1510,86401
2024.03.05 10:48:22,DOWN,-5.1,2,3.4,-20.2,21400,22329
2024.03.05 17:00:31,UP,18.5,2,12.6,-20.0,53,37991
2024.03.06 15:30:47,DOWN,-5.0,2,1.4,-20.0,4,4557
2024.03.06 17:04:50,DOWN,-5.1,2,0.8,-20.4,12,2945
2024.03.06 17:54:04,UP,5.1,2,11.8,-20.4,4279,76896
2024.03.07 15:15:40,DOWN,-10.9,2,15.5,-20.0,2342,4462
2024.03.07 16:41:38,DOWN,-5.1,2,0.5,-20.2,1,846
2024.03.07 16:55:44,UP,6.2,1,20.1,-8.4,5574,5574
2024.03.07 18:28:38,UP,7.3,1,20.4,-18.3,75733,75733
2024.03.08 15:30:51,UP,17.2,1,20.0,-9.8,656,656
2024.03.08 15:41:47,UP,11.1,2,3.3,-20.2,116,921
2024.03.08 15:57:08,DOWN,-5.1,1,20.0,-9.3,10185,10185
2024.03.08 19:04:21,UP,5.0,3,0.5,-12.1,1,190539
2024.03.11 09:29:31,UP,5.0,2,1.5,-20.1,3246,20403
2024.03.11 15:49:06,DOWN,-5.0,2,19.6,-20.5,81672,82325
2024.03.12 14:41:11,UP,9.1,2,1.3,-20.0,21,836
2024.03.12 14:59:05,DOWN,-5.1,2,16.4,-20.3,2452,80628
2024.03.13 15:49:04,UP,5.2,1,20.6,-10.5,12242,12242
2024.03.13 19:13:06,UP,5.1,2,1.1,-20.0,9,37021
2024.03.14 09:31:05,DOWN,-5.0,1,20.0,-8.6,21767,21767
2024.03.14 15:48:17,DOWN,-5.1,1,20.0,-2.0,4949,4949
2024.03.15 02:53:21,UP,5.1,3,18.4,-8.3,33531,248799
2024.03.18 17:39:12,DOWN,-5.1,1,20.0,-5.4,57531,57531
2024.03.19 09:53:46,DOWN,-5.0,3,19.3,-17.9,7346,86402
2024.03.20 10:02:43,DOWN,-5.1,1,20.3,-0.1,4094,4094
2024.03.20 20:00:01,UP,6.9,1,20.8,-1.5,305,305
2024.03.20 20:05:06,UP,6.3,2,3.0,-20.0,19,768
2024.03.20 20:17:54,DOWN,-5.5,2,4.4,-20.0,1026,1426
2024.03.20 20:42:01,UP,5.6,1,20.9,-5.5,659,659
2024.03.20 20:53:00,UP,7.1,1,20.0,-12.4,16322,16322
2024.03.21 10:13:47,DOWN,-5.4,1,20.6,-0.8,1039,1039
2024.03.21 10:31:07,DOWN,-12.5,2,14.4,-20.0,1353,6217
2024.03.21 13:28:30,DOWN,-5.0,1,20.3,-7.1,8349,8349
2024.03.21 15:47:39,DOWN,-6.6,1,20.1,-2.6,4762,4762
2024.03.21 19:28:48,DOWN,-5.1,1,20.0,-10.3,34934,34934
2024.03.22 10:13:44,DOWN,-5.1,3,17.4,-12.5,40312,222415
2024.03.25 03:15:30,UP,5.0,1,20.0,-1.2,38154,38154
2024.03.25 15:34:50,UP,5.2,1,20.0,-2.9,71748,71748
2024.03.26 14:23:22,DOWN,-5.1,1,20.1,-8.1,12698,12698
2024.03.26 17:57:15,DOWN,-5.1,3,15.4,-13.0,78193,86401
2024.03.27 23:03:52,DOWN,-5.7,1,20.0,-6.5,38994,38994
2024.03.28 10:03:49,DOWN,-5.1,1,20.0,-1.5,6706,6706
2024.03.28 12:33:45,UP,5.1,1,20.0,-7.8,8793,8793
2024.03.28 15:00:31,UP,5.1,2,5.5,-20.0,3586,11217
2024.03.28 18:07:28,DOWN,-5.5,1,20.7,-12.0,56695,56695
2024.03.29 14:30:28,UP,5.2,3,16.7,-2.4,669,206973
2024.04.01 00:01:14,DOWN,-5.2,1,23.4,-12.2,61126,61126
2024.04.01 17:00:00,DOWN,-10.9,1,20.0,-3.7,2224,2224
2024.04.01 17:39:14,DOWN,-5.1,2,17.0,-20.3,57809,82667
2024.04.02 16:37:54,UP,5.1,1,20.2,-4.1,77640,77640
2024.04.03 14:11:54,UP,6.5,1,20.4,-10.5,10087,10087
2024.04.03 17:00:01,UP,15.3,1,20.1,-6.4,3367,3367
2024.04.03 18:23:03,UP,5.0,1,20.1,-8.4,57326,57326
2024.04.04 11:29:15,UP,5.1,2,16.3,-20.0,18853,39588
2024.04.04 22:49:13,DOWN,-5.1,1,21.1,-12.3,60055,60055
2024.04.05 15:30:08,DOWN,-30.2,1,20.1,-14.0,2279,2279
2024.04.05 16:08:08,DOWN,-8.9,2,4.6,-20.0,410,4578
2024.04.05 17:24:57,UP,5.1,1,20.0,-3.0,4737,4737
2024.04.05 18:46:55,UP,5.1,3,1.4,-12.2,1243,191585
2024.04.08 15:49:05,UP,5.1,1,20.2,-1.6,7509,7509
2024.04.08 17:54:15,UP,5.7,1,20.1,-8.2,78380,78380
2024.04.09 17:38:00,DOWN,-5.0,1,27.7,-3.6,78721,78721
2024.04.10 15:30:01,DOWN,-29.7,1,21.1,0.0,16,16
2024.04.10 15:36:35,DOWN,-5.2,1,20.0,-12.7,2198,2198
2024.04.10 16:13:14,DOWN,-6.7,1,20.0,-9.0,7140,7140
2024.04.10 18:42:50,DOWN,-5.6,1,20.1,-17.3,74006,74006
2024.04.11 15:16:16,DOWN,-16.1,2,1.8,-20.4,42,831
2024.04.11 15:30:07,UP,13.6,2,17.3,-20.1,3566,6593
2024.04.11 17:28:42,DOWN,-5.1,2,12.0,-20.2,1556,13076
2024.04.11 21:07:45,UP,5.3,2,0.1,-20.0,1,37417
2024.04.12 09:03:00,DOWN,-5.1,1,20.3,-3.6,2466,2466
2024.04.12 09:44:06,DOWN,-5.2,1,20.0,-1.3,9390,9390
2024.04.12 12:23:40,DOWN,-5.4,1,20.0,-3.1,11778,11778
2024.04.12 15:39:59,DOWN,-6.0,3,18.6,-9.7,6176,202801
2024.04.15 00:00:47,DOWN,-6.6,2,6.2,-20.0,53,18151
2024.04.15 05:03:50,UP,5.2,2,10.4,-20.1,33066,37628
2024.04.15 15:30:58,DOWN,-18.6,2,3.5,-20.0,259,1830
2024.04.15 16:01:29,UP,7.6,2,6.1,-20.2,285,3210
2024.04.15 16:54:59,DOWN,-5.6,1,20.2,-12.8,40450,40450
2024.04.16 04:15:59,DOWN,-5.2,2,6.2,-20.0,18976,28291
2024.04.16 12:07:31,UP,5.7,1,20.2,-9.0,12550,12550
2024.04.16 15:38:43,UP,5.1,2,2.5,-20.0,18,2182
2024.04.16 16:27:43,UP,5.0,2,10.9,-20.1,2869,14532
2024.04.16 20:29:55,DOWN,-6.3,2,13.1,-20.0,125,5033
2024.04.16 21:53:49,UP,6.9,2,0.7,-21.0,43,7659
2024.04.17 00:02:05,DOWN,-5.3,2,0.9,-20.0,4168,19180
2024.04.17 09:01:51,DOWN,-5.1,2,0.5,-20.1,138,2129
2024.04.17 09:38:46,UP,5.1,1,20.1,-4.1,7529,7529
2024.04.17 11:48:38,DOWN,-5.1,2,13.3,-20.0,21957,31763
2024.04.17 21:09:41,UP,5.2,2,12.6,-20.0,44265,68881
2024.04.18 16:17:42,DOWN,-5.1,1,20.4,-8.8,39595,39595
2024.04.19 04:36:33,DOWN,-6.2,2,7.1,-20.0,2056,6773
2024.04.19 06:29:26,UP,10.5,1,20.0,-10.4,15818,15818
2024.04.19 11:44:22,DOWN,-5.1,2,2.8,-20.1,8966,13616
2024.04.19 15:32:07,UP,5.2,2,9.9,-20.2,7107,13423
2024.04.19 19:18:50,DOWN,-5.2,3,3.3,-14.9,229,189737
2024.04.22 00:02:02,DOWN,-6.5,2,1.4,-20.1,239,17203
2024.04.22 10:18:22,DOWN,-5.1,1,20.2,-3.0,14754,14754
2024.04.22 15:14:58,UP,5.1,1,20.3,-12.9,20605,20605
2024.04.23 10:15:00,UP,7.2,1,20.5,-3.8,900,900
2024.04.23 10:30:00,UP,9.3,2,19.8,-20.0,52,10980
2024.04.23 14:16:37,UP,5.3,1,20.6,-6.2,8914,8914
2024.04.23 16:45:11,UP,23.6,1,20.8,-3.8,597,597
2024.04.23 16:55:11,UP,5.0,2,6.9,-20.0,42242,62505
2024.04.24 11:34:33,DOWN,-5.1,2,3.9,-20.0,15069,20024
2024.04.24 17:08:17,UP,9.8,2,0.7,-20.0,28,5772
2024.04.24 18:44:29,DOWN,-7.1,2,0.9,-20.0,38,12568
2024.04.25 00:01:44,DOWN,-6.2,2,3.4,-20.0,1,31747
2024.04.25 15:30:11,UP,10.6,2,13.7,-20.4,5,105
2024.04.25 15:36:17,UP,5.0,2,0.3,-20.0,2,593
2024.04.25 15:46:29,DOWN,-5.0,2,7.5,-20.4,1644,5210
2024.04.25 17:13:19,UP,11.1,1,20.2,-4.1,9014,9014
2024.04.25 19:44:15,UP,5.2,1,20.3,-10.1,56934,56934
2024.04.26 14:39:04,DOWN,-5.2,1,20.0,-16.3,8462,8462
2024.04.26 17:06:17,DOWN,-5.1,1,20.1,-4.2,2702,2702
2024.04.26 17:51:24,DOWN,-5.1,2,10.2,-20.2,1276,14592
2024.04.29 00:02:06,DOWN,-5.7,2,0.0,-20.0,0,10540
2024.04.29 07:14:32,UP,5.1,2,9.0,-20.0,3471,16115
2024.04.29 11:43:08,DOWN,-6.1,2,7.9,-20.1,1978,9744
2024.04.29 14:33:08,DOWN,-5.1,1,20.2,-5.7,7175,7175
2024.04.29 16:34:08,DOWN,-5.2,2,3.3,-20.1,356,5163
2024.04.29 18:03:46,UP,5.1,2,11.6,-20.2,7848,52803
2024.04.30 09:09:16,DOWN,-5.3,2,5.6,-20.0,727,10298
2024.04.30 12:01:52,UP,5.2,2,19.4,-20.3,5978,12499
2024.04.30 15:30:12,DOWN,-25.3,2,6.2,-20.0,49,5722
2024.04.30 17:05:35,UP,5.9,2,3.8,-20.2,757,2845
2024.04.30 17:53:01,DOWN,-5.1,1,20.3,-3.1,9707,9707
2024.05.01 00:09:53,UP,5.1,2,1.3,-20.3,19,34942
2024.05.01 10:03:56,UP,5.1,1,20.0,-1.7,19244,19244
2024.05.01 15:32:07,UP,5.2,1,20.1,-10.4,21720,21720
2024.05.01 21:34:08,UP,5.4,2,2.9,-20.0,5,101
2024.05.01 21:39:09,UP,5.2,1,20.2,-0.7,537,537
2024.05.01 21:49:30,UP,5.0,2,3.9,-20.2,350,1756
2024.05.01 22:18:47,DOWN,-7.6,1,20.0,-1.8,2475,2475
2024.05.01 23:19:49,UP,5.4,1,20.3,-0.1,1064,1064
2024.05.01 23:52:55,DOWN,-5.2,1,23.7,-0.9,518,518
2024.05.02 00:01:34,DOWN,-15.9,2,0.0,-21.1,0,987
2024.05.02 00:54:00,UP,5.4,2,14.6,-20.0,35186,52674
2024.05.02 15:31:57,DOWN,-8.7,2,19.3,-20.0,5846,15088
2024.05.02 19:44:17,UP,5.1,1,20.1,-2.3,31731,31731
2024.05.03 09:29:33,UP,5.3,1,23.0,-11.1,21628,21628
2024.05.03 15:30:01,UP,12.4,1,21.9,0.0,1,1
2024.05.03 15:36:01,UP,5.8,2,6.0,-20.1,259,947
2024.05.03 15:51:48,DOWN,-5.3,1,20.4,-14.8,4777,4777
2024.05.03 17:12:05,DOWN,-5.7,3,10.2,-18.4,817,197336
2024.05.06 13:28:29,DOWN,-5.0,2,0.0,-20.1,0,7870
2024.05.07 09:33:06,DOWN,-5.2,2,0.0,-20.0,0,21277
2024.05.07 18:58:34,DOWN,-5.2,1,20.1,-6.0,9653,9653
2024.05.08 04:23:03,DOWN,-5.1,3,6.4,-16.0,23932,86407
2024.05.09 15:04:23,UP,5.1,1,20.1,-2.1,1771,1771
2024.05.09 15:33:54,UP,18.5,1,20.1,-1.8,6467,6467
2024.05.09 17:23:19,UP,5.3,3,15.6,-8.3,84879,86401
2024.05.13 12:03:40,UP,5.1,3,18.1,-13.4,16236,86403
2024.05.14 15:30:01,DOWN,-10.1,2,19.8,-20.0,27,788
2024.05.14 15:43:09,UP,6.5,1,20.0,-5.7,50293,50293
2024.05.15 15:30:01,UP,7.7,1,20.1,0.0,10,10
2024.05.15 15:35:29,DOWN,-5.2,2,19.9,-20.2,4766,10430
2024.05.15 19:13:17,UP,5.1,1,20.0,-3.9,11579,11579
2024.05.16 15:30:17,UP,5.5,2,2.3,-20.2,12468,70703
2024.05.17 11:33:50,DOWN,-5.3,2,8.3,-20.3,9191,21416
2024.05.17 17:49:01,UP,5.1,3,3.5,-9.6,836,195059
2024.05.21 15:08:30,DOWN,-5.1,1,20.2,-1.4,3237,3237
2024.05.21 16:02:28,DOWN,-13.8,2,0.4,-20.0,5,46766
2024.05.22 09:00:11,UP,5.0,2,2.4,-20.4,3648,16140
2024.05.22 14:59:13,UP,5.1,1,20.2,-15.1,78999,78999
2024.05.23 15:53:03,UP,5.3,2,7.6,-20.0,2569,3118
2024.05.23 16:45:01,DOWN,-23.5,1,20.0,-17.0,13996,13996
2024.05.23 20:39:29,DOWN,-5.0,2,10.0,-20.0,4790,59365
2024.05.24 17:00:23,UP,5.1,3,9.7,-5.9,8863,197977
2024.05.27 11:03:49,DOWN,-5.0,2,0.4,-20.1,4,6833
2024.05.27 12:59:24,UP,5.0,2,1.0,-20.0,44,7471
2024.05.27 15:03:55,DOWN,-11.1,2,5.3,-20.1,198,46145
2024.05.28 14:04:35,UP,5.1,2,5.7,-21.3,805,10526
2024.05.28 17:00:01,DOWN,-5.2,2,1.7,-20.0,398,6864
2024.05.28 20:04:35,DOWN,-5.2,1,20.0,-4.7,25185,25185
2024.05.29 11:00:06,DOWN,-5.2,1,20.3,-12.0,22904,22904
2024.05.29 17:21:51,DOWN,-7.6,1,20.1,-1.1,16251,16251
2024.05.30 10:38:26,DOWN,-5.2,2,0.3,-20.3,57,4739
2024.05.30 15:30:06,UP,7.6,1,20.2,-5.5,8140,8140
2024.05.31 10:43:03,UP,5.0,1,20.5,-2.4,4768,4768
2024.05.31 12:02:31,UP,9.5,1,20.6,-7.0,12481,12481
2024.05.31 15:30:32,UP,11.5,2,19.0,-20.1,1697,10285
2024.05.31 18:59:31,DOWN,-5.2,3,7.2,-5.7,779,190836
2024.06.03 11:06:55,DOWN,-5.1,2,7.3,-27.0,8868,21185
2024.06.03 17:00:00,UP,13.0,1,20.0,-1.3,5029,5029
2024.06.04 00:06:47,DOWN,-6.2,2,0.0,-20.0,0,10979
2024.06.04 11:03:06,DOWN,-5.0,1,20.1,-5.6,8521,8521
2024.06.04 14:44:55,DOWN,-5.0,2,4.5,-20.1,516,20715
2024.06.05 15:15:01,UP,5.9,2,15.3,-21.2,5401,14139
2024.06.06 10:08:14,DOWN,-5.1,2,16.6,-20.1,17293,19310
2024.06.06 15:30:05,UP,8.1,2,3.9,-20.2,31,1279
2024.06.06 15:51:24,DOWN,-6.7,2,5.1,-20.0,1769,49935
2024.06.07 15:30:01,DOWN,-5.3,1,20.8,-5.7,1,1
2024.06.07 15:35:39,DOWN,-5.1,1,20.1,-3.6,5721,5721
2024.06.07 17:18:16,UP,5.6,2,5.9,-20.1,1327,20537
2024.06.10 00:00:36,DOWN,-25.4,1,20.0,-7.6,25303,25303
2024.06.10 07:04:00,DOWN,-5.0,3,17.9,-18.5,23921,86401
2024.06.11 11:48:07,DOWN,-5.5,1,20.1,-2.1,8654,8654
2024.06.11 14:12:44,DOWN,-5.4,2,13.2,-20.2,9660,76698
2024.06.12 15:30:05,UP,27.9,1,21.5,0.0,31,31
2024.06.12 15:35:29,DOWN,-5.2,2,2.3,-20.0,5,3184
2024.06.12 16:29:35,UP,5.2,2,18.6,-20.0,5692,19316
2024.06.12 21:52:58,DOWN,-5.4,1,20.4,-12.1,59869,59869
2024.06.13 15:22:54,UP,5.1,1,20.4,-7.3,456,456
2024.06.13 15:30:30,UP,20.6,2,3.5,-20.1,12,1827
2024.06.13 16:27:54,UP,5.2,2,4.9,-20.0,730,2705
2024.06.13 17:26:41,DOWN,-5.2,1,20.0,-0.4,3683,3683
2024.06.13 18:28:04,DOWN,-7.3,1,20.0,-9.3,4377,4377
2024.06.13 20:02:04,UP,5.2,2,4.5,-20.4,36831,48865
2024.06.14 09:37:32,DOWN,-5.3,1,20.1,-8.0,7391,7391
2024.06.14 11:44:02,DOWN,-5.1,1,20.0,-0.6,3158,3158
2024.06.14 12:47:20,UP,5.3,1,20.0,-3.0,6173,6173
2024.06.14 14:54:51,UP,5.1,2,0.2,-20.2,1,2240
2024.06.14 15:49:32,UP,5.2,2,3.1,-20.2,385,2512
2024.06.14 16:33:03,DOWN,-5.3,2,1.2,-20.2,1189,5450
2024.06.17 09:01:02,DOWN,-5.0,2,8.4,-20.0,517,18565
2024.06.17 16:24:03,DOWN,-5.2,2,3.5,-20.1,2643,18925
2024.06.18 09:22:16,UP,5.0,2,3.5,-20.4,3532,19129
2024.06.18 15:30:00,UP,8.7,1,20.9,-2.9,4582,4582
2024.06.18 16:47:33,UP,5.0,2,16.3,-20.0,2436,63182
2024.06.19 12:42:26,DOWN,-5.0,1,20.0,-19.6,81569,81569
2024.06.20 12:28:08,DOWN,-5.1,1,21.7,-17.1,78412,78412
2024.06.21 10:15:00,DOWN,-12.3,1,20.0,-6.4,1347,1347
2024.06.21 10:42:31,UP,5.0,3,17.7,-4.6,8483,220649
2024.06.24 00:01:09,DOWN,-5.1,2,2.9,-20.0,19,34487
2024.06.24 10:34:49,UP,5.1,1,20.0,-1.3,11822,11822
2024.06.24 14:59:41,UP,5.3,2,11.0,-20.0,7815,84266
2024.06.25 16:02:19,UP,5.0,2,8.0,-20.0,47261,65396
2024.06.26 14:58:11,UP,5.1,2,1.7,-20.0,69,4765
2024.06.26 17:04:01,UP,5.2,1,20.1,-6.2,71576,71576
2024.06.27 13:43:53,UP,5.1,1,20.0,-8.2,7808,7808
2024.06.27 15:54:01,UP,8.5,2,6.0,-20.1,2529,9263
2024.06.27 18:28:26,DOWN,-5.7,2,15.0,-20.1,36824,84347
2024.06.28 17:54:13,UP,10.2,1,24.6,-14.4,194748,194748
2024.07.01 00:00:01,UP,32.4,1,20.1,-12.1,32538,32538
2024.07.01 09:02:19,UP,8.7,2,12.0,-20.0,1601,20580
2024.07.01 14:56:18,UP,5.0,2,19.9,-20.0,7423,10776
2024.07.01 18:04:43,DOWN,-5.1,2,15.0,-20.3,68538,81459
2024.07.02 17:00:01,DOWN,-7.8,2,9.6,-20.0,731,36503
2024.07.03 03:08:59,UP,5.2,1,20.1,-18.3,44892,44892
2024.07.03 15:37:42,UP,5.3,1,23.0,-3.7,4938,4938
2024.07.03 17:00:00,UP,14.0,2,14.5,-20.1,1002,13007
2024.07.03 23:59:57,DOWN,-7.1,2,3.5,-20.0,64,41207
2024.07.05 10:39:58,UP,5.1,2,4.8,-20.1,9495,17405
2024.07.05 15:30:03,DOWN,-19.3,2,1.5,-21.2,2,14
2024.07.05 15:36:50,UP,5.5,2,2.4,-20.1,2194,5606
2024.07.05 17:32:27,UP,5.1,1,20.1,-1.7,17616,17616
2024.07.08 00:00:02,DOWN,-37.7,2,1.8,-24.8,162,3833
2024.07.08 01:03:55,UP,7.3,3,18.5,-11.8,55152,86405
2024.07.09 17:00:14,UP,6.0,2,0.0,-20.5,0,4428
2024.07.09 18:14:40,DOWN,-5.1,2,1.7,-20.2,31,75947
2024.07.11 11:43:49,UP,5.1,1,28.7,-2.6,13573,13573
2024.07.11 15:30:02,UP,24.0,1,20.4,-4.5,47,47
2024.07.11 15:35:42,DOWN,-5.2,1,20.3,-17.3,15980,15980
2024.07.11 20:02:05,DOWN,-5.3,2,1.8,-20.0,2673,55394
2024.07.12 15:28:07,DOWN,-5.2,2,13.4,-20.0,116,8651
2024.07.12 17:54:34,UP,5.0,2,2.5,-22.8,16287,194774
2024.07.15 00:00:52,DOWN,-20.5,2,3.2,-20.1,174,40670
2024.07.15 13:21:29,UP,5.1,2,3.2,-20.1,17160,24109
2024.07.15 20:03:18,DOWN,-7.4,1,20.4,-6.7,71204,71204
2024.07.17 09:04:29,DOWN,-5.1,2,4.7,-20.6,3746,8979
2024.07.17 11:34:09,UP,7.8,1,21.3,-1.2,1408,1408
2024.07.17 13:43:35,DOWN,-5.1,3,10.3,-14.0,20700,86401
2024.07.18 15:15:43,UP,5.1,2,5.4,-20.0,913,5786
2024.07.18 18:41:17,UP,5.2,2,6.5,-20.0,126,33197
2024.07.19 10:03:08,UP,5.3,3,3.8,-14.9,17816,223013
2024.07.22 01:00:01,UP,5.3,3,13.5,-15.9,5591,86402
2024.07.23 10:29:40,DOWN,-5.1,1,20.1,-5.2,10626,10626
2024.07.24 10:15:21,UP,5.3,2,3.5,-20.0,25,2083
2024.07.24 12:48:41,UP,5.3,1,20.1,-2.4,12087,12087
2024.07.24 16:45:00,DOWN,-5.5,1,20.9,-10.9,26203,26203
2024.07.25 10:16:38,UP,5.1,1,20.0,-3.5,3049,3049
2024.07.25 11:19:10,DOWN,-5.0,2,19.7,-20.0,19176,31897
2024.07.26 10:12:10,DOWN,-5.0,3,6.8,-19.3,5068,222510
2024.07.29 10:14:59,DOWN,-5.2,1,20.1,-4.1,5954,5954
2024.07.29 17:52:12,UP,5.1,1,20.0,-0.1,63009,63009
2024.07.30 15:34:55,DOWN,-5.5,2,11.8,-20.4,7838,77395
2024.07.31 14:44:51,DOWN,-5.1,1,20.0,-15.4,16293,16293
2024.07.31 21:00:03,DOWN,-7.2,2,6.2,-20.2,59,2983
2024.07.31 22:29:46,DOWN,-5.1,1,20.0,-13.0,44665,44665
2024.08.01 11:04:22,DOWN,-5.2,2,18.5,-20.6,6935,21339
2024.08.01 17:00:02,UP,13.3,2,2.4,-20.8,178,2615
2024.08.01 17:47:40,DOWN,-5.1,2,11.6,-20.5,7524,63847
2024.08.02 15:30:01,UP,13.7,1,20.0,0.0,8,8
2024.08.02 15:35:20,UP,5.1,1,20.1,-16.9,940,940
2024.08.02 15:52:06,UP,6.1,1,20.0,-1.5,3971,3971
2024.08.02 16:58:17,UP,5.1,1,20.1,-6.2,3503,3503
2024.08.02 18:08:18,DOWN,-5.1,3,10.8,-10.6,3296,193952
2024.08.05 00:00:50,UP,11.9,2,17.4,-20.5,26820,32815
2024.08.05 09:07:45,DOWN,-6.8,2,7.0,-20.0,290,3434
2024.08.05 10:07:17,UP,5.3,1,20.5,-3.9,1103,1103
2024.08.05 10:30:41,UP,5.5,1,20.0,-10.5,2300,2300
2024.08.05 11:09:01,UP,8.4,2,7.4,-20.0,135,3657
2024.08.05 12:13:44,UP,5.2,2,7.6,-20.0,1054,3337
2024.08.05 13:09:21,DOWN,-6.4,2,0.2,-20.2,1,3680
2024.08.05 14:10:41,UP,6.0,1,20.0,-8.8,3826,3826
2024.08.05 15:14:29,UP,7.7,1,20.6,-7.2,2006,2006
2024.08.05 15:47:55,UP,8.2,2,14.8,-25.6,66,4325
2024.08.05 17:00:00,DOWN,-9.7,1,20.0,-18.2,7866,7866
2024.08.05 19:17:36,UP,5.2,2,7.4,-20.0,2641,52254
2024.08.06 10:02:07,DOWN,-5.3,1,20.2,-7.1,8510,8510
2024.08.06 14:22:02,UP,5.1,1,20.3,-5.3,12462,12462
2024.08.06 18:28:27,DOWN,-5.1,1,20.0,-6.6,51066,51066
2024.08.07 11:54:18,DOWN,-5.1,2,12.6,-20.0,3472,76663
2024.08.08 09:12:13,UP,5.5,2,2.7,-20.0,2988,14110
2024.08.08 13:24:23,UP,5.0,2,5.7,-20.5,5426,7748
2024.08.08 15:33:32,DOWN,-20.7,1,20.1,-7.2,4029,4029
2024.08.08 16:41:20,DOWN,-5.2,2,4.6,-20.3,484,4375
2024.08.08 17:54:15,UP,5.9,1,20.0,-1.2,56163,56163
2024.08.12 17:29:07,UP,5.1,1,20.2,-0.2,52997,52997
2024.08.13 11:18:32,DOWN,-5.2,2,9.5,-20.3,2871,15098
2024.08.13 15:30:10,UP,15.6,1,20.1,-8.9,14917,14917
2024.08.13 21:04:23,UP,5.3,1,20.1,-2.7,47413,47413
2024.08.14 11:47:47,UP,5.1,1,20.2,-0.9,13340,13340
2024.08.14 15:30:08,UP,10.8,2,0.2,-20.1,0,64
2024.08.14 15:44:03,UP,5.1,1,21.0,-7.9,1606,1606
2024.08.14 16:12:21,DOWN,-5.3,1,20.0,-14.1,17320,17320
2024.08.15 11:04:33,DOWN,-5.2,1,21.1,-6.0,15943,15943
2024.08.15 15:30:17,DOWN,-23.9,1,20.5,-0.4,402,402
2024.08.15 15:36:59,DOWN,-7.4,2,17.5,-20.1,2128,9313
2024.08.16 00:01:00,DOWN,-5.0,2,0.0,-20.0,0,34305
2024.08.16 15:31:20,UP,5.0,1,20.1,-11.7,21780,21780
2024.08.19 01:01:01,UP,5.4,1,20.0,-8.8,58136,58136
2024.08.19 17:09:58,UP,6.4,1,20.2,-5.2,2410,2410
2024.08.19 17:52:37,DOWN,-5.1,2,7.3,-20.2,1990,26441
2024.08.20 10:57:47,UP,5.0,1,20.1,-9.8,20993,20993
2024.08.20 17:03:00,DOWN,-5.1,2,3.5,-20.9,574,8701
2024.08.21 00:00:53,DOWN,-5.4,1,21.1,-9.9,61158,61158
2024.08.21 17:00:11,DOWN,-8.4,2,6.6,-20.7,3,924
2024.08.21 17:15:36,UP,5.2,1,20.1,-18.5,5829,5829
2024.08.21 21:00:42,UP,5.1,2,13.4,-20.0,1750,29494
2024.08.22 10:15:00,UP,7.3,2,5.3,-23.0,3,900
2024.08.22 10:30:00,DOWN,-10.5,1,20.0,-14.7,23020,23020
2024.08.22 16:53:42,DOWN,-5.1,3,18.4,-15.5,1846,86401
2024.08.23 16:58:29,UP,5.0,1,20.9,-0.4,253,253
2024.08.23 17:03:29,UP,24.6,1,20.4,-1.1,409,409
2024.08.23 17:10:18,UP,5.5,1,20.1,-10.1,1431,1431
2024.08.23 17:34:10,UP,9.6,1,20.0,-14.7,12895,12895
2024.08.23 21:22:40,DOWN,-5.2,3,8.0,-2.7,2151,182291
2024.08.26 00:00:59,DOWN,-8.7,1,20.5,-18.0,52485,52485
2024.08.26 15:32:09,DOWN,-5.2,3,9.9,-18.9,2071,86403
2024.08.27 15:39:40,UP,5.0,1,20.5,-4.9,16615,16615
2024.08.27 20:19:34,UP,5.2,2,9.5,-20.0,5306,41047
2024.08.28 08:07:28,DOWN,-5.9,1,20.0,-4.4,17058,17058
2024.08.28 14:57:44,DOWN,-6.1,2,13.9,-20.2,2077,65403
2024.08.29 10:04:35,DOWN,-5.2,1,20.7,-8.7,3495,3495
2024.08.29 11:02:50,DOWN,-27.9,1,20.2,-7.1,1170,1170
2024.08.29 11:22:20,DOWN,-7.2,1,20.4,-18.5,21510,21510
2024.08.29 17:27:35,UP,5.1,1,20.1,-10.5,7108,7108
2024.08.29 20:14:27,DOWN,-5.6,1,20.0,-16.5,70586,70586
2024.08.30 15:50:58,DOWN,-5.1,2,4.4,-20.2,1154,4154
2024.08.30 17:00:12,UP,6.1,2,1.9,-20.0,3169,5546
2024.08.30 18:32:39,DOWN,-5.1,3,14.3,-3.9,3892,192529
2024.09.02 11:02:31,UP,5.2,2,5.6,-20.0,1050,81127
2024.09.03 10:58:33,DOWN,-5.1,1,20.1,-3.5,4219,4219
2024.09.03 12:08:52,DOWN,-9.6,2,3.0,-20.0,5192,14583
2024.09.03 16:19:17,UP,5.0,2,10.6,-20.4,2443,3891
2024.09.03 17:25:54,UP,5.1,1,20.2,-16.7,84847,84847
2024.09.04 17:00:01,UP,6.9,1,20.3,0.0,181,181
2024.09.04 17:06:47,DOWN,-5.5,2,5.1,-20.1,240,2182
2024.09.04 17:43:09,UP,5.5,2,3.5,-20.1,880,9995
2024.09.05 10:12:55,UP,5.1,1,20.3,-8.1,15418,15418
2024.09.05 15:14:12,UP,5.1,2,17.8,-20.1,463,8756
2024.09.05 17:43:41,DOWN,-5.0,2,1.5,-20.0,199,4688
2024.09.05 19:02:41,UP,5.1,1,20.2,-4.3,53684,53684
2024.09.06 13:19:45,DOWN,-5.1,1,22.5,-3.3,7817,7817
2024.09.06 15:30:02,DOWN,-23.3,2,3.7,-21.0,1,4
2024.09.06 15:35:51,UP,5.8,2,8.8,-20.1,69,1181
2024.09.06 16:04:13,DOWN,-5.6,1,20.1,-4.3,1012,1012
2024.09.06 16:23:19,UP,5.2,2,0.9,-20.1,3,825
2024.09.06 16:37:04,DOWN,-12.6,2,17.6,-20.5,721,3696
2024.09.06 17:38:41,UP,19.5,1,20.2,-6.0,1305,1305
2024.09.06 18:00:26,UP,22.5,2,10.2,-20.5,23,201
2024.09.06 18:06:24,DOWN,-5.4,1,20.0,-11.2,3577,3577
2024.09.06 19:42:05,DOWN,-5.3,3,3.7,-16.2,1269,188368
2024.09.09 00:01:43,DOWN,-5.4,1,20.2,-11.3,35955,35955
2024.09.09 10:02:16,DOWN,-5.5,1,20.4,-4.7,12867,12867
2024.09.09 15:33:49,UP,5.1,2,6.3,-20.1,16799,83913
2024.09.10 15:28:29,DOWN,-5.3,2,13.1,-20.1,8676,60397
2024.09.11 11:07:00,DOWN,-5.1,1,20.0,-18.1,15800,15800
2024.09.11 15:30:21,DOWN,-24.5,3,15.7,-14.4,8311,86401
2024.09.12 15:30:22,DOWN,-7.8,2,0.6,-20.0,1,1098
2024.09.12 15:48:41,UP,9.2,1,20.3,-10.1,18442,18442
2024.09.12 20:56:04,UP,5.1,1,20.0,-1.4,8706,8706
2024.09.13 00:01:00,DOWN,-5.3,2,0.0,-20.0,0,14418
2024.09.13 05:07:38,UP,5.1,3,14.8,-14.1,39884,240851
2024.09.16 01:01:30,UP,5.2,1,20.0,-0.6,20698,20698
2024.09.16 10:33:26,UP,5.1,1,20.2,-2.5,21708,21708
2024.09.16 16:46:48,DOWN,-5.3,3,12.0,-19.3,86030,86401
2024.09.17 16:48:26,DOWN,-5.1,2,5.4,-20.0,12225,70508
2024.09.18 14:04:31,DOWN,-5.0,2,16.8,-21.4,12640,24930
2024.09.18 21:00:01,UP,21.8,1,21.0,0.0,19,19
2024.09.18 21:05:13,UP,5.3,1,20.0,-15.1,1651,1651
2024.09.18 21:32:45,UP,12.1,2,5.4,-20.3,106,637
2024.09.18 21:43:22,DOWN,-20.3,1,20.0,-8.0,1025,1025
2024.09.18 22:00:28,DOWN,-6.7,1,20.2,-5.0,1332,1332
2024.09.18 22:22:41,DOWN,-18.4,1,20.1,-16.6,1585,1585
2024.09.18 22:49:06,DOWN,-12.2,2,5.5,-20.0,110,8901
2024.09.19 03:09:59,DOWN,-5.1,1,20.3,-4.1,2512,2512
2024.09.19 03:51:51,DOWN,-6.1,2,19.5,-20.0,2539,9131
2024.09.19 06:24:30,UP,5.1,1,20.0,-0.8,7607,7607
2024.09.19 09:48:43,UP,5.1,1,20.7,-3.7,6328,6328
2024.09.19 11:34:34,UP,5.6,2,15.6,-21.1,4680,14126
2024.09.19 15:30:00,DOWN,-8.9,1,20.3,-2.9,4287,4287
2024.09.19 16:44:29,DOWN,-5.0,2,4.7,-20.1,1563,6150
2024.09.19 19:26:11,UP,5.3,1,20.0,-6.1,50866,50866
2024.09.20 09:34:20,UP,5.2,2,4.3,-20.0,2345,5933
2024.09.20 11:18:02,DOWN,-5.2,2,0.2,-20.0,21,16057
2024.09.20 16:14:58,DOWN,-5.0,1,20.4,-1.1,2755,2755
2024.09.20 17:00:54,DOWN,-7.2,2,11.5,-20.0,4933,7759
2024.09.23 00:01:22,DOWN,-5.7,1,20.1,-9.9,36584,36584
2024.09.23 10:11:51,DOWN,-5.2,1,20.2,-5.0,193,193
2024.09.23 10:16:51,DOWN,-15.5,1,20.0,-5.4,2102,2102
2024.09.23 10:52:01,DOWN,-5.4,2,18.0,-20.1,1336,12057
2024.09.23 15:19:56,DOWN,-5.1,2,0.5,-20.0,2,3081
2024.09.23 16:24:20,UP,5.1,2,10.0,-20.0,4292,23402
2024.09.24 00:00:35,UP,5.3,1,20.1,-12.2,39867,39867
2024.09.24 13:36:04,DOWN,-5.2,2,8.3,-20.0,3525,12714
2024.09.24 17:08:04,UP,5.1,1,20.0,-5.3,18100,18100
2024.09.25 00:01:01,DOWN,-5.9,2,0.0,-20.1,0,10850
2024.09.25 10:34:01,UP,5.1,1,20.3,-15.7,19953,19953
2024.09.25 16:13:07,DOWN,-5.1,1,20.0,-4.0,3601,3601
2024.09.25 17:13:09,DOWN,-5.2,1,20.3,-0.3,2342,2342
2024.09.25 17:52:12,DOWN,-5.7,1,20.1,-8.5,3793,3793
2024.09.25 18:57:18,DOWN,-5.2,1,20.7,-3.2,4317,4317
2024.09.25 20:09:15,DOWN,-7.3,2,3.0,-20.2,45,36403
2024.09.26 10:30:06,UP,5.2,2,0.5,-20.2,1,1811
2024.09.26 11:00:34,DOWN,-5.2,2,3.8,-20.5,1447,5111
2024.09.26 13:37:41,UP,5.5,2,12.4,-20.3,6485,12423
2024.09.26 17:04:44,DOWN,-7.2,2,6.9,-20.0,141,994
2024.09.26 17:21:19,UP,11.8,1,20.2,-12.3,1691,1691
2024.09.26 17:49:30,UP,9.2,2,16.1,-20.3,3931,57330
2024.09.27 09:45:00,DOWN,-10.0,1,20.1,-1.7,2336,2336
2024.09.27 10:24:09,DOWN,-5.7,2,4.0,-20.1,71,7510
2024.09.27 12:29:41,UP,5.2,1,20.0,-2.9,3960,3960
2024.09.27 14:57:06,DOWN,-5.1,2,8.1,-20.1,1976,2837
2024.09.27 15:44:23,UP,8.1,1,20.2,-2.6,1620,1620
2024.09.27 16:28:29,DOWN,-5.1,1,20.1,-8.7,6732,6732
2024.09.27 18:44:44,DOWN,-5.0,3,11.7,-9.7,3362,191786
2024.09.30 00:01:17,DOWN,-10.3,2,0.2,-20.0,11,11705
2024.09.30 04:13:38,DOWN,-5.0,2,9.5,-20.0,18351,25722
2024.09.30 11:32:42,UP,5.0,2,14.2,-20.3,1499,16507
2024.09.30 16:07:50,DOWN,-5.7,1,20.0,-10.0,4664,4664
2024.09.30 17:25:34,DOWN,-5.5,1,20.1,-12.2,13545,13545
2024.09.30 21:11:19,DOWN,-8.2,1,20.4,-10.5,46715,46715
2024.10.01 10:09:55,DOWN,-16.2,1,20.0,-14.7,9659,9659
2024.10.01 14:01:38,UP,5.1,2,8.1,-20.1,331,6802
2024.10.01 16:03:41,UP,5.2,2,6.8,-20.3,1845,3381
2024.10.01 17:00:03,DOWN,-11.9,2,2.1,-20.2,1,43
2024.10.01 17:25:53,DOWN,-5.1,1,20.1,-8.0,8246,8246
2024.10.01 19:48:26,DOWN,-5.0,2,3.2,-20.2,1946,6378
2024.10.02 00:05:24,UP,5.5,2,15.1,-20.0,41417,59709
2024.10.02 16:49:18,UP,5.1,2,2.8,-20.0,206,3931
2024.10.02 22:59:23,UP,6.0,2,0.0,-20.0,0,26932
2024.10.03 08:08:30,DOWN,-5.2,1,21.0,-17.6,34516,34516
2024.10.03 17:43:46,DOWN,-11.7,2,0.0,-20.1,0,6834
2024.10.03 19:38:30,UP,5.1,2,10.1,-25.0,27135,71491
2024.10.04 15:30:02,DOWN,-23.7,1,20.2,0.0,9,9
2024.10.04 15:35:37,DOWN,-5.1,1,20.0,-13.5,14101,14101
2024.10.07 00:01:10,DOWN,-10.4,2,9.2,-20.0,46202,54476
2024.10.07 17:03:27,UP,5.1,2,2.1,-26.3,13091,25200
2024.10.08 00:03:27,DOWN,-15.5,2,0.3,-20.1,0,5459
2024.10.08 10:44:57,UP,5.4,2,4.5,-20.2,1248,18688
2024.10.08 16:08:27,UP,5.5,2,0.0,-20.4,0,8565
2024.10.08 20:04:11,DOWN,-5.2,1,20.2,-10.6,72824,72824
2024.10.09 16:18:00,DOWN,-5.1,1,20.2,-11.1,68454,68454
2024.10.10 14:39:27,DOWN,-6.0,1,20.0,-6.6,3035,3035
2024.10.10 15:30:02,DOWN,-21.3,2,4.2,-20.5,0,6
2024.10.10 15:35:35,DOWN,-5.3,1,20.0,-10.1,6966,6966
2024.10.10 17:31:47,DOWN,-5.1,2,17.2,-20.2,9393,21291
2024.10.11 00:00:46,DOWN,-9.7,2,15.4,-20.1,42,39450
2024.10.11 14:38:08,UP,5.0,3,18.4,-8.0,14162,206572
2024.10.14 00:01:01,DOWN,-6.2,1,20.1,-6.5,53240,53240
2024.10.14 14:48:34,DOWN,-5.2,1,20.2,-17.6,25975,25975
2024.10.14 22:01:30,DOWN,-7.7,2,1.4,-20.1,15,14068
2024.10.15 09:03:45,DOWN,-5.7,2,1.0,-20.1,4619,7798
2024.10.15 11:47:31,UP,5.1,2,2.2,-20.4,18159,27410
2024.10.15 19:24:22,DOWN,-6.4,1,20.5,-8.1,79394,79394
2024.10.16 17:27:37,DOWN,-5.6,1,20.6,-8.6,47115,47115
2024.10.17 12:40:55,UP,5.6,2,10.5,-20.2,9283,10169
2024.10.17 15:30:24,DOWN,-20.1,1,20.1,-6.4,2385,2385
2024.10.17 16:10:43,DOWN,-5.4,2,8.8,-20.6,1044,8504
2024.10.17 19:03:50,DOWN,-5.1,2,10.5,-20.0,5515,71173
2024.10.18 15:33:35,UP,5.1,3,15.4,-2.9,28793,203245
2024.10.21 00:01:00,DOWN,-6.6,1,20.0,-11.7,62544,62544
2024.10.21 17:23:26,DOWN,-5.7,1,20.0,-2.3,5746,5746
2024.10.21 20:14:21,DOWN,-5.1,2,7.1,-20.2,13629,52095
2024.10.22 10:42:37,UP,7.4,2,0.7,-20.1,255,7800
2024.10.22 14:34:50,DOWN,-5.0,1,20.2,-1.6,7765,7765
2024.10.22 16:44:16,DOWN,-6.4,1,20.0,-12.7,63406,63406
2024.10.23 14:42:07,DOWN,-5.1,2,10.1,-20.0,2741,59905
2024.10.24 09:46:09,DOWN,-5.1,2,11.7,-20.3,2374,4555
2024.10.24 11:02:04,UP,7.3,1,20.2,-13.9,33930,33930
2024.10.25 11:17:00,UP,5.5,2,7.5,-20.5,16487,26546
2024.10.25 18:39:27,DOWN,-7.6,3,18.2,-3.8,14599,192033
2024.10.28 00:00:02,DOWN,-6.3,2,7.0,-20.1,26346,36848
2024.10.28 14:39:38,DOWN,-5.1,1,20.2,-12.0,84649,84649
2024.10.29 14:28:44,DOWN,-5.1,1,20.0,-0.3,2214,2214
2024.10.29 15:19:26,UP,5.2,1,22.1,-4.9,2435,2435
2024.10.29 16:00:01,UP,18.8,2,6.4,-20.3,1545,4730
2024.10.29 17:31:26,UP,5.4,1,20.0,-3.4,11439,11439
2024.10.30 10:00:17,UP,5.2,1,20.0,0.0,909,909
2024.10.30 10:15:27,UP,5.9,2,15.3,-20.1,2985,12781
2024.10.30 14:15:01,DOWN,-7.9,2,10.8,-20.8,965,5934
2024.10.30 15:53:55,UP,7.4,1,20.0,-1.3,5915,5915
2024.10.30 18:08:30,DOWN,-5.1,2,13.4,-22.4,35462,73294
2024.10.31 14:30:04,UP,8.3,2,8.0,-20.0,3889,5073
2024.10.31 15:54:37,DOWN,-11.8,2,13.3,-20.4,7007,22243
2024.11.01 14:29:59,DOWN,-5.6,2,0.0,-20.2,0,3
2024.11.01 14:34:59,UP,27.3,2,15.8,-20.4,308,2846
2024.11.01 15:22:25,DOWN,-6.9,1,20.9,-8.8,8797,8797
2024.11.01 17:49:07,DOWN,-5.0,2,15.4,-28.3,16061,195100
2024.11.04 00:00:49,UP,42.4,1,20.1,-5.6,17975,17975
2024.11.04 09:23:12,DOWN,-5.1,2,0.9,-20.2,32,15491
2024.11.04 15:22:27,DOWN,-5.2,1,20.1,-8.1,12770,12770
2024.11.04 20:08:24,DOWN,-5.1,2,8.3,-20.0,23272,62371
2024.11.05 16:14:42,UP,5.5,1,20.0,-13.0,10599,10599
2024.11.06 00:04:46,DOWN,-5.8,1,20.8,-16.4,7718,7718
2024.11.06 02:13:24,DOWN,-21.7,1,20.0,-2.7,995,995
2024.11.06 02:30:37,DOWN,-5.1,1,20.4,-5.2,669,669
2024.11.06 02:41:47,DOWN,-7.1,1,20.1,-4.0,248,248
2024.11.06 02:46:47,DOWN,-17.7,2,0.6,-20.0,4,455
2024.11.06 02:54:23,UP,8.9,2,2.0,-20.0,14,354
2024.11.06 03:00:33,DOWN,-5.3,2,9.8,-20.8,343,939
2024.11.06 03:16:12,UP,9.7,2,5.6,-20.5,66,1018
2024.11.06 03:33:14,DOWN,-5.2,2,1.9,-20.0,355,1293
2024.11.06 03:54:48,UP,6.2,2,0.3,-20.0,2,539
2024.11.06 04:03:47,DOWN,-6.2,1,20.2,-2.5,600,600
2024.11.06 04:13:48,DOWN,-9.1,1,20.7,-7.7,937,937
2024.11.06 04:29:26,DOWN,-18.3,1,21.1,-2.6,399,399
2024.11.06 04:36:05,DOWN,-9.2,2,1.9,-20.0,10,333
2024.11.06 04:41:38,UP,8.1,2,1.0,-20.0,65,1058
2024.11.06 04:59:16,DOWN,-10.8,1,20.0,-13.2,2370,2370
2024.11.06 05:38:47,DOWN,-13.1,1,20.3,0.0,316,316
2024.11.06 05:44:03,DOWN,-16.3,2,6.0,-20.2,39,943
2024.11.06 05:59:47,UP,10.8,1,21.0,-4.7,981,981
2024.11.06 06:16:08,UP,5.7,1,21.1,-13.6,1535,1535
2024.11.06 06:41:44,UP,17.5,2,0.6,-20.0,16,434
2024.11.06 06:48:59,DOWN,-5.1,2,6.7,-20.7,400,779
2024.11.06 07:01:58,UP,10.2,2,6.7,-20.7,385,1838
2024.11.06 07:32:37,DOWN,-8.9,1,20.0,-1.8,1869,1869
2024.11.06 08:03:47,DOWN,-12.1,1,20.5,-6.0,613,613
2024.11.06 08:14:00,DOWN,-20.0,1,20.2,-12.4,1772,1772
2024.11.06 08:43:32,DOWN,-5.5,2,2.7,-20.4,12,756
2024.11.06 08:56:09,UP,7.8,1,20.6,-3.7,1423,1423
2024.11.06 09:19:53,UP,7.1,1,20.1,-19.9,4633,4633
2024.11.06 10:37:06,UP,9.9,2,14.3,-20.0,878,5528
2024.11.06 12:24:03,UP,5.3,2,7.5,-20.1,200,2516
2024.11.06 13:05:59,DOWN,-5.5,1,20.1,-2.5,1038,1038
2024.11.06 13:23:18,DOWN,-7.4,1,20.9,-10.4,4141,4141
2024.11.06 14:32:22,DOWN,-5.3,2,9.7,-20.0,2037,2633
2024.11.06 15:16:15,UP,8.1,1,20.1,-14.0,6737,6737
2024.11.06 17:08:33,UP,13.7,1,20.5,-18.2,11479,11479
2024.11.06 20:19:53,UP,7.7,2,5.2,-20.2,215,5048
2024.11.07 02:22:13,DOWN,-5.5,2,15.3,-20.3,4266,22956
2024.11.07 09:08:03,UP,5.1,1,20.0,-10.3,20853,20853
2024.11.07 15:08:06,UP,5.1,1,20.0,-5.9,5545,5545
2024.11.07 16:40:57,UP,5.6,2,16.0,-20.2,3019,5875
2024.11.07 18:18:52,DOWN,-7.9,1,20.3,-18.0,12235,12235
2024.11.07 21:42:48,DOWN,-22.8,2,1.4,-20.2,66,398
2024.11.07 21:49:26,UP,12.8,1,20.2,-8.4,1524,1524
2024.11.07 22:14:50,UP,11.8,2,0.8,-20.1,51,16960
2024.11.08 03:49:42,UP,5.0,2,2.5,-20.1,1333,22461
2024.11.08 10:04:03,DOWN,-12.4,2,6.2,-20.6,435,3851
2024.11.08 11:23:12,DOWN,-5.2,1,20.1,-13.7,13982,13982
2024.11.08 15:23:39,DOWN,-5.1,1,20.3,-2.7,6153,6153
2024.11.08 17:06:12,DOWN,-6.7,1,20.2,-9.7,6061,6061
2024.11.08 18:48:25,DOWN,-5.2,1,20.0,-3.0,1202,1202
2024.11.08 19:09:58,DOWN,-5.7,2,9.5,-20.3,198,3422
2024.11.08 20:08:53,UP,5.1,3,2.8,-18.7,12213,186729
2024.11.11 00:01:25,DOWN,-13.6,2,0.1,-20.2,88,12021
2024.11.11 03:22:40,UP,5.0,2,0.9,-20.1,158,21659
2024.11.11 09:23:40,DOWN,-5.6,1,20.3,-2.8,1574,1574
2024.11.11 09:49:55,DOWN,-11.2,1,20.1,-8.1,11775,11775
2024.11.11 13:06:11,DOWN,-5.5,1,20.0,-1.5,7956,7956
2024.11.11 15:18:48,DOWN,-6.0,1,20.8,-18.7,65922,65922
2024.11.12 09:37:31,DOWN,-5.5,1,20.0,-14.5,29381,29381
2024.11.12 17:56:09,UP,5.1,2,15.7,-20.3,36266,58429
2024.11.13 10:09:59,DOWN,-9.1,2,0.0,-20.0,0,3127
2024.11.13 11:24:10,UP,5.7,1,20.1,-4.3,9280,9280
2024.11.13 13:58:50,UP,5.6,2,18.8,-20.0,5481,9195
2024.11.13 16:32:05,DOWN,-6.1,1,20.3,-1.0,1240,1240
2024.11.13 16:52:46,DOWN,-9.5,1,20.6,-0.2,805,805
2024.11.13 17:06:12,DOWN,-7.4,2,17.7,-20.1,142,2794
2024.11.13 17:52:46,UP,9.5,2,0.0,-20.3,0,1233
2024.11.13 18:13:19,DOWN,-9.3,1,20.0,-7.6,33794,33794
2024.11.14 03:48:16,UP,5.2,2,1.4,-20.2,380,12429
2024.11.14 07:15:51,DOWN,-5.1,2,1.8,-20.0,1,10390
2024.11.14 10:13:43,DOWN,-5.1,1,20.0,-0.7,2513,2513
2024.11.14 11:14:29,DOWN,-5.4,1,20.0,-0.7,3277,3277
2024.11.14 12:09:33,DOWN,-5.1,2,16.2,-20.1,3873,6149
2024.11.14 13:52:02,UP,5.5,1,20.0,-18.7,9286,9286
2024.11.14 16:26:52,UP,5.0,1,20.0,-4.8,3141,3141
2024.11.14 17:19:14,UP,9.8,2,9.9,-20.4,4038,10791
2024.11.14 22:00:04,DOWN,-6.2,1,20.0,-7.2,396,396
2024.11.14 22:06:41,DOWN,-7.9,2,9.5,-20.1,2878,19388
2024.11.15 03:34:26,DOWN,-5.1,2,5.2,-20.6,683,18755
2024.11.15 08:47:03,UP,8.3,1,20.0,-5.9,8644,8644
2024.11.15 11:24:28,DOWN,-5.1,2,11.8,-20.4,4017,13769
2024.11.15 15:13:57,UP,8.0,2,2.1,-20.5,2,966
2024.11.15 15:30:04,DOWN,-14.3,1,20.1,-19.4,2363,2363
2024.11.15 16:09:27,DOWN,-8.6,1,20.5,-4.7,1682,1682
2024.11.15 16:37:29,DOWN,-7.2,2,6.2,-20.1,1116,6402
2024.11.15 18:24:13,UP,6.2,2,10.5,-20.0,3476,13916
2024.11.15 22:38:24,DOWN,-5.1,2,1.5,-21.4,79,4762
2024.11.15 23:57:46,UP,6.1,3,1.0,-9.4,5,172988
2024.11.18 00:00:54,DOWN,-8.9,2,1.0,-20.0,34,11019
2024.11.18 03:06:52,DOWN,-5.1,2,12.8,-20.0,9642,29749
2024.11.18 11:22:42,UP,9.1,2,8.0,-20.2,521,6029
2024.11.18 13:03:27,DOWN,-5.1,2,10.5,-20.3,2070,10055
2024.11.18 15:51:39,UP,5.5,1,21.1,-5.6,11304,11304
2024.11.18 19:12:46,DOWN,-5.1,2,3.2,-20.2,170,6833
2024.11.18 21:06:57,UP,5.3,2,2.2,-20.2,106,37194
2024.11.19 09:03:40,DOWN,-5.3,1,20.3,-1.0,5761,5761
2024.11.19 10:39:42,DOWN,-15.5,1,20.1,-11.0,2415,2415
2024.11.19 11:19:57,DOWN,-27.5,1,20.0,0.0,122,122
2024.11.19 11:24:57,DOWN,-5.3,2,9.2,-20.8,257,3621
2024.11.19 12:26:47,UP,5.0,1,20.2,-13.7,10322,10322
2024.11.19 15:22:02,DOWN,-5.3,2,13.5,-20.0,6176,8509
2024.11.19 17:43:52,UP,7.9,2,1.1,-20.1,4,2965
2024.11.19 18:34:49,DOWN,-5.3,2,6.9,-20.1,175,15411
2024.11.20 01:00:23,UP,5.1,2,12.5,-20.0,4026,32268
2024.11.20 09:58:11,DOWN,-5.7,1,20.0,-1.4,5541,5541
2024.11.20 11:34:01,DOWN,-5.2,1,20.9,-14.1,17222,17222
2024.11.20 16:21:03,DOWN,-9.9,1,20.0,-12.1,6428,6428
2024.11.20 18:08:12,DOWN,-10.4,2,5.6,-20.1,226,5348
2024.11.20 20:47:48,UP,5.2,1,20.0,-2.1,33159,33159
2024.11.21 09:09:16,DOWN,-5.5,1,20.1,-4.0,7983,7983
2024.11.21 11:22:20,DOWN,-7.0,2,5.6,-20.3,764,20776
2024.11.21 17:09:23,UP,5.1,2,0.5,-20.2,3,2354
2024.11.21 17:48:38,DOWN,-7.0,1,20.0,-0.8,1219,1219
2024.11.21 18:08:57,DOWN,-7.8,1,20.0,-6.8,475,475
2024.11.21 18:16:52,DOWN,-19.9,1,20.3,-9.2,2816,2816
2024.11.21 19:03:48,DOWN,-11.1,2,1.0,-20.0,12,2211
2024.11.21 20:08:59,DOWN,-5.1,2,16.4,-20.0,42032,50721
2024.11.22 10:15:00,DOWN,-16.6,1,20.8,-6.6,2089,2089
2024.11.22 10:49:49,DOWN,-14.5,1,20.0,-2.7,619,619
2024.11.22 11:00:08,DOWN,-5.4,1,20.2,-4.5,565,565
2024.11.22 11:09:34,DOWN,-16.1,1,20.0,-1.5,97,97
2024.11.22 11:14:34,DOWN,-65.7,1,20.2,0.0,7,7
2024.11.22 11:19:34,UP,44.6,1,20.0,-3.3,581,581
2024.11.22 11:29:15,UP,14.4,1,20.0,-19.2,3755,3755
2024.11.22 12:31:50,UP,7.2,2,13.5,-20.0,1549,6673
2024.11.22 14:23:04,DOWN,-5.6,2,6.0,-20.0,468,3272
2024.11.22 15:17:38,UP,5.1,2,10.9,-20.0,2669,6013
2024.11.22 17:00:05,UP,5.2,1,72.2,-15.7,198040,198040
2024.11.25 00:00:45,UP,62.1,1,20.7,-18.3,5323,5323
2024.11.25 01:29:28,UP,11.4,2,0.6,-20.2,18,839
2024.11.25 01:43:27,DOWN,-5.3,1,20.0,-9.5,29472,29472
2024.11.25 09:56:49,DOWN,-5.2,2,6.4,-20.6,1770,3935
2024.11.25 11:02:24,UP,10.2,1,20.0,-4.5,3172,3172
2024.11.25 12:21:00,DOWN,-5.7,2,11.7,-20.2,7451,10619
2024.11.25 15:17:59,UP,5.0,1,20.2,-0.1,523,523
2024.11.25 15:26:42,UP,10.5,2,4.6,-20.3,1760,4668
2024.11.25 16:44:31,DOWN,-6.0,1,20.0,-13.9,5963,5963
2024.11.25 18:23:55,DOWN,-5.3,2,18.3,-20.0,1336,9142
2024.11.26 01:03:08,UP,5.0,2,1.5,-20.1,90,2381
2024.11.26 01:42:49,DOWN,-8.8,1,20.7,-0.2,359,359
2024.11.26 01:48:48,DOWN,-9.7,1,20.9,-4.1,721,721
2024.11.26 02:00:49,DOWN,-6.0,2,12.3,-20.1,960,5361
2024.11.26 03:34:16,UP,5.2,1,20.1,-10.0,8766,8766
2024.11.26 06:01:07,UP,5.9,1,20.5,-13.8,18134,18134
2024.11.26 11:03:21,UP,12.3,1,20.0,-11.4,11470,11470
2024.11.26 14:14:32,UP,10.7,1,20.0,-2.4,247,247
2024.11.26 14:19:32,UP,17.3,2,4.1,-20.5,1154,2517
2024.11.26 15:02:37,DOWN,-5.3,1,20.2,-7.0,3565,3565
2024.11.26 16:02:03,DOWN,-5.4,1,20.0,-11.7,7463,7463
2024.11.26 18:07:15,DOWN,-5.3,2,19.3,-20.1,8893,55516
2024.11.27 09:34:02,UP,5.1,1,20.3,-2.6,2764,2764
2024.11.27 10:20:09,UP,5.5,1,20.5,0.0,39,39
2024.11.27 10:31:39,DOWN,-5.3,2,16.7,-20.2,1576,18131
2024.11.27 15:33:50,UP,13.6,1,20.1,-4.6,1363,1363
2024.11.27 15:56:33,UP,8.0,2,14.8,-20.1,308,3939
2024.11.27 17:02:13,DOWN,-10.5,2,10.2,-20.3,887,2707
2024.11.27 17:47:20,UP,5.4,1,20.0,-9.0,3737,3737
2024.11.27 18:49:38,UP,6.6,2,3.1,-20.0,1825,8012
2024.11.28 03:54:12,DOWN,-5.2,1,20.1,-3.9,20579,20579
2024.11.28 09:47:40,UP,5.3,1,20.0,-10.3,55692,55692
2024.11.29 02:37:49,UP,5.3,1,20.0,-14.4,24519,24519
2024.11.29 09:29:05,UP,5.3,2,2.9,-20.0,25,2193
2024.11.29 10:14:26,DOWN,-5.3,1,20.2,-13.2,16480,16480
2024.11.29 14:57:44,UP,5.8,1,20.5,-17.1,23908,23908
2024.11.29 23:54:33,DOWN,-5.8,3,2.6,-4.0,173189,173189
2024.12.02 00:01:10,DOWN,-14.8,1,20.0,-11.2,5240,5240
2024.12.02 01:29:04,DOWN,-5.1,1,20.0,-8.1,20857,20857
2024.12.02 07:16:58,DOWN,-5.1,1,20.1,-19.5,10041,10041
2024.12.02 10:04:19,DOWN,-5.7,2,1.1,-20.0,12,3956
2024.12.02 11:53:24,UP,5.2,1,20.1,-10.0,8404,8404
2024.12.02 14:13:29,UP,9.3,2,2.3,-20.0,34,1450
2024.12.02 14:37:39,DOWN,-6.3,1,20.5,-1.4,1167,1167
2024.12.02 15:00:50,UP,5.0,2,8.8,-20.0,3778,5963
2024.12.02 16:42:45,DOWN,-5.6,1,20.9,-3.2,4915,4915
2024.12.02 18:04:41,DOWN,-8.3,2,0.0,-20.0,0,956
2024.12.02 18:20:38,UP,5.1,1,20.7,-1.9,14078,14078
2024.12.02 22:15:16,UP,11.5,2,14.3,-20.0,298,31645
2024.12.03 08:14:00,DOWN,-5.1,2,5.5,-20.4,1940,4692
2024.12.03 09:32:13,UP,6.3,1,20.2,-12.1,5321,5321
2024.12.03 11:01:03,UP,5.1,2,0.3,-20.0,865,12520
2024.12.03 14:56:08,DOWN,-5.1,2,17.4,-20.0,9258,18110
2024.12.03 19:58:00,UP,9.0,2,5.6,-20.0,372,6865
2024.12.03 22:09:40,UP,5.2,2,0.8,-20.0,36,26405
2024.12.04 06:07:54,UP,5.1,1,20.2,-1.5,5055,5055
2024.12.04 08:49:44,UP,5.1,2,5.8,-20.4,79,6038
2024.12.04 10:33:01,DOWN,-5.2,1,20.1,-13.7,19802,19802
2024.12.04 16:03:12,DOWN,-5.1,2,6.2,-20.0,376,3297
2024.12.04 16:58:10,UP,6.4,1,20.1,-5.2,132,132
2024.12.04 17:03:10,UP,14.4,1,20.1,-2.5,813,813
2024.12.04 17:16:44,UP,7.1,2,15.4,-20.3,548,13551
2024.12.04 21:02:36,DOWN,-7.6,2,1.0,-20.0,6,763
2024.12.04 21:18:52,DOWN,-5.2,2,16.8,-20.4,3617,45833
2024.12.05 10:02:46,UP,7.7,2,3.4,-20.9,1436,4206
2024.12.05 11:12:52,DOWN,-10.9,2,1.0,-20.1,792,13850
2024.12.05 15:03:42,UP,6.3,1,20.1,-4.9,1691,1691
2024.12.05 15:31:53,UP,19.0,1,20.0,-14.6,3646,3646
2024.12.05 16:34:06,UP,5.1,2,5.0,-20.0,420,2391
2024.12.05 17:13:57,DOWN,-6.0,2,13.8,-20.0,1836,15783
2024.12.05 21:37:00,UP,5.9,1,20.5,-18.6,64383,64383
2024.12.06 15:30:03,UP,21.2,1,20.3,-13.1,188,188
2024.12.06 15:35:49,DOWN,-5.2,1,20.0,-15.4,1898,1898
2024.12.06 16:07:39,DOWN,-8.4,1,20.0,-6.3,3737,3737
2024.12.06 17:09:57,DOWN,-6.0,1,20.0,-12.0,14494,14494
2024.12.09 00:00:53,DOWN,-10.8,1,20.1,-13.5,21839,21839
2024.12.09 09:09:52,DOWN,-5.1,2,0.9,-20.3,27,2767
2024.12.09 09:55:59,UP,6.2,1,20.0,-5.5,8027,8027
2024.12.09 12:09:47,UP,12.6,2,3.5,-20.0,2175,8802
2024.12.09 14:56:49,UP,5.2,1,20.4,-6.1,5432,5432
2024.12.09 16:33:11,DOWN,-5.1,2,1.9,-20.4,2548,5286
2024.12.09 18:54:20,DOWN,-5.8,1,20.0,-3.9,12502,12502
2024.12.10 04:04:47,UP,5.2,2,9.9,-20.2,15972,24897
2024.12.10 11:03:45,DOWN,-5.1,1,20.4,-5.1,21597,21597
2024.12.10 17:03:43,DOWN,-7.2,2,13.8,-20.3,2959,37139
2024.12.11 09:09:00,DOWN,-5.2,1,20.1,-1.0,1602,1602
2024.12.11 09:35:43,DOWN,-6.9,2,12.6,-20.3,9281,21259
2024.12.11 15:30:02,UP,8.6,2,15.6,-20.1,924,3715
2024.12.11 16:31:58,DOWN,-6.8,1,20.0,-8.3,4634,4634
2024.12.11 17:49:13,DOWN,-7.6,2,0.5,-20.0,1,2962
2024.12.11 18:38:36,UP,8.9,1,20.2,-19.0,52032,52032
2024.12.12 09:08:45,UP,5.3,2,7.3,-20.3,559,12616
2024.12.12 14:16:57,DOWN,-5.2,1,21.4,-8.5,3618,3618
2024.12.12 15:17:15,DOWN,-10.3,2,2.0,-20.1,18,780
2024.12.12 15:30:15,UP,10.6,1,20.5,-18.5,4496,4496
2024.12.12 16:45:11,UP,6.1,2,9.9,-20.3,894,2175
2024.12.12 17:21:58,DOWN,-5.1,1,20.7,-5.6,1038,1038
2024.12.12 17:39:16,DOWN,-8.2,2,3.3,-20.0,260,1735
2024.12.12 18:08:12,UP,11.0,1,20.1,-5.5,2160,2160
2024.12.12 19:18:59,DOWN,-5.0,1,20.5,-0.4,2802,2802
2024.12.12 20:34:39,DOWN,-5.6,1,20.3,-3.6,7388,7388
2024.12.12 23:08:46,UP,5.3,1,20.3,-18.6,46158,46158
2024.12.13 11:58:04,UP,15.7,1,20.3,-8.8,9762,9762
2024.12.13 14:40:47,UP,10.8,2,11.8,-20.3,1870,6842
2024.12.13 16:34:51,DOWN,-5.5,3,9.9,-14.0,4629,199563
2024.12.16 00:01:00,DOWN,-18.4,2,0.0,-20.0,0,4034
2024.12.16 02:37:37,UP,5.2,2,6.3,-20.1,28472,34678
2024.12.16 14:59:06,DOWN,-5.5,2,16.4,-20.1,6740,9846
2024.12.16 17:43:13,UP,8.3,1,20.1,-15.7,33068,33068
2024.12.17 02:54:22,UP,8.1,2,2.3,-20.1,8,10687
2024.12.17 11:01:20,DOWN,-5.5,2,4.6,-20.3,5176,16196
2024.12.17 15:31:16,UP,9.7,2,12.0,-20.1,12969,85882
2024.12.18 15:39:01,UP,5.1,2,10.2,-20.0,4466,7990
2024.12.18 18:19:37,UP,5.2,2,12.7,-20.6,8782,9642
2024.12.18 21:00:20,DOWN,-25.4,1,20.3,-0.5,93,93
2024.12.18 21:05:30,DOWN,-5.2,1,20.9,-0.1,1933,1933
2024.12.18 21:37:43,DOWN,-13.1,1,20.0,-3.9,476,476
2024.12.18 21:45:40,DOWN,-5.1,1,20.1,-5.6,1178,1178
2024.12.18 22:05:19,DOWN,-5.6,1,20.1,-9.4,775,775
2024.12.18 22:18:14,DOWN,-16.7,2,1.9,-20.0,21,352
2024.12.18 22:24:07,UP,20.3,2,9.3,-20.1,2580,5724
2024.12.19 00:01:08,DOWN,-6.8,2,0.0,-20.1,0,7961
2024.12.19 03:18:46,UP,5.2,1,20.2,-8.7,21121,21121
2024.12.19 09:10:47,UP,5.9,1,20.1,-9.4,7268,7268
2024.12.19 11:37:39,DOWN,-5.3,1,20.2,-9.2,11861,11861
2024.12.19 14:55:20,DOWN,-5.5,2,6.3,-20.2,604,2685
2024.12.19 15:54:09,DOWN,-5.6,1,20.1,-6.8,6933,6933
2024.12.19 17:49:43,DOWN,-9.0,1,20.0,-5.2,3935,3935
2024.12.19 18:57:28,DOWN,-5.2,2,14.8,-20.1,47729,50611
2024.12.20 09:26:30,UP,5.0,1,20.0,-5.8,18185,18185
2024.12.20 14:37:20,DOWN,-5.2,2,6.9,-20.3,1669,3271
2024.12.20 15:31:52,UP,17.7,2,4.2,-20.2,50,2418
2024.12.20 16:12:38,DOWN,-5.2,2,7.5,-20.2,2229,7657
2024.12.20 18:20:56,UP,5.0,1,20.0,-4.6,2959,2959
2024.12.20 19:13:16,UP,5.1,3,6.7,-18.8,9483,190057
2024.12.23 00:23:36,UP,5.7,2,11.0,-20.7,23514,34119
2024.12.23 09:52:18,DOWN,-5.1,1,20.1,-6.8,10451,10451
2024.12.23 12:56:26,DOWN,-5.1,2,4.8,-20.1,15160,20847
2024.12.23 18:43:54,UP,6.3,2,8.7,-20.3,1769,39846
2024.12.24 05:48:00,DOWN,-6.4,2,0.0,-20.2,0,38550
2024.12.24 17:54:44,DOWN,-5.1,3,7.9,-11.1,6686,108354
2024.12.26 00:34:52,DOWN,-5.0,2,8.2,-20.1,31734,66021
2024.12.26 19:23:50,DOWN,-5.1,2,6.0,-20.0,51611,65001
2024.12.27 13:56:30,UP,5.2,2,4.9,-20.7,422,11709
2024.12.27 17:44:52,UP,5.3,3,6.6,-14.7,354,195373
2024.12.30 00:04:17,UP,5.5,1,20.6,-19.1,47801,47801
2024.12.30 13:20:58,UP,6.4,2,9.2,-20.8,3214,8797
2024.12.30 15:47:48,DOWN,-5.1,1,20.3,-0.1,432,432
2024.12.30 15:55:14,DOWN,-5.1,1,20.2,-5.0,381,381
2024.12.30 16:01:36,DOWN,-5.5,2,2.4,-20.1,30,591
2024.12.30 16:11:31,UP,5.1,2,6.2,-20.0,2674,5778
2024.12.30 17:49:07,DOWN,-5.3,2,6.5,-20.1,224,8339
2024.12.31 00:01:00,DOWN,-9.0,2,0.0,-20.0,0,14542
2024.12.31 10:28:31,DOWN,-5.4,1,20.0,-18.5,17437,17437
2024.12.31 15:31:10,UP,5.1,2,1.6,-20.0,442,3696
2024.12.31 16:32:47,DOWN,-5.1,1,20.1,-13.5,4901,4901
2024.12.31 17:54:29,DOWN,-6.1,3,11.5,-9.2,6352,108364
2025.01.02 01:00:01,DOWN,-5.0,2,5.9,-20.0,7214,13871
2025.01.02 09:58:56,DOWN,-5.0,1,20.1,-5.7,9175,9175
2025.01.02 12:31:51,DOWN,-6.6,1,20.2,-0.6,1026,1026
2025.01.02 12:48:58,DOWN,-17.2,1,20.2,-10.9,14695,14695
2025.01.02 17:27:11,DOWN,-7.0,1,21.5,0.0,1911,1911
2025.01.02 17:59:03,DOWN,-7.3,1,21.7,0.0,255,255
2025.01.02 18:04:03,DOWN,-49.3,2,0.1,-20.0,29,91
2025.01.02 18:09:03,UP,11.5,1,20.2,-10.1,31210,31210
2025.01.03 09:09:48,DOWN,-5.1,2,7.7,-20.5,698,7834
2025.01.03 11:37:37,DOWN,-5.2,3,18.6,-18.4,21214,217398
2025.01.06 00:00:55,DOWN,-5.7,2,6.6,-20.1,9571,34301
2025.01.06 09:32:55,UP,5.6,1,20.1,-3.6,4971,4971
2025.01.06 10:56:28,UP,5.1,1,20.1,-7.4,844,844
2025.01.06 11:14:15,DOWN,-5.3,1,20.0,-8.2,5731,5731
2025.01.06 13:02:42,DOWN,-5.2,2,1.1,-20.1,1,419
2025.01.06 13:09:42,UP,10.5,1,20.0,-2.0,257,257
2025.01.06 13:14:42,UP,35.6,1,20.2,-7.0,460,460
2025.01.06 13:22:23,UP,13.8,1,20.2,-3.6,519,519
2025.01.06 13:31:02,UP,11.6,2,6.9,-20.0,160,3156
2025.01.06 14:23:40,DOWN,-5.2,2,12.9,-20.3,418,2738
2025.01.06 15:09:18,UP,8.3,2,12.0,-20.0,1221,2190
2025.01.06 15:45:48,DOWN,-5.4,1,21.2,-18.8,1792,1792
2025.01.06 16:15:41,DOWN,-25.3,1,20.1,-8.2,51,51
2025.01.06 16:21:08,UP,5.0,1,20.1,-6.0,553,553
2025.01.06 16:31:15,DOWN,-5.3,2,9.0,-20.1,796,1370
2025.01.06 16:54:06,UP,8.0,2,2.7,-20.3,368,1718
2025.01.06 17:37:09,DOWN,-5.2,2,5.4,-20.0,208,1236
2025.01.06 17:57:46,UP,9.0,2,5.5,-20.0,2043,7922
2025.01.06 20:14:32,UP,5.5,1,20.0,-6.6,41386,41386
2025.01.07 09:09:47,UP,5.1,1,22.3,-2.2,9875,9875
2025.01.07 11:54:23,UP,5.7,2,6.8,-20.2,1499,5811
2025.01.07 14:08:30,DOWN,-5.2,1,20.0,-3.1,2276,2276
2025.01.07 14:52:19,DOWN,-5.1,1,20.1,-13.1,7732,7732
2025.01.07 17:01:11,DOWN,-20.0,1,20.4,-9.5,13645,13645
2025.01.08 08:56:25,DOWN,-5.1,1,20.3,-2.8,3726,3726
2025.01.08 09:58:32,DOWN,-6.7,1,20.0,-10.9,12077,12077
2025.01.08 13:26:54,DOWN,-5.1,1,20.3,-2.9,403,403
2025.01.08 13:33:37,DOWN,-18.5,2,8.5,-20.2,410,6699
2025.01.08 15:29:53,DOWN,-5.1,2,5.8,-20.1,5263,18456
2025.01.08 21:17:41,UP,5.3,2,6.3,-20.3,684,39195
2025.01.09 08:56:16,DOWN,-5.0,3,18.3,-19.0,86089,86401
2025.01.10 10:24:22,UP,5.1,2,9.4,-20.9,988,18339
2025.01.10 15:30:02,DOWN,-29.7,1,20.0,0.0,9,9
2025.01.10 15:35:42,UP,5.1,1,20.2,-0.3,546,546
2025.01.10 15:44:48,UP,16.0,1,20.7,-12.7,3493,3493
2025.01.10 16:43:02,UP,11.6,2,0.9,-20.0,99,594
2025.01.10 16:52:57,DOWN,-7.3,2,15.9,-20.0,532,1676
2025.01.10 17:20:54,UP,6.3,2,7.0,-20.3,286,1777
2025.01.10 17:51:21,DOWN,-5.4,1,20.0,-4.9,1799,1799
2025.01.10 18:48:53,UP,5.2,3,14.4,-5.1,3282,191517
2025.01.13 00:01:10,DOWN,-12.3,2,3.3,-20.0,44,11832
2025.01.13 05:32:28,DOWN,-5.2,1,22.3,-8.6,21134,21134
2025.01.13 11:24:42,DOWN,-18.7,1,20.6,-1.0,170,170
2025.01.13 11:29:42,DOWN,-5.5,2,5.6,-20.1,292,5071
2025.01.13 12:54:14,UP,8.9,2,0.0,-20.0,0,1888
2025.01.13 13:33:02,UP,5.1,1,20.2,-7.8,7256,7256
2025.01.13 15:33:59,UP,7.1,2,4.7,-20.0,178,7243
2025.01.13 17:34:43,DOWN,-5.4,2,4.2,-20.0,1918,4322
2025.01.13 18:59:16,DOWN,-5.1,2,2.4,-20.1,91,17045
2025.01.13 23:43:21,UP,8.2,1,20.2,-4.3,1686,1686
2025.01.14 00:11:27,UP,6.1,1,21.0,-6.2,2360,2360
2025.01.14 00:51:02,UP,5.0,2,7.4,-20.0,2631,5697
2025.01.14 04:07:36,DOWN,-5.0,2,3.4,-20.2,2116,17864
2025.01.14 09:12:08,DOWN,-5.1,2,17.6,-20.6,18436,28315
2025.01.14 17:04:04,UP,9.2,1,21.4,-14.2,3903,3903
2025.01.14 18:09:07,UP,8.6,2,4.3,-20.1,484,3853
2025.01.14 19:18:49,UP,5.1,1,20.0,-5.8,11363,11363
2025.01.15 00:01:00,DOWN,-6.2,2,13.6,-41.8,33608,55742
2025.01.15 15:30:02,UP,42.7,2,10.0,-20.9,147,5410
2025.01.15 17:00:35,DOWN,-5.0,1,20.4,-8.6,2961,2961
2025.01.15 17:49:56,DOWN,-12.8,1,21.7,-5.9,2486,2486
2025.01.15 18:31:22,DOWN,-10.8,1,20.1,-3.5,141,141
2025.01.15 18:47:53,UP,5.2,2,19.4,-20.4,53392,74645
2025.01.16 15:32:29,UP,5.3,1,20.2,-4.6,5603,5603
2025.01.16 17:05:53,UP,15.0,1,20.5,-12.9,3774,3774
2025.01.16 18:13:55,DOWN,-5.6,1,20.3,-12.9,54090,54090
2025.01.17 09:48:17,UP,5.0,1,20.7,-3.7,12320,12320
2025.01.17 14:03:06,DOWN,-5.1,1,20.2,-6.6,7790,7790
2025.01.17 16:13:31,DOWN,-6.0,2,12.4,-20.0,730,2245
2025.01.17 16:50:57,UP,10.0,1,20.3,-2.4,871,871
2025.01.17 17:05:28,UP,6.9,2,12.0,-20.1,366,2833
2025.01.17 17:54:02,DOWN,-5.1,1,20.0,-5.7,12505,12505
2025.01.20 00:02:22,UP,5.4,1,20.0,-9.6,18826,18826
2025.01.20 05:31:49,UP,5.0,1,20.3,-5.0,25377,25377
2025.01.20 12:34:48,UP,5.1,1,21.1,-13.0,10519,10519
2025.01.20 15:30:07,UP,27.8,1,22.8,-9.9,96,96
2025.01.20 15:35:20,DOWN,-5.1,1,20.4,-1.9,99,99
2025.01.20 15:41:03,UP,5.5,1,20.0,-12.1,611,611
2025.01.20 15:52:21,DOWN,-5.1,2,9.1,-21.8,1193,2953
2025.01.20 16:41:34,UP,19.5,2,18.0,-20.1,170,3572
2025.01.20 17:41:07,DOWN,-6.6,1,21.4,-13.3,6229,6229
2025.01.20 19:24:56,DOWN,-7.4,1,20.0,-1.8,79,79
2025.01.20 19:30:32,UP,5.3,1,20.7,-1.1,537,537
2025.01.20 19:39:29,UP,6.4,1,20.3,-13.0,7787,7787
2025.01.20 21:49:17,UP,14.7,2,17.8,-20.2,15724,18075
2025.01.21 02:50:32,DOWN,-18.3,1,20.7,-0.8,110,110
2025.01.21 02:55:48,DOWN,-6.0,2,13.7,-20.8,72,1682
2025.01.21 03:23:50,UP,10.0,2,10.9,-20.1,238,1230
2025.01.21 03:48:39,UP,5.5,1,20.1,-3.9,4164,4164
2025.01.21 04:58:04,UP,5.4,2,10.5,-20.2,1068,13209
2025.01.21 08:38:27,DOWN,-5.0,1,20.0,-16.5,10598,10598
2025.01.21 11:40:09,DOWN,-5.8,2,1.3,-20.2,14,13182
2025.01.21 15:32:58,UP,5.1,1,20.2,-1.4,2915,2915
2025.01.21 16:23:33,UP,5.6,1,20.0,-11.7,4772,4772
2025.01.21 17:43:06,UP,5.0,1,20.1,-13.6,10306,10306
2025.01.21 23:09:18,UP,5.2,2,8.1,-20.5,5619,6941
2025.01.22 01:05:05,DOWN,-7.0,2,0.0,-20.1,0,36
2025.01.22 01:10:08,UP,6.1,1,20.4,-12.2,35747,35747
2025.01.22 11:27:54,UP,5.3,1,20.1,-6.5,3583,3583
2025.01.22 13:09:00,UP,5.2,2,1.0,-20.6,422,4625
2025.01.22 14:26:05,DOWN,-6.0,1,20.5,-11.9,14114,14114
2025.01.22 18:38:47,UP,5.1,2,3.2,-20.6,12692,33993
2025.01.23 09:10:49,DOWN,-5.1,2,6.0,-20.3,15,11065
2025.01.23 13:48:51,DOWN,-5.0,1,20.1,-12.2,15768,15768
2025.01.23 18:11:39,DOWN,-13.0,2,11.3,-20.0,39,239
2025.01.23 18:16:39,UP,8.2,1,20.3,-9.4,1707,1707
2025.01.23 18:45:08,UP,5.4,1,20.8,-15.8,35833,35833
2025.01.24 04:42:21,UP,6.5,1,20.1,-10.0,14152,14152
2025.01.24 08:38:13,UP,8.8,1,21.3,-19.7,5811,5811
2025.01.24 10:15:04,UP,13.2,1,20.0,-16.0,3933,3933
2025.01.24 11:20:55,UP,5.1,2,6.8,-20.0,213,3751
2025.01.24 12:23:42,DOWN,-5.1,1,20.0,-9.2,11119,11119
2025.01.24 16:09:35,UP,5.1,1,20.0,-2.6,2814,2814
2025.01.24 16:56:30,UP,6.1,1,20.0,-5.0,3295,3295
2025.01.24 17:51:38,UP,5.2,2,4.8,-20.0,5181,10456
2025.01.24 23:57:31,DOWN,-5.1,3,15.6,-3.8,173017,173017
2025.01.27 00:01:09,DOWN,-17.6,1,20.4,-18.0,32926,32926
2025.01.27 09:09:56,DOWN,-6.4,2,0.2,-20.3,2,4119
2025.01.27 10:22:48,DOWN,-5.5,2,0.0,-20.2,0,2244
2025.01.27 11:04:30,DOWN,-5.6,2,6.8,-20.2,1836,3928
2025.01.27 12:10:31,DOWN,-5.1,2,5.1,-20.0,754,3799
2025.01.27 13:13:51,UP,5.6,2,16.5,-20.2,6854,16005
2025.01.27 18:03:36,UP,5.0,2,3.6,-20.5,1549,8837
2025.01.28 00:58:30,DOWN,-5.3,1,21.1,-2.3,1123,1123
2025.01.28 01:17:13,DOWN,-8.9,1,20.5,-1.8,542,542
2025.01.28 01:26:16,DOWN,-6.8,1,20.5,-13.9,34126,34126
2025.01.28 10:55:10,DOWN,-5.7,2,0.0,-20.2,0,1891
2025.01.28 11:26:42,UP,5.5,2,4.8,-20.0,453,9395
2025.01.28 14:04:06,DOWN,-5.1,2,4.4,-20.0,232,9161
2025.01.28 16:38:10,UP,5.3,2,2.6,-20.5,57881,60673
2025.01.29 09:29:23,DOWN,-7.8,1,20.5,-11.9,9812,9812
2025.01.29 12:12:59,DOWN,-5.4,2,14.7,-20.0,11567,19717
2025.01.29 17:43:06,UP,5.1,2,8.2,-21.1,5968,11868
2025.01.29 21:00:54,DOWN,-19.7,2,10.7,-20.2,2133,2356
2025.01.29 21:40:11,UP,5.5,2,9.7,-20.0,16954,54647
2025.01.30 12:50:58,DOWN,-6.1,2,8.0,-20.3,4208,9404
2025.01.30 15:27:42,UP,5.6,1,20.1,-16.6,1784,1784
2025.01.30 15:57:27,UP,13.2,1,20.9,-0.3,104,104
2025.01.30 16:03:07,DOWN,-5.5,1,20.3,0.0,557,557
2025.01.30 16:12:24,DOWN,-5.6,1,20.0,-11.1,10813,10813
2025.01.30 19:12:59,DOWN,-5.6,2,0.1,-20.3,292,9263
2025.01.30 22:36:47,DOWN,-12.1,1,20.2,-4.1,148,148
2025.01.30 22:43:41,DOWN,-5.3,2,2.5,-20.1,48,248
2025.01.30 22:48:41,UP,21.0,2,4.4,-20.8,903,1232
2025.01.30 23:09:14,DOWN,-21.3,2,12.4,-20.2,15493,37562
2025.01.31 09:46:39,DOWN,-5.3,1,20.0,-1.8,2958,2958
2025.01.31 10:52:00,DOWN,-5.1,1,20.7,-12.5,22358,22358
2025.01.31 17:04:39,DOWN,-6.6,2,1.6,-20.0,9,2283
2025.01.31 17:46:31,UP,5.0,1,20.0,-3.7,3126,3126
2025.01.31 18:38:46,UP,5.4,1,20.6,-13.3,1878,1878
2025.01.31 19:12:03,UP,6.2,2,6.6,-20.0,29,4056
2025.01.31 20:19:39,DOWN,-14.5,1,20.8,-2.3,330,330
2025.01.31 20:25:09,DOWN,-8.6,1,20.7,-3.9,511,511
2025.01.31 20:33:41,DOWN,-20.2,2,1.1,-20.1,4,479
2025.01.31 20:41:40,UP,10.6,2,5.0,-20.0,8723,8909
2025.01.31 23:10:12,DOWN,-5.8,1,109.0,-9.3,175852,175852
2025.02.03 00:01:04,DOWN,-111.0,1,20.0,-16.8,8415,8415
2025.02.03 02:21:20,DOWN,-16.2,1,20.6,-5.9,105,105
2025.02.03 02:26:20,UP,6.0,1,20.5,-5.6,3346,3346
2025.02.03 03:26:19,UP,5.6,2,4.5,-20.3,342,2388
2025.02.03 04:07:06,DOWN,-5.3,2,11.8,-20.4,5561,14165
2025.02.03 08:03:19,UP,6.0,2,5.4,-20.4,2391,5877
2025.02.03 09:41:20,DOWN,-5.3,2,11.0,-20.1,1623,2860
2025.02.03 10:29:00,UP,7.1,1,20.4,-18.3,14205,14205
2025.02.03 14:26:48,UP,5.7,2,18.4,-20.3,2318,8586
2025.02.03 16:49:54,DOWN,-10.6,2,6.9,-21.9,936,1919
2025.02.03 17:21:54,UP,10.9,1,20.5,-2.5,104,104
2025.02.03 17:26:54,DOWN,-13.7,2,7.1,-20.3,96,596
2025.02.03 17:36:50,UP,7.3,2,1.6,-20.1,18,250
2025.02.03 17:41:59,UP,5.0,1,20.3,-1.0,100,100
2025.02.03 17:47:00,DOWN,-10.4,1,23.0,-7.8,970,970
2025.02.03 18:03:11,DOWN,-20.0,2,2.0,-20.4,3,20
2025.02.03 18:08:11,DOWN,-7.8,1,20.2,-18.7,2905,2905
2025.02.03 18:56:37,DOWN,-13.0,2,14.6,-20.5,3955,15795
2025.02.03 23:19:52,UP,9.4,1,20.1,-4.8,977,977
2025.02.03 23:36:09,UP,13.7,1,20.3,-9.1,341,341
2025.02.03 23:41:50,UP,8.9,2,5.3,-25.1,274,1200
2025.02.04 00:02:05,DOWN,-7.2,1,20.1,-14.1,10083,10083
2025.02.04 03:12:52,DOWN,-5.2,1,20.1,-13.1,13996,13996
2025.02.04 07:06:09,DOWN,-7.1,2,19.1,-20.2,342,9138
2025.02.04 09:53:30,DOWN,-5.1,2,2.3,-20.1,795,1713
2025.02.04 10:22:03,UP,8.6,1,20.8,-10.9,20773,20773
2025.02.04 16:08:16,UP,7.7,1,21.5,-8.1,3112,3112
2025.02.04 17:00:08,UP,13.5,1,20.3,-13.9,55418,55418
2025.02.05 08:24:25,UP,5.3,1,20.0,-10.4,10324,10324
2025.02.05 11:16:43,UP,5.3,1,20.2,-13.0,20597,20597
2025.02.05 17:00:00,UP,13.0,2,8.9,-20.0,25,4585
2025.02.05 18:24:17,UP,5.4,2,4.8,-20.1,670,19231
2025.02.06 09:33:25,DOWN,-5.0,1,20.0,-3.4,3360,3360
2025.02.06 10:29:25,DOWN,-6.4,2,11.6,-20.0,14844,34618
2025.02.06 20:09:54,DOWN,-7.2,2,0.9,-20.3,0,2077
2025.02.06 20:44:33,UP,6.3,2,1.3,-20.0,73,23236
2025.02.07 14:04:32,DOWN,-5.1,2,8.9,-20.7,1786,5129
2025.02.07 15:30:01,UP,27.1,2,12.6,-21.6,5,28
2025.02.07 15:36:02,DOWN,-5.1,2,10.3,-20.5,1165,3270
2025.02.07 17:00:01,DOWN,-6.0,1,22.9,-9.8,3201,3201
2025.02.07 17:53:22,DOWN,-26.0,1,20.2,-4.6,56,56
2025.02.07 17:59:02,UP,5.6,2,5.1,-20.1,47,371
2025.02.07 18:05:13,DOWN,-5.0,2,2.0,-20.1,55,871
2025.02.07 18:19:44,UP,17.5,2,2.2,-20.1,45,1116
2025.02.07 18:38:21,DOWN,-6.7,2,9.3,-20.2,1198,1793
2025.02.07 19:08:14,UP,27.0,2,8.1,-20.8,14,458
2025.02.07 19:15:52,DOWN,-12.7,1,20.1,-8.3,144,144
2025.02.07 19:20:53,UP,5.8,2,15.0,-26.6,10265,189595
2025.02.10 00:00:49,DOWN,-31.1,2,17.2,-20.3,48,7307
2025.02.10 02:02:36,UP,5.8,1,20.5,-16.9,39775,39775
2025.02.10 14:08:06,DOWN,-5.1,1,20.0,-12.2,53062,53062
2025.02.11 10:40:59,UP,5.2,1,20.2,-2.1,22074,22074
2025.02.11 16:49:10,UP,5.2,1,21.0,-7.3,17436,17436
2025.02.11 21:39:46,UP,7.8,1,20.0,0.0,58,58
2025.02.11 21:48:11,DOWN,-5.1,2,4.4,-20.2,19142,43725
2025.02.12 09:57:10,UP,5.0,2,6.5,-50.8,12512,19972
2025.02.12 15:30:02,DOWN,-40.8,2,8.4,-20.9,660,2769
2025.02.12 16:16:11,UP,6.1,1,20.7,-7.8,4095,4095
2025.02.12 17:24:26,UP,27.1,1,20.9,-17.3,5524,5524
2025.02.12 18:56:31,UP,7.5,1,20.1,-2.2,1037,1037
2025.02.12 19:13:49,UP,7.2,1,20.4,-6.9,2825,2825
2025.02.12 20:03:21,DOWN,-5.2,1,20.1,-2.2,1912,1912
2025.02.12 20:39:56,DOWN,-5.7,1,20.2,-4.6,12044,12044
2025.02.13 02:27:22,UP,5.4,1,20.2,-9.8,11553,11553
2025.02.13 06:03:48,UP,5.1,2,15.8,-20.4,7996,27835
2025.02.13 13:47:43,DOWN,-16.7,1,20.7,-2.6,6128,6128
2025.02.13 15:29:52,DOWN,-5.5,2,6.9,-20.4,63,489
2025.02.13 15:38:01,UP,7.1,2,3.9,-20.3,64,1878
2025.02.13 16:09:20,DOWN,-5.1,2,0.0,-20.1,0,3049
2025.02.13 17:02:44,UP,5.8,1,20.5,-2.7,701,701
2025.02.13 17:14:25,UP,17.2,2,18.6,-21.1,4238,12393
2025.02.13 20:40:59,DOWN,-24.0,1,23.1,-1.4,66,66
2025.02.13 20:45:59,DOWN,-5.1,2,0.0,-20.2,0,212
2025.02.13 20:51:00,DOWN,-5.1,2,19.3,-20.2,124,991
2025.02.13 21:07:32,UP,8.4,1,20.3,-2.6,4124,4124
2025.02.13 22:17:54,UP,5.2,1,20.0,-5.0,39287,39287
2025.02.14 10:14:55,UP,5.1,1,20.7,-13.8,18905,18905
2025.02.14 15:30:01,UP,11.6,1,20.0,-9.7,4548,4548
2025.02.14 16:51:58,DOWN,-5.0,1,22.1,-5.9,198542,198542
2025.02.17 00:01:17,DOWN,-5.5,2,0.4,-20.3,1053,13914
2025.02.17 09:24:51,DOWN,-5.1,1,20.0,-2.3,19100,19100
2025.02.17 14:43:25,DOWN,-5.1,3,16.8,-17.3,61377,86405
2025.02.18 15:09:59,DOWN,-6.3,2,5.5,-20.0,3223,10276
2025.02.18 19:04:06,DOWN,-5.1,1,20.2,-9.7,60705,60705
2025.02.19 11:58:30,DOWN,-5.3,1,20.0,-13.0,22879,22879
2025.02.19 18:19:49,DOWN,-8.6,2,8.3,-20.1,2817,10853
2025.02.19 21:33:53,DOWN,-5.1,2,11.8,-20.1,8993,55836
2025.02.20 14:26:11,DOWN,-5.3,2,1.6,-20.0,290,4161
2025.02.20 15:43:35,DOWN,-5.1,2,5.6,-20.3,4677,6435
2025.02.20 17:39:28,UP,5.4,1,20.0,-4.3,6306,6306
2025.02.20 19:44:56,UP,5.2,2,11.6,-20.6,20711,52213
2025.02.21 10:15:09,DOWN,-20.3,1,20.2,-18.7,26120,26120
2025.02.21 17:46:53,UP,5.2,3,8.3,-10.9,195257,195257
2025.02.24 00:01:18,UP,10.0,1,20.1,-10.3,8184,8184
2025.02.24 02:17:43,UP,6.5,1,20.0,-0.1,2364,2364
2025.02.24 03:01:15,UP,5.0,2,19.4,-20.1,6828,24226
2025.02.24 10:06:06,DOWN,-5.2,1,20.2,-3.2,12401,12401
2025.02.24 13:32:47,DOWN,-5.9,2,11.0,-20.1,11789,21992
2025.02.24 19:39:27,UP,5.1,2,2.3,-20.4,2888,12034
2025.02.25 00:00:38,DOWN,-5.7,2,4.8,-20.0,36075,48726
2025.02.25 13:34:50,UP,5.1,1,20.3,-0.3,6949,6949
2025.02.25 15:31:48,UP,5.3,2,15.1,-20.1,6861,13164
2025.02.25 20:04:49,UP,5.2,2,17.7,-20.0,22738,44295
2025.02.26 09:36:26,DOWN,-5.2,2,18.3,-20.0,19269,30894
2025.02.26 18:12:16,UP,5.1,2,13.2,-20.2,4678,4995
2025.02.26 19:35:32,DOWN,-5.1,1,20.1,-11.9,26716,26716
2025.02.27 10:29:49,DOWN,-5.0,1,20.4,-19.5,18992,18992
2025.02.27 15:46:21,DOWN,-9.0,1,20.2,-11.6,670,670
2025.02.27 15:57:32,DOWN,-6.4,1,20.3,-11.2,6931,6931
2025.02.27 18:03:02,DOWN,-5.0,1,20.1,-8.2,24733,24733
2025.02.28 03:31:15,DOWN,-5.2,2,12.7,-20.0,2705,41939
2025.02.28 15:34:13,DOWN,-5.4,1,20.3,-14.0,16951,16951
2025.02.28 20:16:44,DOWN,-10.0,1,20.3,-4.8,326,326
2025.02.28 20:22:10,DOWN,-14.8,2,4.8,-38.0,2492,185935
2025.03.03 00:01:05,UP,26.8,1,20.1,-9.7,4932,4932
2025.03.03 01:23:17,UP,8.2,2,2.1,-20.0,9164,32230
2025.03.03 10:22:44,DOWN,-5.6,2,10.4,-20.1,1180,5417
2025.03.03 11:54:14,UP,5.2,1,20.0,-0.8,1306,1306
2025.03.03 12:16:03,UP,5.2,1,20.0,-7.6,6841,6841
2025.03.03 14:10:19,DOWN,-5.2,2,0.8,-20.3,1,2250
2025.03.03 15:09:43,DOWN,-5.1,2,6.4,-20.0,481,4851
2025.03.03 16:57:35,DOWN,-5.1,2,4.8,-20.5,146,1937
2025.03.03 17:29:52,UP,8.4,2,2.5,-20.3,11890,15717
2025.03.03 21:51:49,DOWN,-11.3,2,13.9,-20.0,2729,43124
2025.03.04 09:57:21,DOWN,-5.1,2,7.8,-20.0,295,1847
2025.03.04 10:28:08,UP,5.7,1,20.0,-11.6,12174,12174
2025.03.04 13:51:02,UP,7.0,1,20.2,0.0,2383,2383
2025.03.04 14:51:53,UP,5.4,2,7.3,-20.3,1151,2933
2025.03.04 15:57:47,UP,5.1,2,5.6,-20.2,566,1726
2025.03.04 16:26:49,UP,5.3,2,1.5,-20.1,2,3034
2025.03.04 17:17:23,DOWN,-6.8,2,16.1,-20.0,182,3777
2025.03.04 18:20:32,UP,5.1,1,20.2,-9.7,6542,6542
2025.03.04 20:09:34,UP,15.2,1,20.2,-0.7,1324,1324
2025.03.04 20:38:51,UP,5.3,1,20.1,-3.6,1732,1732
2025.03.04 21:10:40,DOWN,-5.5,2,5.6,-20.2,301,3743
2025.03.04 22:13:03,UP,6.7,1,20.1,-9.0,10530,10530
2025.03.05 01:23:44,DOWN,-5.3,1,20.0,-2.9,9942,9942
2025.03.05 04:09:28,DOWN,-6.6,2,4.7,-20.4,3065,13311
2025.03.05 07:54:49,UP,5.2,1,20.0,-5.8,5507,5507
2025.03.05 09:26:36,UP,9.9,1,20.6,-2.8,1767,1767
2025.03.05 09:56:07,UP,5.1,1,20.3,-13.7,2988,2988
2025.03.05 10:45:58,UP,5.7,1,20.1,-7.4,2735,2735
2025.03.05 11:31:49,UP,5.1,2,4.4,-20.0,66,3122
2025.03.05 12:23:51,DOWN,-8.5,1,20.0,-1.3,3643,3643
2025.03.05 13:24:34,DOWN,-11.7,2,0.9,-20.0,11,3031
2025.03.05 14:24:00,UP,5.2,1,20.0,-13.7,4108,4108
2025.03.05 15:32:29,UP,12.9,1,20.0,-15.3,2039,2039
2025.03.05 16:06:28,UP,17.5,1,20.1,-17.7,1603,1603
2025.03.05 16:33:12,UP,8.4,1,20.3,-18.1,5770,5770
2025.03.05 18:09:26,UP,5.2,1,20.1,-19.3,31453,31453
2025.03.06 02:57:28,DOWN,-5.1,2,7.6,-20.3,709,2994
2025.03.06 03:51:30,UP,5.1,2,1.0,-20.0,2,1858
2025.03.06 04:22:29,DOWN,-5.6,2,15.5,-20.0,6425,13955
2025.03.06 08:25:58,DOWN,-5.3,1,20.2,-13.2,10369,10369
2025.03.06 11:18:47,DOWN,-7.6,2,8.5,-20.1,1172,14194
2025.03.06 15:15:21,UP,13.5,1,20.2,-2.2,59,59
2025.03.06 15:20:32,DOWN,-5.0,2,17.5,-20.3,688,6013
2025.03.06 17:00:45,UP,6.1,2,10.7,-20.0,180,2056
2025.03.06 17:37:40,UP,5.2,2,9.3,-20.0,3123,5757
2025.03.06 19:13:40,DOWN,-5.2,1,20.3,-3.3,4533,4533
2025.03.06 20:29:14,DOWN,-7.2,1,20.0,-2.3,889,889
2025.03.06 20:44:03,DOWN,-16.3,2,1.4,-20.0,57,1301
2025.03.06 21:28:50,DOWN,-5.1,2,0.3,-20.0,121,1422
2025.03.06 21:52:33,UP,5.2,2,1.0,-20.2,57,2712
2025.03.06 22:37:45,DOWN,-6.0,2,15.8,-20.0,2788,25194
2025.03.07 05:38:36,UP,5.4,1,20.2,-11.4,14264,14264
2025.03.07 09:44:57,UP,5.4,1,20.4,-11.1,5327,5327
2025.03.07 11:13:44,UP,9.3,1,21.5,-16.9,15391,15391
2025.03.07 15:30:15,UP,19.8,2,1.9,-20.1,5,61
2025.03.07 15:36:57,DOWN,-5.3,1,20.2,-2.4,1079,1079
2025.03.07 15:54:56,DOWN,-6.5,2,14.6,-20.1,304,2587
2025.03.07 16:38:03,UP,10.1,2,2.6,-20.1,44,536
2025.03.07 16:46:59,DOWN,-9.7,1,20.1,-6.9,3012,3012
2025.03.07 17:40:24,DOWN,-5.1,2,1.4,-20.0,17,515
2025.03.07 17:48:59,UP,13.6,1,20.5,-5.0,16,16
2025.03.07 17:53:59,DOWN,-10.6,1,20.1,-9.5,2173,2173
2025.03.07 18:30:27,DOWN,-5.2,2,3.7,-20.1,41,1827
2025.03.07 19:02:22,UP,5.2,2,0.4,-20.1,2,928
2025.03.07 19:17:50,DOWN,-10.3,3,17.9,-7.3,3479,189730
2025.03.10 00:00:33,UP,7.1,1,20.2,-2.9,4438,4438
2025.03.10 01:14:31,UP,8.1,2,11.1,-20.3,6540,12732
2025.03.10 04:49:46,DOWN,-5.3,1,20.1,-7.4,18319,18319
2025.03.10 09:55:27,DOWN,-5.1,2,12.5,-20.0,3539,5226
2025.03.10 11:22:34,UP,9.2,1,20.3,-0.7,2296,2296
2025.03.10 12:00:50,UP,6.4,2,16.7,-20.2,1615,3821
2025.03.10 13:04:31,DOWN,-22.8,1,20.1,-0.5,75,75
2025.03.10 13:09:31,UP,12.1,2,18.5,-20.2,2423,16478
2025.03.10 17:51:54,UP,5.1,1,20.1,-10.7,29787,29787
2025.03.11 02:08:21,UP,5.8,1,20.0,-13.2,22389,22389
2025.03.11 08:21:30,UP,25.7,1,20.4,-14.2,4880,4880
2025.03.11 09:43:30,UP,5.2,1,20.0,-4.8,3893,3893
2025.03.11 10:48:23,UP,10.1,2,10.9,-20.5,1045,4986
2025.03.11 12:11:30,DOWN,-7.5,2,7.7,-20.1,3255,6746
2025.03.11 14:09:50,DOWN,-5.3,2,2.3,-20.1,99,5021
2025.03.11 15:41:59,UP,5.1,2,4.6,-20.0,265,1813
2025.03.11 16:12:12,DOWN,-5.1,2,10.1,-20.1,1001,6074
2025.03.11 17:53:26,UP,5.6,1,20.3,-8.1,8620,8620
2025.03.11 20:42:25,UP,5.9,2,0.3,-20.1,160,4505
2025.03.11 21:58:59,DOWN,-5.1,1,20.0,-0.3,25942,25942
2025.03.12 08:49:37,DOWN,-5.1,2,9.2,-20.0,1071,6735
2025.03.12 10:49:17,DOWN,-5.1,1,20.1,-16.2,12883,12883
2025.03.12 14:24:00,DOWN,-6.4,2,2.1,-25.7,11,361
2025.03.12 14:30:01,UP,15.4,1,20.1,0.0,1,1
2025.03.12 14:36:42,DOWN,-5.1,1,20.2,-2.2,136,136
2025.03.12 14:42:00,UP,5.2,2,5.2,-20.0,303,1010
2025.03.12 14:58:51,DOWN,-6.4,2,2.5,-20.3,3478,6173
2025.03.12 16:41:45,UP,6.4,1,20.1,-0.5,2605,2605
2025.03.12 17:42:22,DOWN,-5.1,1,20.2,-12.1,10066,10066
2025.03.12 20:38:40,DOWN,-5.1,1,20.2,-9.2,46520,46520
2025.03.13 09:34:00,DOWN,-7.5,1,20.5,-17.7,15904,15904
2025.03.13 13:59:04,DOWN,-15.1,2,2.1,-26.2,654,1857
2025.03.13 14:30:01,UP,12.4,2,2.7,-20.2,0,154
2025.03.13 14:36:43,DOWN,-5.5,1,20.5,-2.6,641,641
2025.03.13 14:47:24,DOWN,-9.5,2,7.2,-20.0,1841,3758
2025.03.13 16:01:23,UP,5.8,1,20.1,-2.2,9489,9489
2025.03.13 18:39:32,UP,8.5,2,5.3,-20.1,151,5186
2025.03.13 21:38:54,DOWN,-5.2,2,17.0,-20.3,43614,52880
2025.03.14 12:22:59,UP,5.3,1,20.1,-4.3,1316,1316
2025.03.14 12:44:55,UP,13.1,1,20.5,-3.1,444,444
2025.03.14 12:52:19,UP,14.0,2,1.6,-20.3,26,956
2025.03.14 13:08:15,DOWN,-6.4,2,2.8,-20.0,303,4509
2025.03.14 14:23:38,UP,5.1,2,0.9,-20.1,30,2092
2025.03.14 14:58:31,DOWN,-11.8,1,20.5,-7.4,3665,3665
2025.03.14 15:59:36,DOWN,-9.0,3,5.2,-19.4,2175,201657
2025.03.17 00:32:00,DOWN,-5.0,2,5.6,-20.3,32522,40039
2025.03.17 11:39:19,UP,7.6,1,20.1,-6.5,17982,17982
2025.03.17 17:24:37,UP,5.2,1,20.2,-19.6,60418,60418
2025.03.18 10:11:35,UP,6.1,2,11.8,-20.2,285,13101
2025.03.18 13:53:42,DOWN,-5.1,1,20.0,-6.4,2636,2636
2025.03.18 14:37:38,DOWN,-11.7,2,4.4,-20.0,44,1589
2025.03.18 15:04:08,UP,5.3,2,8.0,-20.3,6963,7349
2025.03.18 17:06:37,DOWN,-9.1,2,0.0,-20.1,0,1634
2025.03.18 17:38:07,UP,5.2,1,20.0,-2.0,5041,5041
2025.03.18 19:02:50,UP,5.2,2,8.0,-20.1,1284,47902
2025.03.19 08:58:36,DOWN,-5.2,1,20.1,-1.4,2184,2184
2025.03.19 09:36:17,DOWN,-5.5,1,20.3,-0.3,407,407
2025.03.19 09:43:04,DOWN,-7.2,2,2.3,-20.4,9,1021
2025.03.19 10:00:26,UP,5.3,2,19.6,-20.0,14882,28512
2025.03.19 18:34:55,DOWN,-5.0,1,20.0,-5.8,3724,3724
2025.03.19 19:37:00,DOWN,-5.1,2,0.1,-20.3,1,1392
2025.03.19 20:00:13,UP,11.6,1,20.1,-2.6,2162,2162
2025.03.19 20:36:17,UP,5.1,2,16.4,-20.1,28628,46372
2025.03.20 09:29:09,DOWN,-7.0,1,20.5,-5.5,6226,6226
2025.03.20 11:12:56,DOWN,-7.1,1,20.3,-2.9,779,779
2025.03.20 11:25:55,DOWN,-5.6,1,20.0,-15.8,14836,14836
2025.03.20 15:33:33,DOWN,-5.1,2,2.6,-20.2,13,2151
2025.03.20 16:12:24,DOWN,-5.2,2,9.8,-20.0,2088,9301
2025.03.20 19:09:28,DOWN,-5.0,1,20.0,-13.3,44129,44129
2025.03.21 08:57:23,UP,5.3,1,20.1,-10.5,18217,18217
2025.03.21 14:01:02,UP,5.4,2,6.0,-20.3,336,2733
2025.03.21 14:53:09,DOWN,-5.1,1,20.1,-2.1,10633,10633
2025.03.21 17:51:21,DOWN,-5.0,3,15.2,-15.3,144,194919
2025.03.24 00:00:00,UP,6.4,1,20.1,-3.4,8159,8159
2025.03.24 07:57:04,UP,5.2,1,20.0,-2.3,5604,5604
2025.03.24 09:34:31,DOWN,-5.1,1,20.2,-14.6,16986,16986
2025.03.24 14:17:40,DOWN,-5.1,1,20.3,-6.7,5604,5604
2025.03.24 15:51:05,DOWN,-9.4,1,20.1,-16.6,10236,10236
2025.03.24 18:41:41,DOWN,-7.4,2,2.1,-20.0,40,7112
2025.03.24 20:40:14,UP,5.2,2,8.5,-20.2,327,48377
2025.03.25 10:08:34,DOWN,-5.2,2,4.2,-20.2,743,5794
2025.03.25 12:13:06,UP,5.0,1,20.1,0.0,9534,9534
2025.03.25 14:58:18,DOWN,-5.1,1,20.0,-3.5,4735,4735
2025.03.25 16:32:53,UP,5.0,2,9.2,-20.1,1021,17256
2025.03.25 21:34:41,UP,5.4,2,6.1,-20.0,50393,63824
2025.03.26 15:18:25,DOWN,-7.5,1,20.0,-18.8,14569,14569
2025.03.26 19:21:14,DOWN,-8.3,1,20.3,-14.4,14872,14872
2025.03.26 23:36:34,UP,5.3,1,20.1,-7.8,13179,13179
2025.03.27 07:52:22,DOWN,-5.2,2,17.3,-20.0,6089,18877
2025.03.27 13:07:03,UP,5.3,1,20.8,-15.9,15906,15906
2025.03.27 17:32:10,UP,15.2,2,8.4,-20.2,571,3760
2025.03.27 19:22:08,DOWN,-5.0,1,20.0,-0.2,47725,47725
2025.03.28 09:56:20,DOWN,-5.1,2,18.0,-20.3,11250,18736
2025.03.28 15:08:36,UP,16.2,1,20.0,-15.2,4223,4223
2025.03.28 16:18:59,UP,7.1,1,20.2,-4.2,3980,3980
2025.03.28 17:43:50,DOWN,-5.2,1,20.0,-0.6,5809,5809
2025.03.28 19:32:42,UP,5.1,3,12.9,-9.5,10837,188898
2025.03.31 00:01:22,DOWN,-7.5,2,15.2,-20.0,4518,13834
2025.03.31 04:49:00,DOWN,-5.2,1,20.3,-12.0,23271,23271
2025.03.31 11:16:52,DOWN,-5.3,1,20.0,-13.3,20941,20941
2025.03.31 17:13:24,UP,5.5,2,0.0,-20.0,0,1861
2025.03.31 17:44:26,DOWN,-8.4,2,3.2,-20.1,109,1638
2025.03.31 18:11:44,UP,16.0,2,8.9,-20.1,7,4542
2025.03.31 19:27:26,DOWN,-9.6,2,2.4,-20.0,9,631
2025.03.31 19:38:15,UP,5.1,1,20.2,-1.2,35062,35062
2025.04.01 08:02:26,DOWN,-5.1,1,20.2,-1.5,4943,4943
2025.04.01 09:33:31,UP,5.3,1,20.3,-7.1,9089,9089
2025.04.01 12:17:10,DOWN,-5.1,1,20.3,-5.6,3130,3130
2025.04.01 13:09:20,DOWN,-14.2,1,20.0,-10.4,5605,5605
2025.04.01 14:42:45,DOWN,-6.8,2,0.2,-20.5,47,8366
2025.04.01 17:02:11,UP,11.9,1,20.1,-18.9,82557,82557
2025.04.02 15:58:08,UP,8.4,1,20.0,-4.4,6316,6316
2025.04.02 17:43:25,UP,10.3,1,20.1,-6.8,576,576
2025.04.02 17:53:02,UP,14.0,2,13.5,-20.1,3727,19100
2025.04.02 23:11:23,DOWN,-7.6,2,5.3,-21.2,12,117
2025.04.02 23:16:42,UP,5.6,1,20.6,0.0,50,50
2025.04.02 23:21:42,UP,15.2,2,11.0,-21.1,42,209
2025.04.02 23:26:42,UP,7.6,2,0.0,-21.4,0,16
2025.04.02 23:31:42,DOWN,-8.1,1,20.0,-14.6,484,484
2025.04.02 23:39:47,DOWN,-16.4,2,12.8,-20.5,275,897
2025.04.02 23:54:45,UP,7.6,2,17.7,-20.2,232,1624
2025.04.03 00:21:49,DOWN,-5.1,2,18.8,-20.1,3616,6008
2025.04.03 02:02:02,UP,5.1,1,20.2,-4.3,1098,1098
2025.04.03 02:21:12,UP,6.0,1,20.0,-2.4,516,516
2025.04.03 02:29:49,UP,17.6,1,20.4,-2.1,770,770
2025.04.03 02:42:40,UP,10.7,2,4.3,-20.1,171,2173
2025.04.03 03:19:19,DOWN,-5.5,2,5.5,-20.1,722,1625
2025.04.03 03:46:24,UP,5.9,1,21.6,-18.6,16606,16606
2025.04.03 08:23:10,UP,7.5,1,20.1,0.0,592,592
2025.04.03 08:34:42,UP,6.4,1,20.1,-14.4,3727,3727
2025.04.03 09:36:49,UP,5.2,1,20.0,-0.9,1250,1250
2025.04.03 09:57:39,UP,10.0,2,0.3,-20.1,110,819
2025.04.03 10:11:18,DOWN,-7.9,1,20.4,-12.9,830,830
2025.04.03 10:25:09,DOWN,-5.2,2,6.7,-20.0,32,1769
2025.04.03 10:55:53,DOWN,-5.1,2,0.8,-20.0,11,1276
2025.04.03 11:17:57,UP,5.2,1,20.0,-0.8,1272,1272
2025.04.03 11:39:09,UP,13.3,1,20.2,-1.4,1778,1778
2025.04.03 12:08:47,UP,20.3,1,20.1,-0.1,256,256
2025.04.03 12:13:48,UP,12.8,2,0.3,-20.8,0,491
2025.04.03 12:21:59,DOWN,-7.6,2,1.1,-20.0,306,2541
2025.04.03 13:04:20,UP,12.0,1,22.8,-1.0,98,98
2025.04.03 13:09:20,UP,15.2,1,21.9,-1.8,184,184
2025.04.03 13:14:20,UP,59.4,2,1.0,-20.3,47,176
2025.04.03 13:19:26,UP,5.7,2,8.7,-20.1,128,402
2025.04.03 13:26:09,DOWN,-11.6,1,20.0,-0.6,911,911
2025.04.03 13:41:20,DOWN,-11.1,1,20.1,-8.6,902,902
2025.04.03 13:56:22,DOWN,-12.5,2,12.0,-20.1,570,2185
2025.04.03 14:32:48,UP,13.9,1,20.7,-3.6,820,820
2025.04.03 14:46:29,UP,8.5,1,20.0,-19.4,5334,5334
2025.04.03 16:15:23,UP,5.9,1,20.0,-0.4,341,341
2025.04.03 16:21:09,UP,5.1,2,1.3,-20.5,10,281
2025.04.03 16:26:29,DOWN,-5.8,1,20.1,-4.2,215,215
2025.04.03 16:31:29,DOWN,-7.9,2,15.9,-20.3,124,3931
2025.04.03 17:37:01,UP,6.7,1,20.1,-0.4,584,584
2025.04.03 17:46:46,UP,6.0,2,1.4,-20.2,19,1411
2025.04.03 18:11:03,DOWN,-5.3,1,20.0,-0.8,320,320
2025.04.03 18:16:23,DOWN,-8.4,1,20.0,-5.9,580,580
2025.04.03 18:26:03,DOWN,-6.2,1,20.1,-4.1,806,806
2025.04.03 18:39:29,DOWN,-11.3,1,20.0,-14.6,7528,7528
2025.04.03 20:52:01,UP,5.0,1,20.1,-8.9,10373,10373
2025.04.03 23:44:59,UP,8.5,1,20.1,-0.7,6491,6491
2025.04.04 01:33:11,UP,7.0,2,6.4,-20.6,378,2862
2025.04.04 02:33:33,UP,5.2,1,20.0,-13.1,8256,8256
2025.04.04 04:51:12,UP,5.2,1,20.3,-12.8,6661,6661
2025.04.04 06:44:45,UP,5.1,2,15.3,-20.0,6158,8512
2025.04.04 09:07:10,DOWN,-5.1,1,20.1,-7.0,3110,3110
2025.04.04 09:59:00,DOWN,-7.3,1,20.2,-15.9,2417,2417
2025.04.04 10:39:18,DOWN,-15.6,1,20.0,-0.2,459,459
2025.04.04 10:46:57,DOWN,-11.4,1,20.3,-13.0,824,824
2025.04.04 11:00:41,DOWN,-13.6,1,20.5,-18.9,7510,7510
2025.04.04 13:06:24,DOWN,-5.3,2,5.1,-20.1,35,225
2025.04.04 13:18:03,UP,5.1,1,20.8,-3.0,261,261
2025.04.04 13:23:03,UP,16.4,1,20.0,-2.7,227,227
2025.04.04 13:28:06,UP,5.1,1,20.1,-17.4,2849,2849
2025.04.04 14:15:35,UP,6.4,1,20.0,-12.7,1644,1644
2025.04.04 14:43:00,UP,11.3,2,1.7,-20.3,8,739
2025.04.04 14:55:19,DOWN,-8.8,2,14.1,-20.4,1179,1683
2025.04.04 15:23:23,UP,10.1,2,11.0,-21.2,293,401
2025.04.04 15:30:05,DOWN,-21.5,2,0.0,-22.6,0,5
2025.04.04 15:35:38,UP,5.6,2,0.7,-20.6,1,80
2025.04.04 15:41:17,DOWN,-5.2,1,20.0,-8.2,727,727
2025.04.04 15:53:26,DOWN,-12.0,2,10.0,-20.5,283,1309
2025.04.04 16:16:55,DOWN,-5.0,1,21.6,-17.4,2178,2178
2025.04.04 16:53:13,DOWN,-7.4,1,20.7,-7.2,704,704
2025.04.04 17:04:57,DOWN,-18.0,2,0.0,-20.1,0,417
2025.04.04 17:11:54,UP,8.0,2,6.4,-20.3,347,750
2025.04.04 17:24:24,DOWN,-15.7,1,20.2,-12.8,1241,1241
2025.04.04 17:51:02,DOWN,-6.2,2,3.0,-20.0,6,216
2025.04.04 17:57:21,DOWN,-5.6,2,0.6,-20.2,4,269
2025.04.04 18:02:21,UP,14.2,2,3.8,-21.1,10,1367
2025.04.04 18:25:08,DOWN,-7.6,2,12.3,-20.2,27,1015
2025.04.04 18:42:03,UP,7.8,2,19.3,-20.2,1123,2345
2025.04.04 19:21:08,DOWN,-6.3,1,20.1,-9.5,2769,2769
2025.04.04 20:07:18,DOWN,-7.1,1,20.1,-0.7,204,204
2025.04.04 20:12:18,DOWN,-17.9,2,5.4,-20.3,20,2125
2025.04.04 20:47:43,UP,9.1,2,16.8,-20.1,2728,4873
2025.04.04 22:11:41,UP,5.3,1,20.0,-6.0,1828,1828
2025.04.04 22:42:09,UP,5.7,2,9.2,-20.3,288,2629
2025.04.04 23:31:26,UP,5.1,1,20.0,-3.0,1304,1304
2025.04.04 23:53:10,UP,7.2,2,6.4,-70.7,165,173211
2025.04.07 00:00:43,DOWN,-71.6,2,12.9,-20.1,654,2580
2025.04.07 00:43:43,UP,17.5,1,20.0,-8.7,1328,1328
2025.04.07 01:05:52,UP,6.1,1,20.2,-8.0,493,493
2025.04.07 01:14:07,UP,7.5,1,20.7,-1.1,255,255
2025.04.07 01:19:07,UP,16.2,1,20.0,-2.4,249,249
2025.04.07 01:24:07,UP,12.1,2,15.7,-20.1,3673,6039
2025.04.07 03:04:46,DOWN,-17.7,1,20.6,-14.7,8521,8521
2025.04.07 05:26:50,DOWN,-6.9,1,20.0,-0.3,989,989
2025.04.07 05:43:19,DOWN,-8.6,2,2.5,-20.0,111,2881
2025.04.07 06:31:20,UP,5.2,1,20.8,-1.6,2657,2657
2025.04.07 07:17:31,UP,5.5,1,20.4,-2.3,2209,2209
2025.04.07 08:05:43,UP,5.4,1,20.4,-10.0,3032,3032
2025.04.07 08:56:16,UP,6.4,1,20.0,-14.3,4410,4410
2025.04.07 10:09:47,UP,10.7,1,20.0,-4.0,214,214
2025.04.07 10:14:47,UP,12.6,2,1.2,-20.5,20,1153
2025.04.07 10:34:01,DOWN,-9.0,1,20.8,-8.3,1422,1422
2025.04.07 10:57:44,DOWN,-5.3,2,0.4,-20.0,1,266
2025.04.07 11:02:44,UP,17.8,2,3.5,-20.4,29,975
2025.04.07 11:18:59,DOWN,-7.4,1,20.0,-0.6,603,603
2025.04.07 11:29:15,DOWN,-5.3,2,9.6,-20.1,363,1096
2025.04.07 11:47:31,UP,11.0,2,11.3,-20.0,447,1473
2025.04.07 12:12:04,DOWN,-9.5,1,20.7,-1.3,1127,1127
2025.04.07 12:33:54,UP,5.6,1,20.0,-15.3,3365,3365
2025.04.07 13:34:43,UP,5.2,2,0.2,-20.0,0,627
2025.04.07 13:53:56,DOWN,-5.0,1,20.1,-4.4,1678,1678
2025.04.07 14:21:54,DOWN,-9.1,2,7.9,-20.0,64,1905
2025.04.07 14:53:39,UP,12.3,2,6.7,-20.1,381,2097
2025.04.07 15:28:36,DOWN,-11.6,2,3.8,-20.0,32,499
2025.04.07 15:36:55,UP,7.0,1,20.2,-0.1,744,744
2025.04.07 15:49:19,UP,11.0,2,8.5,-20.2,175,2021
2025.04.07 16:23:00,DOWN,-9.5,1,20.4,-9.0,1540,1540
2025.04.07 16:48:40,DOWN,-12.6,2,6.7,-20.8,1279,1313
2025.04.07 17:10:33,UP,27.2,1,20.1,-13.4,78,78
2025.04.07 17:15:33,DOWN,-5.6,1,20.6,-12.9,584,584
2025.04.07 17:25:17,DOWN,-11.7,1,20.2,-19.8,1896,1896
2025.04.07 17:56:54,DOWN,-6.1,2,15.9,-20.3,2080,7390
2025.04.07 20:00:04,UP,5.5,2,14.8,-20.1,4106,10753
2025.04.07 22:59:17,DOWN,-9.4,2,16.2,-20.0,3804,16473
2025.04.08 03:38:34,UP,5.0,1,20.0,-5.0,4927,4927
2025.04.08 05:02:00,UP,5.0,1,20.5,-10.6,16278,16278
2025.04.08 09:33:18,UP,10.0,2,6.7,-20.2,655,2802
2025.04.08 10:22:23,DOWN,-5.6,1,20.0,-12.2,1462,1462
2025.04.08 10:46:45,DOWN,-6.9,1,20.4,-8.2,5146,5146
2025.04.08 12:12:31,DOWN,-7.0,2,8.9,-20.4,1275,7435
2025.04.08 14:29:15,DOWN,-5.4,2,11.9,-20.3,810,3771
2025.04.08 15:32:07,UP,9.1,2,11.7,-20.1,524,3952
2025.04.08 16:38:00,DOWN,-5.2,1,20.0,-7.1,1984,1984
2025.04.08 17:11:04,DOWN,-7.4,1,20.0,-5.5,1451,1451
2025.04.08 17:35:15,DOWN,-5.2,2,7.3,-20.1,17,3135
2025.04.08 18:27:31,UP,5.4,1,20.1,-17.2,6078,6078
2025.04.08 20:08:52,UP,5.1,1,20.2,-11.7,4870,4870
2025.04.08 21:30:07,UP,5.7,2,16.2,-20.0,2871,6926
2025.04.08 23:48:04,UP,5.7,1,20.0,-4.3,5048,5048
2025.04.09 01:12:12,UP,7.5,1,20.2,-3.3,7946,7946
2025.04.09 03:24:39,UP,10.0,1,20.0,-1.4,1720,1720
2025.04.09 03:58:30,UP,6.7,1,20.1,0.0,1126,1126
2025.04.09 04:17:17,UP,13.8,2,7.4,-20.0,385,4977
2025.04.09 05:58:49,UP,5.5,1,20.0,-7.0,4197,4197
2025.04.09 07:08:46,UP,9.3,1,20.1,-9.5,1138,1138
2025.04.09 07:27:44,UP,14.0,2,9.3,-20.0,1902,3738
2025.04.09 08:30:51,DOWN,-5.3,2,5.9,-20.6,458,1165
2025.04.09 08:51:16,UP,5.1,1,21.7,-16.9,3757,3757
2025.04.09 09:53:53,UP,16.4,2,8.2,-20.4,109,1151
2025.04.09 10:13:05,DOWN,-11.0,1,20.5,-6.2,1691,1691
2025.04.09 10:41:16,DOWN,-5.2,1,20.4,-10.8,938,938
2025.04.09 10:56:54,DOWN,-12.2,1,20.2,-1.3,362,362
2025.04.09 11:02:57,DOWN,-14.9,2,2.5,-20.2,38,872
2025.04.09 11:17:29,UP,5.4,1,20.3,-12.7,5585,5585
2025.04.09 12:52:10,DOWN,-5.1,2,2.0,-20.2,162,1074
2025.04.09 13:10:58,UP,5.1,2,0.0,-20.1,0,557
2025.04.09 13:20:37,DOWN,-5.3,2,12.7,-20.4,2470,2955
2025.04.09 14:09:52,UP,19.9,2,1.1,-20.0,5,608
2025.04.09 14:27:09,UP,5.2,1,20.1,-10.5,3365,3365
2025.04.09 15:23:14,UP,9.1,1,20.3,-2.9,523,523
2025.04.09 15:34:09,UP,5.0,2,10.3,-20.1,277,851
2025.04.09 15:48:20,DOWN,-15.7,1,20.7,-17.6,3586,3586
2025.04.09 16:48:06,DOWN,-8.5,2,17.4,-20.5,3781,6329
2025.04.09 18:35:58,DOWN,-5.0,1,20.1,-9.0,1269,1269
2025.04.09 18:57:08,DOWN,-6.1,1,20.0,-2.5,3533,3533
2025.04.09 19:56:03,DOWN,-5.8,1,20.4,-9.7,436,436
2025.04.09 20:03:19,DOWN,-22.5,2,3.9,-20.5,10,228
2025.04.09 20:09:24,UP,5.3,1,20.6,-6.1,646,646
2025.04.09 20:20:11,UP,11.1,1,21.1,-4.1,40,40
2025.04.09 20:25:11,UP,6.6,2,13.6,-20.2,23,80
2025.04.09 20:30:21,UP,5.5,2,11.6,-20.5,144,334
2025.04.09 20:35:55,DOWN,-5.5,2,0.0,-20.6,0,68
2025.04.09 20:42:10,UP,5.7,2,19.0,-21.1,461,766
2025.04.09 20:54:56,DOWN,-38.8,1,20.9,-12.7,506,506
2025.04.09 21:03:22,DOWN,-17.5,1,20.3,-2.2,187,187
2025.04.09 21:08:22,DOWN,-15.4,2,14.2,-20.0,656,1032
2025.04.09 21:25:34,UP,7.6,1,20.1,-13.9,976,976
2025.04.09 21:41:50,UP,10.8,2,14.2,-20.3,199,717
2025.04.09 21:53:48,DOWN,-16.8,2,0.1,-20.0,0,615
2025.04.09 22:04:03,UP,5.1,2,7.5,-20.2,482,1897
2025.04.09 22:35:54,DOWN,-5.2,2,19.7,-20.2,1788,17543
2025.04.10 03:28:17,UP,5.1,1,20.0,-7.7,10037,10037
2025.04.10 07:09:21,UP,5.4,2,11.3,-20.0,5081,8972
2025.04.10 09:38:54,DOWN,-11.0,2,1.4,-20.0,969,1275
2025.04.10 10:01:10,UP,5.5,2,0.2,-20.1,1,248
2025.04.10 10:06:41,UP,5.2,1,20.0,-4.7,767,767
2025.04.10 10:19:28,UP,16.4,1,20.0,-18.2,1477,1477
2025.04.10 10:44:06,UP,9.5,1,20.4,-8.0,2622,2622
2025.04.10 11:31:06,DOWN,-5.1,2,3.6,-20.0,92,2910
2025.04.10 12:19:36,UP,10.5,1,20.1,-10.8,2579,2579
2025.04.10 13:02:35,UP,9.6,1,20.0,-13.5,7784,7784
2025.04.10 15:12:20,UP,6.4,1,24.1,-0.9,1061,1061
2025.04.10 15:30:01,UP,15.5,2,16.6,-20.1,555,1809
2025.04.10 16:00:45,DOWN,-5.2,2,1.2,-20.0,11,900
2025.04.10 16:17:44,UP,5.8,1,20.4,-5.4,2679,2679
2025.04.10 17:02:23,UP,9.7,1,20.7,-11.6,3060,3060
2025.04.10 17:53:23,UP,13.3,1,20.3,-0.6,259,259
2025.04.10 17:58:23,UP,17.5,2,6.7,-20.2,94,926
2025.04.10 18:14:49,DOWN,-5.1,2,4.2,-20.5,130,496
2025.04.10 18:23:05,UP,8.9,1,20.4,-0.1,819,819
2025.04.10 18:39:53,UP,5.8,1,20.2,-2.4,175,175
2025.04.10 18:44:53,UP,6.5,2,14.2,-20.0,275,832
2025.04.10 18:58:45,DOWN,-10.0,2,18.7,-20.2,4117,7311
2025.04.10 21:00:43,UP,5.7,1,20.0,-14.3,1415,1415
2025.04.10 21:24:18,UP,8.7,2,5.3,-21.2,947,1706
2025.04.10 21:52:45,DOWN,-10.8,1,20.5,-4.6,908,908
2025.04.10 22:07:53,DOWN,-13.0,1,20.6,-3.1,718,718
2025.04.10 22:19:51,DOWN,-13.1,2,14.7,-20.0,567,2203
2025.04.10 22:56:35,UP,6.4,1,20.0,-12.3,8049,8049
2025.04.11 01:22:43,UP,5.3,1,20.1,-14.3,2257,2257
2025.04.11 02:00:20,UP,5.9,2,2.6,-21.0,3,58
2025.04.11 02:14:24,UP,5.7,1,20.0,-6.5,1432,1432
2025.04.11 02:38:17,UP,8.1,1,20.2,-16.8,1000,1000
2025.04.11 02:54:58,UP,24.8,1,20.2,-12.5,2208,2208
2025.04.11 03:31:46,UP,6.6,1,20.8,-0.5,24,24
2025.04.11 03:36:46,UP,8.7,1,20.2,-12.0,296,296
2025.04.11 03:41:46,UP,15.2,2,2.2,-20.4,2,122
2025.04.11 03:46:46,UP,5.4,2,6.4,-20.1,57,584
2025.04.11 03:56:31,DOWN,-10.5,1,20.0,-14.6,793,793
2025.04.11 04:09:45,DOWN,-19.2,2,1.0,-20.4,1,824
2025.04.11 04:23:29,UP,12.1,1,20.1,-4.3,1150,1150
2025.04.11 04:42:39,UP,22.9,2,3.5,-20.2,8,195
2025.04.11 04:47:39,DOWN,-12.2,2,7.2,-20.2,161,869
2025.04.11 05:02:10,UP,6.4,1,20.6,-16.9,5354,5354
2025.04.11 06:32:33,UP,5.1,2,19.5,-20.1,1255,2897
2025.04.11 07:20:51,DOWN,-5.2,1,21.0,-11.8,4570,4570
2025.04.11 08:37:01,DOWN,-5.4,1,20.2,-2.4,363,363
2025.04.11 08:43:04,DOWN,-8.0,1,20.2,-17.1,3301,3301
2025.04.11 09:38:05,DOWN,-16.8,2,4.2,-20.0,192,653
2025.04.11 09:48:59,UP,6.6,1,20.1,-0.9,753,753
2025.04.11 10:01:40,UP,5.5,1,20.0,0.0,174,174
2025.04.11 10:06:40,UP,11.0,1,20.0,-9.4,1142,1142
2025.04.11 10:25:42,UP,9.9,1,20.1,-12.7,1816,1816
2025.04.11 10:55:59,UP,6.6,1,20.1,-9.1,384,384
2025.04.11 11:02:24,UP,21.4,1,25.4,0.0,17,17
2025.04.11 11:07:24,DOWN,-8.1,2,18.2,-20.1,243,1235
2025.04.11 11:27:59,UP,13.3,1,20.1,-11.1,344,344
2025.04.11 11:33:43,UP,25.3,1,20.4,-8.6,438,438
2025.04.11 11:41:01,UP,23.7,1,20.0,-4.2,429,429
2025.04.11 11:48:10,UP,22.0,1,20.6,-14.9,136,136
2025.04.11 11:54:33,DOWN,-6.0,1,20.0,-16.3,357,357
2025.04.11 12:00:30,DOWN,-9.4,1,20.4,-7.8,464,464
2025.04.11 12:08:14,DOWN,-10.8,2,12.6,-20.2,163,633
2025.04.11 12:18:47,UP,19.2,2,2.9,-20.1,2,653
2025.04.11 12:29:40,DOWN,-15.0,1,20.5,-18.4,1826,1826
2025.04.11 13:00:06,DOWN,-8.0,1,20.0,0.0,121,121
2025.04.11 13:05:40,UP,5.8,1,20.1,0.0,846,846
2025.04.11 13:19:46,UP,12.0,2,0.8,-20.3,85,326
2025.04.11 13:25:15,DOWN,-5.1,1,20.2,-6.1,912,912
2025.04.11 13:40:28,DOWN,-5.1,1,20.5,-6.4,1087,1087
2025.04.11 13:58:36,DOWN,-10.0,2,1.4,-20.6,8,235
2025.04.11 14:03:36,UP,9.3,2,14.0,-20.1,388,872
2025.04.11 14:18:08,DOWN,-19.1,2,2.5,-20.2,19,150
2025.04.11 14:23:08,UP,19.7,2,12.5,-20.3,262,1232
2025.04.11 14:43:41,DOWN,-5.7,2,14.4,-20.5,972,1747
2025.04.11 15:12:48,UP,14.1,2,11.6,-20.0,324,1441
2025.04.11 15:36:49,DOWN,-16.2,2,0.0,-20.5,0,594
2025.04.11 15:46:44,UP,6.6,1,20.1,-0.5,217,217
2025.04.11 15:51:44,UP,11.2,1,20.4,-2.5,1086,1086
2025.04.11 16:09:51,UP,17.9,2,5.8,-20.7,687,1561
2025.04.11 16:35:52,DOWN,-11.7,1,21.4,-3.5,175,175
2025.04.11 16:40:52,UP,20.3,2,18.7,-20.3,249,403
2025.04.11 16:47:36,DOWN,-36.9,2,19.4,-21.7,114,747
2025.04.11 17:00:04,UP,7.3,2,15.7,-20.4,1090,2027
2025.04.11 17:33:52,DOWN,-26.5,2,3.0,-20.0,130,427
2025.04.11 17:40:59,UP,11.0,2,2.6,-20.3,17,451
2025.04.11 17:48:30,DOWN,-6.2,1,20.0,-2.1,1381,1381
2025.04.11 18:11:59,UP,5.6,2,0.3,-20.2,52,291
2025.04.11 18:16:59,DOWN,-12.9,2,0.0,-20.0,0,664
2025.04.11 18:28:04,UP,11.0,2,15.1,-20.1,1453,2109
2025.04.11 19:03:13,DOWN,-10.5,1,20.1,-9.7,967,967
2025.04.11 19:19:20,DOWN,-19.4,2,18.2,-20.1,402,2924
2025.04.11 20:08:09,UP,5.7,2,11.3,-20.1,1912,2929
2025.04.11 20:56:58,DOWN,-13.5,2,12.7,-20.1,172,2140
2025.04.11 21:32:39,UP,5.1,1,20.1,-18.8,3059,3059
2025.04.11 22:23:39,UP,6.0,1,20.0,-7.2,5544,5544
2025.04.11 23:57:01,UP,6.3,2,2.9,-47.2,115,173039
2025.04.14 00:01:29,DOWN,-48.3,2,1.1,-20.2,245,3583
2025.04.14 01:01:12,UP,13.9,1,21.2,-11.2,1833,1833
2025.04.14 01:31:45,UP,9.3,2,2.2,-20.3,132,1450
2025.04.14 01:57:07,DOWN,-5.5,2,6.4,-20.1,1924,3992
2025.04.14 03:03:40,UP,8.3,1,20.0,-1.5,503,503
2025.04.14 03:12:04,UP,9.2,2,0.4,-20.1,63,894
2025.04.14 03:26:58,DOWN,-7.7,2,0.2,-20.0,3,1913
2025.04.14 03:58:52,UP,15.9,1,20.1,-5.4,1636,1636
2025.04.14 04:26:12,UP,6.2,2,15.9,-20.0,805,5445
2025.04.14 05:56:58,DOWN,-5.7,2,19.7,-20.0,8045,11358
2025.04.14 09:06:16,UP,13.0,1,21.0,-3.3,1659,1659
2025.04.14 09:33:55,UP,14.5,2,11.0,-21.7,2058,3507
2025.04.14 10:32:22,DOWN,-6.8,1,20.1,-17.3,9892,9892
2025.04.14 13:22:12,UP,5.4,1,20.2,-4.5,4703,4703
2025.04.14 14:48:43,UP,5.1,2,2.2,-20.0,36,432
2025.04.14 14:55:55,DOWN,-11.0,1,20.2,-4.7,1052,1052
2025.04.14 15:13:28,DOWN,-13.1,1,20.0,-12.1,2598,2598
2025.04.14 15:56:46,DOWN,-11.4,1,20.5,0.0,472,472
2025.04.14 16:04:38,DOWN,-15.4,1,20.0,-1.8,316,316
2025.04.14 16:09:54,DOWN,-17.2,2,7.6,-20.1,39,410
2025.04.14 16:16:44,UP,7.8,2,0.5,-20.3,14,303
2025.04.14 16:21:47,DOWN,-10.9,2,5.1,-20.1,389,1186
2025.04.14 16:42:13,UP,5.1,1,20.0,-5.7,2599,2599
2025.04.14 17:27:47,UP,5.0,1,20.1,-1.4,1729,1729
2025.04.14 18:04:06,UP,5.1,2,9.2,-20.5,2658,4576
2025.04.14 19:20:26,DOWN,-5.7,1,20.4,-15.7,2275,2275
2025.04.14 19:58:21,DOWN,-7.9,2,2.2,-20.1,3201,4105
2025.04.14 21:14:13,DOWN,-5.8,2,0.7,-20.0,1,3482
2025.04.14 22:12:59,UP,5.3,2,9.3,-25.5,1688,6678
2025.04.15 00:31:58,UP,5.5,2,11.1,-20.5,1850,9185
2025.04.15 03:08:23,UP,5.2,1,20.0,-19.8,15513,15513
2025.04.15 07:43:33,UP,5.2,2,8.7,-20.2,2421,7025
2025.04.15 09:40:52,DOWN,-5.1,2,16.4,-20.0,1372,4382
2025.04.15 10:53:54,UP,10.7,1,20.7,-5.9,665,665
2025.04.15 11:04:59,UP,20.1,2,1.6,-20.2,18,562
2025.04.15 11:14:22,DOWN,-7.6,1,20.0,-8.8,3451,3451
2025.04.15 12:11:53,DOWN,-9.8,1,20.0,-14.6,8361,8361
2025.04.15 14:31:15,DOWN,-5.5,2,3.3,-20.0,605,2653
2025.04.15 15:17:06,UP,5.2,2,1.3,-20.0,22,2326
2025.04.15 15:55:53,DOWN,-8.4,1,20.3,-8.2,4277,4277
2025.04.15 17:07:10,DOWN,-16.8,2,14.5,-20.1,625,1660
2025.04.15 17:34:50,UP,9.7,2,9.1,-20.0,1291,4155
2025.04.15 18:44:35,DOWN,-5.1,1,20.3,-1.4,2044,2044
2025.04.15 19:18:40,DOWN,-5.3,2,11.6,-20.0,1473,21142
2025.04.16 02:00:31,DOWN,-5.2,2,7.1,-20.4,374,4344
2025.04.16 03:12:55,UP,8.6,1,20.0,-2.5,8332,8332
2025.04.16 05:49:16,DOWN,-5.4,2,3.1,-20.0,12,4358
2025.04.16 07:44:47,UP,5.3,1,20.4,-5.2,4281,4281
2025.04.16 08:56:52,UP,5.2,1,20.1,-9.4,5545,5545
2025.04.16 10:29:17,UP,8.5,2,1.1,-20.0,63,3001
2025.04.16 11:19:19,DOWN,-5.6,1,21.0,-6.8,1238,1238
2025.04.16 11:39:58,DOWN,-11.3,2,11.4,-20.2,125,1166
2025.04.16 11:59:26,UP,5.2,2,7.0,-20.0,314,11504
2025.04.16 15:11:14,DOWN,-5.0,2,9.3,-20.6,2591,4116
2025.04.16 16:19:51,UP,9.3,1,20.0,-16.7,20631,20631
2025.04.16 22:03:49,UP,5.7,1,20.4,-2.4,1406,1406
2025.04.16 22:27:15,UP,6.3,2,0.4,-20.2,0,1104
2025.04.16 22:52:43,DOWN,-5.0,2,6.2,-20.2,833,13365
2025.04.17 02:58:32,DOWN,-5.3,1,20.6,-2.2,2074,2074
2025.04.17 03:57:01,DOWN,-5.3,1,20.1,-13.5,16972,16972
2025.04.17 08:39:53,DOWN,-9.6,2,4.6,-20.0,1791,4037
2025.04.17 09:47:10,UP,5.5,2,20.0,-20.7,7280,19976
2025.04.17 15:20:18,DOWN,-5.1,2,10.4,-20.1,26,2413
2025.04.17 16:00:31,UP,10.0,2,19.4,-20.5,5154,6871
2025.04.17 17:55:05,DOWN,-5.5,2,4.7,-20.2,8,1175
2025.04.17 18:14:41,UP,8.6,2,12.8,-20.4,1022,4854
2025.04.17 19:35:36,DOWN,-6.1,2,2.5,-20.0,15,6650
2025.04.17 21:26:27,UP,5.1,1,22.5,-9.9,23313,23313
2025.04.18 03:55:01,UP,19.6,2,0.5,-20.0,12,21808
2025.04.18 09:58:30,DOWN,-6.1,2,9.1,-20.2,241,18383
2025.04.18 18:03:08,DOWN,-5.4,3,4.0,-6.1,21079,194269
2025.04.21 00:01:00,UP,6.6,1,20.6,-12.0,2068,2068
2025.04.21 00:35:28,UP,5.9,2,5.9,-23.6,976,1009
2025.04.21 00:52:20,DOWN,-15.2,2,9.2,-20.2,10,11
2025.04.21 00:57:27,UP,5.1,2,8.8,-24.4,143,153
2025.04.21 01:03:43,DOWN,-5.5,2,0.1,-22.7,13,126
2025.04.21 01:08:45,UP,19.4,1,21.5,-9.6,5042,5042
2025.04.21 02:32:47,UP,5.4,1,20.1,-4.5,2106,2106
2025.04.21 03:07:53,UP,6.9,1,20.3,-1.4,1685,1685
2025.04.21 03:35:58,UP,6.5,2,0.0,-20.0,0,517
2025.04.21 03:44:36,DOWN,-7.2,2,7.5,-20.1,169,5574
2025.04.21 05:17:31,UP,7.1,1,26.2,-2.9,633,633
2025.04.21 05:28:04,UP,27.7,1,20.3,-12.7,10987,10987
2025.04.21 08:31:12,UP,7.4,2,2.5,-20.0,1099,3077
2025.04.21 09:22:52,DOWN,-5.0,2,6.6,-20.1,1621,4134
2025.04.21 10:31:54,UP,6.2,1,20.4,-5.5,1547,1547
2025.04.21 10:57:41,UP,18.4,2,17.6,-20.0,5024,8950
2025.04.21 13:27:17,DOWN,-5.3,1,20.1,-2.1,3044,3044
2025.04.21 14:19:48,UP,5.2,1,20.0,-1.2,1472,1472
2025.04.21 14:44:20,UP,7.4,2,6.7,-20.0,1088,3403
2025.04.21 15:44:43,UP,5.1,2,11.5,-20.2,1046,2410
2025.04.21 16:24:53,DOWN,-11.1,1,20.3,-13.4,4882,4882
2025.04.21 17:46:15,DOWN,-6.5,2,9.4,-20.0,1732,5296
2025.04.21 19:14:31,UP,6.4,2,15.7,-20.2,10515,29886
2025.04.22 03:32:37,DOWN,-5.5,2,8.9,-20.8,1184,7042
2025.04.22 05:57:30,UP,5.2,1,20.0,-0.2,452,452
2025.04.22 06:06:16,DOWN,-5.7,1,20.5,-16.3,12840,12840
2025.04.22 09:41:18,DOWN,-5.5,1,20.1,-6.0,3742,3742
2025.04.22 10:43:40,DOWN,-14.1,2,5.0,-20.0,83,1066
2025.04.22 11:03:20,DOWN,-5.8,1,21.9,-15.4,14303,14303
2025.04.22 15:01:43,DOWN,-8.5,1,20.1,-12.3,4028,4028
2025.04.22 16:08:51,DOWN,-8.6,2,1.9,-20.3,179,2420
2025.04.22 16:49:11,UP,12.3,2,13.6,-20.6,3291,7901
2025.04.22 19:00:52,DOWN,-7.4,1,20.8,-11.3,3286,3286
2025.04.22 19:56:43,DOWN,-5.0,1,20.0,-19.7,16294,16294
2025.04.23 00:28:17,DOWN,-7.2,1,22.0,-0.5,275,275
2025.04.23 00:33:18,DOWN,-13.6,1,21.6,-0.2,202,202
2025.04.23 00:38:18,DOWN,-6.8,1,20.0,-2.9,1345,1345
2025.04.23 01:02:33,DOWN,-5.1,1,21.9,-0.1,242,242
2025.04.23 01:07:39,DOWN,-6.4,2,2.0,-20.2,3,144
2025.04.23 01:12:39,UP,10.3,2,4.5,-20.0,19,253
2025.04.23 01:17:39,DOWN,-6.8,1,22.6,-0.5,554,554
2025.04.23 01:26:53,DOWN,-10.9,1,20.1,-1.6,676,676
2025.04.23 01:38:09,DOWN,-5.9,2,2.4,-20.4,25,218
2025.04.23 01:43:09,UP,16.5,1,20.7,-0.8,1612,1612
2025.04.23 02:10:11,UP,5.3,1,20.2,-11.0,3911,3911
2025.04.23 03:15:22,UP,5.8,1,20.0,-6.0,2454,2454
2025.04.23 03:58:46,UP,5.2,1,20.0,-10.5,3316,3316
2025.04.23 04:58:34,DOWN,-5.7,1,20.0,-3.5,5021,5021
2025.04.23 06:23:31,DOWN,-5.8,2,11.9,-20.1,3119,14607
2025.04.23 10:26:59,UP,5.2,2,6.2,-20.8,214,1315
2025.04.23 10:48:55,DOWN,-10.0,2,2.7,-20.1,1390,3109
2025.04.23 11:40:47,UP,5.3,1,20.3,-1.6,1296,1296
2025.04.23 12:02:24,UP,14.0,2,13.0,-20.1,1898,4197
2025.04.23 13:23:08,DOWN,-5.3,1,20.9,-16.6,11683,11683
2025.04.23 16:37:51,DOWN,-19.4,1,20.0,-19.4,690,690
2025.04.23 16:49:22,DOWN,-34.9,1,20.2,-7.0,578,578
2025.04.23 16:59:00,DOWN,-22.7,2,12.3,-20.3,78,537
2025.04.23 17:07:57,UP,14.8,1,20.1,-13.6,466,466
2025.04.23 17:15:43,UP,12.4,2,0.2,-20.1,0,314
2025.04.23 17:20:57,DOWN,-7.2,2,16.9,-20.1,3600,3918
2025.04.23 18:26:16,UP,12.6,2,2.4,-20.2,174,1510
2025.04.23 18:54:59,DOWN,-5.1,1,20.0,-5.4,3703,3703
2025.04.23 20:05:18,DOWN,-5.5,1,20.1,-5.6,11788,11788
2025.04.23 23:22:06,DOWN,-5.6,2,6.0,-21.0,2456,6337
2025.04.24 01:07:43,UP,8.3,1,20.4,-13.9,11964,11964
2025.04.24 04:33:37,DOWN,-5.2,2,18.9,-20.1,14911,21250
2025.04.24 10:29:51,UP,5.2,1,20.1,-11.0,9596,9596
2025.04.24 13:09:47,UP,5.8,2,0.5,-20.0,5,6410
2025.04.24 14:56:38,DOWN,-8.6,1,20.1,-13.2,12065,12065
2025.04.24 18:17:43,DOWN,-13.6,2,6.2,-20.0,1455,5221
2025.04.24 19:44:44,UP,7.6,1,20.1,-10.1,10413,10413
2025.04.24 22:39:04,UP,5.3,2,0.4,-20.3,4247,13317
2025.04.25 03:01:11,DOWN,-5.0,1,20.1,-2.5,3466,3466
2025.04.25 03:58:57,DOWN,-9.4,1,20.0,-11.3,10533,10533
2025.04.25 06:59:53,DOWN,-5.0,2,10.0,-20.1,311,9255
2025.04.25 09:34:08,UP,5.2,1,20.0,-4.3,2601,2601
2025.04.25 10:17:32,UP,5.1,2,1.6,-20.0,66,5333
2025.04.25 11:47:59,DOWN,-5.5,2,8.9,-20.0,5691,9342
2025.04.25 14:23:41,UP,6.7,2,3.2,-20.2,305,6759
2025.04.25 16:26:59,DOWN,-5.1,2,8.2,-20.1,494,2289
2025.04.25 17:12:37,UP,5.0,1,20.4,-8.2,6925,6925
2025.04.25 19:59:06,DOWN,-5.1,3,13.4,-12.5,13765,187255
2025.04.28 01:01:00,UP,5.1,2,0.3,-20.3,100,1781
2025.04.28 01:30:41,DOWN,-5.2,2,4.8,-20.0,15,8475
2025.04.28 04:27:07,DOWN,-5.3,2,12.3,-20.0,2741,12963
2025.04.28 09:17:54,UP,5.2,2,0.4,-20.7,1,1285
2025.04.28 09:39:19,DOWN,-11.2,1,20.1,-1.6,1100,1100
2025.04.28 09:57:40,DOWN,-10.7,2,3.1,-20.2,18,2300
2025.04.28 10:39:30,UP,5.1,2,5.4,-20.3,358,2926
2025.04.28 11:28:17,DOWN,-8.3,2,0.7,-20.2,16,3782
2025.04.28 12:49:32,UP,5.8,1,20.0,-17.0,16972,16972
2025.04.28 17:32:24,UP,7.6,1,20.0,-1.6,456,456
2025.04.28 17:40:27,UP,5.9,2,12.5,-20.0,49,905
2025.04.28 17:56:11,DOWN,-5.4,2,7.2,-20.2,1109,4523
2025.04.28 19:11:38,UP,5.1,1,20.0,-14.1,2762,2762
2025.04.28 19:57:40,UP,8.8,2,5.6,-20.2,10617,28809
2025.04.29 04:03:37,UP,5.2,2,14.9,-20.2,4257,12745
2025.04.29 07:43:03,DOWN,-5.3,2,7.7,-20.4,473,10257
2025.04.29 10:34:00,UP,5.8,2,9.8,-20.1,781,2345
2025.04.29 11:13:05,DOWN,-14.9,2,12.4,-20.0,14694,16299
2025.04.29 15:44:45,UP,13.9,2,14.7,-20.0,4560,7585
2025.04.29 17:51:55,DOWN,-5.3,2,2.5,-20.0,207,1079
2025.04.29 18:09:54,UP,9.1,2,17.3,-20.2,4554,10851
2025.04.29 21:10:45,DOWN,-6.5,1,20.0,-15.3,27997,27997
2025.04.30 04:57:22,DOWN,-8.1,2,5.1,-20.4,179,12953
2025.04.30 09:10:28,DOWN,-5.1,2,4.0,-20.5,50,1511
2025.04.30 09:37:02,UP,5.1,2,5.5,-20.0,572,4259
2025.04.30 11:00:46,DOWN,-5.6,1,20.2,-15.8,21862,21862
2025.04.30 17:14:52,UP,5.2,2,18.1,-20.2,2176,4148
2025.04.30 18:24:00,DOWN,-13.0,2,18.0,-20.0,507,6019
2025.04.30 20:04:20,UP,5.8,2,3.5,-20.1,1297,8326
2025.04.30 22:23:28,DOWN,-5.5,1,21.2,-0.3,3764,3764
2025.04.30 23:58:42,UP,5.1,2,2.5,-20.0,3680,16312
2025.05.01 06:07:37,DOWN,-5.1,1,20.2,-6.0,8507,8507
2025.05.01 08:29:25,DOWN,-5.8,2,0.0,-20.4,0,2763
2025.05.01 09:34:19,DOWN,-5.1,2,14.4,-20.1,2680,5466
2025.05.01 11:17:37,UP,5.4,2,15.8,-20.1,10876,20563
2025.05.01 17:00:21,DOWN,-14.3,1,20.0,-7.8,1925,1925
2025.05.01 17:32:26,DOWN,-6.7,2,18.4,-20.1,4929,46287
2025.05.02 06:24:03,UP,5.0,1,20.2,-3.6,10544,10544
2025.05.02 09:19:47,UP,9.7,1,20.1,-8.5,11960,11960
2025.05.02 12:39:07,UP,6.2,2,10.3,-20.0,810,5560
2025.05.02 14:11:52,DOWN,-5.0,2,0.2,-20.0,55,1555
2025.05.02 14:37:47,UP,6.1,2,5.9,-21.8,129,3134
2025.05.02 15:30:01,DOWN,-17.2,2,14.0,-20.3,2,725
2025.05.02 15:42:07,UP,5.0,2,0.0,-20.1,0,345
2025.05.02 15:47:52,DOWN,-10.9,2,4.8,-20.0,636,1978
2025.05.02 16:20:51,UP,5.2,1,20.0,-2.8,987,987
2025.05.02 16:37:19,UP,12.3,1,20.2,-0.1,766,766
2025.05.02 16:52:55,DOWN,-5.1,1,20.0,-9.0,5213,5213
2025.05.02 18:19:48,DOWN,-7.6,1,22.6,-1.6,1648,1648
2025.05.02 18:47:16,DOWN,-5.2,1,20.2,-10.2,5197,5197
2025.05.02 20:14:25,DOWN,-5.3,3,15.2,-12.6,12377,186395
2025.05.05 00:01:37,UP,5.4,1,20.0,-12.1,9853,9853
2025.05.05 02:46:15,UP,5.1,1,20.2,-11.0,10176,10176
2025.05.05 05:57:12,UP,5.2,2,0.8,-20.0,8294,12183
2025.05.05 09:27:42,DOWN,-5.6,2,13.3,-20.0,5550,12810
2025.05.05 13:07:07,DOWN,-5.5,2,4.1,-20.0,586,3918
2025.05.05 14:12:25,UP,6.3,2,7.6,-20.2,6872,10080
2025.05.05 17:00:26,DOWN,-14.7,1,20.0,-15.4,6150,6150
2025.05.05 18:42:56,DOWN,-6.1,1,20.0,-4.2,8439,8439
2025.05.05 21:53:12,UP,5.4,2,10.7,-20.1,2038,19595
2025.05.06 03:19:48,DOWN,-8.5,2,10.3,-20.0,2631,7204
2025.05.06 05:19:54,UP,5.1,1,20.0,-8.4,15764,15764
2025.05.06 09:44:01,UP,5.1,2,14.6,-20.7,5752,11110
2025.05.06 12:51:39,DOWN,-5.1,2,4.6,-20.1,189,4906
2025.05.06 14:33:53,UP,5.6,1,20.1,-16.6,8070,8070
2025.05.06 16:48:24,UP,9.2,2,15.6,-20.0,1687,8237
2025.05.06 19:07:00,DOWN,-5.4,2,1.5,-20.1,449,1681
2025.05.06 19:52:43,UP,5.4,1,20.1,-5.4,7768,7768
2025.05.06 22:32:20,DOWN,-5.0,1,20.4,-9.3,9200,9200
2025.05.07 01:07:46,DOWN,-5.1,1,20.5,0.0,1064,1064
2025.05.07 01:25:33,DOWN,-5.3,2,0.5,-20.0,2,616
2025.05.07 01:58:23,DOWN,-5.2,2,16.5,-20.0,5148,24709
2025.05.07 08:57:38,UP,5.1,2,12.7,-20.3,3356,34212
2025.05.07 18:27:52,DOWN,-5.1,2,10.5,-20.0,9127,9655
2025.05.07 21:08:47,UP,14.9,2,0.4,-20.1,10,1360
2025.05.07 21:31:27,DOWN,-5.1,1,20.1,-20.0,961,961
2025.05.07 21:47:28,DOWN,-13.7,1,20.9,-17.1,3300,3300
2025.05.07 22:42:28,DOWN,-12.0,2,11.3,-20.0,1987,22147
2025.05.08 04:51:35,UP,5.9,2,13.2,-20.1,4852,12053
2025.05.08 08:12:28,DOWN,-6.5,1,20.3,-6.6,4315,4315
2025.05.08 09:24:23,DOWN,-5.1,2,13.0,-20.5,2599,17930
2025.05.08 14:23:22,UP,5.2,2,15.7,-20.1,4618,12474
2025.05.08 17:51:16,DOWN,-9.7,1,20.0,-14.4,3102,3102
2025.05.08 18:43:02,DOWN,-5.4,1,20.4,-3.5,441,441
2025.05.08 18:50:24,DOWN,-5.1,1,20.0,-12.6,5811,5811
2025.05.08 20:29:28,DOWN,-5.1,2,18.7,-20.0,31262,44944
2025.05.09 08:58:32,UP,7.0,1,20.2,-3.3,5917,5917
2025.05.09 10:37:10,UP,5.2,1,20.1,-13.1,24204,24204
2025.05.09 17:23:18,UP,5.1,2,13.4,-20.2,251,9241
2025.05.09 20:33:07,UP,5.0,2,4.2,-66.8,1786,185280
2025.05.12 00:01:09,DOWN,-54.2,2,4.3,-20.3,93,1056
2025.05.12 00:18:53,UP,8.8,1,20.1,-6.2,6888,6888
2025.05.12 02:14:01,UP,5.2,2,9.1,-20.5,6741,27965
2025.05.12 10:00:07,DOWN,-5.9,1,20.4,-6.5,34,34
2025.05.12 10:05:36,UP,5.1,2,5.2,-20.0,58,461
2025.05.12 10:13:18,DOWN,-15.5,1,20.4,-0.7,552,552
2025.05.12 10:22:30,DOWN,-8.2,1,20.4,0.0,319,319
2025.05.12 10:27:50,DOWN,-15.7,1,21.5,-7.7,980,980
2025.05.12 10:44:10,DOWN,-17.9,1,20.0,-12.9,1812,1812
2025.05.12 11:14:22,DOWN,-19.4,2,0.0,-20.3,0,285
2025.05.12 11:19:22,UP,8.5,1,20.0,-6.9,954,954
2025.05.12 11:36:31,UP,5.1,1,20.1,-1.1,1275,1275
2025.05.12 12:00:24,DOWN,-5.1,1,20.0,-9.2,3667,3667
2025.05.12 13:01:32,DOWN,-6.1,1,20.0,-2.1,1295,1295
2025.05.12 13:23:07,DOWN,-5.0,2,19.9,-20.2,1519,5241
2025.05.12 14:50:28,UP,8.1,1,20.2,-11.2,6081,6081
2025.05.12 16:31:49,UP,8.7,2,2.5,-20.0,23,3108
2025.05.12 17:23:38,DOWN,-9.9,2,4.5,-20.1,60,853
2025.05.12 17:37:51,UP,10.0,2,2.3,-20.2,55,947
2025.05.12 17:53:38,DOWN,-10.3,1,20.4,-12.2,7189,7189
2025.05.12 20:31:32,DOWN,-5.6,2,10.2,-20.0,3580,7422
2025.05.12 23:59:39,DOWN,-5.7,2,1.2,-20.2,58,11172
2025.05.13 03:24:44,DOWN,-5.1,2,2.1,-20.0,1581,25151
2025.05.13 10:23:55,UP,7.7,2,4.6,-20.4,1275,9796
2025.05.13 13:07:11,DOWN,-8.3,2,2.3,-20.6,19,8570
2025.05.13 15:30:01,UP,8.6,1,21.8,-11.6,2325,2325
2025.05.13 16:08:47,UP,10.1,1,20.0,-12.3,6529,6529
2025.05.13 17:57:36,UP,5.3,1,20.3,-5.4,6295,6295
2025.05.13 19:42:31,UP,7.0,1,20.0,-14.6,53797,53797
2025.05.14 10:39:08,UP,9.8,1,20.0,-2.0,1471,1471
2025.05.14 11:03:39,UP,6.9,1,20.1,0.0,251,251
2025.05.14 11:08:39,UP,14.4,1,20.1,-18.1,4696,4696
2025.05.14 12:26:55,UP,6.2,2,2.0,-20.3,1373,2772
2025.05.14 13:13:08,DOWN,-5.1,1,20.1,-2.6,3764,3764
2025.05.14 14:15:56,DOWN,-5.1,1,20.2,-13.8,14883,14883
2025.05.14 18:29:35,UP,5.1,2,6.0,-20.0,2307,4267
2025.05.14 19:40:42,DOWN,-16.3,1,20.1,-9.1,8647,8647
2025.05.14 22:04:50,DOWN,-10.5,2,4.4,-20.1,6998,14552
2025.05.15 03:04:28,DOWN,-5.3,2,0.0,-20.1,0,3553
2025.05.15 05:07:59,UP,5.1,1,20.6,-9.2,16565,16565
2025.05.15 09:47:04,UP,5.0,2,6.5,-20.1,765,3474
2025.05.15 10:46:38,DOWN,-5.1,2,17.6,-20.6,13703,19235
2025.05.15 16:07:14,UP,6.1,2,6.0,-20.4,589,1521
2025.05.15 16:32:35,DOWN,-6.6,1,20.2,-13.5,4220,4220
2025.05.15 17:42:55,DOWN,-5.9,2,1.2,-20.1,33,2072
2025.05.15 18:23:55,DOWN,-5.0,2,14.0,-20.0,8391,33924
2025.05.16 08:04:44,UP,5.3,2,11.2,-20.2,5024,18548
2025.05.16 13:17:12,UP,5.1,2,13.0,-20.2,3180,15408
2025.05.16 17:34:00,DOWN,-6.8,1,20.2,-2.2,745,745
2025.05.16 17:48:07,UP,5.3,2,0.0,-20.2,0,2154
2025.05.16 18:24:01,DOWN,-5.8,2,12.3,-20.1,3376,19879
2025.05.19 00:00:52,UP,13.7,1,20.2,-13.6,14006,14006
2025.05.19 03:54:18,UP,15.5,2,2.9,-20.2,366,2444
2025.05.19 04:43:03,UP,5.1,1,21.0,-8.4,16811,16811
2025.05.19 09:23:53,UP,5.4,1,21.0,-3.7,3706,3706
2025.05.19 10:27:03,UP,5.4,1,20.0,-1.5,2873,2873
2025.05.19 11:49:00,UP,5.1,1,20.2,-0.1,1047,1047
2025.05.19 12:06:27,UP,5.3,2,19.9,-20.0,6490,17035
2025.05.19 17:02:14,DOWN,-5.7,1,20.0,-14.2,11731,11731
2025.05.19 21:41:39,DOWN,-5.1,2,10.1,-20.1,21082,23884
2025.05.20 04:19:43,UP,10.2,2,2.9,-20.6,11,5878
2025.05.20 05:57:41,DOWN,-10.7,2,1.8,-20.4,2,5836
2025.05.20 08:01:23,UP,5.6,1,20.0,-4.0,7841,7841
2025.05.20 10:12:07,UP,5.4,2,8.2,-20.0,2861,5586
2025.05.20 12:13:14,UP,5.0,2,2.2,-20.4,98,4221
2025.05.20 13:23:45,DOWN,-5.2,1,20.0,-8.1,7161,7161
2025.05.20 15:23:07,DOWN,-8.2,2,0.0,-20.0,0,5182
2025.05.20 16:49:29,UP,9.4,1,20.0,-0.7,1234,1234
2025.05.20 17:18:27,DOWN,-5.2,2,12.5,-20.3,8225,13966
2025.05.21 03:27:20,UP,5.3,1,20.2,-11.4,6179,6179
2025.05.21 05:13:13,UP,5.1,1,20.0,-7.1,14524,14524
2025.05.21 09:15:35,UP,5.4,2,9.4,-20.0,1352,2902
2025.05.21 10:03:58,DOWN,-8.9,2,11.6,-20.0,6603,11439
2025.05.21 13:14:37,UP,5.6,2,18.2,-20.1,952,6026
2025.05.21 14:57:39,DOWN,-5.1,2,3.2,-20.6,2381,7446
2025.05.21 17:01:48,UP,7.5,2,18.4,-20.1,12320,21187
2025.05.21 22:54:56,DOWN,-5.0,2,13.2,-20.0,11300,24528
2025.05.22 05:49:07,DOWN,-5.1,1,20.3,-3.0,14781,14781
2025.05.22 10:11:10,DOWN,-5.0,2,17.9,-20.0,1163,3551
2025.05.22 11:10:22,UP,5.1,2,0.0,-20.1,0,1479
2025.05.22 11:43:04,DOWN,-5.0,1,20.8,-5.6,15021,15021
2025.05.22 15:53:25,DOWN,-5.5,2,2.5,-20.2,25,746
2025.05.22 16:19:24,DOWN,-5.4,1,20.9,-2.9,5492,5492
2025.05.22 17:50:57,DOWN,-6.4,1,20.1,-10.3,9296,9296
2025.05.22 20:28:06,DOWN,-5.1,2,0.7,-20.5,27,4671
2025.05.22 21:46:28,UP,5.1,1,20.0,-2.5,22040,22040
2025.05.23 03:56:32,DOWN,-5.2,2,0.5,-20.1,7,3244
2025.05.23 04:51:04,UP,5.1,1,20.0,-9.7,21295,21295
2025.05.23 11:18:00,DOWN,-5.1,2,6.2,-20.0,806,10960
2025.05.23 14:22:50,UP,6.5,2,13.8,-22.0,1280,1317
2025.05.23 14:44:47,DOWN,-27.7,1,20.0,-5.4,420,420
2025.05.23 14:51:47,DOWN,-7.4,1,20.3,-0.8,48,48
2025.05.23 14:56:47,UP,14.0,1,20.1,-19.9,2111,2111
2025.05.23 15:31:58,UP,11.6,2,13.1,-20.3,708,3280
2025.05.23 16:26:39,DOWN,-5.7,2,6.1,-20.2,2020,2722
2025.05.23 17:16:21,UP,5.1,1,21.2,-14.4,12299,12299
2025.05.23 20:59:58,DOWN,-5.1,3,5.2,-8.7,6463,183662
2025.05.26 01:10:06,UP,5.2,1,20.3,-12.3,9991,9991
2025.05.26 04:09:26,DOWN,-5.1,2,1.8,-20.4,188,2659
2025.05.26 04:53:46,UP,7.1,2,8.0,-20.1,768,20270
2025.05.26 10:31:36,DOWN,-5.5,1,20.3,-7.3,17593,17593
2025.05.26 15:33:56,UP,5.1,1,20.1,-4.7,35141,35141
2025.05.27 03:07:54,UP,5.1,2,11.2,-20.1,3680,17685
2025.05.27 08:26:41,DOWN,-5.1,2,3.6,-20.1,624,3167
2025.05.27 09:45:39,DOWN,-5.1,1,20.0,-4.4,2106,2106
2025.05.27 10:21:16,DOWN,-10.9,2,17.4,-20.2,2249,22753
2025.05.27 16:46:53,DOWN,-5.0,1,20.1,-0.2,2896,2896
2025.05.27 17:35:41,DOWN,-5.0,1,20.2,-5.3,38046,38046
2025.05.28 04:09:47,DOWN,-13.0,1,20.0,-18.0,6399,6399
2025.05.28 06:54:13,DOWN,-5.5,2,11.5,-20.0,6129,14046
2025.05.28 10:53:32,UP,5.0,2,10.8,-20.1,9066,17015
2025.05.28 15:37:15,DOWN,-5.2,1,20.2,-15.2,9605,9605
2025.05.28 18:17:20,DOWN,-10.4,1,20.6,-13.3,29713,29713
2025.05.29 02:32:38,DOWN,-5.3,1,20.6,-0.3,276,276
2025.05.29 02:37:38,DOWN,-21.7,1,20.2,0.0,168,168
2025.05.29 02:42:38,UP,6.6,2,0.6,-20.0,8,133
2025.05.29 02:47:38,UP,16.9,1,20.5,-4.2,1242,1242
2025.05.29 03:08:21,UP,8.8,2,2.8,-20.0,1168,3204
2025.05.29 04:01:45,DOWN,-7.6,2,3.5,-20.3,177,2216
2025.05.29 04:38:41,UP,6.4,1,20.1,-16.3,17213,17213
2025.05.29 09:26:34,UP,5.8,1,20.0,-8.7,14518,14518
2025.05.29 14:18:55,DOWN,-5.0,2,13.6,-20.8,2327,4285
2025.05.29 15:30:20,UP,8.2,1,20.3,-2.0,662,662
2025.05.29 15:41:22,UP,6.2,1,20.0,-3.4,974,974
2025.05.29 15:57:36,UP,7.9,1,21.3,-5.4,5069,5069
2025.05.29 17:22:05,UP,7.0,2,3.4,-20.1,6,1222
2025.05.29 17:47:11,UP,5.3,1,20.2,-4.8,4668,4668
2025.05.29 19:15:58,UP,5.1,2,11.1,-20.1,32675,34525
2025.05.30 04:57:42,DOWN,-5.1,1,20.0,-4.6,18690,18690
2025.05.30 10:09:20,DOWN,-5.1,2,10.5,-20.0,16884,19154
2025.05.30 15:33:00,DOWN,-5.5,1,20.1,-13.9,4306,4306
2025.05.30 16:44:46,DOWN,-10.0,2,11.8,-20.2,137,4170
2025.05.30 17:54:17,UP,14.9,1,20.0,-2.2,8768,8768
2025.05.30 20:32:45,UP,5.3,2,2.3,-21.6,675,11333
2025.06.02 00:02:00,DOWN,-5.9,2,0.0,-20.0,0,9879
2025.06.02 03:01:27,UP,5.1,1,20.1,-0.9,5084,5084
2025.06.02 04:29:26,UP,5.2,2,2.2,-20.0,619,6027
2025.06.02 09:18:44,UP,5.1,1,20.5,-1.4,2847,2847
2025.06.02 10:14:04,UP,5.6,1,20.2,0.0,2170,2170
2025.06.02 10:50:14,UP,6.4,2,3.7,-20.0,108,2579
2025.06.02 11:38:03,UP,5.1,1,20.0,-14.3,19640,19640
2025.06.02 17:05:44,UP,5.1,2,8.8,-20.0,1867,8520
2025.06.02 19:27:45,DOWN,-5.4,2,9.4,-20.1,996,8949
2025.06.02 22:03:08,DOWN,-5.1,1,20.0,-18.4,31365,31365
2025.06.03 08:27:05,DOWN,-5.0,1,20.3,-15.4,18223,18223
2025.06.03 13:30:48,DOWN,-5.9,1,20.7,-15.7,12559,12559
2025.06.03 17:00:07,DOWN,-11.8,2,18.6,-20.0,56081,63294
2025.06.04 11:31:43,UP,5.1,2,8.8,-20.1,1308,7737
2025.06.04 15:01:56,UP,5.1,1,20.1,-4.4,1106,1106
2025.06.04 15:21:01,UP,5.1,1,20.4,-13.6,6421,6421
2025.06.04 17:08:02,UP,9.0,2,7.7,-20.0,39400,56838
2025.06.05 09:39:05,DOWN,-5.3,2,1.5,-20.0,276,13077
2025.06.05 13:49:07,DOWN,-5.4,2,8.1,-20.5,5213,6067
2025.06.05 15:30:14,UP,13.0,2,5.1,-20.1,17,1194
2025.06.05 15:50:08,DOWN,-7.5,2,5.2,-20.4,831,1189
2025.06.05 16:09:57,UP,21.3,1,20.0,-0.7,429,429
2025.06.05 16:17:19,UP,5.6,1,20.0,-6.1,395,395
2025.06.05 16:23:54,UP,20.2,2,8.4,-20.3,313,2469
2025.06.05 17:07:09,UP,5.0,2,5.8,-20.0,1700,2819
2025.06.05 18:05:54,DOWN,-5.6,1,20.2,-11.5,54737,54737
2025.06.06 09:18:12,DOWN,-6.4,1,20.1,-15.1,21138,21138
2025.06.06 15:12:13,DOWN,-5.2,1,20.1,-11.5,1075,1075
2025.06.06 15:30:09,DOWN,-20.2,2,0.1,-20.8,3,118
2025.06.06 15:37:52,DOWN,-5.2,1,20.0,-4.5,2507,2507
2025.06.06 16:19:41,DOWN,-8.3,2,14.1,-20.4,408,3350
2025.06.06 17:16:57,UP,5.2,2,7.0,-20.0,761,1917
2025.06.06 17:48:54,DOWN,-10.1,3,8.3,-13.2,426,195166
2025.06.09 01:09:31,UP,5.1,1,20.4,-9.7,14385,14385
2025.06.09 05:09:29,UP,5.0,2,15.8,-20.0,25922,38187
2025.06.09 15:49:58,DOWN,-5.1,2,14.7,-20.1,2092,10028
2025.06.09 19:04:33,DOWN,-5.1,1,20.0,-16.4,35231,35231
2025.06.10 04:52:40,DOWN,-5.7,1,20.0,-18.0,19065,19065
2025.06.10 10:19:14,UP,5.1,1,20.0,-1.4,3083,3083
2025.06.10 11:10:37,UP,5.4,1,20.2,-6.2,9170,9170
2025.06.10 14:52:02,UP,5.1,2,16.4,-20.2,4570,50596
2025.06.11 04:57:26,DOWN,-5.1,2,1.8,-20.4,18934,22208
2025.06.11 11:07:34,UP,5.6,1,26.3,-5.7,15747,15747
2025.06.11 15:30:01,UP,29.4,1,20.0,-2.4,340,340
2025.06.11 15:35:41,UP,6.5,2,6.2,-20.0,73,1076
2025.06.11 16:03:56,DOWN,-5.1,2,2.7,-20.0,70,3571
2025.06.11 17:03:35,UP,5.2,1,20.2,-8.4,9327,9327
2025.06.11 20:04:48,UP,5.0,1,20.1,-15.5,27375,27375
2025.06.12 03:44:13,UP,5.1,1,20.4,-11.3,27112,27112
2025.06.12 11:16:05,UP,6.9,1,20.2,-6.8,3475,3475
2025.06.12 12:14:00,UP,6.1,1,20.4,-6.3,2395,2395
2025.06.12 12:53:56,UP,16.1,1,20.7,-12.7,3436,3436
2025.06.12 13:51:12,UP,8.8,1,20.1,-16.9,5955,5955
2025.06.12 15:30:27,UP,25.0,2,10.6,-20.0,11,2570
2025.06.12 16:13:17,DOWN,-8.0,1,20.0,-3.1,2477,2477
2025.06.12 16:54:34,DOWN,-7.1,2,17.3,-20.2,12352,36103
2025.06.13 02:59:27,UP,5.2,2,10.0,-20.2,337,735
2025.06.13 03:11:43,DOWN,-10.2,1,20.3,-0.5,195,195
2025.06.13 03:16:43,UP,12.0,2,12.2,-22.8,177,1193
2025.06.13 03:36:36,DOWN,-10.1,1,20.0,-8.7,8843,8843
2025.06.13 06:04:00,DOWN,-11.7,1,20.3,-9.6,8588,8588
2025.06.13 08:27:10,DOWN,-7.9,2,1.3,-20.0,403,1904
2025.06.13 09:01:46,UP,5.1,1,20.3,-10.0,4059,4059
2025.06.13 10:09:25,UP,5.9,2,5.7,-20.1,212,3090
2025.06.13 11:14:09,UP,5.2,2,6.6,-20.0,995,5453
2025.06.13 12:53:09,UP,5.0,2,5.1,-20.1,178,2723
2025.06.13 13:38:32,DOWN,-8.3,2,17.4,-20.1,674,11950
2025.06.13 16:57:43,UP,5.7,1,20.1,-5.4,4646,4646
2025.06.13 18:17:01,UP,5.2,2,18.8,-22.9,1154,193445
2025.06.16 00:01:07,DOWN,-21.9,2,0.0,-20.9,0,21
2025.06.16 00:54:30,UP,5.1,1,20.3,-11.1,27046,27046
2025.06.16 09:19:47,DOWN,-5.0,2,7.4,-20.2,642,1911
2025.06.16 09:51:39,UP,5.7,1,20.4,-0.3,22114,22114
2025.06.16 16:06:06,UP,5.4,1,20.1,-8.2,3660,3660
2025.06.16 17:07:06,UP,6.8,2,1.0,-20.1,5,2353
2025.06.16 17:47:10,DOWN,-5.2,1,20.0,-7.5,16174,16174
2025.06.16 22:17:32,DOWN,-5.4,1,20.0,-3.6,18222,18222
2025.06.17 05:52:38,UP,5.4,1,22.0,-9.1,34643,34643
2025.06.17 15:30:01,UP,11.5,2,1.3,-20.0,2,669
2025.06.17 15:49:42,DOWN,-5.0,1,20.2,-12.6,5821,5821
2025.06.17 17:26:50,DOWN,-5.0,1,20.0,-2.6,620,620
2025.06.17 17:37:11,DOWN,-7.0,2,5.2,-20.1,113,5192
2025.06.17 19:09:30,DOWN,-5.3,1,20.5,-9.0,2363,2363
2025.06.17 19:48:54,DOWN,-11.1,1,20.1,-2.2,3419,3419
2025.06.17 20:45:57,DOWN,-5.2,2,15.7,-20.0,11845,40223
2025.06.18 09:23:25,UP,5.2,2,10.2,-20.2,2761,16423
2025.06.18 14:08:16,UP,5.1,1,21.3,-13.9,10570,10570
2025.06.18 17:04:26,UP,31.8,2,2.6,-20.3,4,1380
2025.06.18 17:27:27,DOWN,-7.0,2,3.1,-20.0,1230,3608
2025.06.18 18:28:39,UP,5.2,2,7.1,-20.1,88,5172
2025.06.18 20:23:46,DOWN,-5.1,2,13.0,-20.0,1096,2194
2025.06.18 21:00:20,UP,24.2,2,8.1,-20.6,25,143
2025.06.18 21:06:20,UP,6.1,2,9.9,-20.8,139,2511
2025.06.18 21:48:11,DOWN,-7.8,1,20.2,-0.9,789,789
2025.06.18 22:01:24,DOWN,-5.1,1,21.2,-19.5,41463,41463
2025.06.19 09:32:49,DOWN,-5.1,2,0.7,-20.4,5,1403
2025.06.19 10:21:53,UP,5.6,1,20.2,-18.6,43118,43118
2025.06.19 23:59:56,DOWN,-6.6,2,5.5,-20.2,135,8720
2025.06.20 03:03:59,UP,5.3,2,17.7,-20.1,36570,52902
2025.06.20 17:50:58,UP,5.1,1,20.4,-0.1,1185,1185
2025.06.20 18:12:08,UP,5.2,2,17.6,-74.2,7633,193774
2025.06.23 00:01:42,DOWN,-70.0,2,0.0,-20.6,0,959
2025.06.23 00:17:41,UP,5.9,1,20.0,-7.4,2791,2791
2025.06.23 01:04:12,UP,23.8,2,13.6,-20.1,5862,12261
2025.06.23 04:28:34,DOWN,-5.1,2,1.1,-20.1,49,1895
2025.06.23 05:00:42,UP,5.1,1,20.0,-11.9,14392,14392
2025.06.23 09:01:04,UP,5.3,2,2.7,-27.4,94,4436
2025.06.23 10:15:00,DOWN,-9.3,1,20.8,-14.0,6600,6600
2025.06.23 12:09:14,DOWN,-5.2,2,13.5,-20.0,1394,16286
2025.06.23 16:44:41,UP,5.5,1,20.2,-5.2,1023,1023
2025.06.23 17:01:44,UP,20.5,1,20.6,-2.3,1448,1448
2025.06.23 17:26:02,UP,5.1,1,20.3,-7.8,3910,3910
2025.06.23 19:07:16,DOWN,-5.0,2,15.8,-20.5,1818,2327
2025.06.23 19:46:04,UP,8.8,1,20.0,-13.9,4539,4539
2025.06.23 21:01:44,UP,5.2,1,20.2,-8.4,14692,14692
2025.06.24 01:06:36,UP,12.5,1,21.2,-9.0,29448,29448
2025.06.24 09:17:24,UP,12.8,2,6.1,-20.1,469,4383
2025.06.24 10:30:27,DOWN,-8.1,2,15.2,-20.1,1371,7775
2025.06.24 12:52:06,DOWN,-5.3,1,20.1,-2.9,12009,12009
2025.06.24 16:14:46,DOWN,-5.1,2,8.1,-20.7,926,3626
2025.06.24 17:15:29,UP,5.2,1,20.2,-4.8,540,540
2025.06.24 17:24:29,UP,18.7,2,10.2,-20.0,150,5446
2025.06.24 18:56:58,DOWN,-5.0,2,2.5,-20.0,921,4741
2025.06.25 00:00:39,DOWN,-10.0,2,0.0,-20.2,0,10915
2025.06.25 03:02:34,UP,6.2,2,13.4,-21.2,4244,28161
2025.06.25 10:51:55,DOWN,-6.4,2,7.9,-20.5,167,24304
2025.06.25 17:36:59,UP,5.1,1,20.1,-2.0,11281,11281
2025.06.25 20:50:47,UP,5.2,1,20.0,-3.7,4307,4307
2025.06.26 00:00:32,DOWN,-6.4,2,0.0,-20.5,0,7929
2025.06.26 02:14:33,UP,5.0,1,20.2,-7.4,13820,13820
2025.06.26 06:04:54,UP,8.0,2,18.9,-20.1,119,6956
2025.06.26 09:03:10,DOWN,-5.2,2,8.3,-20.1,823,3366
2025.06.26 09:59:17,UP,7.9,1,20.0,-8.4,4002,4002
2025.06.26 11:05:59,UP,6.8,1,20.0,-2.4,1692,1692
2025.06.26 11:34:11,UP,10.4,2,5.1,-20.2,420,2655
2025.06.26 12:19:41,DOWN,-5.0,1,20.0,-13.8,7286,7286
2025.06.26 14:21:08,DOWN,-5.0,2,7.2,-20.0,4563,7582
2025.06.26 16:27:30,UP,5.9,2,3.8,-20.0,166,6221
2025.06.26 18:12:09,DOWN,-5.3,2,5.2,-20.2,36,2441
2025.06.26 18:52:51,UP,5.7,1,20.1,-5.5,2767,2767
2025.06.26 19:38:59,UP,6.8,2,4.0,-20.0,76,8842
2025.06.26 22:06:35,DOWN,-5.1,1,21.1,-0.7,6865,6865
2025.06.27 00:01:05,DOWN,-7.3,2,11.9,-20.9,6082,35043
2025.06.27 09:45:08,UP,7.8,1,20.5,-11.6,20843,20843
2025.06.27 15:32:31,UP,14.0,1,20.2,-5.3,1713,1713
2025.06.27 16:01:04,UP,6.7,2,0.0,-20.0,0,563
2025.06.27 16:24:12,DOWN,-5.7,1,20.6,-6.5,4954,4954
2025.06.27 17:46:49,DOWN,-5.4,2,3.8,-20.5,22,3360
2025.06.27 19:13:09,UP,5.3,2,0.7,-21.3,38,4258
2025.06.27 20:24:17,DOWN,-5.4,1,20.6,-3.4,4088,4088
2025.06.27 21:32:25,DOWN,-5.1,2,1.6,-20.0,445,5398
2025.06.27 23:58:40,DOWN,-5.7,3,0.0,-14.7,0,172950
2025.06.30 00:01:28,UP,14.1,1,20.2,-17.7,35697,35697
2025.06.30 09:56:26,UP,6.4,2,1.1,-20.2,2,2006
2025.06.30 10:29:53,DOWN,-6.4,1,20.3,-6.4,18189,18189
2025.06.30 16:06:23,UP,5.1,1,20.4,-6.5,4749,4749
2025.06.30 17:34:56,UP,5.1,1,21.1,-12.0,4313,4313
2025.06.30 18:46:49,UP,9.7,1,20.3,-14.1,15704,15704
2025.06.30 23:53:21,DOWN,-5.1,2,7.5,-22.0,2424,15999
2025.07.01 04:20:01,UP,5.6,2,3.2,-20.0,4,1729
2025.07.01 09:01:57,DOWN,-5.5,2,13.7,-20.8,3687,10282
2025.07.01 11:53:22,UP,5.1,1,20.0,-5.4,2259,2259
2025.07.01 12:31:01,UP,7.5,2,7.5,-20.0,205,12420
2025.07.01 16:24:47,DOWN,-5.1,1,20.0,-14.9,4585,4585
2025.07.01 17:41:12,DOWN,-5.9,2,15.5,-20.1,7798,19597
2025.07.02 00:03:35,DOWN,-9.6,1,20.0,-14.0,35063,35063
2025.07.02 09:49:26,DOWN,-5.2,1,20.5,-8.0,17481,17481
2025.07.02 14:54:30,UP,5.2,1,20.5,-11.5,1255,1255
2025.07.02 15:15:26,UP,25.6,2,9.9,-20.2,601,1575
2025.07.02 15:41:41,DOWN,-9.7,2,7.5,-20.0,7720,9198
2025.07.02 18:14:59,UP,9.3,1,20.4,-3.6,6761,6761
2025.07.02 20:24:12,DOWN,-5.1,1,24.9,-16.2,68749,68749
2025.07.03 15:30:01,DOWN,-38.2,1,21.3,-2.1,18,18
2025.07.03 15:35:24,UP,5.2,1,20.0,0.0,309,309
2025.07.03 15:40:36,UP,5.6,2,1.4,-20.1,19,287
2025.07.03 15:45:36,DOWN,-6.0,2,9.6,-20.1,298,1599
2025.07.03 16:12:15,UP,5.9,1,20.1,-5.6,1674,1674
2025.07.03 16:40:25,UP,5.1,2,19.9,-20.4,1226,4995
2025.07.03 18:12:39,UP,5.1,1,20.2,-17.9,65882,65882
2025.07.04 14:52:54,DOWN,-6.0,3,10.0,-13.5,2660,205726
2025.07.07 00:03:00,UP,7.9,2,15.5,-20.4,11669,34205
2025.07.07 09:33:05,DOWN,-7.4,1,20.1,-4.0,6771,6771
2025.07.07 11:44:06,DOWN,-5.2,1,22.8,-13.1,27555,27555
2025.07.07 19:23:21,DOWN,-24.5,1,20.0,-16.1,2008,2008
2025.07.07 19:56:50,DOWN,-10.9,2,3.1,-20.3,398,2190
2025.07.07 20:33:20,UP,16.7,1,20.8,-10.5,18536,18536
2025.07.08 01:42:25,UP,5.0,1,20.0,-3.0,30513,30513
2025.07.08 10:13:53,UP,5.1,2,10.5,-20.0,2301,11439
2025.07.08 14:54:32,DOWN,-5.1,1,20.0,-0.7,5376,5376
2025.07.08 16:24:08,DOWN,-8.6,1,20.0,-8.1,3533,3533
2025.07.08 17:23:01,DOWN,-5.3,2,1.7,-20.0,74,3228
2025.07.08 18:19:51,UP,5.1,1,20.1,-11.1,12817,12817
2025.07.09 00:01:28,DOWN,-8.7,1,20.0,-13.7,53612,53612
2025.07.09 14:57:01,DOWN,-5.2,2,2.0,-20.2,136,1271
2025.07.09 15:18:12,UP,10.0,1,20.2,-11.2,42019,42019
2025.07.10 02:58:39,UP,5.0,2,16.0,-20.0,2726,41679
2025.07.10 14:33:28,DOWN,-5.6,1,20.4,-4.0,7249,7249
2025.07.10 16:34:17,DOWN,-9.0,1,20.1,-11.8,2981,2981
2025.07.10 17:23:58,DOWN,-13.8,2,9.5,-20.0,336,13227
2025.07.11 00:03:07,DOWN,-5.9,1,20.3,-13.2,12435,12435
2025.07.11 03:30:27,DOWN,-5.1,2,7.5,-20.0,420,24328
2025.07.11 10:15:55,UP,5.5,1,21.6,-12.5,23120,23120
2025.07.11 16:41:15,UP,9.2,2,1.5,-20.0,9,715
2025.07.11 17:15:20,DOWN,-5.1,2,4.7,-20.0,219,4513
2025.07.11 18:30:53,UP,5.1,2,4.7,-20.4,569,18032
2025.07.11 23:52:43,UP,5.7,2,2.3,-32.2,75,173377
2025.07.14 00:03:20,DOWN,-29.2,2,0.0,-20.4,0,3555
2025.07.14 01:02:36,UP,10.1,2,19.0,-20.4,11856,29820
2025.07.14 09:22:53,DOWN,-5.0,2,0.1,-20.0,1,3410
2025.07.14 12:13:46,UP,5.0,2,11.9,-20.4,8017,25039
2025.07.14 19:17:23,DOWN,-5.0,2,3.1,-20.1,5249,47117
2025.07.15 09:54:43,DOWN,-5.2,1,20.7,-15.3,23962,23962
2025.07.15 16:34:06,DOWN,-10.6,1,21.4,-0.3,1604,1604
2025.07.15 17:00:50,DOWN,-7.8,1,20.0,-5.1,3015,3015
2025.07.15 18:03:33,DOWN,-5.1,1,20.0,-7.0,8681,8681
2025.07.16 00:00:50,DOWN,-6.4,2,0.3,-20.2,1068,28040
2025.07.16 09:58:03,UP,5.1,2,0.6,-20.0,264,17687
2025.07.16 14:57:32,DOWN,-5.1,1,20.2,-10.8,5053,5053
2025.07.16 16:21:45,DOWN,-5.5,2,19.2,-21.6,4688,5679
2025.07.16 17:56:24,UP,11.3,1,20.5,-11.8,915,915
2025.07.16 18:11:39,UP,12.2,1,20.5,-6.2,277,277
2025.07.16 18:16:39,UP,53.8,1,21.9,-17.4,83,83
2025.07.16 18:21:39,UP,5.4,1,20.2,-5.6,302,302
2025.07.16 18:26:41,UP,22.2,1,21.1,-14.3,233,233
2025.07.16 18:31:41,UP,25.2,2,8.8,-20.1,84,220
2025.07.16 18:37:14,DOWN,-5.1,1,20.7,-16.3,568,568
2025.07.16 18:46:42,DOWN,-14.1,1,28.8,-8.4,510,510
2025.07.16 18:55:12,DOWN,-16.1,1,25.4,0.0,4,4
2025.07.16 19:00:12,DOWN,-6.3,2,7.6,-20.0,148,426
2025.07.16 19:07:18,UP,14.7,2,15.1,-20.5,4814,10675
2025.07.16 23:59:31,DOWN,-9.0,1,20.0,-9.2,32462,32462
2025.07.17 09:14:23,DOWN,-5.1,1,20.2,-0.2,516,516
2025.07.17 09:22:59,DOWN,-11.3,1,20.5,-16.6,22037,22037
2025.07.17 15:30:16,DOWN,-7.4,2,12.0,-20.0,38,1082
2025.07.17 15:48:19,UP,7.7,1,20.0,-10.9,35036,35036
2025.07.18 01:32:15,UP,5.4,1,21.3,-1.8,11703,11703
2025.07.18 04:47:19,UP,5.4,1,20.3,-17.2,37166,37166
2025.07.18 15:09:28,UP,5.0,1,20.0,-7.0,6640,6640
2025.07.18 17:00:09,UP,5.7,2,0.3,-20.2,1,1030
2025.07.18 17:17:19,DOWN,-5.1,1,20.1,-6.6,7630,7630
2025.07.18 19:24:30,DOWN,-11.3,3,14.2,-6.8,11230,189426
2025.07.21 00:06:01,UP,7.9,1,20.1,-17.4,41437,41437
2025.07.21 11:36:39,UP,5.1,1,20.6,-18.4,12975,12975
2025.07.21 15:12:54,UP,6.0,1,20.2,-15.0,9726,9726
2025.07.21 17:55:55,UP,5.0,1,20.1,-17.9,86102,86102
2025.07.22 17:53:52,UP,5.1,1,20.0,-4.4,2540,2540
2025.07.22 18:36:26,UP,5.1,2,19.9,-20.2,3240,75316
2025.07.23 15:32:01,DOWN,-5.1,2,9.4,-20.0,3899,9715
2025.07.23 18:34:22,DOWN,-5.9,2,6.1,-20.0,532,1306
2025.07.23 18:56:09,UP,13.7,1,20.3,-5.8,8739,8739
2025.07.23 23:52:59,DOWN,-5.7,1,20.0,-13.4,46779,46779
2025.07.24 13:08:40,DOWN,-5.2,2,18.2,-20.1,10415,11996
2025.07.24 16:28:36,UP,10.0,2,19.1,-22.0,2799,25922
2025.07.24 23:46:58,DOWN,-5.3,1,20.0,-14.2,50641,50641
2025.07.25 13:51:00,DOWN,-5.8,1,20.5,-6.1,8086,8086
2025.07.25 16:05:47,DOWN,-13.3,2,1.9,-20.4,12,863
2025.07.25 16:20:11,UP,5.3,2,1.5,-20.1,1,1341
2025.07.25 16:42:32,DOWN,-6.4,2,3.5,-20.0,70,1403
2025.07.25 17:07:37,UP,5.0,1,22.5,-9.5,197604,197604
2025.07.28 00:01:01,UP,11.4,2,18.2,-20.0,11758,33542
2025.07.28 09:20:54,DOWN,-5.1,1,20.0,-0.2,4162,4162
2025.07.28 10:31:31,DOWN,-5.5,1,20.0,-0.9,1240,1240
2025.07.28 10:52:26,DOWN,-5.2,1,20.3,-8.6,6240,6240
2025.07.28 12:36:27,DOWN,-9.3,1,20.4,-10.5,13489,13489
2025.07.28 16:21:18,DOWN,-5.9,1,20.1,-8.6,7346,7346
2025.07.28 18:23:44,DOWN,-6.1,1,20.0,-8.3,6088,6088
2025.07.28 20:19:12,DOWN,-5.0,1,20.2,-7.5,47474,47474
2025.07.29 09:33:40,DOWN,-5.2,1,20.5,0.0,1281,1281
2025.07.29 09:55:05,DOWN,-6.8,2,17.5,-20.2,923,4722
2025.07.29 11:14:29,UP,5.1,1,20.0,-5.6,8083,8083
2025.07.29 13:29:13,UP,5.3,2,1.6,-20.0,47,2268
2025.07.29 14:18:47,DOWN,-5.3,1,20.0,-5.8,1406,1406
2025.07.29 14:42:14,DOWN,-6.1,1,20.0,-8.0,5378,5378
2025.07.29 16:11:52,DOWN,-5.1,2,3.1,-20.0,154,2698
2025.07.29 16:56:51,UP,6.0,2,6.6,-20.1,210,3739
2025.07.29 17:59:11,DOWN,-6.7,2,0.6,-20.1,17,4592
2025.07.29 19:16:42,UP,5.5,1,20.0,-8.2,30680,30680
2025.07.30 04:23:40,DOWN,-5.1,1,20.0,-8.0,16831,16831
2025.07.30 09:04:12,DOWN,-7.4,2,2.5,-20.0,62,3723
2025.07.30 10:06:57,UP,5.3,2,4.2,-20.8,210,11828
2025.07.30 13:24:06,DOWN,-6.2,1,20.0,-0.1,4435,4435
2025.07.30 15:09:33,DOWN,-5.1,1,21.0,-1.1,1253,1253
2025.07.30 15:30:26,DOWN,-6.0,1,20.3,-3.7,373,373
2025.07.30 15:36:39,DOWN,-7.5,1,20.5,-8.4,2194,2194
2025.07.30 16:13:13,DOWN,-9.6,2,6.7,-20.0,2543,17213
2025.07.30 21:00:07,UP,5.6,2,17.4,-20.2,2154,2461
2025.07.30 21:41:08,DOWN,-9.5,1,20.1,-4.4,483,483
2025.07.30 21:49:12,DOWN,-13.4,1,20.0,-2.7,643,643
2025.07.30 21:59:55,DOWN,-8.0,1,21.9,-10.8,5001,5001
2025.07.30 23:23:16,DOWN,-9.7,2,3.2,-20.0,2181,9025
2025.07.31 03:00:48,UP,5.1,2,4.8,-20.3,6238,12270
2025.07.31 06:25:19,DOWN,-5.3,2,4.7,-20.2,71,5410
2025.07.31 08:22:50,UP,5.1,2,18.1,-20.8,5737,18715
2025.07.31 13:34:45,DOWN,-6.0,2,1.2,-20.0,118,1927
2025.07.31 14:12:37,UP,5.1,2,5.1,-20.1,3137,5752
2025.07.31 15:48:30,DOWN,-8.6,2,19.8,-20.5,2452,7307
2025.07.31 17:50:55,UP,5.5,2,2.6,-20.0,1559,4163
2025.07.31 19:11:34,DOWN,-5.1,1,20.3,-15.4,61894,61894
2025.08.01 12:23:10,DOWN,-5.0,2,8.4,-20.0,1603,6593
2025.08.01 14:13:03,UP,6.0,2,0.8,-20.0,13,3162
2025.08.01 15:19:02,DOWN,-5.1,2,9.1,-21.3,493,659
2025.08.01 15:30:01,UP,32.3,1,20.0,-6.1,33,33
2025.08.01 15:35:06,DOWN,-5.1,2,2.4,-20.0,26,135
2025.08.01 15:40:22,DOWN,-5.1,2,2.0,-20.4,31,224
2025.08.01 15:46:05,UP,5.3,1,20.4,-3.5,455,455
2025.08.01 15:53:40,UP,9.4,2,2.6,-20.0,112,227
2025.08.01 15:58:40,DOWN,-8.8,2,4.7,-20.1,326,760
2025.08.01 16:11:20,UP,11.1,1,20.1,-18.5,1473,1473
2025.08.01 16:35:53,UP,8.0,2,1.1,-20.3,76,635
2025.08.01 16:46:29,DOWN,-7.2,2,11.2,-20.2,359,838
2025.08.01 17:00:27,UP,22.0,2,5.7,-20.3,13,265
2025.08.01 17:05:27,UP,7.5,2,13.6,-20.4,1191,4097
2025.08.01 18:20:52,UP,5.1,2,11.9,-20.3,2006,6142
2025.08.01 20:03:14,DOWN,-6.9,2,15.8,-20.3,2098,8818
2025.08.01 22:30:12,UP,9.5,1,21.4,-5.5,574,574
2025.08.01 22:39:47,UP,8.5,1,20.1,-7.0,3282,3282
2025.08.01 23:34:30,UP,5.8,3,2.0,-11.6,19,174461
2025.08.04 01:00:30,UP,5.3,2,1.7,-20.1,346,8001
2025.08.04 03:13:51,DOWN,-9.0,1,20.2,-0.4,3351,3351
2025.08.04 04:09:42,DOWN,-5.1,2,3.4,-20.1,859,3051
2025.08.04 06:01:40,UP,5.3,2,5.4,-20.3,172,15490
2025.08.04 10:19:50,DOWN,-5.6,2,11.2,-20.1,4677,13526
2025.08.04 14:14:36,UP,5.2,2,5.3,-20.0,212,2961
2025.08.04 15:03:57,DOWN,-5.6,2,1.2,-20.4,165,1220
2025.08.04 15:24:17,UP,10.1,2,6.4,-20.1,1402,9026
2025.08.04 17:54:44,DOWN,-12.5,2,4.8,-20.2,5177,29432
2025.08.05 04:04:56,DOWN,-5.3,1,20.3,-6.9,16230,16230
2025.08.05 08:37:05,DOWN,-5.1,2,17.3,-20.1,21716,33489
2025.08.05 18:06:00,UP,5.4,1,20.1,-9.7,68492,68492
2025.08.06 13:07:32,UP,6.0,1,20.0,-2.0,4964,4964
2025.08.06 14:33:18,DOWN,-5.2,2,6.8,-20.7,2653,5001
2025.08.06 15:56:39,UP,5.5,1,20.1,-10.8,11156,11156
2025.08.06 19:22:36,DOWN,-5.1,2,10.0,-20.2,1906,7413
2025.08.06 23:37:50,DOWN,-5.1,2,4.0,-20.0,15956,27858
2025.08.07 09:17:17,UP,5.3,1,20.0,-2.4,6407,6407
2025.08.07 11:04:05,UP,5.1,2,4.0,-20.5,41,5647
2025.08.07 14:00:19,UP,5.1,2,1.7,-20.1,1,752
2025.08.07 14:12:51,DOWN,-5.1,1,20.2,-5.9,1696,1696
2025.08.07 14:41:07,DOWN,-7.6,2,0.2,-20.1,2,2499
2025.08.07 15:24:40,UP,5.1,2,7.0,-20.0,646,5992
2025.08.07 17:04:32,DOWN,-7.2,1,20.1,-6.4,2179,2179
2025.08.07 17:40:51,DOWN,-5.8,2,4.2,-20.0,1439,3222
2025.08.07 20:18:40,DOWN,-5.1,2,12.7,-20.0,6507,8637
2025.08.07 22:42:37,UP,6.7,1,20.1,-6.9,10495,10495
2025.08.08 04:04:58,DOWN,-5.1,1,20.1,-0.2,15430,15430
2025.08.08 10:33:21,UP,5.5,2,4.2,-20.2,522,4570
2025.08.08 11:49:32,DOWN,-5.2,2,11.5,-20.3,6903,19905
2025.08.08 17:27:48,DOWN,-5.2,1,20.0,-10.4,18035,18035
2025.08.08 22:28:25,DOWN,-9.1,3,1.2,-6.9,140,178521
2025.08.11 00:08:51,UP,6.7,1,20.1,-9.8,22078,22078
2025.08.11 10:01:14,DOWN,-5.1,1,20.2,-2.4,9427,9427
2025.08.11 14:26:55,DOWN,-5.1,1,20.0,-3.4,2956,2956
2025.08.11 15:23:43,UP,5.2,2,6.8,-20.5,4929,7314
2025.08.11 17:32:18,DOWN,-5.7,2,6.3,-20.1,2317,21226
2025.08.12 00:01:28,DOWN,-8.1,2,0.1,-20.1,44,28548
2025.08.12 08:17:55,DOWN,-5.1,1,20.6,-2.5,16359,16359
2025.08.12 15:03:11,UP,5.1,1,21.2,-9.0,1614,1614
2025.08.12 15:30:05,UP,32.4,1,20.1,-18.8,678,678
2025.08.12 15:41:23,UP,6.8,2,1.6,-20.4,194,747
2025.08.12 15:53:50,DOWN,-17.0,2,16.5,-20.2,2262,3066
2025.08.12 16:44:57,UP,27.4,1,20.0,-14.7,6075,6075
2025.08.12 18:27:13,UP,5.7,1,20.0,-14.3,56529,56529
2025.08.13 10:09:25,UP,5.1,1,20.2,-1.1,4366,4366
2025.08.13 11:38:03,DOWN,-5.0,1,20.2,-16.9,16010,16010
2025.08.13 16:04:53,DOWN,-5.3,2,0.1,-20.1,1,4524
2025.08.13 17:21:45,UP,5.1,2,6.3,-20.1,515,14145
2025.08.13 21:17:51,DOWN,-5.2,1,20.6,-18.6,49873,49873
2025.08.14 11:09:12,DOWN,-5.1,2,7.9,-20.3,2954,8491
2025.08.14 13:43:27,DOWN,-5.1,1,23.5,-5.9,6395,6395
2025.08.14 15:30:02,DOWN,-13.7,1,20.0,-16.5,5533,5533
2025.08.14 17:05:46,DOWN,-5.1,2,6.0,-20.2,103,1447
2025.08.14 17:29:53,UP,5.2,2,2.6,-20.0,149,4005
2025.08.14 18:36:52,DOWN,-5.0,2,12.5,-20.1,4862,43784
2025.08.15 09:33:02,UP,5.1,1,20.2,-1.7,20366,20366
2025.08.15 15:31:02,DOWN,-5.2,2,5.3,-20.0,32,610
2025.08.15 15:54:16,DOWN,-5.1,2,6.3,-20.8,1451,4052
2025.08.15 17:01:48,UP,5.8,3,6.1,-11.3,2934,197981
2025.08.18 10:13:16,UP,5.1,2,3.9,-20.0,1069,2878
2025.08.18 11:01:24,DOWN,-5.1,1,20.1,-12.1,32131,32131
2025.08.19 01:04:57,UP,5.2,2,9.7,-20.2,209,12283
2025.08.19 04:29:42,DOWN,-6.8,2,6.4,-20.1,136,14363
2025.08.19 08:49:08,DOWN,-5.1,2,7.3,-20.4,735,4381
2025.08.19 10:06:30,UP,5.1,2,12.4,-20.2,14520,30844
2025.08.19 18:59:51,DOWN,-5.1,1,20.0,-4.9,29053,29053
2025.08.20 04:26:56,DOWN,-5.2,2,6.5,-20.2,4864,31631
2025.08.20 13:14:59,UP,5.4,1,20.0,-12.2,9594,9594
2025.08.20 16:08:00,DOWN,-5.2,1,20.2,-7.4,41339,41339
2025.08.21 09:22:19,DOWN,-5.5,2,12.3,-20.0,2503,4533
2025.08.21 10:37:52,UP,5.3,2,5.1,-20.2,6069,15972
2025.08.21 15:30:00,UP,7.0,2,9.2,-22.8,481,4500
2025.08.21 16:45:01,DOWN,-7.6,1,20.6,-3.5,3626,3626
2025.08.21 17:52:51,UP,5.1,2,10.2,-20.0,2200,45920
2025.08.22 06:38:12,DOWN,-5.4,2,12.6,-20.1,3134,34015
2025.08.22 16:37:30,DOWN,-5.7,2,5.6,-22.9,1268,1355
2025.08.22 17:00:05,UP,26.4,1,20.1,0.0,9,9
2025.08.22 17:05:11,UP,5.4,1,20.4,-3.5,644,644
2025.08.22 17:16:02,UP,6.2,1,20.3,-6.9,1924,1924
2025.08.22 17:48:06,UP,5.4,1,20.0,-5.1,1453,1453
2025.08.22 18:17:28,DOWN,-5.1,2,5.8,-20.0,2610,7596
2025.08.22 20:38:17,UP,5.1,2,0.0,-20.5,0,4685
2025.08.22 23:50:44,DOWN,-5.1,3,0.7,-2.8,440,173582
2025.08.25 00:23:42,UP,5.2,2,0.0,-20.2,0,7379
2025.08.25 03:02:38,DOWN,-5.4,1,20.0,-17.6,54524,54524
2025.08.25 18:35:57,DOWN,-5.3,1,20.7,-3.3,3714,3714
2025.08.25 19:37:51,DOWN,-6.0,1,20.1,-1.2,5633,5633
2025.08.25 21:11:44,DOWN,-5.1,1,20.0,-4.7,2979,2979
2025.08.25 22:04:46,DOWN,-5.0,2,12.5,-21.0,287,18006
2025.08.26 03:04:53,UP,21.6,1,20.0,-7.4,1751,1751
2025.08.26 03:34:05,UP,5.7,2,3.7,-20.0,253,2760
2025.08.26 04:31:01,DOWN,-5.5,1,20.0,-12.2,17406,17406
2025.08.26 09:21:07,DOWN,-9.1,2,11.5,-20.3,3527,10553
2025.08.26 12:18:07,UP,5.3,1,20.5,-4.8,8325,8325
2025.08.26 14:36:53,UP,6.8,2,9.7,-20.1,10257,23890
2025.08.26 23:03:52,DOWN,-5.2,1,20.0,-12.2,29984,29984
2025.08.27 10:01:51,DOWN,-5.0,1,20.6,-2.9,4042,4042
2025.08.27 11:14:39,DOWN,-5.1,2,16.3,-20.0,10099,26549
2025.08.27 19:47:35,UP,5.1,1,20.0,-3.5,33782,33782
2025.08.28 09:28:07,DOWN,-5.5,2,8.1,-20.8,7376,13808
2025.08.28 13:27:46,UP,5.1,1,20.0,-7.2,8173,8173
2025.08.28 15:43:59,UP,12.6,2,0.6,-20.3,2,845
2025.08.28 15:58:04,DOWN,-11.4,2,7.5,-20.3,1929,14079
2025.08.28 19:53:53,UP,5.0,2,7.5,-20.2,1480,29664
2025.08.29 04:08:23,DOWN,-5.1,2,13.2,-20.5,2951,26747
2025.08.29 11:34:10,UP,12.5,2,0.0,-20.8,0,3639
2025.08.29 12:34:49,DOWN,-7.5,2,18.5,-20.0,10688,17768
2025.08.29 17:31:19,UP,5.4,3,17.8,-10.1,1867,196210
2025.09.01 00:01:30,UP,11.7,1,20.0,-9.6,30846,30846
2025.09.01 09:05:46,UP,5.0,2,14.5,-20.0,9979,33305
2025.09.02 00:04:01,DOWN,-6.0,1,20.0,-13.1,36657,36657
2025.09.02 10:14:58,DOWN,-15.1,1,20.0,-3.2,1154,1154
2025.09.02 10:34:12,DOWN,-8.0,1,20.1,-9.6,1410,1410
2025.09.02 10:57:43,DOWN,-7.1,1,20.1,-10.5,5071,5071
2025.09.02 12:22:15,DOWN,-9.0,2,1.7,-20.0,70,9159
2025.09.02 15:13:23,DOWN,-5.3,1,20.2,-1.4,1409,1409
2025.09.02 15:37:55,DOWN,-5.0,2,6.1,-20.0,639,2216
2025.09.02 16:47:46,DOWN,-5.1,2,0.2,-20.1,119,743
2025.09.02 17:00:09,UP,11.4,1,20.1,-3.4,990,990
2025.09.02 17:29:11,DOWN,-5.1,1,20.4,-0.4,3979,3979
2025.09.02 18:36:58,DOWN,-5.2,1,20.1,-7.6,11595,11595
2025.09.03 00:01:28,DOWN,-6.3,1,20.0,-9.7,37130,37130
2025.09.03 10:20:38,DOWN,-5.1,2,3.5,-20.3,62,1676
2025.09.03 10:48:34,UP,9.2,1,20.4,-3.0,1711,1711
2025.09.03 11:17:05,UP,5.9,1,20.0,-14.1,20768,20768
2025.09.03 17:03:13,UP,23.8,2,9.4,-20.1,5250,40164
2025.09.04 04:34:45,UP,5.2,2,4.9,-20.1,98,20863
2025.09.04 10:22:28,DOWN,-5.4,2,14.3,-20.0,19215,63874
2025.09.05 08:59:01,UP,5.1,1,20.2,-13.3,22140,22140
2025.09.05 15:08:04,UP,5.0,1,23.4,-4.7,1317,1317
2025.09.05 15:30:01,UP,22.5,1,20.2,-3.4,4,4
2025.09.05 15:36:39,DOWN,-5.3,2,15.1,-20.0,2648,4525
2025.09.05 16:52:04,UP,7.2,2,9.9,-20.5,707,2825
2025.09.05 17:39:09,DOWN,-6.2,2,6.4,-20.0,30,2159
2025.09.05 18:17:28,DOWN,-5.1,1,20.0,-16.9,9821,9821
2025.09.05 21:41:56,DOWN,-5.1,3,6.1,-8.2,181234,181234
2025.09.08 00:03:30,DOWN,-7.9,2,6.1,-20.0,6103,35929
2025.09.08 10:07:01,DOWN,-5.1,2,0.5,-20.0,2,3432
2025.09.08 11:04:13,UP,8.0,2,1.9,-20.1,56,4036
2025.09.08 14:51:52,DOWN,-5.4,2,2.0,-20.1,1958,4647
2025.09.08 16:09:21,UP,6.2,1,20.0,-10.2,21192,21192
2025.09.09 00:02:36,DOWN,-6.0,2,0.6,-20.2,85,17458
2025.09.09 09:28:16,DOWN,-5.0,1,20.7,-1.1,4747,4747
2025.09.09 10:47:23,DOWN,-5.4,2,4.5,-20.2,1297,5449
2025.09.09 13:17:26,UP,5.0,2,2.0,-20.2,24,4076
2025.09.09 15:01:04,DOWN,-5.4,2,9.2,-20.2,2454,7146
2025.09.09 17:00:10,UP,14.5,2,5.8,-20.3,13,184
2025.09.09 17:06:50,DOWN,-5.1,1,20.1,-10.5,13109,13109
2025.09.09 20:45:33,DOWN,-5.3,1,20.5,-8.0,27875,27875
2025.09.10 04:38:05,UP,5.3,1,20.0,-1.8,16921,16921
2025.09.10 09:34:17,DOWN,-5.4,1,20.1,-6.4,1606,1606
2025.09.10 10:01:03,DOWN,-8.8,2,6.7,-20.1,29,8705
2025.09.10 12:49:12,UP,5.1,2,0.5,-20.0,58,2609
2025.09.10 14:53:38,UP,5.1,1,20.0,-15.1,2187,2187
2025.09.10 15:30:05,UP,32.5,2,1.3,-20.0,4,445
2025.09.10 15:37:30,DOWN,-13.3,2,12.6,-20.0,949,5047
2025.09.10 17:01:38,UP,6.0,2,4.8,-20.0,2825,9164
2025.09.10 19:54:55,DOWN,-5.0,1,20.0,-9.0,60335,60335
2025.09.11 12:40:31,DOWN,-5.1,1,20.0,-8.2,10173,10173
2025.09.11 15:30:04,DOWN,-21.7,2,1.7,-21.1,0,3
2025.09.11 15:35:40,UP,5.1,2,0.6,-20.0,0,474
2025.09.11 15:43:34,DOWN,-11.7,2,7.7,-20.4,490,1105
2025.09.11 16:02:00,UP,5.3,1,20.1,-6.3,3318,3318
2025.09.11 16:57:18,UP,5.6,2,7.7,-20.0,62741,67672
2025.09.12 11:49:09,DOWN,-5.2,2,15.0,-20.2,13941,30517
2025.09.15 00:01:28,DOWN,-7.1,2,10.9,-20.1,34178,44875
2025.09.15 13:04:14,UP,5.3,1,20.1,-2.5,10652,10652
2025.09.15 17:42:04,DOWN,-5.1,2,1.9,-20.2,44,4872
2025.09.15 19:14:50,DOWN,-5.1,2,9.6,-20.1,2512,41097
2025.09.16 07:02:52,DOWN,-5.0,2,1.5,-20.2,6456,11437
2025.09.16 10:13:51,UP,5.1,1,20.0,-6.6,9024,9024
2025.09.16 14:05:54,DOWN,-5.2,2,12.7,-20.0,5047,8380
2025.09.16 16:25:47,UP,5.1,1,20.0,-10.7,3080,3080
2025.09.16 17:17:09,UP,6.4,1,20.1,-9.3,7688,7688
2025.09.16 19:25:17,UP,5.2,2,13.6,-20.2,3457,52666
2025.09.17 10:03:03,DOWN,-10.4,2,12.7,-21.4,11423,39418
2025.09.17 21:00:01,UP,16.4,1,20.1,-1.7,151,151
2025.09.17 21:05:10,DOWN,-5.1,2,0.5,-20.0,0,167
2025.09.17 21:10:48,DOWN,-5.1,1,20.2,-2.4,1197,1197
2025.09.17 21:30:45,DOWN,-5.4,1,20.3,-11.3,395,395
2025.09.17 21:37:21,DOWN,-13.4,1,20.3,-12.0,536,536
2025.09.17 21:46:18,DOWN,-8.2,1,20.2,-12.0,491,491
2025.09.17 21:54:30,DOWN,-26.7,2,2.4,-20.0,24,465
2025.09.17 22:02:16,UP,6.5,2,15.6,-20.0,447,2995
2025.09.17 22:53:53,UP,5.2,2,0.4,-20.1,83,1788
2025.09.17 23:23:41,DOWN,-6.7,2,0.3,-20.0,0,11647
2025.09.18 03:03:11,DOWN,-5.3,1,20.2,-8.7,17010,17010
2025.09.18 07:57:43,DOWN,-5.2,2,13.1,-20.0,4548,8019
2025.09.18 10:11:23,UP,5.4,1,20.6,-2.4,1834,1834
2025.09.18 10:41:57,UP,6.1,2,14.7,-20.4,7213,17283
2025.09.18 15:30:00,DOWN,-5.7,1,20.0,-1.8,1806,1806
2025.09.18 16:06:59,DOWN,-5.1,1,20.1,-10.9,1874,1874
2025.09.18 16:38:13,DOWN,-7.0,2,15.6,-20.2,418,5130
2025.09.18 18:03:43,UP,10.6,2,8.2,-20.3,8948,55805
2025.09.19 09:33:48,DOWN,-6.3,1,20.0,-12.8,18715,18715
2025.09.19 14:45:45,DOWN,-5.1,2,15.0,-20.0,2821,7484
2025.09.19 17:04:39,UP,5.1,2,4.9,-20.3,2377,5116
2025.09.19 18:36:16,DOWN,-5.1,3,3.3,-18.3,192383,192383
2025.09.22 00:02:45,DOWN,-8.4,2,7.7,-20.2,14040,37408
2025.09.22 10:26:13,UP,7.1,1,20.2,-6.7,9012,9012
2025.09.22 12:57:38,UP,5.1,1,20.0,-12.4,27959,27959
2025.09.23 00:01:00,DOWN,-9.7,2,12.4,-20.1,86,16502
2025.09.23 05:13:23,DOWN,-5.2,1,20.0,-2.0,17466,17466
2025.09.23 10:04:29,DOWN,-7.9,2,8.1,-20.3,632,7891
2025.09.23 12:22:31,UP,5.1,2,0.7,-20.0,0,4101
2025.09.23 14:57:30,DOWN,-5.2,2,8.2,-20.0,6877,19837
2025.09.23 20:28:08,UP,5.6,2,6.0,-20.0,16880,44506
2025.09.24 09:04:50,UP,5.1,2,0.0,-20.0,0,6922
2025.09.24 11:00:12,DOWN,-5.7,1,20.0,-3.3,6459,6459
2025.09.24 12:52:31,UP,5.1,2,2.4,-20.1,87,4660
2025.09.24 14:33:57,UP,5.1,2,2.8,-20.1,2792,5906
2025.09.24 16:12:23,DOWN,-6.0,1,20.8,-18.8,83860,83860
2025.09.25 15:30:03,DOWN,-21.2,1,20.0,-12.4,1143,1143
2025.09.25 15:49:06,DOWN,-6.4,1,20.0,-14.6,7372,7372
2025.09.25 17:52:04,DOWN,-5.2,1,20.0,-8.7,9211,9211
2025.09.25 20:26:34,DOWN,-5.1,2,8.4,-20.0,2744,27551
2025.09.26 09:08:07,UP,5.2,2,5.5,-20.3,9259,17130
2025.09.26 14:27:20,DOWN,-5.1,2,0.5,-20.5,28,3839
2025.09.26 15:31:20,UP,5.2,1,20.0,-12.1,8020,8020
2025.09.26 17:53:13,DOWN,-5.3,3,11.0,-9.4,4923,194896
2025.09.29 03:01:40,UP,5.2,1,20.2,-0.4,17545,17545
2025.09.29 07:54:19,UP,5.2,2,0.9,-20.1,823,12541
2025.09.29 11:23:21,DOWN,-5.8,2,4.2,-20.3,178,13054
2025.09.29 15:23:51,DOWN,-5.1,2,3.5,-20.0,545,1491
2025.09.29 15:48:42,UP,6.0,2,12.5,-20.0,3440,17011
2025.09.30 00:01:00,DOWN,-12.0,2,2.2,-20.2,18052,29744
2025.09.30 09:22:04,UP,5.1,1,20.3,-1.6,8453,8453
2025.09.30 11:42:57,UP,7.2,2,2.4,-20.2,3,9010
2025.09.30 15:34:58,DOWN,-5.1,2,19.9,-20.4,3064,15467
2025.09.30 20:49:54,DOWN,-5.2,1,20.7,-2.2,11495,11495
2025.10.01 01:03:45,UP,5.0,1,20.1,-10.6,24976,24976
2025.10.01 08:00:10,UP,5.3,2,15.9,-20.1,8061,9746
2025.10.01 10:42:36,DOWN,-14.3,2,1.2,-20.2,58,3316
2025.10.01 11:37:53,UP,5.1,2,2.2,-20.0,102,2544
2025.10.01 12:45:32,DOWN,-5.2,1,20.0,-3.4,2664,2664
2025.10.01 13:29:56,DOWN,-6.0,2,1.4,-20.1,106,4003
2025.10.01 14:59:00,DOWN,-5.1,2,10.9,-20.5,973,1074
2025.10.01 15:16:54,UP,30.4,2,15.0,-20.0,86,9039
2025.10.01 17:47:33,DOWN,-17.9,2,19.5,-20.1,6994,61101
2025.10.02 11:03:26,UP,5.0,2,3.7,-20.0,14505,17650
2025.10.02 15:57:37,DOWN,-5.2,1,20.1,-9.4,3268,3268
2025.10.02 16:52:05,DOWN,-8.3,1,20.0,-9.7,5012,5012
2025.10.02 18:15:37,DOWN,-6.1,2,11.1,-20.0,2178,6196
2025.10.03 04:06:55,DOWN,-5.2,2,6.7,-20.1,15423,28040
2025.10.03 11:54:16,UP,5.1,2,18.1,-26.9,18789,216392
2025.10.06 00:00:51,DOWN,-25.9,1,20.1,-15.9,35312,35312
2025.10.06 09:49:23,DOWN,-6.6,1,20.3,-17.7,3207,3207
2025.10.06 10:42:51,DOWN,-36.1,1,20.1,-6.7,1743,1743
2025.10.06 11:19:57,UP,5.1,1,20.3,-8.7,13875,13875
2025.10.06 15:11:20,UP,5.3,1,20.1,-7.5,6277,6277
2025.10.06 17:09:55,UP,5.3,2,15.9,-20.2,3279,57261
2025.10.07 09:04:16,DOWN,-5.9,1,20.3,-4.5,10284,10284
2025.10.07 13:08:49,UP,5.1,2,11.2,-20.1,21787,34234
2025.10.08 00:02:00,DOWN,-6.0,1,20.7,-10.1,15921,15921
2025.10.08 04:27:21,DOWN,-5.7,1,20.0,-2.4,17279,17279
2025.10.08 10:37:04,UP,5.3,1,20.0,-18.6,20377,20377
2025.10.08 16:16:41,UP,6.8,2,1.2,-20.3,101,5868
2025.10.08 17:54:30,DOWN,-8.5,1,20.0,-1.9,3568,3568
2025.10.08 18:53:59,DOWN,-5.3,2,5.4,-20.0,2487,11219
2025.10.08 22:01:11,UP,5.2,1,20.1,-7.1,23322,23322
2025.10.09 09:09:36,DOWN,-5.1,1,20.0,-2.9,2789,2789
2025.10.09 11:32:15,DOWN,-5.2,2,3.3,-20.3,331,5009
2025.10.09 13:58:02,UP,5.2,2,3.8,-20.3,7741,9865
2025.10.09 16:42:27,DOWN,-5.6,1,20.3,-6.2,2668,2668
2025.10.09 17:26:56,DOWN,-5.8,1,20.0,-9.1,3656,3656
2025.10.09 18:28:03,DOWN,-5.4,2,16.9,-20.0,12295,59381
2025.10.10 11:24:26,UP,5.1,2,0.1,-20.0,4,3973
2025.10.10 12:59:31,DOWN,-5.1,2,13.9,-20.2,7308,18269
2025.10.10 18:04:00,UP,14.4,1,20.2,-1.7,272,272
2025.10.10 18:09:00,UP,15.8,3,19.7,-14.1,1629,193920
2025.10.13 00:01:25,DOWN,-12.8,2,18.8,-20.0,4829,33659
2025.10.13 09:44:27,UP,5.1,2,2.8,-20.1,64,1530
2025.10.13 10:44:26,DOWN,-5.5,1,20.3,-2.9,3106,3106
2025.10.13 12:02:19,UP,5.6,2,7.2,-20.1,2310,10362
2025.10.13 14:57:15,DOWN,-5.1,2,12.8,-20.0,45181,60675
2025.10.14 09:06:24,UP,5.1,2,0.7,-20.2,15,1725
2025.10.14 09:35:35,DOWN,-5.1,1,20.0,-10.0,4080,4080
2025.10.14 10:43:35,DOWN,-11.0,2,1.7,-20.1,78,16397
2025.10.14 15:16:52,UP,5.4,1,20.1,-17.1,7868,7868
2025.10.14 17:34:49,UP,5.3,1,20.3,-0.8,5022,5022
2025.10.14 18:58:36,UP,5.3,1,20.1,-7.7,49018,49018
2025.10.15 09:04:17,UP,5.1,1,20.1,-4.7,9952,9952
2025.10.15 11:53:14,DOWN,-5.4,1,20.4,-2.6,14319,14319
2025.10.15 15:51:53,DOWN,-5.3,2,6.1,-20.0,742,9536
2025.10.15 18:41:25,UP,5.1,1,20.0,-14.4,31969,31969
2025.10.16 03:34:47,UP,5.1,1,20.4,-18.7,59484,59484
2025.10.16 20:07:23,UP,5.1,1,20.1,-3.1,27474,27474
2025.10.17 03:54:01,UP,5.5,2,16.6,-20.1,18161,28906
2025.10.17 12:07:54,UP,5.2,2,5.1,-20.3,790,7523
2025.10.17 14:13:17,DOWN,-9.1,1,20.0,-7.5,10352,10352
2025.10.17 17:05:50,DOWN,-5.3,3,12.8,-17.4,24366,197710
2025.10.20 00:01:08,UP,11.9,2,13.6,-20.0,30890,74431
2025.10.21 03:03:54,UP,5.5,2,5.7,-20.0,2899,19489
2025.10.21 09:03:32,DOWN,-5.1,1,20.1,-15.0,31262,31262
2025.10.21 17:44:34,DOWN,-5.3,2,2.9,-20.3,579,4583
2025.10.21 19:00:57,UP,6.3,2,3.6,-20.1,16,14206
2025.10.21 22:58:16,DOWN,-5.1,1,20.4,-15.4,60044,60044
2025.10.22 15:53:28,UP,5.1,1,20.3,-1.0,5770,5770
2025.10.22 17:29:38,UP,5.5,3,19.8,-17.4,7270,86404
2025.10.23 17:30:31,UP,5.1,1,22.3,-17.2,79170,79170
2025.10.24 15:30:01,UP,29.9,2,6.5,-20.3,2,4694
2025.10.24 16:48:15,DOWN,-11.4,3,4.6,-13.4,3925,198705
2025.10.27 03:13:07,UP,5.1,2,2.8,-20.0,404,10203
2025.10.27 09:34:02,UP,5.0,1,20.0,-8.5,15708,15708
2025.10.27 14:04:10,UP,5.1,3,17.6,-19.5,61468,86402
2025.10.28 14:38:30,DOWN,-5.1,1,20.0,-1.1,2154,2154
2025.10.28 16:20:57,UP,5.4,2,13.8,-20.1,9560,50792
2025.10.29 08:04:34,DOWN,-5.1,2,7.9,-20.3,11244,13593
2025.10.29 11:51:08,UP,5.1,2,18.9,-20.4,22277,31462
2025.10.29 20:35:30,DOWN,-18.2,1,20.1,-3.0,56,56
2025.10.29 20:40:48,UP,5.1,1,20.0,-17.3,21916,21916
2025.10.30 03:34:54,UP,5.1,1,20.2,-7.6,10373,10373
2025.10.30 06:27:54,UP,5.3,2,2.7,-20.0,35,9437
2025.10.30 09:06:56,UP,5.0,2,8.3,-20.1,8908,16802
2025.10.30 14:19:36,DOWN,-5.1,1,20.0,-1.4,1402,1402
2025.10.30 14:43:05,DOWN,-5.1,1,20.0,-2.5,1519,1519
2025.10.30 15:12:56,UP,5.1,1,20.0,-1.6,1870,1870
2025.10.30 15:44:07,UP,5.2,2,11.3,-20.2,1533,62725
2025.10.31 11:58:41,UP,5.3,2,1.3,-20.0,19,8248
2025.10.31 14:23:48,UP,5.1,2,0.6,-20.0,806,4597
2025.10.31 15:41:11,DOWN,-5.6,3,17.2,-5.4,18062,202810
2025.11.03 00:01:25,DOWN,-8.3,1,20.0,-13.5,43746,43746
2025.11.03 12:24:42,UP,5.1,1,20.1,-11.2,24696,24696
2025.11.03 19:16:30,UP,5.2,2,0.9,-20.0,158,8440
2025.11.04 02:02:32,DOWN,-5.3,2,16.0,-20.1,5207,27599
2025.11.04 09:42:33,UP,5.4,2,0.3,-20.1,4,4429
2025.11.04 11:22:59,DOWN,-5.1,1,20.0,-6.3,9764,9764
2025.11.04 14:23:49,DOWN,-5.7,3,10.8,-14.5,8231,86403
2025.11.05 15:16:53,DOWN,-5.0,2,14.6,-20.1,2786,42282
2025.11.06 03:03:51,UP,5.1,1,20.0,-2.6,41656,41656
2025.11.06 14:38:07,UP,5.4,1,20.0,-6.6,20001,20001
2025.11.06 21:38:45,DOWN,-5.4,2,17.2,-20.4,38964,63567
2025.11.07 15:33:32,DOWN,-5.1,2,0.5,-20.0,13,5345
2025.11.07 17:02:38,UP,9.9,2,8.5,-20.2,2023,16737
2025.11.07 21:49:13,DOWN,-5.1,3,2.0,-10.5,180721,180721
2025.11.10 00:01:29,DOWN,-8.9,2,13.3,-20.0,6398,36950
2025.11.10 10:18:17,UP,5.1,2,6.7,-20.0,1194,10032
2025.11.10 14:49:09,DOWN,-5.2,1,20.0,-14.6,14433,14433
2025.11.11 00:01:29,DOWN,-5.6,2,4.4,-20.0,31,44363
2025.11.11 15:01:36,UP,5.1,1,20.3,-3.0,1486,1486
2025.11.11 15:26:22,UP,6.8,2,10.5,-20.1,1857,43443
2025.11.12 10:02:32,DOWN,-5.1,2,16.0,-20.1,23105,84962
2025.11.13 09:39:53,UP,5.1,1,20.2,-0.2,4409,4409
2025.11.13 10:53:22,UP,7.9,1,20.1,-17.1,24416,24416
2025.11.13 18:59:36,UP,5.1,2,7.4,-20.2,3070,21810
2025.11.14 01:03:06,DOWN,-6.4,2,5.3,-20.1,1204,25147
2025.11.14 08:49:53,DOWN,-5.2,1,20.1,-12.7,13498,13498
2025.11.14 14:41:30,UP,5.0,2,15.3,-20.1,1148,8364
2025.11.14 17:01:06,DOWN,-5.1,3,11.8,-7.8,3266,198018
2025.11.17 00:01:28,DOWN,-7.9,1,20.1,-12.6,54515,54515
2025.11.17 16:38:49,DOWN,-5.1,3,7.9,-18.8,71499,86402
2025.11.18 16:56:53,UP,5.1,2,6.9,-20.0,2076,3852
2025.11.18 18:03:51,DOWN,-5.0,2,6.1,-20.2,6090,56400
2025.11.19 09:55:27,DOWN,-5.1,1,20.0,-7.6,22809,22809
2025.11.19 16:19:26,DOWN,-5.1,1,20.0,-5.7,6824,6824
2025.11.19 18:19:18,DOWN,-5.6,1,20.1,-4.6,35252,35252
2025.11.20 04:09:22,DOWN,-5.4,2,13.6,-20.1,40841,41268
2025.11.20 15:37:10,UP,9.3,2,17.9,-20.2,67754,73980
2025.11.21 12:19:31,DOWN,-5.1,1,20.7,-14.6,22915,22915
2025.11.21 19:02:03,UP,5.0,3,10.3,-9.4,15546,190766
2025.11.24 00:02:00,DOWN,-5.2,2,6.3,-20.2,8250,36683
2025.11.24 10:13:23,UP,6.8,1,20.0,-3.8,15666,15666
2025.11.24 14:34:29,UP,5.2,2,3.0,-20.0,725,7853
2025.11.24 17:54:13,UP,5.0,1,20.3,-16.8,74956,74956
2025.11.25 14:43:29,UP,18.4,1,20.0,-11.9,5102,5102
2025.11.25 16:13:25,DOWN,-5.1,2,9.4,-20.0,296,4930
2025.11.25 17:44:02,DOWN,-5.1,1,20.2,-0.7,4396,4396
2025.11.25 18:58:01,DOWN,-5.3,2,0.8,-20.0,15,137
2025.11.25 19:03:02,UP,5.1,1,20.2,-1.9,1281,1281
2025.11.25 19:24:24,UP,7.7,2,7.7,-20.0,2593,12246
2025.11.25 22:48:30,DOWN,-5.3,2,0.0,-20.0,0,17114
2025.11.26 03:33:44,UP,6.4,2,17.1,-20.0,17244,43367
2025.11.26 15:36:31,DOWN,-11.8,2,1.5,-20.3,15,314
2025.11.26 15:41:45,UP,15.4,2,0.0,-20.3,0,158
2025.11.26 15:47:13,DOWN,-5.2,2,8.7,-20.0,857,3374
2025.11.26 16:49:17,UP,5.1,1,20.0,-1.7,5993,5993
2025.11.26 18:48:57,DOWN,-5.3,2,10.9,-20.1,18904,32450
2025.11.27 03:49:48,UP,6.5,2,1.1,-20.3,3008,17432
2025.11.27 10:08:54,DOWN,-5.1,3,14.9,-14.2,85923,86401
2025.11.28 10:31:42,DOWN,-5.1,2,18.2,-20.1,8658,26293
2025.11.28 17:57:30,UP,5.3,3,5.4,-13.2,146,194671
2025.12.01 00:02:26,DOWN,-9.0,2,0.0,-20.0,0,11129
2025.12.01 03:08:00,UP,5.1,2,5.9,-20.2,1026,7027
2025.12.01 09:53:45,DOWN,-5.1,2,2.8,-20.3,417,9452
2025.12.01 12:51:55,UP,5.1,1,20.1,-2.5,7470,7470
2025.12.01 15:09:49,DOWN,-5.1,1,20.0,-3.0,8978,8978
2025.12.01 17:54:46,DOWN,-5.3,1,20.0,-11.5,64275,64275
2025.12.02 11:51:58,UP,5.0,1,20.2,-19.4,52499,52499
2025.12.03 09:01:12,UP,5.5,1,20.3,-12.6,19562,19562
2025.12.03 15:15:00,UP,6.3,2,0.9,-20.0,0,9028
2025.12.04 00:01:00,DOWN,-5.3,1,20.3,-17.2,81311,81311
2025.12.04 22:37:02,DOWN,-5.2,2,3.1,-20.0,5012,37867
2025.12.05 09:44:52,DOWN,-5.3,1,20.1,-2.1,12790,12790
2025.12.05 13:32:29,DOWN,-5.1,3,13.6,-18.4,17313,210521
2025.12.08 00:02:00,DOWN,-8.9,2,0.3,-20.0,86,13994
2025.12.08 08:00:14,UP,5.2,2,10.7,-20.0,266,31925
2025.12.08 16:52:20,DOWN,-5.6,1,20.0,-1.4,2847,2847
2025.12.08 17:39:51,DOWN,-5.4,2,4.9,-20.1,2710,11010
2025.12.09 00:00:49,DOWN,-5.2,2,0.0,-20.0,0,41849
2025.12.09 11:42:02,UP,5.1,2,3.6,-20.6,372,12821
2025.12.09 16:32:29,UP,5.1,2,2.3,-20.0,1611,2119
2025.12.09 17:07:48,DOWN,-8.5,2,2.1,-20.0,139,3806
2025.12.09 19:19:11,DOWN,-5.4,2,12.3,-20.0,3683,52668
2025.12.10 09:57:37,UP,5.1,2,8.5,-20.2,2969,10303
2025.12.10 12:56:39,UP,5.2,1,20.1,-5.4,22888,22888
2025.12.10 19:52:35,UP,5.1,1,20.3,-15.4,6176,6176
2025.12.10 21:35:31,UP,6.7,2,0.6,-20.4,0,39
2025.12.10 21:40:31,DOWN,-6.9,2,13.3,-20.4,68,1016
2025.12.10 21:57:27,UP,13.1,1,20.1,-7.1,13114,13114
2025.12.11 03:04:29,UP,5.3,2,0.4,-20.2,86,11896
2025.12.11 09:49:32,DOWN,-5.1,2,8.0,-20.0,5448,12968
2025.12.11 14:09:22,UP,5.1,1,20.2,-5.3,6043,6043
2025.12.11 16:04:13,UP,5.5,1,20.2,-4.9,6860,6860
2025.12.11 18:13:02,UP,5.1,2,4.6,-20.3,3565,13859
2025.12.12 03:33:47,DOWN,-5.4,1,20.0,-2.9,40244,40244
2025.12.12 15:28:14,UP,5.2,3,17.5,-9.2,18329,203666
2025.12.15 00:09:47,UP,5.3,1,20.1,-6.6,50984,50984
2025.12.15 14:56:38,DOWN,-5.1,3,14.7,-19.8,22847,86401
2025.12.16 14:57:13,UP,5.1,1,20.0,-5.3,2062,2062
2025.12.16 15:31:35,UP,25.3,2,0.1,-20.0,48,215
2025.12.16 15:36:48,UP,5.1,2,2.1,-20.1,39,459
2025.12.16 15:44:27,DOWN,-13.8,2,6.5,-20.0,264,2548
2025.12.16 16:47:56,UP,5.2,2,15.2,-20.0,841,4097
2025.12.16 17:56:13,DOWN,-5.4,1,20.0,-9.0,9145,9145
2025.12.16 20:28:43,DOWN,-5.0,1,20.1,-16.0,39784,39784
2025.12.17 08:56:32,DOWN,-5.1,2,8.5,-20.0,1697,22979
2025.12.17 15:19:31,UP,10.9,1,20.0,-10.5,8017,8017
2025.12.17 17:33:09,UP,5.1,2,5.7,-20.1,400,59287
2025.12.18 12:12:00,DOWN,-5.2,2,6.7,-20.0,8006,11180
2025.12.18 15:18:20,UP,15.6,1,20.4,-11.3,2031,2031
2025.12.18 15:52:11,UP,10.7,2,3.4,-20.0,37,1674
2025.12.18 16:42:28,DOWN,-5.1,1,20.2,-2.0,3092,3092
2025.12.18 17:34:00,DOWN,-5.5,2,1.8,-20.0,94,1861
2025.12.18 18:14:18,UP,5.2,2,2.1,-20.0,346,3083
2025.12.18 20:19:34,DOWN,-5.1,3,16.7,-18.4,68544,86410
2025.12.19 22:53:10,DOWN,-5.1,3,5.8,-2.0,3800,177170
2025.12.22 14:08:36,UP,5.0,1,20.0,-5.3,8603,8603
2025.12.22 18:24:20,DOWN,-5.1,2,9.1,-20.1,1576,37297
2025.12.23 11:54:41,UP,5.1,2,11.1,-20.0,9429,15853
2025.12.23 16:19:11,DOWN,-5.1,2,6.1,-20.1,5226,20150
2025.12.24 00:00:00,DOWN,-14.1,2,0.0,-20.0,0,12017
2025.12.24 10:12:47,DOWN,-5.1,3,11.8,-16.4,35120,136150
2025.12.26 00:08:38,UP,6.0,2,14.0,-20.0,56291,66111
2025.12.29 00:06:17,DOWN,-8.1,2,0.0,-20.0,0,9116
2025.12.29 08:08:38,DOWN,-5.2,2,1.1,-20.1,449,5765
2025.12.29 10:02:03,DOWN,-5.1,1,20.1,-17.1,32755,32755
2025.12.30 01:05:58,UP,6.4,2,7.5,-20.1,25999,58809
2025.12.30 17:42:48,DOWN,-5.1,1,20.0,-19.7,60746,60746
2025.12.31 10:46:55,DOWN,-5.1,2,4.2,-20.0,612,10193
2025.12.31 15:08:09,DOWN,-5.1,1,20.0,-6.5,5906,5906
2025.12.31 17:02:02,DOWN,-5.6,2,4.4,-20.0,889,3351
2025.12.31 17:57:57,UP,5.3,3,7.9,-16.6,18095,108123
2026.01.02 09:31:22,DOWN,-5.1,1,20.2,-2.7,9798,9798
2026.01.02 12:32:33,UP,5.1,1,20.0,-4.4,18389,18389
2026.01.02 17:39:28,UP,5.1,2,15.0,-20.1,1429,10576
2026.01.05 00:56:49,DOWN,-7.0,1,20.0,-2.7,12367,12367
2026.01.05 04:37:18,DOWN,-5.6,1,20.0,-8.2,37621,37621
2026.01.05 15:08:36,DOWN,-5.0,2,2.4,-20.0,2087,3690
2026.01.05 16:51:36,UP,5.1,1,20.0,-3.4,4269,4269
2026.01.05 18:32:56,UP,5.0,1,20.1,-5.1,37261,37261
2026.01.06 09:57:36,DOWN,-5.2,1,20.0,-11.0,11310,11310
2026.01.06 14:42:24,DOWN,-5.1,1,20.0,-16.9,68743,68743
2026.01.07 09:48:07,DOWN,-6.4,3,8.2,-18.0,51113,86401
2026.01.08 11:54:41,UP,5.1,2,6.2,-20.2,1074,23233
2026.01.09 09:58:25,UP,5.1,2,2.7,-20.4,224,19896
2026.01.09 15:30:01,DOWN,-14.0,2,4.6,-20.0,11,155
2026.01.09 15:35:47,UP,5.3,2,3.9,-20.1,100,3042
2026.01.09 16:26:29,DOWN,-7.2,3,18.5,-7.9,3284,200011
2026.01.12 00:00:02,DOWN,-11.3,2,4.0,-20.2,7366,8371
2026.01.12 02:24:19,DOWN,-5.1,2,1.6,-20.0,28,1554
2026.01.12 03:23:27,UP,5.1,1,20.1,-17.9,26974,26974
2026.01.12 10:53:01,UP,6.1,2,7.7,-20.0,17979,29264
2026.01.13 03:38:04,DOWN,-5.1,2,6.1,-20.1,42502,42737
2026.01.13 15:30:21,UP,23.5,2,1.4,-20.0,0,5917
2026.01.13 17:18:36,DOWN,-5.1,3,15.8,-10.0,3651,86402
2026.01.14 17:59:05,UP,5.1,2,1.5,-20.0,755,9946
2026.01.15 03:34:51,DOWN,-5.3,1,20.3,-6.9,42909,42909
2026.01.15 15:30:00,DOWN,-5.2,1,20.0,-3.6,4349,4349
2026.01.15 16:42:29,DOWN,-6.9,2,0.9,-20.0,47,12138
2026.01.15 20:04:49,UP,5.1,2,13.3,-20.0,76250,77652
2026.01.16 17:39:01,DOWN,-9.3,3,12.3,-11.6,195659,195659
2026.01.19 00:00:30,DOWN,-16.6,2,4.4,-20.2,228,3925
2026.01.19 01:05:55,UP,9.5,1,20.7,-5.4,2205,2205
2026.01.19 01:43:28,UP,5.6,2,1.6,-20.2,34,1953
2026.01.19 02:16:01,DOWN,-6.5,2,0.4,-20.0,0,785
2026.01.19 02:29:10,UP,6.2,1,20.0,-13.9,57618,57618
2026.01.20 05:23:13,UP,5.1,1,20.2,-1.8,14344,14344
2026.01.20 09:23:33,UP,5.1,1,20.0,-2.8,2767,2767
2026.01.20 10:09:53,UP,5.1,1,20.1,-4.9,2598,2598
2026.01.20 10:53:28,UP,5.1,1,20.0,-4.1,12073,12073
2026.01.20 14:34:08,DOWN,-5.1,2,19.1,-20.1,3573,3609
2026.01.20 15:34:17,UP,35.6,2,11.6,-20.0,21,95
2026.01.20 15:39:17,DOWN,-5.1,1,20.0,-7.8,3648,3648
2026.01.20 16:42:33,DOWN,-5.2,2,1.1,-20.0,6,4127
2026.01.20 17:57:40,DOWN,-5.1,1,20.0,-15.3,59447,59447
2026.01.21 13:27:34,UP,5.1,1,20.0,-4.9,5984,5984
2026.01.21 15:09:42,UP,5.0,2,3.8,-20.0,2698,3731
2026.01.21 16:11:53,DOWN,-13.5,1,20.0,-10.7,7827,7827
2026.01.21 18:23:08,DOWN,-5.3,1,20.0,-13.6,11904,11904
2026.01.21 21:43:10,DOWN,-5.2,2,7.3,-20.0,13797,30861
2026.01.22 11:24:21,UP,5.1,1,20.0,-9.8,14009,14009
2026.01.22 15:17:52,UP,7.1,1,20.0,-10.1,9893,9893
2026.01.22 18:11:39,UP,5.1,3,19.0,-15.5,85347,86404
2026.01.23 18:14:01,DOWN,-5.1,2,2.5,-20.0,68,1797
2026.01.23 18:48:08,UP,5.6,1,20.0,-5.7,2418,2418
2026.01.23 19:28:26,UP,5.7,1,20.0,-16.1,8859,8859
2026.01.23 21:56:05,UP,8.4,1,49.6,-3.8,180235,180235
2026.01.26 00:00:00,UP,33.9,1,20.3,-14.0,3219,3219
2026.01.26 00:53:39,UP,11.5,2,13.2,-20.0,1309,2080
2026.01.26 01:28:19,DOWN,-9.5,1,20.1,-3.8,2137,2137
2026.01.26 02:03:57,DOWN,-15.8,2,0.1,-20.2,0,3606
2026.01.26 03:06:47,DOWN,-5.0,1,20.2,-16.7,24582,24582
2026.01.26 09:56:29,DOWN,-6.0,2,3.0,-20.0,43,2380
2026.01.26 10:36:09,UP,5.9,2,8.0,-20.0,4126,15917
2026.01.26 15:02:38,DOWN,-5.1,2,2.1,-20.0,280,3893
2026.01.26 16:19:51,UP,5.1,1,20.0,-0.3,4481,4481
2026.01.26 17:37:17,UP,5.0,2,19.7,-20.0,1629,58737
2026.01.27 09:56:33,DOWN,-5.3,2,15.2,-20.2,2885,6978
2026.01.27 11:52:51,UP,17.1,1,20.0,-11.5,8399,8399
2026.01.27 14:12:50,UP,8.6,1,20.4,0.0,816,816
2026.01.27 14:26:26,UP,10.8,1,20.3,-14.2,7577,7577
2026.01.27 16:32:43,UP,15.8,1,20.0,-10.9,2534,2534
2026.01.27 17:14:58,UP,8.4,1,20.0,-19.5,5380,5380
2026.01.27 18:49:20,DOWN,-5.1,1,20.0,-1.5,2072,2072
2026.01.27 19:41:58,UP,5.2,1,20.1,-0.2,9629,9629
2026.01.27 22:22:27,UP,6.7,1,20.0,-18.0,1445,1445
2026.01.27 22:46:32,UP,25.6,1,20.2,0.0,34,34
2026.01.27 22:51:32,DOWN,-10.6,2,5.1,-20.0,68,137
2026.01.27 22:56:32,DOWN,-10.7,1,20.0,-6.2,329,329
2026.01.27 23:02:25,DOWN,-5.1,2,1.2,-20.1,192,505
2026.01.27 23:11:49,UP,5.1,2,4.1,-20.7,2059,7801
2026.01.28 01:29:22,DOWN,-5.2,1,20.0,-8.2,7312,7312
2026.01.28 03:31:32,DOWN,-5.2,1,20.2,-7.1,12669,12669
2026.01.28 07:02:41,DOWN,-21.9,2,3.3,-20.1,12,3478
2026.01.28 08:19:52,UP,5.1,1,20.0,-12.3,3318,3318
2026.01.28 09:17:16,DOWN,-5.0,1,20.0,-3.2,928,928
2026.01.28 09:32:45,DOWN,-7.0,1,20.1,-8.5,4412,4412
2026.01.28 10:46:17,DOWN,-11.6,1,20.0,-18.6,18194,18194
2026.01.28 15:49:31,DOWN,-6.5,2,4.3,-20.0,288,3259
2026.01.28 16:52:28,DOWN,-5.0,1,20.7,-2.3,891,891
2026.01.28 17:07:19,DOWN,-19.7,1,20.1,-6.9,51,51
2026.01.28 17:12:28,UP,5.1,1,20.0,-6.5,1842,1842
2026.01.28 17:43:10,UP,8.9,2,0.4,-20.0,6,505
2026.01.28 17:51:35,DOWN,-6.0,1,20.0,-14.9,10524,10524
2026.01.28 20:47:01,DOWN,-5.2,1,20.0,-17.7,906,906
2026.01.28 21:02:07,DOWN,-25.4,2,0.1,-20.0,3,177
2026.01.28 21:07:07,DOWN,-6.1,2,6.1,-20.0,1375,2008
2026.01.28 21:41:36,DOWN,-5.3,2,6.0,-20.0,1,1034
2026.01.28 21:58:50,UP,10.9,1,20.0,-11.2,11802,11802
2026.01.29 01:19:38,UP,5.1,1,20.1,0.0,4418,4418
2026.01.29 02:36:45,DOWN,-5.1,1,20.2,-3.0,3038,3038
2026.01.29 04:06:31,DOWN,-5.1,2,0.0,-20.0,0,2223
2026.01.29 06:12:34,DOWN,-5.3,1,20.2,-11.7,15840,15840
2026.01.29 11:02:20,UP,5.1,2,0.5,-20.0,1,3016
2026.01.29 11:52:41,DOWN,-5.1,1,20.2,-19.6,19443,19443
2026.01.29 17:16:44,DOWN,-15.6,1,20.0,-5.1,629,629
2026.01.29 17:27:13,DOWN,-11.0,2,6.5,-20.0,53,697
2026.01.29 17:38:50,UP,13.4,1,20.0,-19.7,4326,4326
2026.01.29 18:52:50,DOWN,-5.1,2,2.0,-20.1,426,6456
2026.01.29 21:17:59,UP,5.1,2,19.0,-20.0,15436,19560
2026.01.30 02:43:59,DOWN,-5.7,1,20.2,-4.4,2310,2310
2026.01.30 03:22:30,DOWN,-22.4,2,0.6,-20.0,8,1145
2026.01.30 03:41:48,UP,5.1,2,2.6,-20.0,137,955
2026.01.30 03:57:43,DOWN,-14.6,1,20.1,-10.1,1431,1431
2026.01.30 04:21:34,DOWN,-16.6,2,1.0,-20.0,25,1431
2026.01.30 04:46:44,UP,5.1,1,20.0,-4.8,18519,18519
2026.01.30 09:56:22,UP,5.1,2,2.7,-20.0,492,5079
2026.01.30 11:28:13,DOWN,-5.0,1,20.2,-6.9,1465,1465
2026.01.30 11:52:39,DOWN,-8.4,2,0.6,-20.0,27,1389
2026.01.30 12:46:30,UP,5.1,1,20.2,-4.7,3889,3889
2026.01.30 13:51:19,UP,9.6,2,11.2,-20.1,694,3254
2026.01.30 14:45:34,DOWN,-5.1,1,20.0,-4.1,3938,3938
2026.01.30 15:51:13,DOWN,-5.1,1,20.0,-19.2,8815,8815
2026.01.30 18:18:08,DOWN,-6.2,1,20.0,-5.9,7581,7581
2026.01.30 20:24:29,DOWN,-5.5,2,7.5,-20.0,283,1744
2026.01.30 20:53:33,UP,6.5,2,2.7,-20.0,998,4114
2026.01.30 22:02:07,DOWN,-7.0,3,13.1,-5.3,179873,179873
2026.02.02 01:13:08,UP,5.1,1,20.1,-6.6,3319,3319
2026.02.02 02:08:28,UP,5.1,2,7.6,-20.0,567,20412
2026.02.02 07:48:40,DOWN,-5.2,2,6.2,-20.0,273,15246
2026.02.02 13:40:44,DOWN,-5.1,1,20.0,-9.4,4941,4941
2026.02.02 15:03:05,DOWN,-9.3,1,20.1,-1.8,2186,2186
2026.02.02 15:39:31,DOWN,-5.4,1,20.0,-9.7,5942,5942
2026.02.02 17:18:33,DOWN,-6.5,1,20.0,-14.0,10880,10880
2026.02.02 20:22:27,UP,5.3,1,20.0,-9.4,21366,21366
2026.02.03 09:14:52,UP,5.2,2,5.0,-20.2,2027,8802
2026.02.03 12:17:59,DOWN,-5.2,2,12.6,-20.0,13974,19972
2026.02.03 18:23:01,DOWN,-5.0,2,5.4,-20.0,9536,33925
2026.02.04 03:54:57,DOWN,-5.1,1,20.0,-13.2,31246,31246
2026.02.04 12:52:14,UP,5.0,2,13.4,-20.0,8570,18235
2026.02.04 17:56:09,DOWN,-9.9,2,2.9,-20.1,1356,5086
2026.02.04 19:27:08,DOWN,-5.2,1,20.0,-5.8,34564,34564
2026.02.05 09:01:22,UP,5.1,1,20.0,-15.2,25324,25324
2026.02.05 16:03:27,UP,5.3,2,4.7,-20.0,699,3276
2026.02.05 16:58:03,DOWN,-6.5,1,20.0,-14.8,21901,21901
2026.02.06 02:18:00,DOWN,-5.1,2,3.6,-20.0,205,7761
2026.02.06 08:11:42,UP,5.1,1,20.0,-14.8,30339,30339
2026.02.06 16:59:11,DOWN,-5.1,3,13.3,-5.9,2061,198049
2026.02.09 00:00:30,DOWN,-5.2,2,1.1,-20.0,0,7371
2026.02.09 02:03:53,UP,5.1,1,20.0,-15.8,21449,21449
2026.02.09 08:01:22,UP,18.7,1,20.0,-14.9,21289,21289
2026.02.09 14:01:38,UP,5.1,1,20.0,-4.5,4732,4732
2026.02.09 15:24:30,UP,5.1,1,20.0,-6.9,3817,3817
2026.02.09 16:32:23,DOWN,-5.2,1,20.4,-15.6,7265,7265
2026.02.09 18:33:29,DOWN,-5.7,2,0.0,-20.1,0,5445
2026.02.09 20:21:51,DOWN,-5.2,2,16.5,-20.0,67164,72693
2026.02.10 16:33:59,UP,5.0,2,2.3,-20.1,16,1865
2026.02.10 17:34:00,DOWN,-5.1,2,0.5,-20.0,1,1131
2026.02.10 17:52:51,UP,6.5,2,2.5,-20.1,122,3715
2026.02.10 18:54:46,DOWN,-5.1,2,12.5,-20.0,25689,46983
2026.02.11 08:13:59,DOWN,-5.0,1,20.4,-8.3,22706,22706
2026.02.11 15:30:01,DOWN,-14.0,1,20.2,0.0,0,0
2026.02.11 15:35:50,UP,5.0,1,20.4,-1.2,252,252
2026.02.11 15:42:21,DOWN,-5.2,2,13.0,-20.0,7668,11870
2026.02.11 19:02:25,DOWN,-5.1,1,20.0,-15.8,47686,47686
2026.02.12 08:17:11,DOWN,-8.0,2,6.2,-20.0,967,6710
2026.02.12 10:49:45,UP,5.1,2,13.0,-20.3,26152,34380
2026.02.12 21:52:08,UP,5.4,2,3.3,-20.1,18557,40615
2026.02.13 09:43:53,UP,5.1,1,20.9,-1.0,20768,20768
2026.02.13 15:30:01,UP,12.7,2,12.7,-20.2,33,8882
2026.02.13 17:58:03,DOWN,-7.9,2,4.6,-20.0,108,2040
2026.02.13 18:32:07,UP,5.1,3,9.7,-10.0,2616,192473
2026.02.16 00:00:51,UP,5.9,2,0.4,-20.0,1,52039
2026.02.16 16:37:14,DOWN,-5.1,1,21.7,-1.9,49470,49470
2026.02.17 06:21:44,DOWN,-6.4,1,20.1,-15.8,38448,38448
2026.02.17 17:02:32,DOWN,-11.0,2,8.7,-20.0,2909,5587
2026.02.17 18:36:30,UP,5.2,1,20.0,-6.4,23050,23050
2026.02.18 11:09:54,UP,5.0,2,10.0,-20.0,14306,18673
2026.02.18 16:21:58,DOWN,-5.8,1,21.4,-11.0,14367,14367
2026.02.18 20:23:11,DOWN,-6.5,1,20.0,-14.7,64573,64573
2026.02.19 14:34:45,UP,5.0,2,0.3,-20.0,1,1895
2026.02.19 15:06:57,DOWN,-5.1,2,14.0,-20.1,4695,30449
2026.02.19 23:58:50,DOWN,-5.1,1,20.0,-5.5,25817,25817
2026.02.20 09:42:21,DOWN,-5.3,2,12.3,-20.0,1813,20804
2026.02.20 15:29:05,UP,6.3,2,14.3,-20.1,5561,5837
2026.02.20 17:06:22,DOWN,-9.6,2,0.1,-20.2,0,127
2026.02.20 17:12:26,UP,5.2,1,20.2,0.0,351,351
2026.02.20 17:18:17,UP,9.0,2,3.0,-20.0,33,1902
2026.02.20 17:49:59,DOWN,-11.7,3,19.1,-14.3,5691,195001
2026.02.23 00:00:31,UP,10.5,1,20.3,-2.3,4790,4790
2026.02.23 01:20:21,UP,7.0,1,20.0,-1.5,2252,2252
2026.02.23 01:57:56,UP,5.0,2,0.8,-20.1,9,30974
2026.02.23 10:34:20,DOWN,-5.3,1,20.0,-2.8,9552,9552
2026.02.23 13:29:14,DOWN,-5.1,2,13.7,-20.0,3330,12491
2026.02.23 16:57:25,UP,6.7,2,1.8,-20.0,799,4047
2026.02.23 18:04:52,DOWN,-6.6,2,0.1,-20.0,3,3836
2026.02.23 19:13:07,DOWN,-5.1,1,20.3,-3.2,29019,29019
2026.02.24 03:26:56,DOWN,-5.1,2,4.6,-20.0,11333,29264
2026.02.24 14:57:35,UP,5.0,1,20.0,-16.3,60187,60187
2026.02.25 15:27:20,DOWN,-5.1,2,10.0,-20.0,1894,9190
2026.02.25 18:03:04,UP,5.0,1,20.0,-7.5,33675,33675
2026.02.26 09:02:56,DOWN,-5.1,1,20.0,-4.4,13631,13631
2026.02.26 15:08:53,UP,5.0,2,4.0,-20.0,754,8166
2026.02.26 17:25:35,DOWN,-5.1,2,13.8,-20.0,8636,46757
2026.02.27 09:44:26,UP,5.1,2,10.3,-20.0,1370,21458
2026.02.27 16:33:27,UP,5.0,1,20.0,-11.2,9354,9354
2026.02.27 19:09:22,UP,5.6,2,0.2,-55.4,0,190238
2026.03.02 00:00:01,DOWN,-41.8,2,15.5,-20.0,7244,12850
2026.03.02 03:34:11,UP,6.5,2,4.3,-20.0,6829,15200
2026.03.02 07:59:29,DOWN,-5.1,1,20.0,-0.4,1432,1432
2026.03.02 08:23:21,DOWN,-6.5,1,20.2,0.0,2405,2405
2026.03.02 09:03:26,DOWN,-6.2,1,20.0,-2.7,2865,2865
2026.03.02 09:58:37,UP,5.1,1,20.1,-18.1,4022,4022
2026.03.02 11:05:39,UP,5.2,2,11.3,-20.0,4748,13111
2026.03.02 14:44:18,DOWN,-5.1,1,20.2,-9.1,10371,10371
2026.03.02 17:37:10,DOWN,-9.1,1,20.0,-3.8,2369,2369
2026.03.02 18:18:39,DOWN,-5.1,2,2.1,-20.0,116,2294
2026.03.02 18:56:53,UP,6.1,2,19.6,-20.0,10456,45543
2026.03.03 09:02:23,DOWN,-5.0,1,20.1,-4.3,3347,3347
2026.03.03 09:58:10,DOWN,-5.6,1,20.0,-2.0,2572,2572
2026.03.03 10:41:26,DOWN,-5.1,1,20.1,-7.0,3979,3979
2026.03.03 11:47:53,DOWN,-5.1,1,20.0,-14.3,16111,16111
2026.03.03 16:24:53,DOWN,-5.1,1,20.0,-7.7,2594,2594
2026.03.03 17:08:07,DOWN,-5.1,1,20.0,-0.4,606,606
2026.03.03 17:18:13,DOWN,-11.2,2,7.7,-20.0,149,780
2026.03.03 17:31:13,UP,5.5,1,20.0,0.0,559,559
2026.03.03 17:40:39,UP,5.0,1,20.1,-10.7,3930,3930
2026.03.03 18:46:09,UP,8.5,1,20.3,-13.5,6906,6906
2026.03.03 20:54:14,DOWN,-5.1,1,20.0,-11.0,21034,21034
2026.03.04 03:17:57,DOWN,-5.2,2,13.5,-20.0,578,9361
2026.03.04 07:49:28,UP,5.1,1,20.0,-3.8,2720,2720
2026.03.04 08:34:48,UP,7.9,2,14.5,-20.0,3431,8857
2026.03.04 11:02:25,DOWN,-5.9,2,1.6,-20.0,10,820
2026.03.04 11:16:05,UP,6.6,1,20.7,-7.2,3153,3153
2026.03.04 12:08:38,UP,19.2,2,19.5,-20.0,4585,61945
2026.03.05 06:29:53,DOWN,-5.3,1,20.1,-9.0,13959,13959
2026.03.05 10:22:33,DOWN,-5.1,2,5.5,-20.0,485,2541
2026.03.05 11:04:54,UP,8.2,1,20.0,-0.6,84,84
2026.03.05 11:09:54,UP,25.2,2,10.3,-20.0,336,5373
2026.03.05 12:42:00,DOWN,-5.1,1,20.0,-17.9,16948,16948
2026.03.05 17:24:28,DOWN,-5.1,1,20.0,-1.0,2675,2675
2026.03.05 18:09:03,DOWN,-8.7,2,7.8,-20.0,1076,3291
2026.03.05 19:07:31,DOWN,-5.1,2,10.8,-20.0,10068,11089
2026.03.05 22:12:20,UP,12.3,1,20.0,-6.1,30051,30051
2026.03.06 07:46:19,DOWN,-5.0,1,20.0,-7.6,12432,12432
2026.03.06 11:52:56,DOWN,-5.0,2,19.6,-20.2,8292,13025
2026.03.06 15:30:01,UP,23.7,2,5.0,-20.0,1,1258
2026.03.06 15:50:59,DOWN,-7.4,1,20.0,-4.2,1090,1090
2026.03.06 16:09:09,DOWN,-9.7,2,1.7,-20.0,847,1388
2026.03.06 16:32:17,UP,10.2,1,20.0,-13.7,1725,1725
2026.03.06 17:01:02,UP,15.6,1,20.0,-17.3,5786,5786
2026.03.06 18:37:29,UP,9.4,2,13.7,-61.3,6191,192151
2026.03.09 00:00:00,DOWN,-70.4,1,20.2,-5.2,957,957
2026.03.09 00:17:01,UP,5.1,2,15.1,-20.0,415,9839
2026.03.09 03:01:07,DOWN,-5.0,2,5.2,-20.0,3089,14638
2026.03.09 07:06:22,UP,5.2,1,20.1,-6.0,951,951
2026.03.09 07:22:13,UP,25.5,2,16.1,-20.0,1726,6215
2026.03.09 09:05:48,DOWN,-5.0,2,0.0,-20.0,0,262
2026.03.09 09:10:48,DOWN,-5.9,1,20.1,-17.8,4630,4630
2026.03.09 10:27:58,DOWN,-5.1,2,12.1,-20.1,500,2942
2026.03.09 11:17:00,UP,5.1,1,20.0,-2.4,1032,1032
2026.03.09 11:34:12,UP,18.7,2,5.2,-20.1,77,2425
2026.03.09 12:14:37,DOWN,-5.2,2,1.3,-20.1,614,6500
2026.03.09 14:02:57,UP,7.0,2,19.6,-20.0,5625,7727
2026.03.09 16:11:44,DOWN,-6.9,2,0.6,-20.0,17,675
2026.03.09 16:22:59,UP,7.1,1,20.0,-7.7,3602,3602
2026.03.09 17:23:01,UP,6.5,1,20.0,-12.6,14238,14238
2026.03.09 21:20:27,UP,5.1,1,20.0,-4.2,1642,1642
2026.03.09 21:47:49,UP,5.5,2,4.4,-20.1,132,583
2026.03.09 21:57:32,DOWN,-9.0,2,1.0,-20.0,139,2856
2026.03.09 22:57:05,UP,5.2,2,10.7,-20.0,4678,10567
2026.03.10 02:18:27,UP,5.1,1,20.0,-13.4,24710,24710
2026.03.10 09:11:51,DOWN,-5.1,2,6.8,-20.0,194,2009
2026.03.10 09:49:42,UP,5.1,2,6.0,-20.0,148,9806
2026.03.10 12:33:08,DOWN,-7.1,2,17.2,-20.1,288,23566
2026.03.10 19:08:00,UP,5.1,2,7.7,-20.0,1179,3686
2026.03.10 20:09:26,DOWN,-5.0,1,20.0,-3.9,461,461
2026.03.10 20:17:07,DOWN,-10.3,2,5.3,-20.0,173,882
2026.03.10 20:31:49,UP,5.2,2,0.2,-20.0,0,3209
2026.03.10 21:26:10,DOWN,-5.4,2,13.4,-20.0,12108,38212
2026.03.11 08:48:52,DOWN,-5.1,1,20.0,-14.6,5924,5924
2026.03.11 10:59:07,UP,5.1,2,1.6,-20.0,56,296
2026.03.11 11:04:07,DOWN,-20.7,2,14.6,-20.0,13815,17842
2026.03.11 16:01:29,UP,20.0,2,1.1,-20.0,5,103
2026.03.11 16:06:29,UP,6.5,2,1.1,-20.0,3,3180
2026.03.11 16:59:29,DOWN,-5.0,1,20.1,-2.3,9511,9511
2026.03.11 19:38:01,DOWN,-11.8,1,20.0,-14.2,21196,21196
2026.03.12 02:07:49,DOWN,-5.0,2,1.6,-20.0,430,5488
2026.03.12 03:54:44,DOWN,-5.1,1,20.0,-17.3,41113,41113
2026.03.12 15:19:57,DOWN,-10.4,1,20.1,-10.3,27612,27612
2026.03.13 00:00:06,UP,5.1,2,13.1,-20.0,11565,30386
2026.03.13 08:59:11,DOWN,-5.1,1,20.1,-0.2,2884,2884
2026.03.13 09:47:55,DOWN,-5.3,1,20.1,0.0,1362,1362
2026.03.13 10:11:22,DOWN,-5.1,2,6.3,-20.1,643,4705
2026.03.13 11:29:47,UP,5.9,1,20.0,-8.3,11725,11725
2026.03.13 14:45:12,UP,5.0,2,10.9,-20.0,3775,7832
2026.03.13 16:57:03,DOWN,-5.0,1,20.1,-4.4,2765,2765
2026.03.13 17:43:08,DOWN,-5.7,1,20.0,-15.8,15997,15997
2026.03.16 00:00:00,UP,11.5,1,20.0,-8.6,8176,8176
2026.03.16 03:04:06,DOWN,-5.1,1,20.0,-4.2,19137,19137
2026.03.16 08:23:03,DOWN,-5.1,2,15.4,-20.2,4640,12146
2026.03.16 12:13:02,UP,5.0,1,20.0,0.0,895,895
2026.03.16 12:31:43,DOWN,-5.0,2,2.8,-20.0,806,11677
2026.03.16 15:51:53,UP,5.0,1,20.1,-18.9,16433,16433
2026.03.16 20:26:40,UP,5.1,2,7.1,-20.1,2603,16923
2026.03.17 03:19:44,DOWN,-5.2,1,20.3,-14.9,17612,17612
2026.03.17 09:17:57,DOWN,-5.1,2,1.0,-20.1,40,4932
2026.03.17 10:40:58,UP,5.1,1,20.2,-3.4,15564,15564
2026.03.17 15:01:00,UP,5.4,1,20.0,-11.0,62472,62472
2026.03.18 09:34:11,DOWN,-5.0,2,15.7,-20.2,3144,13439
2026.03.18 13:19:50,UP,5.0,2,1.4,-20.0,8,473
2026.03.18 13:27:43,DOWN,-17.4,1,20.0,-15.7,4594,4594
2026.03.18 14:44:17,DOWN,-12.3,1,20.0,-5.1,1697,1697
2026.03.18 15:12:34,DOWN,-6.2,2,3.1,-20.2,279,2817
2026.03.18 15:59:31,UP,6.3,2,15.5,-20.0,4104,16827
2026.03.18 20:39:58,DOWN,-9.7,1,20.4,-5.5,2586,2586
2026.03.18 21:23:25,DOWN,-5.0,1,20.2,-10.0,3899,3899
2026.03.18 23:14:53,UP,5.5,1,20.1,-8.4,15288,15288
2026.03.19 04:06:59,UP,5.0,2,12.1,-20.2,799,17688
2026.03.19 09:01:47,DOWN,-5.2,2,17.0,-20.0,6053,10107
2026.03.19 11:51:37,UP,5.4,1,20.1,-19.8,12525,12525
2026.03.19 15:20:22,UP,5.3,2,2.5,-20.1,14,297
2026.03.19 15:26:01,DOWN,-5.2,2,8.3,-20.0,313,1493
2026.03.19 15:50:54,UP,5.4,1,20.2,-1.7,241,241
2026.03.19 15:56:02,UP,5.6,2,5.1,-20.1,619,1862
2026.03.19 16:27:04,DOWN,-7.1,2,3.2,-20.1,17,2275
2026.03.19 17:04:59,UP,7.4,2,15.1,-20.5,108,1945
2026.03.19 17:37:24,DOWN,-5.4,2,4.7,-20.0,564,1534
2026.03.19 18:02:58,UP,8.7,1,20.3,-3.0,3570,3570
2026.03.19 19:02:28,UP,7.4,1,20.3,-7.8,3138,3138
2026.03.19 19:54:46,UP,8.4,1,20.1,-13.2,3835,3835
2026.03.19 20:58:41,UP,20.4,1,20.3,-3.8,465,465
2026.03.19 21:06:26,UP,9.4,2,12.4,-20.2,114,1327
2026.03.19 21:28:33,DOWN,-7.0,1,20.1,-10.5,23222,23222
2026.03.20 04:08:32,UP,5.2,2,12.9,-20.2,22712,27955
2026.03.20 11:54:27,DOWN,-6.2,2,12.5,-20.0,995,4530
2026.03.20 13:09:57,UP,5.1,2,12.4,-20.0,1963,9667
2026.03.20 15:51:04,DOWN,-6.2,1,20.2,-2.8,2099,2099
2026.03.20 16:28:37,DOWN,-5.0,2,0.9,-20.3,1,2696
2026.03.20 17:13:33,UP,7.8,1,20.2,-7.7,4017,4017
2026.03.20 18:31:23,DOWN,-5.1,3,12.0,-18.1,192517,192517
2026.03.23 00:00:00,DOWN,-29.7,2,1.1,-20.0,0,1713
2026.03.23 00:37:33,DOWN,-5.0,1,20.2,-10.4,26546,26546
2026.03.23 08:19:18,DOWN,-5.6,2,3.8,-20.0,1560,7574
2026.03.23 10:37:21,DOWN,-5.1,1,20.0,-2.7,2857,2857
2026.03.23 11:34:39,DOWN,-5.8,1,20.0,-1.5,1852,1852
2026.03.23 12:05:32,DOWN,-5.5,2,3.3,-20.7,3039,3587
2026.03.23 13:05:19,UP,20.5,1,20.1,0.0,4,4
2026.03.23 13:10:19,UP,5.8,1,20.0,0.0,49,49
2026.03.23 13:15:23,DOWN,-5.4,2,0.0,-20.1,0,102
2026.03.23 13:20:29,DOWN,-5.4,1,21.2,0.0,18,18
2026.03.23 13:25:29,UP,6.2,1,20.1,-17.8,354,354
2026.03.23 13:31:23,UP,19.7,2,15.1,-20.6,297,966
2026.03.23 13:47:29,DOWN,-19.9,2,14.6,-20.0,1182,2981
2026.03.23 14:37:10,UP,9.6,1,20.6,-9.5,435,435
2026.03.23 14:44:25,UP,23.5,2,14.3,-20.1,960,2308
2026.03.23 15:27:59,UP,5.2,1,20.3,-8.6,2103,2103
2026.03.23 16:03:02,UP,9.4,1,20.2,-14.5,1288,1288
2026.03.23 16:24:30,UP,11.9,2,10.5,-20.0,851,3859
2026.03.23 17:28:49,DOWN,-10.3,1,20.0,-2.2,1402,1402
2026.03.23 17:52:11,DOWN,-9.6,2,13.2,-20.0,1553,6386
2026.03.23 19:38:37,UP,5.9,1,20.4,-17.1,3399,3399
2026.03.23 20:37:03,UP,5.1,2,6.0,-20.0,1083,5030
2026.03.24 00:03:29,DOWN,-5.4,1,20.4,-8.2,9329,9329
2026.03.24 02:38:58,DOWN,-6.7,2,13.9,-20.0,16206,23496
2026.03.24 09:10:34,UP,5.7,2,8.8,-20.6,151,6010
2026.03.24 10:50:47,DOWN,-5.1,1,20.0,-12.0,15512,15512
2026.03.24 15:09:19,DOWN,-19.8,2,1.5,-20.0,1267,3509
2026.03.24 16:13:17,DOWN,-5.0,2,1.8,-20.2,2248,2342
2026.03.24 16:52:19,UP,19.1,2,2.7,-20.0,14,423
2026.03.24 16:59:22,DOWN,-13.2,1,20.2,-12.7,7551,7551
2026.03.24 19:05:14,DOWN,-5.9,2,7.3,-20.0,20,5218
2026.03.24 20:32:13,UP,5.6,1,20.0,-6.4,6608,6608
2026.03.24 22:22:21,UP,17.0,1,20.2,0.0,254,254
2026.03.24 22:27:21,UP,7.5,2,0.0,-20.1,0,52
2026.03.24 22:32:21,DOWN,-5.2,2,1.8,-20.0,894,12977
2026.03.25 02:08:39,UP,5.3,2,9.4,-20.4,1841,9881
2026.03.25 06:08:48,DOWN,-5.0,1,20.5,-18.0,34270,34270
2026.03.25 15:47:05,DOWN,-5.2,1,20.0,-14.1,8609,8609
2026.03.25 18:24:59,UP,6.0,2,16.1,-20.1,4708,56283
2026.03.26 10:03:02,DOWN,-6.1,1,20.7,-17.6,13482,13482
2026.03.26 13:47:44,DOWN,-5.7,2,6.2,-20.0,879,7018
2026.03.26 15:44:42,UP,7.6,2,7.5,-20.1,3031,14328
2026.03.26 19:44:20,DOWN,-5.1,2,8.2,-21.9,8690,8847
2026.03.26 22:11:47,UP,29.1,2,9.9,-20.0,8,2313
2026.03.26 23:00:11,DOWN,-5.1,2,2.8,-20.0,3,17935
2026.03.27 08:19:59,DOWN,-5.4,1,20.1,-2.0,5884,5884
2026.03.27 09:58:03,DOWN,-5.1,2,16.4,-20.1,14873,26746
2026.03.27 17:23:49,UP,10.2,2,10.2,-20.0,572,2044
2026.03.27 17:57:53,DOWN,-12.2,3,16.7,-11.5,194527,194527
2026.03.30 00:00:11,DOWN,-10.2,2,10.3,-20.2,10006,22779
2026.03.30 09:53:12,DOWN,-5.1,1,20.0,-1.0,4207,4207
2026.03.30 11:03:19,DOWN,-5.5,1,20.0,-8.1,15165,15165
2026.03.30 15:19:39,UP,5.1,2,8.0,-20.0,1809,6357
2026.03.30 17:06:42,DOWN,-5.2,2,16.6,-20.0,4131,40279
2026.03.31 08:13:26,DOWN,-5.1,2,7.1,-20.0,20985,22444
2026.03.31 14:27:31,UP,15.1,1,20.3,-12.9,3750,3750
2026.03.31 16:07:29,UP,5.1,1,20.0,-0.6,2762,2762
2026.03.31 16:53:31,UP,8.5,1,20.0,-16.1,10009,10009
2026.03.31 19:40:20,UP,11.0,1,20.2,-13.7,24324,24324
2026.04.01 03:18:14,UP,5.1,2,0.1,-20.2,2,2859
2026.04.01 04:06:40,DOWN,-5.1,2,2.5,-20.0,2353,19055
2026.04.01 09:24:16,UP,7.4,1,20.1,-0.8,4957,4957
2026.04.01 10:46:54,UP,7.6,2,1.2,-20.3,26,178
2026.04.01 10:53:58,UP,5.2,1,20.0,-7.6,2273,2273
2026.04.01 11:31:52,UP,5.1,2,6.3,-20.1,792,3220
2026.04.01 12:29:05,DOWN,-5.5,2,1.7,-20.1,168,4583
2026.04.01 13:55:24,DOWN,-5.2,2,1.9,-20.2,5692,6573
2026.04.01 15:44:57,UP,14.2,2,11.7,-20.1,8303,18823
2026.04.01 21:02:17,DOWN,-5.2,1,20.1,-16.8,26169,26169
2026.04.02 04:18:26,DOWN,-22.4,1,20.0,-9.5,947,947
2026.04.02 04:34:13,DOWN,-14.7,1,20.3,-11.7,15201,15201
2026.04.02 08:47:35,DOWN,-7.5,2,19.0,-20.0,19164,31719
2026.04.02 17:36:15,UP,17.8,2,16.3,-20.4,31,23133
2026.04.03 00:01:48,DOWN,-36.3,2,0.0,-29.4,0,84
2026.04.03 00:07:01,UP,6.9,2,11.0,-20.0,49667,55389
2026.04.03 15:30:10,DOWN,-24.4,2,0.0,-20.0,0,2679
2026.04.03 16:14:50,UP,6.6,2,0.6,-20.0,80,11317
2026.04.03 21:39:22,DOWN,-5.3,3,3.6,-17.7,7636,181238
2026.04.06 00:00:35,UP,11.1,1,20.0,-16.6,38158,38158
2026.04.06 10:39:24,UP,5.2,1,20.1,-2.5,782,782
2026.04.06 10:52:26,UP,6.0,2,3.1,-20.8,303,10432
2026.04.06 13:46:18,DOWN,-6.2,2,7.2,-20.0,3,11652
2026.04.06 17:00:30,UP,5.1,2,6.4,-20.0,2102,3307
2026.04.06 17:56:11,DOWN,-5.1,2,19.8,-20.0,40289,61569
2026.04.07 11:02:20,UP,21.3,1,20.2,-18.4,40567,40567
2026.04.07 22:18:27,UP,7.8,1,20.2,-3.1,3557,3557
2026.04.08 00:00:26,DOWN,-5.6,2,0.0,-20.2,0,3759
2026.04.08 01:03:05,UP,13.3,2,19.2,-22.7,1765,1788
2026.04.08 01:32:53,DOWN,-23.7,2,0.0,-20.3,0,17
2026.04.08 01:37:53,UP,14.9,1,21.1,-5.1,1156,1156
2026.04.08 01:57:09,UP,9.1,1,20.1,-2.0,1421,1421
2026.04.08 02:20:50,UP,5.4,1,20.0,-17.9,23453,23453
2026.04.08 08:51:44,UP,8.3,2,5.2,-20.0,101,4585
2026.04.08 10:08:14,DOWN,-5.1,2,14.5,-20.0,5699,15381
2026.04.08 14:27:46,UP,5.4,2,14.1,-20.0,5749,7819
2026.04.08 16:38:05,DOWN,-8.7,1,20.2,-15.4,16837,16837
2026.04.08 21:18:42,DOWN,-10.6,1,20.4,-3.3,2482,2482
2026.04.08 22:00:14,DOWN,-5.1,2,1.7,-20.1,2,3176
2026.04.08 22:59:06,UP,5.2,2,0.0,-20.5,0,19427
2026.04.09 04:34:26,UP,5.2,1,20.1,-3.5,28049,28049
2026.04.09 14:19:36,UP,5.5,1,20.5,-7.8,15181,15181
2026.04.09 18:32:37,UP,6.7,1,20.1,-4.0,6948,6948
2026.04.09 20:53:50,DOWN,-5.4,1,20.2,-2.7,17591,17591
2026.04.10 10:42:31,DOWN,-5.0,2,4.5,-20.2,1273,5804
2026.04.10 12:19:15,UP,16.0,1,20.1,-6.2,11447,11447
2026.04.10 15:30:02,UP,8.1,2,18.0,-51.3,10461,203398
2026.04.13 00:00:00,DOWN,-55.8,2,6.6,-20.0,272,32430
2026.04.13 09:14:53,DOWN,-5.2,2,12.3,-20.0,1904,27291
2026.04.13 16:49:44,UP,8.9,1,20.1,-9.9,10656,10656
2026.04.13 19:47:22,UP,5.1,1,20.0,-7.6,7116,7116
2026.04.13 21:49:46,UP,5.1,1,20.0,-2.0,43553,43553
2026.04.14 10:02:08,UP,5.1,1,20.1,-8.2,17750,17750
2026.04.14 14:58:39,UP,5.4,2,5.9,-20.0,10682,51483
2026.04.15 08:19:44,UP,5.0,2,1.3,-20.1,2988,13904
2026.04.15 12:11:53,DOWN,-5.0,2,4.4,-20.1,5084,15468
2026.04.15 16:42:26,DOWN,-5.0,2,3.2,-20.1,205,6180
2026.04.15 18:31:10,DOWN,-5.2,2,6.9,-20.0,8262,41421
2026.04.16 08:43:51,DOWN,-5.3,1,20.0,-5.3,9206,9206
2026.04.16 12:34:33,UP,5.1,3,15.3,-17.4,86040,86402
2026.04.17 15:25:35,UP,5.1,1,20.3,-2.5,1361,1361
2026.04.17 15:48:16,UP,19.3,1,20.2,-4.1,1102,1102
2026.04.17 16:06:38,UP,5.6,2,3.0,-20.4,325,2415
2026.04.17 16:46:53,DOWN,-10.2,1,20.0,-12.0,5713,5713
2026.04.17 18:33:59,UP,5.1,2,1.1,-20.1,58,5692
2026.04.17 20:08:51,DOWN,-6.2,1,20.4,-8.8,9155,9155
2026.04.17 23:28:21,DOWN,-5.9,1,29.3,-4.3,174699,174699
2026.04.20 00:00:00,DOWN,-26.1,2,6.6,-20.0,3654,12782
2026.04.20 04:32:27,UP,5.1,1,20.0,-10.0,43459,43459
2026.04.20 16:43:39,UP,5.2,2,12.8,-20.0,33404,66196
2026.04.21 11:06:55,DOWN,-5.1,1,20.2,-18.2,32288,32288
2026.04.21 20:05:11,DOWN,-5.7,2,13.8,-20.0,996,2265
2026.04.21 20:42:56,UP,13.4,2,9.6,-20.1,60,2019
2026.04.21 21:16:35,DOWN,-6.0,2,3.4,-20.0,682,3473
2026.04.21 22:14:28,UP,9.5,2,0.2,-20.2,0,1640
2026.04.21 22:41:52,DOWN,-5.1,2,11.2,-20.1,60,1674
2026.04.21 23:09:46,UP,24.8,2,12.6,-20.0,33086,57717
2026.04.22 15:29:43,DOWN,-5.1,1,20.0,-14.5,19826,19826
2026.04.23 03:13:28,DOWN,-5.4,1,20.1,-15.0,39863,39863
2026.04.23 14:47:33,UP,5.2,1,20.1,-5.7,10674,10674
2026.04.23 17:55:37,DOWN,-5.1,1,20.2,-4.4,7795,7795
2026.04.23 20:07:32,DOWN,-5.6,2,19.7,-20.2,2372,64645
2026.04.24 14:04:57,UP,5.3,3,14.4,-15.0,35532,208503
2026.04.27 00:00:00,DOWN,-28.6,2,5.7,-20.8,17,3636
2026.04.27 04:00:45,UP,5.0,1,20.0,-5.4,24728,24728
2026.04.27 10:52:53,UP,5.7,2,13.9,-20.0,16010,33951
2026.04.27 20:19:42,DOWN,-5.0,1,20.1,-10.3,47863,47863
2026.04.28 09:47:17,DOWN,-5.1,2,17.6,-20.0,18941,31933
2026.04.28 18:39:30,UP,6.3,2,5.6,-20.0,30305,59169
2026.04.29 11:19:20,UP,5.1,2,9.3,-20.0,9640,31457
2026.04.29 21:00:14,DOWN,-5.2,1,20.2,-8.9,2706,2706
2026.04.29 21:55:28,UP,5.1,1,20.0,-16.6,47386,47386
2026.04.30 11:06:22,UP,5.3,2,3.2,-20.0,69,2995
2026.04.30 11:56:17,DOWN,-6.4,2,1.2,-20.0,843,2085
2026.04.30 12:31:02,UP,8.1,1,20.0,-9.3,5258,5258
2026.04.30 14:06:11,DOWN,-5.0,1,20.8,-8.9,4272,4272
2026.04.30 15:17:23,DOWN,-14.2,2,8.6,-20.0,4061,7516
2026.04.30 17:22:54,UP,5.1,1,20.1,-7.0,1999,1999
2026.04.30 17:56:21,UP,5.1,1,20.4,-14.5,73225,73225
2026.05.01 14:26:48,UP,5.1,1,20.1,-14.8,9896,9896
2026.05.01 17:12:33,UP,5.2,2,5.8,-20.4,722,5883
2026.05.01 18:50:36,DOWN,-9.2,1,20.0,-5.0,3925,3925
2026.05.01 20:34:22,DOWN,-5.2,3,16.0,-12.7,12214,185138
2026.05.04 00:00:00,UP,26.1,2,5.0,-20.2,1592,10838
2026.05.04 04:17:39,UP,5.2,2,11.2,-20.0,9431,31574
2026.05.04 13:03:53,DOWN,-9.6,1,20.2,-10.4,21986,21986
2026.05.04 19:17:33,UP,5.1,1,20.0,-14.4,82042,82042
2026.05.05 18:38:50,UP,5.1,2,3.1,-21.0,487,19297
2026.05.06 01:52:11,UP,5.1,1,20.0,-2.0,1176,1176
2026.05.06 02:12:11,UP,5.5,1,20.0,-9.8,20280,20280
2026.05.06 07:59:53,DOWN,-5.2,2,12.8,-20.0,9363,13834
2026.05.06 11:50:27,UP,9.0,1,20.0,-1.1,3655,3655
2026.05.06 13:09:03,DOWN,-5.1,2,4.6,-20.0,1001,2624
2026.05.06 13:52:47,UP,5.9,2,6.5,-20.1,89,3720
2026.05.06 15:01:35,DOWN,-5.2,1,20.2,-1.1,7527,7527
2026.05.06 17:31:19,UP,5.0,1,20.0,-10.5,64736,64736
2026.05.07 12:34:27,UP,5.0,2,4.8,-20.1,650,28287
2026.05.07 20:26:43,DOWN,-5.3,1,20.0,-2.7,11442,11442
2026.05.07 23:57:09,DOWN,-5.4,2,1.2,-20.0,1,32841
2026.05.08 09:04:30,UP,7.0,1,20.0,-4.2,9760,9760
2026.05.08 12:01:52,UP,5.1,2,18.9,-22.7,42756,215888
2026.05.11 00:00:00,DOWN,-36.3,2,6.8,-21.6,31,2516
2026.05.11 00:41:56,UP,6.2,2,4.2,-20.1,10251,29655
2026.05.11 09:03:48,UP,5.1,1,20.0,-2.6,7273,7273
2026.05.11 14:55:59,DOWN,-5.3,2,2.4,-20.1,28,6518
2026.05.11 19:42:55,DOWN,-5.1,1,20.1,-14.3,44995,44995
2026.05.12 08:55:56,UP,5.0,2,4.7,-20.3,4,6589
2026.05.12 11:22:55,UP,5.1,2,1.3,-20.1,4688,19591
2026.05.12 16:49:26,DOWN,-5.7,1,20.3,-16.1,64344,64344
2026.05.13 10:54:16,DOWN,-5.3,3,13.8,-12.8,5117,86405
2026.05.14 10:58:58,DOWN,-5.4,1,20.2,-5.3,20307,20307
2026.05.14 16:38:45,DOWN,-5.1,1,20.0,-12.1,23121,23121
2026.05.15 03:03:09,DOWN,-5.1,1,20.1,-6.9,20635,20635
2026.05.15 08:47:04,DOWN,-7.9,3,19.5,-19.2,45907,227576
2026.05.18 00:01:15,DOWN,-5.1,2,11.7,-20.1,14008,37509
2026.05.18 10:26:24,UP,6.9,1,20.1,-13.3,46292,46292
2026.05.19 00:01:24,DOWN,-5.1,1,20.0,-11.1,36336,36336
2026.05.19 10:47:05,UP,5.1,2,1.4,-20.0,163,5169
2026.05.19 12:13:16,DOWN,-5.3,1,20.2,-10.5,18752,18752
2026.05.19 17:27:13,DOWN,-5.1,2,13.8,-20.3,85430,85790
2026.05.20 17:17:03,UP,26.9,1,20.0,-11.8,3522,3522
2026.05.20 18:15:45,UP,20.8,2,9.7,-20.0,77,41466
2026.05.21 09:21:36,UP,5.1,2,0.0,-20.6,0,3299
2026.05.21 10:16:35,DOWN,-12.3,2,12.9,-20.1,625,3469
2026.05.21 11:14:24,UP,12.2,2,9.4,-20.2,101,8227
2026.05.21 13:31:31,DOWN,-7.1,1,20.6,-9.8,10862,10862
2026.05.21 16:33:25,DOWN,-5.1,2,7.9,-20.1,554,13303
2026.05.21 20:15:28,UP,5.1,1,20.0,-0.1,2137,2137
2026.05.21 21:00:54,UP,5.0,2,0.1,-20.1,3,3227
2026.05.21 21:54:41,DOWN,-6.8,1,20.2,-14.3,68918,68918
2026.05.22 17:03:20,DOWN,-14.1,2,1.4,-20.0,862,8808
2026.05.22 20:28:13,UP,5.1,1,20.9,-18.6,185507,185507
2026.05.25 00:00:03,UP,34.5,3,15.0,-8.2,56792,86407
2026.05.26 10:04:35,DOWN,-5.2,3,13.7,-19.3,30756,86401
2026.05.27 15:18:23,UP,5.2,2,19.0,-20.0,1058,9733
2026.05.27 18:03:26,UP,5.0,2,5.9,-20.1,1855,39177
2026.05.28 06:14:34,DOWN,-5.1,1,20.0,-0.1,3048,3048
2026.05.28 11:14:24,DOWN,-5.2,2,6.4,-20.5,9936,15348
2026.05.28 15:30:12,UP,5.9,1,20.0,-3.5,6221,6221
2026.05.28 17:13:54,UP,20.6,2,11.0,-20.0,7838,66986
2026.05.29 14:39:31,UP,5.1,1,20.0,-5.7,11602,11602
2026.05.29 17:52:53,UP,12.2,3,19.9,-13.9,2426,194827
2026.06.01 00:01:00,DOWN,-8.6,1,20.0,-12.7,58288,58288
2026.06.01 16:12:28,DOWN,-10.3,1,20.9,-5.9,2359,2359
2026.06.01 16:51:47,DOWN,-6.9,2,4.5,-20.0,672,13090
2026.06.01 20:29:57,UP,5.3,1,20.0,-4.9,47022,47022
2026.06.02 17:00:02,DOWN,-5.3,1,20.1,-12.0,15087,15087
2026.06.03 09:24:27,DOWN,-5.2,3,17.9,-12.0,57129,86401
2026.06.04 10:22:01,DOWN,-5.1,2,7.4,-20.0,1200,8158
2026.06.04 14:04:20,UP,5.1,2,9.9,-20.5,2697,26963
2026.06.05 14:53:44,UP,5.0,2,1.5,-20.0,394,2183
2026.06.05 15:30:07,DOWN,-12.8,1,20.0,-0.8,1223,1223
2026.06.05 15:51:22,DOWN,-5.1,1,20.0,-2.8,2850,2850
2026.06.05 16:39:30,DOWN,-5.1,1,20.1,-6.0,2246,2246
2026.06.05 17:31:22,UP,5.1,2,0.9,-20.5,76,3825
2026.06.05 18:37:27,DOWN,-5.1,1,28.3,-0.7,192153,192153
2026.06.08 00:00:00,DOWN,-11.8,2,7.2,-20.0,35,13480
2026.06.08 04:28:11,DOWN,-5.2,1,20.1,-19.8,29024,29024
2026.06.08 12:36:42,UP,5.4,1,20.0,-2.4,3462,3462
2026.06.08 13:34:25,UP,8.6,1,20.0,-6.7,8949,8949
2026.06.08 16:22:49,UP,5.2,2,3.9,-20.2,18,19991
2026.06.08 21:59:24,DOWN,-5.1,2,1.9,-20.0,18058,35335
2026.06.09 09:14:50,UP,5.1,1,20.3,-14.3,18364,18364
2026.06.09 16:38:02,DOWN,-5.0,1,20.7,-13.7,9866,9866
2026.06.09 19:23:44,DOWN,-5.1,2,13.0,-20.0,1107,73341
2026.06.10 15:46:17,UP,5.1,2,9.0,-20.0,3765,10907
2026.06.10 18:48:04,DOWN,-8.3,1,20.0,-15.2,66498,66498
2026.06.11 14:04:20,UP,5.0,2,5.5,-20.1,1596,4921
2026.06.11 15:26:21,DOWN,-7.2,2,0.2,-20.1,1,1208
2026.06.11 15:46:29,UP,5.7,2,7.2,-20.8,548,6512
2026.06.11 20:28:49,UP,5.4,1,20.1,0.0,166,166
2026.06.11 20:33:49,UP,26.2,1,20.2,-8.2,5724,5724
2026.06.11 22:14:18,UP,5.1,3,15.5,-17.7,997,86401
2026.06.15 00:00:00,UP,8.6,1,20.0,-1.6,1828,1828
2026.06.15 00:30:42,UP,5.2,1,20.0,-3.3,2297,2297
2026.06.15 01:13:24,DOWN,-5.0,1,20.0,-10.3,75035,75035
2026.06.15 22:58:13,DOWN,-5.0,2,11.5,-20.0,36673,46768
2026.06.16 14:43:10,DOWN,-5.1,2,10.0,-20.1,10254,15263
2026.06.17 11:11:44,DOWN,-5.2,1,21.6,-5.7,35297,35297
2026.06.17 21:00:01,DOWN,-16.3,1,20.0,-0.6,25,25
2026.06.17 21:05:22,DOWN,-5.1,1,20.2,-17.1,3456,3456
2026.06.17 22:02:58,DOWN,-10.0,1,20.0,-1.4,526,526
2026.06.17 22:11:44,DOWN,-6.5,1,20.0,-9.4,1342,1342
2026.06.17 22:34:06,DOWN,-6.9,2,11.1,-20.1,370,15991
2026.06.18 03:01:32,UP,5.1,2,16.4,-20.0,23542,31418
2026.06.18 12:07:52,DOWN,-5.1,1,20.0,-4.3,7483,7483
2026.06.18 14:13:11,DOWN,-5.5,2,4.5,-20.1,2974,4094
2026.06.18 15:21:26,UP,9.7,2,9.7,-20.3,9565,23991
2026.06.18 22:04:43,DOWN,-5.1,1,20.2,-13.0,34906,34906
2026.06.19 07:49:28,DOWN,-5.1,2,12.8,-20.1,2316,11552
2026.06.19 11:04:12,UP,5.0,1,20.1,-2.4,17247,17247
2026.06.19 15:51:39,UP,6.4,3,9.4,-19.6,21271,202101
2026.06.22 00:00:00,DOWN,-5.4,1,20.0,-14.2,57672,57672
2026.06.22 16:01:12,DOWN,-13.8,1,20.3,-9.6,22810,22810
2026.06.23 00:00:27,DOWN,-5.5,1,20.0,-16.6,49667,49667
2026.06.23 13:49:14,DOWN,-5.4,1,20.0,-3.4,12775,12775
2026.06.23 17:22:21,DOWN,-5.5,1,20.1,-9.3,60004,60004
2026.06.24 10:44:05,UP,5.1,2,3.2,-20.1,261,1818
2026.06.24 11:14:23,DOWN,-15.1,2,13.2,-20.0,17723,25667
2026.06.24 18:23:32,UP,5.1,2,8.2,-20.0,4506,20347
2026.06.25 00:03:59,DOWN,-5.1,2,8.4,-20.0,36833,44822
2026.06.25 15:30:12,UP,5.1,1,20.0,-1.1,3601,3601
2026.06.25 16:39:43,UP,5.0,2,19.4,-20.8,6736,26446
2026.06.26 00:00:30,DOWN,-7.5,2,8.2,-20.0,19646,34276
2026.06.26 09:54:04,UP,5.2,1,20.0,-4.2,4525,4525
2026.06.26 11:09:29,UP,12.4,1,20.1,-6.4,17215,17215
2026.06.26 15:56:57,UP,5.1,2,15.9,-20.0,122,7194
2026.06.26 17:56:51,DOWN,-6.0,3,17.9,-9.8,16165,194589
2026.06.29 00:07:44,DOWN,-6.0,2,2.6,-20.0,2612,34128
2026.06.29 09:53:25,UP,5.1,1,20.0,-16.5,35784,35784
2026.06.30 00:00:27,DOWN,-5.6,1,20.0,-9.2,23909,23909
2026.06.30 07:57:46,DOWN,-5.1,2,9.5,-20.0,3668,33474
2026.06.30 17:15:41,UP,5.5,1,20.0,-6.1,2515,2515
2026.06.30 17:57:47,UP,5.1,2,3.0,-20.0,234,3972
2026.06.30 20:04:34,UP,5.1,2,8.2,-20.1,10656,50246
2026.07.01 11:58:50,DOWN,-5.1,1,20.0,-5.4,12994,12994
2026.07.01 15:39:07,DOWN,-5.1,2,10.3,-20.0,2137,3145
2026.07.01 16:31:32,UP,6.0,1,20.1,-18.2,66708,66708
2026.07.02 11:03:22,UP,5.0,1,20.1,-17.4,16008,16008
2026.07.02 15:30:10,UP,34.4,1,20.0,-11.9,302,302
2026.07.02 15:35:13,UP,5.2,2,17.8,-20.0,594,7668
2026.07.02 17:49:18,UP,5.1,2,9.3,-20.6,2874,22274
2026.07.03 00:00:46,DOWN,-7.4,2,16.3,-20.0,0,15840
2026.07.03 05:09:13,UP,5.1,1,20.0,-4.8,15929,15929
2026.07.03 09:34:42,UP,8.6,2,1.0,-20.0,255,12110
2026.07.06 00:02:00,UP,5.4,2,2.3,-20.0,61,34485
2026.07.06 10:00:51,DOWN,-5.0,2,9.8,-20.0,25003,38283
2026.07.07 04:30:45,UP,5.2,2,2.8,-20.3,1462,16919
2026.07.07 11:24:32,UP,5.1,2,8.2,-20.1,14760,38576
2026.07.08 00:00:29,DOWN,-6.8,2,6.2,-20.0,17022,37417
2026.07.08 11:16:40,DOWN,-5.1,1,20.0,-2.0,3336,3336
2026.07.08 12:12:16,DOWN,-5.1,2,5.9,-20.0,23414,28232
2026.07.08 20:07:07,UP,5.1,2,10.6,-21.2,8814,14192
2026.07.09 00:03:40,DOWN,-18.0,2,0.0,-21.0,0,21
2026.07.09 08:13:02,UP,5.1,1,20.0,-15.3,75319,75319
2026.07.10 05:08:32,UP,5.2,2,7.1,-20.0,2764,22369
2026.07.10 15:13:44,UP,5.1,2,6.9,-20.3,19,8362
2026.07.10 17:33:06,DOWN,-11.0,2,3.4,-20.0,1,4732
2026.07.10 23:08:37,DOWN,-5.2,3,12.2,-4.5,175883,175883
2026.07.13 00:00:00,DOWN,-13.5,2,16.0,-20.3,15870,38260
2026.07.13 10:37:40,UP,10.7,1,20.0,-4.6,2049,2049
2026.07.13 11:11:49,UP,5.6,2,5.0,-20.1,374,14425
2026.07.13 15:59:27,UP,5.1,2,3.1,-20.0,60,4637
2026.07.13 17:16:45,DOWN,-5.1,1,20.1,-0.5,8030,8030
2026.07.13 19:30:47,DOWN,-5.1,2,8.5,-20.0,14039,58403
2026.07.14 11:44:10,UP,5.2,1,23.8,-16.1,13551,13551
2026.07.14 15:30:01,UP,15.5,1,20.4,-2.6,3,3
2026.07.14 15:36:18,DOWN,-5.1,1,20.1,-14.9,12703,12703
2026.07.15 00:03:03,UP,7.3,2,15.9,-20.0,33783,54391
2026.07.15 15:23:42,UP,5.0,1,20.0,-1.0,2468,2468
2026.07.15 16:14:46,DOWN,-5.1,2,3.6,-20.1,740,13586
2026.07.15 20:01:12,UP,5.2,1,20.2,-2.1,2369,2369
2026.07.15 21:43:24,DOWN,-5.0,1,20.0,-2.2,64435,64435
2026.07.16 15:37:30,DOWN,-5.2,1,20.0,-6.2,15878,15878
2026.07.17 09:14:47,UP,5.0,2,6.6,-20.0,2942,17356
2026.07.17 15:34:15,DOWN,-5.2,3,4.7,-15.5,2707,203145
2026.07.20 00:00:31,DOWN,-12.8,2,1.6,-20.0,8559,37787
2026.07.20 10:33:38,UP,5.1,2,2.0,-20.0,47,8610
2026.07.20 14:30:33,UP,5.2,2,1.8,-20.0,58,2947
2026.07.20 17:32:35,DOWN,-5.1,3,8.9,-17.4,1495,86401
2026.07.22 10:30:27,UP,5.1,3,17.6,-17.8,75762,86401
2026.07.23 14:33:39,DOWN,-5.1,1,20.0,-3.5,5898,5898
2026.07.23 16:13:37,DOWN,-5.2,2,5.5,-20.0,4013,64213
2026.07.24 10:09:28,UP,5.0,2,7.6,-20.0,1309,17247
2026.07.24 14:58:02,DOWN,-5.2,3,6.5,-19.5,4360,205318
2026.07.27 00:01:00,UP,20.5,1,20.0,-3.0,12521,12521
2026.07.27 03:29:49,UP,5.0,2,6.3,-20.0,22304,38253
2026.07.27 15:12:30,DOWN,-5.1,1,20.1,-2.5,60905,60905
2026.07.28 17:54:01,UP,5.1,1,20.0,-0.5,4707,4707
2026.07.29 00:04:40,UP,5.2,1,20.4,-16.8,75322,75322
2026.07.29 21:00:02,UP,15.4,1,20.0,-4.3,2464,2464
2026.07.29 21:41:06,UP,5.6,1,20.0,-6.9,1025,1025
2026.07.29 22:04:43,DOWN,-5.1,2,6.9,-20.0,386,830
2026.07.29 22:18:33,UP,15.1,2,0.1,-20.0,0,894
2026.07.29 22:33:27,DOWN,-5.9,2,0.8,-20.0,60,4341
2026.07.29 23:48:21,UP,5.1,2,4.1,-20.0,8430,23325
2026.07.30 10:29:04,DOWN,-5.2,2,2.6,-20.0,222,6029
2026.07.30 13:14:30,UP,5.1,1,20.0,-5.8,12225,12225
2026.07.30 16:38:15,UP,10.1,1,20.0,-3.2,880,880
2026.07.30 16:52:55,UP,8.0,1,20.0,-1.2,563,563
2026.07.30 17:02:18,UP,7.1,2,6.4,-20.0,148,2351
2026.07.30 17:41:29,DOWN,-7.0,2,12.3,-20.0,1895,11488
2026.07.30 20:52:57,UP,5.3,2,4.9,-20.0,4040,28605
2026.07.31 09:34:15,DOWN,-5.1,1,20.0,-11.1,17126,17126
2026.07.31 16:22:16,UP,5.1,2,7.0,-20.1,170,869
2026.07.31 16:36:45,DOWN,-13.0,1,20.0,-1.0,208,208
2026.07.31 16:41:45,UP,6.3,1,20.0,-2.5,3235,3235
2026.07.31 17:39:52,UP,5.1,1,20.0,-0.3,3483,3483
2026.07.31 18:37:55,UP,6.0,1,20.0,-1.4,6729,6729
2026.07.31 20:32:46,UP,5.1,3,14.9,-8.5,11892,185234
2026.08.03 00:00:32,UP,18.0,2,14.3,-20.1,4482,35009
2026.08.03 10:17:19,DOWN,-5.3,1,20.3,-11.1,28390,28390
2026.08.04 00:01:53,UP,5.3,1,20.1,-11.5,78919,78919
2026.08.05 00:01:07,DOWN,-5.1,2,0.2,-20.0,17937,36105
2026.08.05 11:41:57,DOWN,-5.1,2,2.1,-20.0,238,10496
2026.08.05 15:18:39,UP,5.1,2,2.9,-20.1,45268,77210
2026.08.06 17:09:41,DOWN,-5.1,1,20.0,-3.5,7716,7716
2026.08.06 19:18:20,DOWN,-5.1,2,0.3,-20.0,6,70920
2026.08.07 15:30:01,UP,8.2,1,21.4,0.0,2,2
