bar_time,ticks_in_bar,open,high,low,idx_high,idx_low,order,running_hash
2026.07.09 00:00:00,21,1.14167,1.14180,1.14127,3,16,HIGH_FIRST,3104739499556184341
2026.07.09 00:01:00,25,1.14180,1.14183,1.14175,10,15,HIGH_FIRST,3531728632840497342
2026.07.09 00:02:00,12,1.14181,1.14187,1.14130,2,10,HIGH_FIRST,17077521740175859478
2026.07.09 00:03:00,22,1.14185,1.14187,1.13987,4,14,HIGH_FIRST,15702137317862407957
2026.07.09 00:04:00,28,1.14197,1.14236,1.14129,2,8,HIGH_FIRST,8066529963316609318
2026.07.09 00:05:00,9,1.14179,1.14181,1.14146,5,7,HIGH_FIRST,18258396608835788879
2026.07.09 00:06:00,57,1.14146,1.14182,1.14146,3,0,LOW_FIRST,6330025540188539834
2026.07.09 00:07:00,30,1.14175,1.14178,1.14157,9,3,LOW_FIRST,12073274128881192222
2026.07.09 00:08:00,38,1.14162,1.14196,1.14156,12,19,HIGH_FIRST,17098081907731068131
2026.07.09 00:09:00,8,1.14171,1.14199,1.14168,7,2,LOW_FIRST,15301835301412721520
2026.07.09 00:10:00,42,1.14206,1.14207,1.14185,14,32,HIGH_FIRST,8888503404805709691
2026.07.09 00:11:00,27,1.14190,1.14215,1.14190,5,0,LOW_FIRST,8097712477574677558
2026.07.09 00:12:00,18,1.14197,1.14200,1.14193,10,17,HIGH_FIRST,13098438731786364710
2026.07.09 00:13:00,20,1.14196,1.14204,1.14190,19,9,LOW_FIRST,13225499736443359963
2026.07.09 00:14:00,27,1.14200,1.14216,1.14198,6,26,HIGH_FIRST,2443400850842235842
2026.07.09 00:15:00,8,1.14200,1.14211,1.14198,8,2,LOW_FIRST,13406193136965339029
2026.07.09 00:16:00,63,1.14211,1.14211,1.14168,0,28,HIGH_FIRST,8220687944261702407
2026.07.09 00:17:00,97,1.14207,1.14208,1.14184,3,21,HIGH_FIRST,4181698853177940725
2026.07.09 00:18:00,18,1.14203,1.14203,1.14192,0,13,HIGH_FIRST,18435422291419506038
2026.07.09 00:19:00,68,1.14203,1.14218,1.14177,37,6,LOW_FIRST,14051172078698358939
2026.07.09 00:20:00,39,1.14186,1.14193,1.14176,7,12,HIGH_FIRST,11352830870721719703
2026.07.09 00:21:00,48,1.14187,1.14200,1.14174,41,24,LOW_FIRST,11308047600756614716
2026.07.09 00:22:00,8,1.14191,1.14198,1.14187,2,8,HIGH_FIRST,5193543517944410663
2026.07.09 00:23:00,7,1.14187,1.14195,1.14187,7,0,LOW_FIRST,316085129065521486
2026.07.09 00:24:00,6,1.14195,1.14198,1.14193,2,3,HIGH_FIRST,4583823357123304593
2026.07.09 00:25:00,11,1.14195,1.14199,1.14182,6,8,HIGH_FIRST,7692260981464216832
2026.07.09 00:26:00,4,1.14194,1.14199,1.14194,2,0,LOW_FIRST,1064771415697239195
2026.07.09 00:27:00,10,1.14197,1.14199,1.14194,5,3,LOW_FIRST,6560389290495367184
2026.07.09 00:28:00,10,1.14197,1.14197,1.14182,0,6,HIGH_FIRST,5214477932246505021
2026.07.09 00:29:00,19,1.14184,1.14202,1.14184,6,0,LOW_FIRST,13513181193902267314
2026.07.09 00:30:00,36,1.14201,1.14202,1.14182,13,10,LOW_FIRST,14062998243138048145
2026.07.09 00:31:00,44,1.14198,1.14199,1.14174,10,24,HIGH_FIRST,4039476429392118221
2026.07.09 00:32:00,22,1.14197,1.14197,1.14183,0,6,HIGH_FIRST,8509931638172402135
2026.07.09 00:33:00,22,1.14185,1.14191,1.14184,9,2,LOW_FIRST,8927611032215673002
2026.07.09 00:34:00,54,1.14186,1.14187,1.14165,4,28,HIGH_FIRST,3779057605409399950
2026.07.09 00:35:00,38,1.14178,1.14184,1.14162,21,27,HIGH_FIRST,8708837248666690079
2026.07.09 00:36:00,66,1.14163,1.14167,1.14152,21,34,HIGH_FIRST,3487193435787302597
2026.07.09 00:37:00,47,1.14155,1.14160,1.14147,32,11,LOW_FIRST,5281750992198972250
2026.07.09 00:38:00,46,1.14155,1.14166,1.14155,42,0,LOW_FIRST,8638406374532852733
2026.07.09 00:39:00,18,1.14163,1.14168,1.14163,3,0,LOW_FIRST,16565919693336511169
2026.07.09 00:40:00,16,1.14162,1.14166,1.14151,7,12,HIGH_FIRST,17863754967929553251
2026.07.09 00:41:00,22,1.14164,1.14173,1.14161,6,4,LOW_FIRST,16291588915762070180
2026.07.09 00:42:00,12,1.14170,1.14170,1.14156,0,10,HIGH_FIRST,462863367145895840
2026.07.09 00:43:00,7,1.14167,1.14170,1.14148,7,2,LOW_FIRST,1117437636300594536
2026.07.09 00:44:00,9,1.14170,1.14171,1.14165,2,5,HIGH_FIRST,1884777640428439683
2026.07.09 00:45:00,27,1.14167,1.14174,1.14165,7,13,HIGH_FIRST,5473012541980240079
2026.07.09 00:46:00,17,1.14165,1.14167,1.14159,3,8,HIGH_FIRST,3856254942718105320
2026.07.09 00:47:00,46,1.14167,1.14172,1.14145,40,30,LOW_FIRST,11161474527940367477
2026.07.09 00:48:00,11,1.14167,1.14170,1.14158,4,11,HIGH_FIRST,16471257676423414975
2026.07.09 00:49:00,18,1.14158,1.14168,1.14123,18,16,LOW_FIRST,8868359600369317671
2026.07.09 00:50:00,5,1.14168,1.14170,1.14168,2,0,LOW_FIRST,8109937119171193128
2026.07.09 00:51:00,12,1.14167,1.14170,1.14146,11,9,LOW_FIRST,8307066746741282572
2026.07.09 00:52:00,30,1.14170,1.14178,1.14151,13,3,LOW_FIRST,9078315642624250271
2026.07.09 00:53:00,17,1.14172,1.14177,1.14163,5,14,HIGH_FIRST,11539706742941776646
2026.07.09 00:54:00,10,1.14163,1.14165,1.14160,2,6,HIGH_FIRST,14338418841137685519
2026.07.09 00:55:00,9,1.14165,1.14171,1.14165,3,0,LOW_FIRST,14567643277176467166
2026.07.09 00:56:00,20,1.14168,1.14178,1.14168,7,0,LOW_FIRST,6061434996996460700
2026.07.09 00:57:00,27,1.14174,1.14175,1.14170,23,4,LOW_FIRST,15932890181182397478
2026.07.09 00:58:00,32,1.14170,1.14180,1.14164,30,23,LOW_FIRST,854396022045644741
2026.07.09 00:59:00,21,1.14172,1.14181,1.14172,4,0,LOW_FIRST,9846544215029804639
2026.07.09 01:00:00,120,1.14175,1.14188,1.14172,3,91,HIGH_FIRST,2456546167344250643
2026.07.09 01:01:00,95,1.14176,1.14180,1.14172,8,39,HIGH_FIRST,4562561777168695685
2026.07.09 01:02:00,25,1.14173,1.14173,1.14167,0,6,HIGH_FIRST,7271168414120187755
2026.07.09 01:03:00,17,1.14168,1.14169,1.14164,2,16,HIGH_FIRST,17682685801636896535
2026.07.09 01:04:00,27,1.14164,1.14165,1.14161,22,12,LOW_FIRST,11126327540303058104
2026.07.09 01:05:00,50,1.14161,1.14166,1.14161,3,0,LOW_FIRST,13654032232362104508
2026.07.09 01:06:00,39,1.14164,1.14175,1.14164,20,0,LOW_FIRST,1034970316855127518
2026.07.09 01:07:00,6,1.14173,1.14173,1.14168,0,6,HIGH_FIRST,2973474664533409821
2026.07.09 01:08:00,18,1.14167,1.14174,1.14167,18,0,LOW_FIRST,12359873289513777292
2026.07.09 01:09:00,39,1.14174,1.14174,1.14167,0,27,HIGH_FIRST,10661731373315676013
2026.07.09 01:10:00,40,1.14168,1.14174,1.14166,37,4,LOW_FIRST,8045925393398556230
2026.07.09 01:11:00,49,1.14173,1.14181,1.14173,44,0,LOW_FIRST,3945198711905949876
2026.07.09 01:12:00,23,1.14178,1.14178,1.14172,0,18,HIGH_FIRST,1022312398040383600
2026.07.09 01:13:00,7,1.14172,1.14172,1.14169,0,3,HIGH_FIRST,4368493020351463734
2026.07.09 01:14:00,33,1.14167,1.14172,1.14167,29,0,LOW_FIRST,12746143956341902194
2026.07.09 01:15:00,57,1.14170,1.14175,1.14167,5,55,HIGH_FIRST,6589298464153751919
2026.07.09 01:16:00,68,1.14168,1.14173,1.14168,29,0,LOW_FIRST,17021843390186250142
2026.07.09 01:17:00,79,1.14172,1.14174,1.14162,12,6,LOW_FIRST,3655202660039915420
2026.07.09 01:18:00,100,1.14171,1.14173,1.14165,4,65,HIGH_FIRST,17561275835345480739
2026.07.09 01:19:00,61,1.14172,1.14173,1.14169,2,53,HIGH_FIRST,667091251498851212
2026.07.09 01:20:00,34,1.14172,1.14173,1.14160,2,17,HIGH_FIRST,1354209466344883438
2026.07.09 01:21:00,75,1.14172,1.14173,1.14168,2,50,HIGH_FIRST,3235045998550145646
2026.07.09 01:22:00,41,1.14170,1.14173,1.14168,35,7,LOW_FIRST,3779192418620503522
2026.07.09 01:23:00,85,1.14171,1.14173,1.14166,7,41,HIGH_FIRST,4721315473672769287
2026.07.09 01:24:00,87,1.14173,1.14173,1.14166,0,84,HIGH_FIRST,17617764493834137881
2026.07.09 01:25:00,52,1.14167,1.14171,1.14167,32,0,LOW_FIRST,16088598654559676169
2026.07.09 01:26:00,70,1.14169,1.14174,1.14167,29,6,LOW_FIRST,17035345166237404589
2026.07.09 01:27:00,80,1.14169,1.14173,1.14168,63,8,LOW_FIRST,8376625702105277617
2026.07.09 01:28:00,72,1.14170,1.14172,1.14168,15,46,HIGH_FIRST,7587741388793112781
2026.07.09 01:29:00,64,1.14169,1.14171,1.14166,6,24,HIGH_FIRST,11048064376482219491
2026.07.09 01:30:00,122,1.14168,1.14176,1.14168,45,0,LOW_FIRST,17986414554610521384
2026.07.09 01:31:00,111,1.14170,1.14177,1.14169,57,28,LOW_FIRST,4745832439387821178
2026.07.09 01:32:00,69,1.14174,1.14180,1.14172,62,39,LOW_FIRST,7290492778100955915
2026.07.09 01:33:00,86,1.14179,1.14181,1.14177,13,15,HIGH_FIRST,3760998257696290149
2026.07.09 01:34:00,112,1.14181,1.14184,1.14177,62,32,LOW_FIRST,12047357470076554753
2026.07.09 01:35:00,79,1.14184,1.14184,1.14178,0,73,HIGH_FIRST,4431931720271437743
2026.07.09 01:36:00,65,1.14179,1.14189,1.14179,45,0,LOW_FIRST,7757237591838287831
2026.07.09 01:37:00,80,1.14188,1.14189,1.14182,2,43,HIGH_FIRST,8046294103212733930
2026.07.09 01:38:00,52,1.14184,1.14186,1.14182,5,17,HIGH_FIRST,6830395178689595062
2026.07.09 01:39:00,96,1.14180,1.14188,1.14180,23,0,LOW_FIRST,5382393591911353031
2026.07.09 01:40:00,90,1.14183,1.14187,1.14182,82,7,LOW_FIRST,3804735864155446565
2026.07.09 01:41:00,68,1.14187,1.14187,1.14184,0,17,HIGH_FIRST,9089384148284361337
2026.07.09 01:42:00,66,1.14185,1.14189,1.14184,22,10,LOW_FIRST,10578007437675469725
2026.07.09 01:43:00,78,1.14185,1.14189,1.14182,65,47,LOW_FIRST,8897832100615932751
2026.07.09 01:44:00,42,1.14186,1.14187,1.14182,24,42,HIGH_FIRST,1823146653472161007
2026.07.09 01:45:00,67,1.14182,1.14185,1.14179,5,27,HIGH_FIRST,4369999229077690825
2026.07.09 01:46:00,77,1.14181,1.14185,1.14179,41,2,LOW_FIRST,14140476062124662251
2026.07.09 01:47:00,35,1.14183,1.14184,1.14179,9,33,HIGH_FIRST,10517922541310913476
2026.07.09 01:48:00,58,1.14182,1.14185,1.14180,37,3,LOW_FIRST,12339857414791942166
2026.07.09 01:49:00,35,1.14182,1.14185,1.14182,21,0,LOW_FIRST,14613359098566961614
2026.07.09 01:50:00,80,1.14182,1.14185,1.14181,5,64,HIGH_FIRST,750004563195411687
2026.07.09 01:51:00,81,1.14182,1.14186,1.14182,19,0,LOW_FIRST,8262290083534021514
2026.07.09 01:52:00,75,1.14182,1.14185,1.14180,25,61,HIGH_FIRST,12863542822151713379
2026.07.09 01:53:00,33,1.14185,1.14185,1.14182,0,4,HIGH_FIRST,5675846243901115548
2026.07.09 01:54:00,50,1.14182,1.14184,1.14178,3,49,HIGH_FIRST,5956731324781600728
2026.07.09 01:55:00,86,1.14181,1.14184,1.14177,9,85,HIGH_FIRST,7874916280418493200
2026.07.09 01:56:00,12,1.14179,1.14183,1.14178,7,3,LOW_FIRST,15513828556323755343
2026.07.09 01:57:00,72,1.14182,1.14190,1.14182,50,0,LOW_FIRST,9824822257317805358
2026.07.09 01:58:00,31,1.14188,1.14193,1.14186,17,10,LOW_FIRST,1709663409944880382
2026.07.09 01:59:00,130,1.14189,1.14195,1.14188,27,65,HIGH_FIRST,994601110983450352
2026.07.09 02:00:00,100,1.14192,1.14194,1.14187,12,41,HIGH_FIRST,10684576568227519234
2026.07.09 02:01:00,45,1.14193,1.14196,1.14192,4,18,HIGH_FIRST,12117465356038254881
2026.07.09 02:02:00,61,1.14194,1.14196,1.14193,3,14,HIGH_FIRST,16664886027913963886
2026.07.09 02:03:00,44,1.14194,1.14198,1.14193,5,18,HIGH_FIRST,7680349601607566558
2026.07.09 02:04:00,39,1.14195,1.14196,1.14190,2,39,HIGH_FIRST,4543163709418661379
2026.07.09 02:05:00,28,1.14190,1.14197,1.14190,11,0,LOW_FIRST,1313622924669406193
2026.07.09 02:06:00,50,1.14194,1.14195,1.14188,3,15,HIGH_FIRST,8892108278969416637
2026.07.09 02:07:00,34,1.14188,1.14189,1.14187,4,15,HIGH_FIRST,14251318005193665501
2026.07.09 02:08:00,19,1.14188,1.14188,1.14186,0,10,HIGH_FIRST,5354519104255174931
2026.07.09 02:09:00,48,1.14187,1.14188,1.14179,2,26,HIGH_FIRST,4232502370103288043
2026.07.09 02:10:00,58,1.14182,1.14183,1.14176,2,36,HIGH_FIRST,16713449220472544299
2026.07.09 02:11:00,19,1.14177,1.14181,1.14177,13,0,LOW_FIRST,12940930382453444433
2026.07.09 02:12:00,48,1.14178,1.14180,1.14178,18,0,LOW_FIRST,3980750740933253963
2026.07.09 02:13:00,41,1.14179,1.14181,1.14178,11,5,LOW_FIRST,2829360028656906402
2026.07.09 02:14:00,12,1.14179,1.14180,1.14178,10,2,LOW_FIRST,14886460110777193004
2026.07.09 02:15:00,47,1.14178,1.14180,1.14177,22,3,LOW_FIRST,14968875775162080037
2026.07.09 02:16:00,43,1.14180,1.14181,1.14177,2,26,HIGH_FIRST,3373673686082150959
2026.07.09 02:17:00,52,1.14178,1.14178,1.14171,0,26,HIGH_FIRST,261062498325303162
2026.07.09 02:18:00,9,1.14176,1.14179,1.14176,7,0,LOW_FIRST,11408450575729330290
2026.07.09 02:19:00,27,1.14178,1.14178,1.14176,0,4,HIGH_FIRST,2095130940027403812
2026.07.09 02:20:00,47,1.14177,1.14179,1.14171,16,46,HIGH_FIRST,9923724729663898004
2026.07.09 02:21:00,66,1.14174,1.14180,1.14174,16,0,LOW_FIRST,13866041613744103937
2026.07.09 02:22:00,59,1.14178,1.14184,1.14177,11,39,HIGH_FIRST,13664208313873341726
2026.07.09 02:23:00,61,1.14178,1.14180,1.14177,15,7,LOW_FIRST,2483100960796269653
2026.07.09 02:24:00,17,1.14179,1.14180,1.14177,2,8,HIGH_FIRST,9261030202533177955
2026.07.09 02:25:00,20,1.14178,1.14179,1.14176,2,14,HIGH_FIRST,2013853290068961089
2026.07.09 02:26:00,46,1.14178,1.14185,1.14177,13,9,LOW_FIRST,16584554099137913631
2026.07.09 02:27:00,38,1.14184,1.14185,1.14181,7,5,LOW_FIRST,10924469370307831531
2026.07.09 02:28:00,56,1.14183,1.14187,1.14182,38,12,LOW_FIRST,15237641750260234861
2026.07.09 02:29:00,81,1.14184,1.14186,1.14170,4,76,HIGH_FIRST,4352841388103276445
2026.07.09 02:30:00,86,1.14185,1.14187,1.14182,13,28,HIGH_FIRST,5736024800460375412
2026.07.09 02:31:00,60,1.14185,1.14186,1.14180,50,57,HIGH_FIRST,11852057730615611392
2026.07.09 02:32:00,47,1.14185,1.14190,1.14182,45,5,LOW_FIRST,13477725281511761825
2026.07.09 02:33:00,73,1.14190,1.14193,1.14188,12,3,LOW_FIRST,377461635965595341
2026.07.09 02:34:00,52,1.14191,1.14193,1.14188,6,13,HIGH_FIRST,6474138800694452337
2026.07.09 02:35:00,127,1.14189,1.14202,1.14189,113,0,LOW_FIRST,252232425131649176
2026.07.09 02:36:00,99,1.14201,1.14201,1.14195,0,50,HIGH_FIRST,9997128200976905209
2026.07.09 02:37:00,89,1.14195,1.14198,1.14187,3,61,HIGH_FIRST,3966030938879617557
2026.07.09 02:38:00,53,1.14191,1.14194,1.14187,42,17,LOW_FIRST,1675958610685750562
2026.07.09 02:39:00,18,1.14193,1.14195,1.14191,3,14,HIGH_FIRST,12070636476758364265
2026.07.09 02:40:00,63,1.14195,1.14200,1.14191,50,23,LOW_FIRST,1786448442616005825
2026.07.09 02:41:00,83,1.14199,1.14200,1.14195,36,70,HIGH_FIRST,11934528702753500027
2026.07.09 02:42:00,42,1.14199,1.14200,1.14196,6,4,LOW_FIRST,12753348723622648243
2026.07.09 02:43:00,37,1.14199,1.14200,1.14197,7,4,LOW_FIRST,15725339399867933086
2026.07.09 02:44:00,97,1.14200,1.14209,1.14198,57,4,LOW_FIRST,3599933218673434170
2026.07.09 02:45:00,115,1.14205,1.14215,1.14202,27,7,LOW_FIRST,12934679990988297292
2026.07.09 02:46:00,57,1.14212,1.14215,1.14209,8,55,HIGH_FIRST,5939140711659229501
2026.07.09 02:47:00,66,1.14212,1.14215,1.14209,12,19,HIGH_FIRST,3582538837728422406
2026.07.09 02:48:00,47,1.14213,1.14214,1.14210,9,18,HIGH_FIRST,9418159243722747413
2026.07.09 02:49:00,100,1.14212,1.14212,1.14207,0,9,HIGH_FIRST,5117755406381531900
2026.07.09 02:50:00,132,1.14210,1.14211,1.14202,5,100,HIGH_FIRST,4498966666959273542
2026.07.09 02:51:00,72,1.14204,1.14206,1.14202,36,12,LOW_FIRST,9435742180017084035
2026.07.09 02:52:00,92,1.14204,1.14205,1.14196,2,45,HIGH_FIRST,2860807700548688410
2026.07.09 02:53:00,55,1.14198,1.14200,1.14191,6,11,HIGH_FIRST,14787604247289106977
2026.07.09 02:54:00,80,1.14197,1.14206,1.14197,59,0,LOW_FIRST,4562347072992178153
2026.07.09 02:55:00,111,1.14205,1.14211,1.14201,101,42,LOW_FIRST,13143103911436734883
2026.07.09 02:56:00,119,1.14210,1.14217,1.14209,111,3,LOW_FIRST,10547320153853413025
2026.07.09 02:57:00,135,1.14216,1.14225,1.14214,35,11,LOW_FIRST,5268289801943801850
2026.07.09 02:58:00,115,1.14220,1.14221,1.14210,8,32,HIGH_FIRST,15132135392795873154
2026.07.09 02:59:00,147,1.14213,1.14216,1.14212,49,3,LOW_FIRST,12698723501530206125
2026.07.09 03:00:00,295,1.14213,1.14224,1.14211,19,163,HIGH_FIRST,2628616209233542606
2026.07.09 03:01:00,293,1.14217,1.14235,1.14217,111,0,LOW_FIRST,10529163081643365308
2026.07.09 03:02:00,287,1.14228,1.14242,1.14228,196,0,LOW_FIRST,18363200895439495769
2026.07.09 03:03:00,196,1.14238,1.14242,1.14232,56,175,HIGH_FIRST,16306848390567403283
2026.07.09 03:04:00,175,1.14235,1.14243,1.14234,113,8,LOW_FIRST,10829903824811484746
2026.07.09 03:05:00,219,1.14241,1.14248,1.14239,57,8,LOW_FIRST,9586008957975544226
2026.07.09 03:06:00,137,1.14246,1.14255,1.14241,122,48,LOW_FIRST,5955951553714323482
2026.07.09 03:07:00,114,1.14255,1.14265,1.14252,50,7,LOW_FIRST,13791924046685985601
2026.07.09 03:08:00,157,1.14260,1.14262,1.14253,31,72,HIGH_FIRST,15749663784393215420
2026.07.09 03:09:00,171,1.14257,1.14262,1.14251,116,31,LOW_FIRST,14521148348989085103
2026.07.09 03:10:00,211,1.14254,1.14265,1.14253,169,25,LOW_FIRST,10289918563885951187
2026.07.09 03:11:00,277,1.14261,1.14282,1.14259,187,14,LOW_FIRST,8504065404796554657
2026.07.09 03:12:00,230,1.14276,1.14290,1.14275,118,6,LOW_FIRST,16663281936820334952
2026.07.09 03:13:00,157,1.14280,1.14282,1.14272,17,125,HIGH_FIRST,6992803723800575697
2026.07.09 03:14:00,153,1.14275,1.14283,1.14274,47,6,LOW_FIRST,18170300634210694694
2026.07.09 03:15:00,189,1.14279,1.14286,1.14277,68,5,LOW_FIRST,4409678779514641989
2026.07.09 03:16:00,222,1.14282,1.14286,1.14273,25,205,HIGH_FIRST,5812582493131299675
2026.07.09 03:17:00,135,1.14274,1.14275,1.14267,2,60,HIGH_FIRST,4811377505199830014
2026.07.09 03:18:00,271,1.14273,1.14275,1.14260,53,193,HIGH_FIRST,12657760243191967789
2026.07.09 03:19:00,89,1.14272,1.14272,1.14259,0,75,HIGH_FIRST,6893085610132390371
2026.07.09 03:20:00,262,1.14263,1.14274,1.14260,225,3,LOW_FIRST,18280257551214590063
2026.07.09 03:21:00,177,1.14267,1.14268,1.14258,11,170,HIGH_FIRST,16526866207875434376
2026.07.09 03:22:00,183,1.14260,1.14264,1.14253,52,150,HIGH_FIRST,5238392752161532054
2026.07.09 03:23:00,157,1.14255,1.14265,1.14252,99,70,LOW_FIRST,3871869964393795395
2026.07.09 03:24:00,200,1.14263,1.14269,1.14252,185,80,LOW_FIRST,7024094845772501475
2026.07.09 03:25:00,178,1.14266,1.14276,1.14264,65,160,HIGH_FIRST,9112253549597632276
2026.07.09 03:26:00,166,1.14273,1.14276,1.14267,15,40,HIGH_FIRST,1213822054706680130
2026.07.09 03:27:00,198,1.14271,1.14275,1.14270,34,141,HIGH_FIRST,11675121549553756277
2026.07.09 03:28:00,147,1.14272,1.14274,1.14268,5,37,HIGH_FIRST,4293364290153911356
2026.07.09 03:29:00,201,1.14269,1.14280,1.14268,146,2,LOW_FIRST,13594880873825222801
2026.07.09 03:30:00,350,1.14276,1.14293,1.14274,181,29,LOW_FIRST,7752455830842470626
2026.07.09 03:31:00,181,1.14284,1.14288,1.14277,107,135,HIGH_FIRST,13343552277551316829
2026.07.09 03:32:00,266,1.14279,1.14301,1.14272,256,77,LOW_FIRST,1624375465011138127
2026.07.09 03:33:00,212,1.14298,1.14304,1.14283,17,154,HIGH_FIRST,7795378715997775391
2026.07.09 03:34:00,96,1.14290,1.14295,1.14284,78,24,LOW_FIRST,12950447827108685240
2026.07.09 03:35:00,157,1.14293,1.14296,1.14288,101,46,LOW_FIRST,14764355317900046807
2026.07.09 03:36:00,164,1.14289,1.14300,1.14289,89,0,LOW_FIRST,1535260710794275307
2026.07.09 03:37:00,117,1.14298,1.14299,1.14291,6,91,HIGH_FIRST,4020870016212567155
2026.07.09 03:38:00,113,1.14293,1.14294,1.14288,113,12,LOW_FIRST,9048896664906473585
2026.07.09 03:39:00,116,1.14294,1.14299,1.14289,12,103,HIGH_FIRST,16288579333681615284
2026.07.09 03:40:00,211,1.14289,1.14296,1.14286,191,43,LOW_FIRST,9196535985822815771
2026.07.09 03:41:00,114,1.14293,1.14293,1.14288,0,26,HIGH_FIRST,2742716449720796452
2026.07.09 03:42:00,112,1.14289,1.14292,1.14284,72,34,LOW_FIRST,6120735333796365036
2026.07.09 03:43:00,110,1.14285,1.14286,1.14273,2,87,HIGH_FIRST,17794050810595491335
2026.07.09 03:44:00,149,1.14274,1.14279,1.14252,10,115,HIGH_FIRST,8001514308673116258
2026.07.09 03:45:00,185,1.14266,1.14268,1.14258,2,52,HIGH_FIRST,5467063831757590351
2026.07.09 03:46:00,157,1.14260,1.14265,1.14257,38,58,HIGH_FIRST,17210162928244445270
2026.07.09 03:47:00,122,1.14258,1.14260,1.14255,17,30,HIGH_FIRST,9866095856767768111
2026.07.09 03:48:00,169,1.14258,1.14270,1.14257,155,2,LOW_FIRST,15013777842163755555
2026.07.09 03:49:00,189,1.14268,1.14271,1.14260,14,189,HIGH_FIRST,17228207151309984404
2026.07.09 03:50:00,153,1.14260,1.14264,1.14253,4,90,HIGH_FIRST,12873641735083412402
2026.07.09 03:51:00,148,1.14255,1.14257,1.14252,101,26,LOW_FIRST,15367398653814245291
2026.07.09 03:52:00,229,1.14253,1.14255,1.14244,118,41,LOW_FIRST,14233176293405219740
2026.07.09 03:53:00,194,1.14248,1.14254,1.14245,32,178,HIGH_FIRST,8260417455978118936
2026.07.09 03:54:00,246,1.14246,1.14247,1.14231,3,229,HIGH_FIRST,13211751926417255112
2026.07.09 03:55:00,278,1.14234,1.14249,1.14230,260,42,LOW_FIRST,10528001887362043728
2026.07.09 03:56:00,205,1.14246,1.14252,1.14244,190,22,LOW_FIRST,1533151881914611578
2026.07.09 03:57:00,168,1.14251,1.14256,1.14248,81,74,LOW_FIRST,13950563732991009619
2026.07.09 03:58:00,171,1.14253,1.14262,1.14250,113,36,LOW_FIRST,2529758813283965338
2026.07.09 03:59:00,225,1.14259,1.14261,1.14251,58,108,HIGH_FIRST,9032108848365292486
2026.07.09 04:00:00,361,1.14257,1.14263,1.14254,70,22,LOW_FIRST,17661339874698596697
2026.07.09 04:01:00,283,1.14257,1.14275,1.14257,108,0,LOW_FIRST,6468101348854900453
2026.07.09 04:02:00,271,1.14267,1.14270,1.14248,19,249,HIGH_FIRST,15453108638368987891
2026.07.09 04:03:00,255,1.14249,1.14252,1.14241,9,95,HIGH_FIRST,6034139539904027069
2026.07.09 04:04:00,282,1.14247,1.14250,1.14241,64,99,HIGH_FIRST,9747345805395118195
2026.07.09 04:05:00,201,1.14246,1.14248,1.14236,5,65,HIGH_FIRST,13282954712674612315
2026.07.09 04:06:00,289,1.14242,1.14251,1.14242,148,0,LOW_FIRST,17795773498118604648
2026.07.09 04:07:00,136,1.14247,1.14250,1.14244,35,5,LOW_FIRST,15689836873476624859
2026.07.09 04:08:00,164,1.14247,1.14254,1.14242,16,73,HIGH_FIRST,17469781258619879665
2026.07.09 04:09:00,226,1.14248,1.14258,1.14248,84,0,LOW_FIRST,8608756893587405876
2026.07.09 04:10:00,224,1.14255,1.14258,1.14240,6,165,HIGH_FIRST,18080902339975943884
2026.07.09 04:11:00,236,1.14244,1.14245,1.14233,4,230,HIGH_FIRST,3674608865422803108
2026.07.09 04:12:00,208,1.14235,1.14239,1.14229,88,62,LOW_FIRST,17874962372284224655
2026.07.09 04:13:00,169,1.14232,1.14236,1.14227,10,147,HIGH_FIRST,9179279925546706673
2026.07.09 04:14:00,126,1.14230,1.14234,1.14226,9,83,HIGH_FIRST,5246368489404053798
2026.07.09 04:15:00,234,1.14230,1.14244,1.14227,208,19,LOW_FIRST,12144655418442582220
2026.07.09 04:16:00,235,1.14236,1.14241,1.14231,111,49,LOW_FIRST,13999998823495609425
2026.07.09 04:17:00,160,1.14238,1.14239,1.14232,71,33,LOW_FIRST,68511647116017292
2026.07.09 04:18:00,193,1.14234,1.14240,1.14233,169,9,LOW_FIRST,12748273219503847362
2026.07.09 04:19:00,103,1.14238,1.14241,1.14233,68,29,LOW_FIRST,1677087822532152172
2026.07.09 04:20:00,234,1.14240,1.14248,1.14233,57,171,HIGH_FIRST,12166074247948943000
2026.07.09 04:21:00,247,1.14236,1.14239,1.14229,76,211,HIGH_FIRST,3318443402868142634
2026.07.09 04:22:00,106,1.14235,1.14239,1.14233,49,9,LOW_FIRST,12875859148735769270
2026.07.09 04:23:00,166,1.14236,1.14237,1.14230,149,74,LOW_FIRST,1336718216916216445
2026.07.09 04:24:00,140,1.14236,1.14237,1.14232,2,59,HIGH_FIRST,12036959139569283191
2026.07.09 04:25:00,190,1.14235,1.14237,1.14230,2,182,HIGH_FIRST,5305175596838220230
2026.07.09 04:26:00,87,1.14234,1.14239,1.14229,30,57,HIGH_FIRST,10745910052592688782
2026.07.09 04:27:00,73,1.14231,1.14232,1.14224,70,20,LOW_FIRST,18013105776618932848
2026.07.09 04:28:00,128,1.14229,1.14229,1.14215,0,115,HIGH_FIRST,1777478649989831627
2026.07.09 04:29:00,86,1.14220,1.14221,1.14208,7,49,HIGH_FIRST,9329261588767779617
2026.07.09 04:30:00,118,1.14218,1.14221,1.14209,5,93,HIGH_FIRST,6976815687668920573
2026.07.09 04:31:00,214,1.14212,1.14218,1.14199,17,119,HIGH_FIRST,405602900721931058
2026.07.09 04:32:00,129,1.14204,1.14213,1.14204,60,0,LOW_FIRST,4140720032586513634
2026.07.09 04:33:00,220,1.14208,1.14225,1.14204,194,8,LOW_FIRST,12800566435140526940
2026.07.09 04:34:00,170,1.14220,1.14228,1.14218,65,4,LOW_FIRST,5981899205331627912
2026.07.09 04:35:00,172,1.14225,1.14236,1.14223,95,6,LOW_FIRST,1822744115421488202
2026.07.09 04:36:00,178,1.14229,1.14244,1.14229,145,0,LOW_FIRST,16627854636039673430
2026.07.09 04:37:00,157,1.14242,1.14252,1.14239,130,23,LOW_FIRST,10425424401605682337
2026.07.09 04:38:00,153,1.14249,1.14255,1.14245,140,73,LOW_FIRST,9650031490110877486
2026.07.09 04:39:00,222,1.14253,1.14256,1.14238,18,189,HIGH_FIRST,3358904988060974393
2026.07.09 04:40:00,185,1.14241,1.14241,1.14234,0,176,HIGH_FIRST,9416197457375300133
2026.07.09 04:41:00,159,1.14235,1.14239,1.14233,139,22,LOW_FIRST,11169571585915541993
2026.07.09 04:42:00,163,1.14237,1.14242,1.14232,59,121,HIGH_FIRST,13872750306199585614
2026.07.09 04:43:00,193,1.14236,1.14236,1.14231,0,59,HIGH_FIRST,6806578181281362226
2026.07.09 04:44:00,131,1.14234,1.14237,1.14228,11,85,HIGH_FIRST,3186095057814336138
2026.07.09 04:45:00,127,1.14236,1.14236,1.14224,0,88,HIGH_FIRST,11508434387428776865
2026.07.09 04:46:00,177,1.14229,1.14229,1.14214,0,149,HIGH_FIRST,3638705501331525401
2026.07.09 04:47:00,134,1.14218,1.14221,1.14211,36,94,HIGH_FIRST,9064834405044840411
2026.07.09 04:48:00,161,1.14213,1.14226,1.14208,101,9,LOW_FIRST,8345551156095353634
2026.07.09 04:49:00,162,1.14218,1.14227,1.14217,161,2,LOW_FIRST,7546628989014418606
2026.07.09 04:50:00,133,1.14226,1.14230,1.14222,81,115,HIGH_FIRST,14743651244806206769
2026.07.09 04:51:00,89,1.14227,1.14230,1.14225,34,9,LOW_FIRST,12641560452971693672
2026.07.09 04:52:00,181,1.14227,1.14229,1.14220,22,162,HIGH_FIRST,13489380386598384124
2026.07.09 04:53:00,163,1.14222,1.14226,1.14216,80,135,HIGH_FIRST,15957008251841614938
2026.07.09 04:54:00,178,1.14220,1.14227,1.14217,99,53,LOW_FIRST,7100583671137346036
2026.07.09 04:55:00,232,1.14222,1.14233,1.14222,220,0,LOW_FIRST,18436431845619184512
2026.07.09 04:56:00,168,1.14230,1.14234,1.14223,154,95,LOW_FIRST,1856465170777414770
2026.07.09 04:57:00,209,1.14233,1.14234,1.14227,170,20,LOW_FIRST,6876447606442418612
2026.07.09 04:58:00,174,1.14233,1.14239,1.14230,163,3,LOW_FIRST,2464273373646788752
2026.07.09 04:59:00,257,1.14239,1.14263,1.14235,160,5,LOW_FIRST,4674617217322989118
2026.07.09 05:00:00,289,1.14256,1.14266,1.14255,222,49,LOW_FIRST,1741298477191310467
2026.07.09 05:01:00,171,1.14260,1.14265,1.14257,82,133,HIGH_FIRST,1385106424145232222
2026.07.09 05:02:00,239,1.14258,1.14269,1.14257,231,17,LOW_FIRST,1645319378843368398
2026.07.09 05:03:00,252,1.14268,1.14271,1.14260,213,151,LOW_FIRST,12396320486387264528
2026.07.09 05:04:00,160,1.14267,1.14274,1.14267,72,0,LOW_FIRST,2032619154200630175
2026.07.09 05:05:00,138,1.14268,1.14272,1.14267,99,2,LOW_FIRST,16901355823888834637
2026.07.09 05:06:00,187,1.14269,1.14275,1.14262,56,164,HIGH_FIRST,3014013870079457983
2026.07.09 05:07:00,184,1.14264,1.14274,1.14260,136,29,LOW_FIRST,8825023537486052978
2026.07.09 05:08:00,256,1.14269,1.14284,1.14267,218,4,LOW_FIRST,18390678637441179691
2026.07.09 05:09:00,231,1.14279,1.14280,1.14268,12,217,HIGH_FIRST,4638138340400204580
2026.07.09 05:10:00,168,1.14271,1.14279,1.14267,110,4,LOW_FIRST,14184776133683578630
2026.07.09 05:11:00,174,1.14273,1.14276,1.14269,74,13,LOW_FIRST,1932463132978878008
2026.07.09 05:12:00,149,1.14274,1.14275,1.14263,41,87,HIGH_FIRST,5350515662289644272
2026.07.09 05:13:00,177,1.14267,1.14274,1.14258,168,66,LOW_FIRST,7216985572209973316
2026.07.09 05:14:00,165,1.14272,1.14275,1.14270,32,8,LOW_FIRST,5092264121521259363
2026.07.09 05:15:00,207,1.14273,1.14282,1.14268,181,136,LOW_FIRST,17679413115191911399
2026.07.09 05:16:00,155,1.14278,1.14285,1.14272,27,135,HIGH_FIRST,18337288142237342807
2026.07.09 05:17:00,140,1.14274,1.14278,1.14271,25,98,HIGH_FIRST,17026884756357794928
2026.07.09 05:18:00,140,1.14275,1.14278,1.14274,28,15,LOW_FIRST,6977590989150830503
2026.07.09 05:19:00,92,1.14277,1.14278,1.14272,6,60,HIGH_FIRST,2143959891762330599
2026.07.09 05:20:00,110,1.14273,1.14276,1.14270,4,107,HIGH_FIRST,8755726945348435579
2026.07.09 05:21:00,137,1.14272,1.14272,1.14266,0,54,HIGH_FIRST,3564400291426973919
2026.07.09 05:22:00,130,1.14269,1.14271,1.14266,5,18,HIGH_FIRST,10746864520146731762
2026.07.09 05:23:00,120,1.14269,1.14272,1.14266,6,55,HIGH_FIRST,3293244045478114052
2026.07.09 05:24:00,110,1.14268,1.14271,1.14266,21,57,HIGH_FIRST,1096589626453833575
2026.07.09 05:25:00,109,1.14269,1.14275,1.14266,60,108,HIGH_FIRST,16659565806317452801
2026.07.09 05:26:00,170,1.14268,1.14268,1.14257,0,45,HIGH_FIRST,12407613204387842383
2026.07.09 05:27:00,174,1.14267,1.14273,1.14261,120,18,LOW_FIRST,16905628761936793597
2026.07.09 05:28:00,138,1.14271,1.14275,1.14263,9,66,HIGH_FIRST,962382176777049650
2026.07.09 05:29:00,148,1.14268,1.14268,1.14262,0,116,HIGH_FIRST,11546643485897483688
2026.07.09 05:30:00,217,1.14262,1.14269,1.14261,92,22,LOW_FIRST,16683745099836290412
2026.07.09 05:31:00,160,1.14265,1.14269,1.14248,55,119,HIGH_FIRST,6867552190016030803
2026.07.09 05:32:00,141,1.14263,1.14265,1.14257,3,138,HIGH_FIRST,303729704159559268
2026.07.09 05:33:00,172,1.14259,1.14262,1.14252,9,58,HIGH_FIRST,105580102962602988
2026.07.09 05:34:00,143,1.14258,1.14259,1.14246,21,138,HIGH_FIRST,15666085851936646074
2026.07.09 05:35:00,175,1.14247,1.14255,1.14231,15,166,HIGH_FIRST,16161923003599508154
2026.07.09 05:36:00,216,1.14232,1.14250,1.14232,213,0,LOW_FIRST,15270276456425035977
2026.07.09 05:37:00,201,1.14248,1.14253,1.14244,177,59,LOW_FIRST,10786604391620077352
2026.07.09 05:38:00,141,1.14250,1.14258,1.14250,49,0,LOW_FIRST,15546285309698546920
2026.07.09 05:39:00,154,1.14255,1.14256,1.14245,24,137,HIGH_FIRST,6980196656825861049
2026.07.09 05:40:00,205,1.14249,1.14251,1.14240,39,182,HIGH_FIRST,7804879035909128672
2026.07.09 05:41:00,203,1.14240,1.14249,1.14237,136,33,LOW_FIRST,10188876486772195186
2026.07.09 05:42:00,170,1.14246,1.14253,1.14245,78,2,LOW_FIRST,9748065384777048073
2026.07.09 05:43:00,187,1.14249,1.14253,1.14242,4,187,HIGH_FIRST,6298719793396600077
2026.07.09 05:44:00,164,1.14244,1.14250,1.14241,90,16,LOW_FIRST,11363680510303083343
2026.07.09 05:45:00,162,1.14249,1.14265,1.14248,91,3,LOW_FIRST,17029243413771210005
2026.07.09 05:46:00,97,1.14255,1.14263,1.14255,61,0,LOW_FIRST,3363173277208992602
2026.07.09 05:47:00,161,1.14261,1.14271,1.14258,89,32,LOW_FIRST,2948539248836650830
2026.07.09 05:48:00,152,1.14268,1.14269,1.14265,4,35,HIGH_FIRST,10763926140979772152
2026.07.09 05:49:00,228,1.14266,1.14274,1.14264,154,108,LOW_FIRST,3121237067766077078
2026.07.09 05:50:00,181,1.14268,1.14275,1.14265,143,105,LOW_FIRST,15838754524002432162
2026.07.09 05:51:00,196,1.14268,1.14271,1.14258,5,189,HIGH_FIRST,10804178769732272479
2026.07.09 05:52:00,184,1.14258,1.14261,1.14256,34,16,LOW_FIRST,13158413089202712877
2026.07.09 05:53:00,126,1.14260,1.14263,1.14257,113,4,LOW_FIRST,3665470327612439372
2026.07.09 05:54:00,112,1.14261,1.14263,1.14249,3,97,HIGH_FIRST,5933908289467070955
2026.07.09 05:55:00,196,1.14254,1.14260,1.14252,116,11,LOW_FIRST,13081287618702635732
2026.07.09 05:56:00,140,1.14259,1.14259,1.14251,0,127,HIGH_FIRST,7681171264588715474
2026.07.09 05:57:00,108,1.14252,1.14254,1.14247,4,105,HIGH_FIRST,16381885353364930507
2026.07.09 05:58:00,133,1.14247,1.14250,1.14245,121,103,LOW_FIRST,11347968040047478332
2026.07.09 05:59:00,97,1.14248,1.14249,1.14242,9,71,HIGH_FIRST,289407829436582028
2026.07.09 06:00:00,199,1.14244,1.14250,1.14241,199,5,LOW_FIRST,7059583498352737827
2026.07.09 06:01:00,153,1.14250,1.14254,1.14246,127,3,LOW_FIRST,17683075601707184467
2026.07.09 06:02:00,134,1.14247,1.14250,1.14246,14,91,HIGH_FIRST,13191093779818385065
2026.07.09 06:03:00,142,1.14248,1.14251,1.14246,32,28,LOW_FIRST,17479588078988645850
2026.07.09 06:04:00,113,1.14248,1.14255,1.14244,80,8,LOW_FIRST,3986392162069971582
2026.07.09 06:05:00,120,1.14254,1.14258,1.14251,86,36,LOW_FIRST,17648889791130881274
2026.07.09 06:06:00,200,1.14258,1.14260,1.14251,47,72,HIGH_FIRST,14197756857066921522
2026.07.09 06:07:00,131,1.14252,1.14255,1.14251,66,3,LOW_FIRST,16649315301620696483
2026.07.09 06:08:00,118,1.14252,1.14258,1.14251,115,39,LOW_FIRST,681248204465629391
2026.07.09 06:09:00,131,1.14257,1.14262,1.14256,21,9,LOW_FIRST,7945284845979026776
2026.07.09 06:10:00,141,1.14259,1.14260,1.14248,2,73,HIGH_FIRST,8654962111463508723
2026.07.09 06:11:00,155,1.14255,1.14259,1.14251,151,89,LOW_FIRST,14138524327485925289
2026.07.09 06:12:00,167,1.14259,1.14259,1.14247,0,91,HIGH_FIRST,3188652995241645485
2026.07.09 06:13:00,134,1.14252,1.14255,1.14248,18,62,HIGH_FIRST,985842450307223064
2026.07.09 06:14:00,200,1.14252,1.14262,1.14252,109,0,LOW_FIRST,18008637898571668301
2026.07.09 06:15:00,243,1.14257,1.14257,1.14243,0,35,HIGH_FIRST,13258341729680506160
2026.07.09 06:16:00,187,1.14245,1.14249,1.14242,49,114,HIGH_FIRST,3910178666961506613
2026.07.09 06:17:00,134,1.14244,1.14249,1.14234,67,115,HIGH_FIRST,16914107683301981690
2026.07.09 06:18:00,215,1.14235,1.14239,1.14230,136,147,HIGH_FIRST,17390246092017893085
2026.07.09 06:19:00,103,1.14237,1.14240,1.14234,5,91,HIGH_FIRST,619201878312848174
2026.07.09 06:20:00,154,1.14239,1.14239,1.14231,0,36,HIGH_FIRST,14199841334502064107
2026.07.09 06:21:00,157,1.14236,1.14240,1.14228,75,139,HIGH_FIRST,9752049034181786355
2026.07.09 06:22:00,112,1.14237,1.14241,1.14234,61,16,LOW_FIRST,2434999651687582024
2026.07.09 06:23:00,209,1.14238,1.14238,1.14218,0,81,HIGH_FIRST,2230264380404977559
2026.07.09 06:24:00,117,1.14237,1.14245,1.14235,60,6,LOW_FIRST,4052168721733285782
2026.07.09 06:25:00,99,1.14243,1.14257,1.14241,74,20,LOW_FIRST,2885304893708840936
2026.07.09 06:26:00,156,1.14254,1.14269,1.14252,96,2,LOW_FIRST,809595483577973924
2026.07.09 06:27:00,107,1.14265,1.14267,1.14260,3,103,HIGH_FIRST,999789000602163243
2026.07.09 06:28:00,142,1.14259,1.14263,1.14256,20,52,HIGH_FIRST,7145013261877841011
2026.07.09 06:29:00,103,1.14260,1.14265,1.14256,103,16,LOW_FIRST,5013242535940307287
2026.07.09 06:30:00,192,1.14265,1.14283,1.14260,122,17,LOW_FIRST,11123788112197934510
2026.07.09 06:31:00,174,1.14274,1.14289,1.14265,126,54,LOW_FIRST,7563459752083360166
2026.07.09 06:32:00,185,1.14285,1.14295,1.14282,137,2,LOW_FIRST,7155568248089294896
2026.07.09 06:33:00,186,1.14295,1.14304,1.14292,119,6,LOW_FIRST,10605383624869825773
2026.07.09 06:34:00,203,1.14301,1.14302,1.14283,3,195,HIGH_FIRST,13333263751700964104
2026.07.09 06:35:00,205,1.14284,1.14300,1.14281,186,10,LOW_FIRST,11786722398051326808
2026.07.09 06:36:00,154,1.14298,1.14301,1.14291,128,83,LOW_FIRST,2773397136707114939
2026.07.09 06:37:00,166,1.14297,1.14303,1.14295,164,74,LOW_FIRST,6588746639213065585
2026.07.09 06:38:00,128,1.14299,1.14305,1.14298,80,122,HIGH_FIRST,4003416407093156600
2026.07.09 06:39:00,176,1.14298,1.14299,1.14290,18,140,HIGH_FIRST,13941703744818903814
2026.07.09 06:40:00,180,1.14298,1.14302,1.14291,55,164,HIGH_FIRST,12558961286476958751
2026.07.09 06:41:00,159,1.14293,1.14301,1.14292,127,2,LOW_FIRST,9873715474482732387
2026.07.09 06:42:00,111,1.14298,1.14300,1.14287,10,101,HIGH_FIRST,7129420119302773663
2026.07.09 06:43:00,151,1.14287,1.14289,1.14278,6,104,HIGH_FIRST,6841665227499681875
2026.07.09 06:44:00,141,1.14279,1.14282,1.14270,134,90,LOW_FIRST,12815780146642308739
2026.07.09 06:45:00,162,1.14282,1.14282,1.14268,0,110,HIGH_FIRST,1720693342786267126
2026.07.09 06:46:00,109,1.14272,1.14277,1.14266,32,84,HIGH_FIRST,13827221825480421325
2026.07.09 06:47:00,83,1.14268,1.14271,1.14266,68,19,LOW_FIRST,12757355190380287201
2026.07.09 06:48:00,119,1.14269,1.14270,1.14267,2,5,HIGH_FIRST,6763220391271149700
2026.07.09 06:49:00,86,1.14269,1.14272,1.14261,4,64,HIGH_FIRST,18277131113728770854
2026.07.09 06:50:00,117,1.14262,1.14267,1.14259,81,28,LOW_FIRST,9798251074644842657
2026.07.09 06:51:00,96,1.14264,1.14272,1.14263,40,2,LOW_FIRST,1325372753057876807
2026.07.09 06:52:00,145,1.14272,1.14275,1.14268,69,6,LOW_FIRST,4424207635802396578
2026.07.09 06:53:00,143,1.14273,1.14290,1.14259,141,6,LOW_FIRST,8060242846762860970
2026.07.09 06:54:00,116,1.14289,1.14290,1.14279,32,99,HIGH_FIRST,16291902634367134524
2026.07.09 06:55:00,127,1.14283,1.14286,1.14267,13,74,HIGH_FIRST,4244956352083928993
2026.07.09 06:56:00,163,1.14276,1.14278,1.14268,15,38,HIGH_FIRST,15966972412513503974
2026.07.09 06:57:00,127,1.14272,1.14273,1.14267,36,127,HIGH_FIRST,17456767353367348292
2026.07.09 06:58:00,96,1.14268,1.14273,1.14264,93,11,LOW_FIRST,9188346030390983448
2026.07.09 06:59:00,147,1.14272,1.14272,1.14266,0,96,HIGH_FIRST,15458264746952193035
2026.07.09 07:00:00,219,1.14268,1.14272,1.14262,7,125,HIGH_FIRST,3861129536007406785
2026.07.09 07:01:00,199,1.14263,1.14266,1.14255,76,169,HIGH_FIRST,15900281447421576470
2026.07.09 07:02:00,177,1.14260,1.14266,1.14256,127,26,LOW_FIRST,1479627805014533877
2026.07.09 07:03:00,205,1.14258,1.14260,1.14248,68,27,LOW_FIRST,5154949436819434789
2026.07.09 07:04:00,134,1.14257,1.14262,1.14257,110,0,LOW_FIRST,16488878549449892210
2026.07.09 07:05:00,191,1.14261,1.14268,1.14261,130,0,LOW_FIRST,9187192301851632453
2026.07.09 07:06:00,161,1.14266,1.14272,1.14266,28,0,LOW_FIRST,6110581073421260217
2026.07.09 07:07:00,136,1.14269,1.14275,1.14267,31,4,LOW_FIRST,12325624800266884620
2026.07.09 07:08:00,163,1.14270,1.14275,1.14267,50,90,HIGH_FIRST,16363975453247907555
2026.07.09 07:09:00,106,1.14268,1.14272,1.14268,45,0,LOW_FIRST,17914647526118853195
2026.07.09 07:10:00,159,1.14270,1.14274,1.14267,48,34,LOW_FIRST,10769409219094322891
2026.07.09 07:11:00,141,1.14272,1.14274,1.14262,53,115,HIGH_FIRST,8874310886519670658
2026.07.09 07:12:00,92,1.14262,1.14264,1.14257,8,73,HIGH_FIRST,14974953408515642998
2026.07.09 07:13:00,102,1.14259,1.14267,1.14256,72,38,LOW_FIRST,5840959910860160258
2026.07.09 07:14:00,197,1.14263,1.14267,1.14261,28,9,LOW_FIRST,778145950542334768
2026.07.09 07:15:00,114,1.14265,1.14266,1.14257,29,109,HIGH_FIRST,10837537231273181584
2026.07.09 07:16:00,105,1.14257,1.14258,1.14244,2,27,HIGH_FIRST,16309561085330404772
2026.07.09 07:17:00,156,1.14255,1.14256,1.14241,2,145,HIGH_FIRST,2070712113858785870
2026.07.09 07:18:00,144,1.14243,1.14245,1.14232,30,39,HIGH_FIRST,14752629661040559594
2026.07.09 07:19:00,116,1.14238,1.14241,1.14232,24,108,HIGH_FIRST,7891209176797828222
2026.07.09 07:20:00,136,1.14233,1.14244,1.14231,121,3,LOW_FIRST,6426067000504707111
2026.07.09 07:21:00,170,1.14242,1.14255,1.14240,94,11,LOW_FIRST,3859000566371177284
2026.07.09 07:22:00,112,1.14255,1.14256,1.14250,26,45,HIGH_FIRST,2974706310542524010
2026.07.09 07:23:00,100,1.14253,1.14259,1.14252,50,8,LOW_FIRST,3270994768303298357
2026.07.09 07:24:00,87,1.14256,1.14257,1.14250,7,49,HIGH_FIRST,13571425662557365340
2026.07.09 07:25:00,114,1.14252,1.14259,1.14251,60,4,LOW_FIRST,16537324378685928741
2026.07.09 07:26:00,158,1.14257,1.14260,1.14253,125,16,LOW_FIRST,4190063372960279155
2026.07.09 07:27:00,120,1.14257,1.14260,1.14253,19,106,HIGH_FIRST,12291663695889174414
2026.07.09 07:28:00,99,1.14258,1.14261,1.14250,12,57,HIGH_FIRST,14152434107660704656
2026.07.09 07:29:00,90,1.14256,1.14261,1.14252,46,76,HIGH_FIRST,4677860668421242870
2026.07.09 07:30:00,157,1.14255,1.14261,1.14252,63,4,LOW_FIRST,11563407506279690023
2026.07.09 07:31:00,104,1.14257,1.14261,1.14256,8,36,HIGH_FIRST,9979201268555715048
2026.07.09 07:32:00,115,1.14259,1.14269,1.14258,102,2,LOW_FIRST,1584175174334563112
2026.07.09 07:33:00,90,1.14268,1.14271,1.14263,14,83,HIGH_FIRST,15354412772347546643
2026.07.09 07:34:00,134,1.14263,1.14271,1.14263,37,0,LOW_FIRST,12604148076635910230
2026.07.09 07:35:00,96,1.14264,1.14268,1.14256,22,58,HIGH_FIRST,10173946729637808960
2026.07.09 07:36:00,84,1.14263,1.14265,1.14259,48,16,LOW_FIRST,4604098251521237305
2026.07.09 07:37:00,167,1.14263,1.14265,1.14256,7,38,HIGH_FIRST,4205880811671596338
2026.07.09 07:38:00,86,1.14260,1.14261,1.14256,43,14,LOW_FIRST,14765082641660000425
2026.07.09 07:39:00,107,1.14260,1.14262,1.14253,20,94,HIGH_FIRST,13440861722083565412
2026.07.09 07:40:00,135,1.14253,1.14259,1.14252,62,77,HIGH_FIRST,6839075363220998352
2026.07.09 07:41:00,88,1.14253,1.14255,1.14250,23,15,LOW_FIRST,6769086845465465208
2026.07.09 07:42:00,179,1.14255,1.14256,1.14249,29,142,HIGH_FIRST,14775794214543049837
2026.07.09 07:43:00,159,1.14253,1.14256,1.14250,80,4,LOW_FIRST,15735842914851286444
2026.07.09 07:44:00,113,1.14252,1.14259,1.14251,106,19,LOW_FIRST,332646540411167914
2026.07.09 07:45:00,119,1.14256,1.14258,1.14252,93,57,LOW_FIRST,5538314446326883392
2026.07.09 07:46:00,192,1.14255,1.14264,1.14253,78,12,LOW_FIRST,9056868963768942371
2026.07.09 07:47:00,79,1.14256,1.14261,1.14253,21,63,HIGH_FIRST,8056572677431470093
2026.07.09 07:48:00,42,1.14255,1.14258,1.14253,14,2,LOW_FIRST,17030301721394926890
2026.07.09 07:49:00,61,1.14257,1.14264,1.14254,52,11,LOW_FIRST,11469376778986908349
2026.07.09 07:50:00,57,1.14261,1.14264,1.14260,33,9,LOW_FIRST,5004657789699818488
2026.07.09 07:51:00,134,1.14263,1.14265,1.14259,14,113,HIGH_FIRST,146750068623711102
2026.07.09 07:52:00,124,1.14260,1.14263,1.14258,27,6,LOW_FIRST,11493213741615169961
2026.07.09 07:53:00,155,1.14261,1.14266,1.14259,140,6,LOW_FIRST,13235123599250444798
2026.07.09 07:54:00,193,1.14263,1.14273,1.14255,175,85,LOW_FIRST,10368291951650536993
2026.07.09 07:55:00,117,1.14271,1.14272,1.14266,36,111,HIGH_FIRST,3539112141110243817
2026.07.09 07:56:00,38,1.14268,1.14271,1.14268,18,0,LOW_FIRST,12317258056639796766
2026.07.09 07:57:00,74,1.14269,1.14271,1.14266,21,43,HIGH_FIRST,6800681954859557137
2026.07.09 07:58:00,123,1.14268,1.14274,1.14264,48,111,HIGH_FIRST,1293500736428824300
2026.07.09 07:59:00,190,1.14266,1.14271,1.14265,131,3,LOW_FIRST,10722225476018742267
2026.07.09 08:00:00,189,1.14267,1.14276,1.14264,185,57,LOW_FIRST,5984917163154549298
2026.07.09 08:01:00,197,1.14275,1.14281,1.14273,45,3,LOW_FIRST,11162416796024619668
2026.07.09 08:02:00,152,1.14275,1.14275,1.14268,0,34,HIGH_FIRST,1474094780264874081
2026.07.09 08:03:00,95,1.14268,1.14276,1.14268,60,0,LOW_FIRST,9837849339422935249
2026.07.09 08:04:00,110,1.14273,1.14276,1.14267,8,82,HIGH_FIRST,13545138966336347454
2026.07.09 08:05:00,108,1.14270,1.14270,1.14264,0,17,HIGH_FIRST,15897397455947612253
2026.07.09 08:06:00,145,1.14267,1.14276,1.14267,99,0,LOW_FIRST,11457552492018521547
2026.07.09 08:07:00,137,1.14274,1.14275,1.14268,6,126,HIGH_FIRST,16423415619136687790
2026.07.09 08:08:00,130,1.14268,1.14275,1.14266,87,52,LOW_FIRST,12030564489854165025
2026.07.09 08:09:00,210,1.14273,1.14277,1.14269,121,202,HIGH_FIRST,15274186679255401160
2026.07.09 08:10:00,192,1.14270,1.14275,1.14260,66,154,HIGH_FIRST,13356666740676656349
2026.07.09 08:11:00,643,1.14273,1.14310,1.14269,390,43,LOW_FIRST,14635027379601925456
2026.07.09 08:12:00,369,1.14307,1.14309,1.14293,3,273,HIGH_FIRST,3257019492395857927
2026.07.09 08:13:00,475,1.14303,1.14341,1.14301,93,2,LOW_FIRST,16671423260396751719
2026.07.09 08:14:00,202,1.14311,1.14322,1.14310,192,9,LOW_FIRST,13148307784510997647
2026.07.09 08:15:00,348,1.14320,1.14331,1.14312,261,70,LOW_FIRST,8172894328779178118
2026.07.09 08:16:00,209,1.14319,1.14325,1.14308,142,206,HIGH_FIRST,11793029383678545848
2026.07.09 08:17:00,198,1.14310,1.14317,1.14308,124,53,LOW_FIRST,16837806925243284331
2026.07.09 08:18:00,244,1.14313,1.14313,1.14292,0,220,HIGH_FIRST,1091190331072364449
2026.07.09 08:19:00,276,1.14306,1.14307,1.14296,94,252,HIGH_FIRST,17133672828206504965
2026.07.09 08:20:00,173,1.14304,1.14306,1.14294,9,141,HIGH_FIRST,7242061973012770129
2026.07.09 08:21:00,127,1.14297,1.14297,1.14290,0,35,HIGH_FIRST,8315403145797148569
2026.07.09 08:22:00,119,1.14296,1.14305,1.14288,114,17,LOW_FIRST,17865038482148007983
2026.07.09 08:23:00,135,1.14304,1.14306,1.14290,10,121,HIGH_FIRST,1873849360211832220
2026.07.09 08:24:00,162,1.14297,1.14307,1.14284,129,56,LOW_FIRST,903478340117212628
2026.07.09 08:25:00,117,1.14302,1.14316,1.14301,105,9,LOW_FIRST,11030132930134057693
2026.07.09 08:26:00,138,1.14313,1.14316,1.14310,4,40,HIGH_FIRST,6950249505090879388
2026.07.09 08:27:00,163,1.14315,1.14321,1.14312,106,17,LOW_FIRST,4008046501195613119
2026.07.09 08:28:00,174,1.14318,1.14324,1.14314,93,11,LOW_FIRST,10683847570024512289
2026.07.09 08:29:00,168,1.14317,1.14328,1.14315,113,5,LOW_FIRST,8667790904086983983
2026.07.09 08:30:00,252,1.14323,1.14331,1.14312,69,212,HIGH_FIRST,16421686173950942902
2026.07.09 08:31:00,192,1.14313,1.14316,1.14308,28,84,HIGH_FIRST,14274267788947935812
2026.07.09 08:32:00,184,1.14314,1.14318,1.14308,153,90,LOW_FIRST,10925941274961557718
2026.07.09 08:33:00,284,1.14313,1.14330,1.14313,270,0,LOW_FIRST,16882765171711486876
2026.07.09 08:34:00,311,1.14330,1.14334,1.14320,171,156,LOW_FIRST,14904907356246299445
2026.07.09 08:35:00,290,1.14334,1.14335,1.14323,17,289,HIGH_FIRST,15498019198839856061
2026.07.09 08:36:00,188,1.14323,1.14330,1.14323,65,0,LOW_FIRST,18061472316947382281
2026.07.09 08:37:00,216,1.14329,1.14331,1.14318,13,113,HIGH_FIRST,1249285151670663030
2026.07.09 08:38:00,222,1.14325,1.14329,1.14321,222,78,LOW_FIRST,7963318031094745638
2026.07.09 08:39:00,252,1.14329,1.14334,1.14328,61,5,LOW_FIRST,5312491508791055881
2026.07.09 08:40:00,212,1.14332,1.14333,1.14321,3,202,HIGH_FIRST,8404994730550620232
2026.07.09 08:41:00,357,1.14321,1.14324,1.14302,27,344,HIGH_FIRST,4664833906909965302
2026.07.09 08:42:00,222,1.14302,1.14306,1.14298,47,212,HIGH_FIRST,6675456825526146806
2026.07.09 08:43:00,235,1.14301,1.14308,1.14301,213,0,LOW_FIRST,16800774131437577684
2026.07.09 08:44:00,202,1.14306,1.14317,1.14298,192,17,LOW_FIRST,17720111881394620015
2026.07.09 08:45:00,162,1.14317,1.14324,1.14314,127,47,LOW_FIRST,5058925553656106115
2026.07.09 08:46:00,169,1.14317,1.14320,1.14314,49,25,LOW_FIRST,6456790177892937215
2026.07.09 08:47:00,149,1.14318,1.14329,1.14317,65,8,LOW_FIRST,2910885609149622495
2026.07.09 08:48:00,201,1.14328,1.14329,1.14321,145,122,LOW_FIRST,13555830600349677868
2026.07.09 08:49:00,175,1.14325,1.14330,1.14321,141,59,LOW_FIRST,3800597019535665647
2026.07.09 08:50:00,109,1.14330,1.14338,1.14328,85,20,LOW_FIRST,11538280950879270904
2026.07.09 08:51:00,240,1.14334,1.14336,1.14328,57,237,HIGH_FIRST,11766364209400777438
2026.07.09 08:52:00,270,1.14330,1.14330,1.14320,0,233,HIGH_FIRST,654292138950923258
2026.07.09 08:53:00,174,1.14323,1.14327,1.14322,100,63,LOW_FIRST,9636060806294333471
2026.07.09 08:54:00,221,1.14325,1.14333,1.14323,73,34,LOW_FIRST,8673360987212271531
2026.07.09 08:55:00,304,1.14327,1.14327,1.14314,0,113,HIGH_FIRST,10829199439991960436
2026.07.09 08:56:00,226,1.14322,1.14324,1.14317,46,220,HIGH_FIRST,5371148489313400373
2026.07.09 08:57:00,183,1.14317,1.14319,1.14307,19,57,HIGH_FIRST,592351713861478697
2026.07.09 08:58:00,231,1.14312,1.14322,1.14292,146,38,LOW_FIRST,6492396555661888007
2026.07.09 08:59:00,122,1.14307,1.14309,1.14305,37,11,LOW_FIRST,15448641218280084027
2026.07.09 09:00:00,277,1.14308,1.14343,1.14308,191,0,LOW_FIRST,5755522892982380836
2026.07.09 09:01:00,188,1.14338,1.14345,1.14332,139,10,LOW_FIRST,10689311761138645971
2026.07.09 09:02:00,311,1.14342,1.14366,1.14337,222,15,LOW_FIRST,14830952388789297583
2026.07.09 09:03:00,422,1.14363,1.14370,1.14350,95,384,HIGH_FIRST,1531957918724875105
2026.07.09 09:04:00,345,1.14357,1.14364,1.14355,181,38,LOW_FIRST,1263577014695859600
2026.07.09 09:05:00,359,1.14358,1.14361,1.14348,33,323,HIGH_FIRST,1452617530688619534
2026.07.09 09:06:00,297,1.14355,1.14360,1.14344,274,146,LOW_FIRST,6270028900759755137
2026.07.09 09:07:00,328,1.14357,1.14364,1.14347,38,279,HIGH_FIRST,5140554723518549210
2026.07.09 09:08:00,272,1.14350,1.14362,1.14346,200,53,LOW_FIRST,2214656419959111142
2026.07.09 09:09:00,275,1.14358,1.14360,1.14354,115,207,HIGH_FIRST,7693483105876185554
2026.07.09 09:10:00,339,1.14359,1.14361,1.14343,74,50,LOW_FIRST,12604984643164373190
2026.07.09 09:11:00,306,1.14351,1.14351,1.14337,0,87,HIGH_FIRST,16239921059324193051
2026.07.09 09:12:00,210,1.14344,1.14348,1.14338,157,32,LOW_FIRST,4200680596877628258
2026.07.09 09:13:00,240,1.14343,1.14350,1.14339,209,192,LOW_FIRST,157398342698504967
2026.07.09 09:14:00,369,1.14345,1.14348,1.14328,149,77,LOW_FIRST,4994199311967340288
2026.07.09 09:15:00,377,1.14344,1.14359,1.14337,357,28,LOW_FIRST,11059434186608673122
2026.07.09 09:16:00,276,1.14358,1.14369,1.14348,180,45,LOW_FIRST,4853555895676095761
2026.07.09 09:17:00,261,1.14368,1.14369,1.14360,247,94,LOW_FIRST,12421913940437942473
2026.07.09 09:18:00,390,1.14367,1.14368,1.14344,4,354,HIGH_FIRST,8160898394061296200
2026.07.09 09:19:00,298,1.14355,1.14361,1.14354,195,36,LOW_FIRST,1324229498446141107
2026.07.09 09:20:00,301,1.14359,1.14379,1.14355,215,83,LOW_FIRST,12949664325048220249
2026.07.09 09:21:00,385,1.14375,1.14388,1.14372,183,63,LOW_FIRST,9966822440107211661
2026.07.09 09:22:00,525,1.14386,1.14421,1.14370,515,45,LOW_FIRST,13375789214201309193
2026.07.09 09:23:00,459,1.14418,1.14441,1.14408,434,27,LOW_FIRST,17108809215832298913
2026.07.09 09:24:00,493,1.14441,1.14456,1.14432,409,59,LOW_FIRST,1371157817130180844
2026.07.09 09:25:00,519,1.14441,1.14453,1.14435,83,223,HIGH_FIRST,14419895190428382602
2026.07.09 09:26:00,400,1.14447,1.14466,1.14447,79,0,LOW_FIRST,9114922320791864529
2026.07.09 09:27:00,511,1.14463,1.14477,1.14456,239,487,HIGH_FIRST,3091066005959758095
2026.07.09 09:28:00,346,1.14458,1.14467,1.14454,280,344,HIGH_FIRST,10832286598688676909
2026.07.09 09:29:00,440,1.14454,1.14471,1.14452,410,5,LOW_FIRST,9264322684818262356
2026.07.09 09:30:00,418,1.14469,1.14469,1.14449,0,212,HIGH_FIRST,4347243410229392742
2026.07.09 09:31:00,476,1.14462,1.14474,1.14457,183,460,HIGH_FIRST,14596502616492550469
2026.07.09 09:32:00,465,1.14458,1.14475,1.14457,288,2,LOW_FIRST,18208293927844376287
2026.07.09 09:33:00,333,1.14470,1.14495,1.14469,296,14,LOW_FIRST,14086379714961499775
2026.07.09 09:34:00,411,1.14483,1.14491,1.14465,386,184,LOW_FIRST,8894938489231788757
2026.07.09 09:35:00,410,1.14490,1.14492,1.14455,71,392,HIGH_FIRST,16156822167922078011
2026.07.09 09:36:00,322,1.14456,1.14457,1.14439,5,250,HIGH_FIRST,9619509708364585781
2026.07.09 09:37:00,327,1.14442,1.14449,1.14430,122,36,LOW_FIRST,10303581088963723815
2026.07.09 09:38:00,282,1.14435,1.14439,1.14424,32,122,HIGH_FIRST,4584633599334576593
2026.07.09 09:39:00,236,1.14431,1.14451,1.14430,199,51,LOW_FIRST,310875504825372234
2026.07.09 09:40:00,266,1.14448,1.14450,1.14427,90,262,HIGH_FIRST,14564962853800094775
2026.07.09 09:41:00,284,1.14429,1.14435,1.14416,118,211,HIGH_FIRST,11582653560133563559
2026.07.09 09:42:00,270,1.14424,1.14440,1.14418,193,16,LOW_FIRST,14827674780985848977
2026.07.09 09:43:00,250,1.14432,1.14448,1.14431,197,2,LOW_FIRST,10086882590719802104
2026.07.09 09:44:00,293,1.14442,1.14457,1.14435,282,40,LOW_FIRST,8851491735314064574
2026.07.09 09:45:00,381,1.14455,1.14459,1.14438,72,357,HIGH_FIRST,8019411327423326611
2026.07.09 09:46:00,215,1.14441,1.14455,1.14436,95,15,LOW_FIRST,5486155947416285228
2026.07.09 09:47:00,247,1.14452,1.14454,1.14438,3,235,HIGH_FIRST,12187528420893598326
2026.07.09 09:48:00,190,1.14439,1.14445,1.14436,157,123,LOW_FIRST,12974204093572170235
2026.07.09 09:49:00,173,1.14443,1.14443,1.14424,0,160,HIGH_FIRST,18129813451698215568
2026.07.09 09:50:00,174,1.14435,1.14445,1.14418,51,17,LOW_FIRST,9027025213413876196
2026.07.09 09:51:00,194,1.14438,1.14440,1.14428,173,48,LOW_FIRST,14339353853057912551
2026.07.09 09:52:00,213,1.14440,1.14448,1.14432,102,174,HIGH_FIRST,10952436792447723637
2026.07.09 09:53:00,247,1.14437,1.14439,1.14404,11,237,HIGH_FIRST,16743386648281446647
2026.07.09 09:54:00,191,1.14414,1.14422,1.14407,24,186,HIGH_FIRST,463302834299493081
2026.07.09 09:55:00,231,1.14409,1.14424,1.14408,129,2,LOW_FIRST,9386547295436969424
2026.07.09 09:56:00,276,1.14417,1.14419,1.14403,3,218,HIGH_FIRST,14659110672105518172
2026.07.09 09:57:00,278,1.14407,1.14417,1.14392,37,192,HIGH_FIRST,14325826750789595194
2026.07.09 09:58:00,206,1.14402,1.14413,1.14402,106,0,LOW_FIRST,3969273476206554518
2026.07.09 09:59:00,266,1.14408,1.14423,1.14404,194,32,LOW_FIRST,11987233551140219339
2026.07.09 10:00:00,319,1.14420,1.14424,1.14410,158,317,HIGH_FIRST,6925415233261384124
2026.07.09 10:01:00,288,1.14412,1.14420,1.14400,63,143,HIGH_FIRST,5729590782157943146
2026.07.09 10:02:00,302,1.14407,1.14414,1.14396,216,19,LOW_FIRST,18240575230078745250
2026.07.09 10:03:00,270,1.14402,1.14405,1.14396,14,120,HIGH_FIRST,1655196005022746165
2026.07.09 10:04:00,253,1.14396,1.14398,1.14384,19,147,HIGH_FIRST,16056400982859785080
2026.07.09 10:05:00,297,1.14386,1.14388,1.14363,12,224,HIGH_FIRST,9405782785905782963
2026.07.09 10:06:00,258,1.14376,1.14378,1.14350,4,239,HIGH_FIRST,14586823929776167706
2026.07.09 10:07:00,206,1.14358,1.14370,1.14357,188,122,LOW_FIRST,10348323774064588271
2026.07.09 10:08:00,212,1.14367,1.14374,1.14352,16,61,HIGH_FIRST,6677521275707295315
2026.07.09 10:09:00,248,1.14366,1.14380,1.14366,227,0,LOW_FIRST,16638238705994852864
2026.07.09 10:10:00,359,1.14378,1.14389,1.14376,132,8,LOW_FIRST,109030917434950588
2026.07.09 10:11:00,320,1.14379,1.14385,1.14365,148,271,HIGH_FIRST,15672953594880020831
2026.07.09 10:12:00,294,1.14372,1.14375,1.14350,14,241,HIGH_FIRST,9164466664631033526
2026.07.09 10:13:00,282,1.14358,1.14373,1.14358,180,0,LOW_FIRST,16486146160575701915
2026.07.09 10:14:00,386,1.14366,1.14378,1.14361,150,21,LOW_FIRST,18346306674742950055
2026.07.09 10:15:00,318,1.14368,1.14375,1.14361,202,286,HIGH_FIRST,12642951252081702986
2026.07.09 10:16:00,289,1.14362,1.14371,1.14362,242,0,LOW_FIRST,15007737068096709044
2026.07.09 10:17:00,284,1.14370,1.14371,1.14347,3,273,HIGH_FIRST,9878536286800955991
2026.07.09 10:18:00,333,1.14363,1.14385,1.14360,329,10,LOW_FIRST,12861377604813337931
2026.07.09 10:19:00,281,1.14384,1.14393,1.14376,181,267,HIGH_FIRST,16756213953507995172
2026.07.09 10:20:00,184,1.14377,1.14379,1.14361,3,58,HIGH_FIRST,17050471220973568861
2026.07.09 10:21:00,239,1.14367,1.14374,1.14362,34,163,HIGH_FIRST,583950303600934296
2026.07.09 10:22:00,233,1.14370,1.14384,1.14366,218,32,LOW_FIRST,748884938635785519
2026.07.09 10:23:00,282,1.14381,1.14389,1.14372,37,272,HIGH_FIRST,6352092333049026535
2026.07.09 10:24:00,268,1.14372,1.14377,1.14362,214,90,LOW_FIRST,3959036873311479139
2026.07.09 10:25:00,304,1.14373,1.14380,1.14367,112,54,LOW_FIRST,14136336163799014784
2026.07.09 10:26:00,219,1.14374,1.14380,1.14371,181,6,LOW_FIRST,8622746914672384667
2026.07.09 10:27:00,255,1.14377,1.14379,1.14367,15,93,HIGH_FIRST,4993700541372148731
2026.07.09 10:28:00,229,1.14373,1.14381,1.14370,194,4,LOW_FIRST,5400656526628446008
2026.07.09 10:29:00,240,1.14380,1.14387,1.14375,98,214,HIGH_FIRST,14175705442929791059
2026.07.09 10:30:00,224,1.14378,1.14386,1.14368,81,209,HIGH_FIRST,7937947501472755388
2026.07.09 10:31:00,294,1.14369,1.14370,1.14352,22,214,HIGH_FIRST,15844492006128857281
2026.07.09 10:32:00,186,1.14359,1.14370,1.14357,77,3,LOW_FIRST,4317580229729097143
2026.07.09 10:33:00,154,1.14367,1.14367,1.14360,0,79,HIGH_FIRST,14105234780308545175
2026.07.09 10:34:00,258,1.14363,1.14364,1.14356,64,49,LOW_FIRST,9337858438370352664
2026.07.09 10:35:00,198,1.14357,1.14360,1.14349,177,118,LOW_FIRST,18235896034083961711
2026.07.09 10:36:00,218,1.14357,1.14375,1.14354,134,30,LOW_FIRST,5777359051942796889
2026.07.09 10:37:00,212,1.14365,1.14367,1.14357,6,151,HIGH_FIRST,13969116765237143106
2026.07.09 10:38:00,220,1.14360,1.14365,1.14357,166,53,LOW_FIRST,7071542754655062548
2026.07.09 10:39:00,203,1.14361,1.14370,1.14356,136,43,LOW_FIRST,10221409784353157100
2026.07.09 10:40:00,173,1.14363,1.14364,1.14353,27,117,HIGH_FIRST,5798701765933939774
2026.07.09 10:41:00,239,1.14357,1.14370,1.14351,42,174,HIGH_FIRST,16303464333838190707
2026.07.09 10:42:00,311,1.14358,1.14362,1.14347,18,93,HIGH_FIRST,6829302967530677933
2026.07.09 10:43:00,247,1.14350,1.14365,1.14347,84,173,HIGH_FIRST,13549290975646249661
2026.07.09 10:44:00,213,1.14349,1.14356,1.14346,208,66,LOW_FIRST,197844243339805772
2026.07.09 10:45:00,301,1.14355,1.14357,1.14342,18,276,HIGH_FIRST,7994715512448330662
2026.07.09 10:46:00,142,1.14343,1.14344,1.14324,5,84,HIGH_FIRST,18203772654854577036
2026.07.09 10:47:00,226,1.14327,1.14334,1.14325,132,25,LOW_FIRST,1867073178915584697
2026.07.09 10:48:00,250,1.14333,1.14345,1.14331,196,34,LOW_FIRST,9817384908566756319
2026.07.09 10:49:00,273,1.14342,1.14348,1.14339,137,102,LOW_FIRST,3007400913992918628
2026.07.09 10:50:00,267,1.14344,1.14344,1.14324,0,65,HIGH_FIRST,13863019010408484698
2026.07.09 10:51:00,268,1.14340,1.14340,1.14322,0,101,HIGH_FIRST,7521465164237322526
2026.07.09 10:52:00,206,1.14335,1.14350,1.14335,153,0,LOW_FIRST,10168738628618894842
2026.07.09 10:53:00,191,1.14342,1.14350,1.14336,68,32,LOW_FIRST,2516726289538466185
2026.07.09 10:54:00,164,1.14348,1.14352,1.14342,110,164,HIGH_FIRST,10848847404465125525
2026.07.09 10:55:00,253,1.14342,1.14342,1.14333,0,48,HIGH_FIRST,17042157494473995758
2026.07.09 10:56:00,299,1.14334,1.14339,1.14317,288,95,LOW_FIRST,15340522582560589931
2026.07.09 10:57:00,237,1.14338,1.14339,1.14326,6,66,HIGH_FIRST,1540174290059472843
2026.07.09 10:58:00,314,1.14329,1.14339,1.14327,306,94,LOW_FIRST,13657649903959059629
2026.07.09 10:59:00,389,1.14339,1.14361,1.14337,321,3,LOW_FIRST,10127647835736787991
2026.07.09 11:00:00,404,1.14356,1.14359,1.14342,8,366,HIGH_FIRST,14023153512830656286
2026.07.09 11:01:00,319,1.14347,1.14358,1.14345,275,6,LOW_FIRST,12916691742586253887
2026.07.09 11:02:00,377,1.14355,1.14359,1.14335,17,258,HIGH_FIRST,9570082327953453910
2026.07.09 11:03:00,330,1.14339,1.14354,1.14338,259,25,LOW_FIRST,14485901877781792590
2026.07.09 11:04:00,261,1.14349,1.14360,1.14347,183,18,LOW_FIRST,8099431090058527885
2026.07.09 11:05:00,258,1.14352,1.14359,1.14342,176,114,LOW_FIRST,2950581827085011880
2026.07.09 11:06:00,315,1.14357,1.14374,1.14357,308,0,LOW_FIRST,1215145652246881646
2026.07.09 11:07:00,260,1.14373,1.14381,1.14367,146,209,HIGH_FIRST,15765978967723594901
2026.07.09 11:08:00,280,1.14369,1.14381,1.14367,17,6,LOW_FIRST,4647672449204203056
2026.07.09 11:09:00,202,1.14373,1.14375,1.14366,136,22,LOW_FIRST,15489550186759742252
2026.07.09 11:10:00,292,1.14371,1.14383,1.14366,47,118,HIGH_FIRST,3019522888715795599
2026.07.09 11:11:00,243,1.14380,1.14384,1.14370,78,202,HIGH_FIRST,16725935402451333648
2026.07.09 11:12:00,206,1.14372,1.14379,1.14355,90,192,HIGH_FIRST,13625166795118349649
2026.07.09 11:13:00,201,1.14355,1.14358,1.14340,65,193,HIGH_FIRST,2739319294898245994
2026.07.09 11:14:00,226,1.14341,1.14359,1.14339,214,3,LOW_FIRST,6959571690273421721
2026.07.09 11:15:00,177,1.14358,1.14362,1.14352,79,28,LOW_FIRST,14210870600732649162
2026.07.09 11:16:00,238,1.14358,1.14366,1.14351,15,162,HIGH_FIRST,7536543860399331772
2026.07.09 11:17:00,236,1.14355,1.14378,1.14355,152,0,LOW_FIRST,13381215524066691840
2026.07.09 11:18:00,285,1.14368,1.14373,1.14362,202,263,HIGH_FIRST,11650781254242816611
2026.07.09 11:19:00,201,1.14369,1.14375,1.14366,200,14,LOW_FIRST,12182455573139023705
2026.07.09 11:20:00,250,1.14373,1.14378,1.14351,59,191,HIGH_FIRST,15611965246330729079
2026.07.09 11:21:00,278,1.14361,1.14370,1.14357,265,190,LOW_FIRST,3904357422104193639
2026.07.09 11:22:00,226,1.14367,1.14370,1.14356,94,202,HIGH_FIRST,12283467189612431699
2026.07.09 11:23:00,356,1.14357,1.14360,1.14337,170,60,LOW_FIRST,12495942529329998636
2026.07.09 11:24:00,354,1.14355,1.14361,1.14351,354,244,LOW_FIRST,2128384807638636798
2026.07.09 11:25:00,353,1.14361,1.14362,1.14342,15,301,HIGH_FIRST,12167037070813991158
2026.07.09 11:26:00,301,1.14349,1.14365,1.14343,301,82,LOW_FIRST,3144516677851702037
2026.07.09 11:27:00,218,1.14365,1.14371,1.14356,104,74,LOW_FIRST,15121201406175436994
2026.07.09 11:28:00,190,1.14364,1.14368,1.14356,16,186,HIGH_FIRST,7581467289081034630
2026.07.09 11:29:00,290,1.14358,1.14369,1.14356,163,100,LOW_FIRST,18031639286290768923
2026.07.09 11:30:00,250,1.14365,1.14370,1.14360,108,66,LOW_FIRST,9122364403177132211
2026.07.09 11:31:00,249,1.14365,1.14373,1.14362,37,243,HIGH_FIRST,9950177973621715041
2026.07.09 11:32:00,246,1.14366,1.14369,1.14357,29,210,HIGH_FIRST,6131785696114202208
2026.07.09 11:33:00,321,1.14361,1.14365,1.14348,9,160,HIGH_FIRST,357464084763444363
2026.07.09 11:34:00,393,1.14352,1.14352,1.14337,0,225,HIGH_FIRST,2910166914044786529
2026.07.09 11:35:00,273,1.14345,1.14356,1.14339,137,17,LOW_FIRST,11602728528380510849
2026.07.09 11:36:00,252,1.14347,1.14350,1.14339,5,36,HIGH_FIRST,4811756349302901725
2026.07.09 11:37:00,229,1.14350,1.14358,1.14345,147,211,HIGH_FIRST,647797937437889927
2026.07.09 11:38:00,224,1.14347,1.14351,1.14342,47,208,HIGH_FIRST,12719396952356399735
2026.07.09 11:39:00,231,1.14344,1.14345,1.14332,2,66,HIGH_FIRST,10667757752872454417
2026.07.09 11:40:00,359,1.14337,1.14337,1.14319,0,306,HIGH_FIRST,18186495258988177644
2026.07.09 11:41:00,287,1.14322,1.14330,1.14313,252,33,LOW_FIRST,12569826205633584795
2026.07.09 11:42:00,249,1.14327,1.14330,1.14314,62,235,HIGH_FIRST,4814098028204176758
2026.07.09 11:43:00,134,1.14317,1.14318,1.14311,11,50,HIGH_FIRST,5742150468916060725
2026.07.09 11:44:00,218,1.14313,1.14326,1.14312,189,2,LOW_FIRST,16276669855181433275
2026.07.09 11:45:00,204,1.14322,1.14328,1.14311,80,191,HIGH_FIRST,1156646445811829192
2026.07.09 11:46:00,302,1.14313,1.14315,1.14299,8,225,HIGH_FIRST,12756110568597269346
2026.07.09 11:47:00,227,1.14302,1.14303,1.14290,2,157,HIGH_FIRST,9914497641065554547
2026.07.09 11:48:00,262,1.14299,1.14321,1.14298,237,4,LOW_FIRST,1940835349954618188
2026.07.09 11:49:00,250,1.14319,1.14321,1.14290,2,232,HIGH_FIRST,7628755127158748796
2026.07.09 11:50:00,223,1.14293,1.14295,1.14284,10,217,HIGH_FIRST,16875938609256273153
2026.07.09 11:51:00,238,1.14285,1.14304,1.14285,165,0,LOW_FIRST,15170265026125778923
2026.07.09 11:52:00,202,1.14293,1.14300,1.14290,109,25,LOW_FIRST,3427832009447280176
2026.07.09 11:53:00,178,1.14292,1.14305,1.14290,110,4,LOW_FIRST,17375642976554915774
2026.07.09 11:54:00,311,1.14297,1.14307,1.14282,263,133,LOW_FIRST,620365540799203509
2026.07.09 11:55:00,287,1.14304,1.14308,1.14280,19,210,HIGH_FIRST,3678633978232177100
2026.07.09 11:56:00,278,1.14295,1.14303,1.14290,109,27,LOW_FIRST,8850386302677459445
2026.07.09 11:57:00,367,1.14300,1.14305,1.14263,27,364,HIGH_FIRST,16712797954896007817
2026.07.09 11:58:00,352,1.14264,1.14270,1.14250,19,311,HIGH_FIRST,15109342911807584076
2026.07.09 11:59:00,336,1.14260,1.14274,1.14257,81,23,LOW_FIRST,5050240747492577707
2026.07.09 12:00:00,355,1.14266,1.14278,1.14264,153,3,LOW_FIRST,655635637003834002
2026.07.09 12:01:00,249,1.14265,1.14280,1.14265,235,0,LOW_FIRST,6163466263857886887
2026.07.09 12:02:00,280,1.14278,1.14284,1.14270,223,78,LOW_FIRST,4227845114317819326
2026.07.09 12:03:00,239,1.14278,1.14287,1.14273,163,193,HIGH_FIRST,5203452918392761916
2026.07.09 12:04:00,216,1.14279,1.14280,1.14270,2,88,HIGH_FIRST,15716598178514458355
2026.07.09 12:05:00,184,1.14277,1.14280,1.14272,85,111,HIGH_FIRST,5526126199050333697
2026.07.09 12:06:00,342,1.14276,1.14280,1.14263,89,340,HIGH_FIRST,18351097511644059897
2026.07.09 12:07:00,411,1.14264,1.14270,1.14242,31,144,HIGH_FIRST,8354267895825576182
2026.07.09 12:08:00,186,1.14264,1.14268,1.14258,97,159,HIGH_FIRST,7987240889674804190
2026.07.09 12:09:00,278,1.14258,1.14258,1.14242,0,114,HIGH_FIRST,10563193993257262442
2026.07.09 12:10:00,298,1.14247,1.14260,1.14237,246,92,LOW_FIRST,11120182010197539905
2026.07.09 12:11:00,200,1.14258,1.14261,1.14248,75,25,LOW_FIRST,1415588712017970745
2026.07.09 12:12:00,210,1.14258,1.14267,1.14254,72,164,HIGH_FIRST,10007711136367424796
2026.07.09 12:13:00,232,1.14265,1.14269,1.14252,29,224,HIGH_FIRST,891477892621149596
2026.07.09 12:14:00,260,1.14266,1.14269,1.14256,94,223,HIGH_FIRST,7730501779812618125
2026.07.09 12:15:00,221,1.14260,1.14270,1.14252,157,60,LOW_FIRST,12213267266918597999
2026.07.09 12:16:00,196,1.14265,1.14265,1.14252,0,84,HIGH_FIRST,180361578656644003
2026.07.09 12:17:00,175,1.14258,1.14273,1.14258,113,0,LOW_FIRST,2119485356508882812
2026.07.09 12:18:00,121,1.14270,1.14276,1.14263,22,113,HIGH_FIRST,15344020709069719540
2026.07.09 12:19:00,128,1.14267,1.14267,1.14257,0,68,HIGH_FIRST,14916500570684382391
2026.07.09 12:20:00,196,1.14263,1.14275,1.14262,138,5,LOW_FIRST,9220808886233865691
2026.07.09 12:21:00,230,1.14273,1.14279,1.14272,137,3,LOW_FIRST,5970262018771309639
2026.07.09 12:22:00,247,1.14277,1.14285,1.14271,73,235,HIGH_FIRST,1941308629256454492
2026.07.09 12:23:00,209,1.14272,1.14275,1.14263,5,137,HIGH_FIRST,13054802798987380661
2026.07.09 12:24:00,151,1.14270,1.14272,1.14260,2,139,HIGH_FIRST,4130766838272041656
2026.07.09 12:25:00,183,1.14263,1.14266,1.14258,119,179,HIGH_FIRST,5401617567844510514
2026.07.09 12:26:00,284,1.14260,1.14273,1.14256,265,106,LOW_FIRST,17678722317705770802
2026.07.09 12:27:00,350,1.14271,1.14282,1.14248,346,217,LOW_FIRST,8800357529029426113
2026.07.09 12:28:00,217,1.14279,1.14279,1.14272,0,114,HIGH_FIRST,8391632182379526979
2026.07.09 12:29:00,199,1.14277,1.14279,1.14268,17,134,HIGH_FIRST,18045377782803847947
2026.07.09 12:30:00,352,1.14273,1.14278,1.14266,13,182,HIGH_FIRST,1213159844125012318
2026.07.09 12:31:00,211,1.14270,1.14274,1.14268,187,32,LOW_FIRST,17465335959524230111
2026.07.09 12:32:00,209,1.14273,1.14275,1.14250,7,141,HIGH_FIRST,13967510067570420396
2026.07.09 12:33:00,201,1.14257,1.14267,1.14254,190,10,LOW_FIRST,18353096943320330937
2026.07.09 12:34:00,203,1.14265,1.14266,1.14253,2,197,HIGH_FIRST,4786246636155940685
2026.07.09 12:35:00,196,1.14255,1.14268,1.14252,121,4,LOW_FIRST,7654001040967129984
2026.07.09 12:36:00,267,1.14260,1.14273,1.14259,44,2,LOW_FIRST,13873223918833789612
2026.07.09 12:37:00,211,1.14262,1.14275,1.14259,81,9,LOW_FIRST,13326590777359965146
2026.07.09 12:38:00,277,1.14272,1.14274,1.14263,208,246,HIGH_FIRST,14550049779113190878
2026.07.09 12:39:00,137,1.14263,1.14274,1.14263,75,0,LOW_FIRST,6747363811785491884
2026.07.09 12:40:00,179,1.14270,1.14275,1.14264,170,111,LOW_FIRST,10855012108340495442
2026.07.09 12:41:00,600,1.14272,1.14277,1.14236,18,305,HIGH_FIRST,10669554671669907117
2026.07.09 12:42:00,244,1.14260,1.14276,1.14256,137,23,LOW_FIRST,293730674814331736
2026.07.09 12:43:00,258,1.14270,1.14272,1.14263,3,229,HIGH_FIRST,11117305736404348786
2026.07.09 12:44:00,310,1.14263,1.14270,1.14255,243,104,LOW_FIRST,8242805996235617159
2026.07.09 12:45:00,203,1.14262,1.14271,1.14251,111,105,LOW_FIRST,10143369343937687799
2026.07.09 12:46:00,230,1.14269,1.14272,1.14262,210,111,LOW_FIRST,5985214078507239800
2026.07.09 12:47:00,180,1.14265,1.14272,1.14257,109,44,LOW_FIRST,15366504988098989732
2026.07.09 12:48:00,262,1.14269,1.14275,1.14262,204,148,LOW_FIRST,13253033204086217068
2026.07.09 12:49:00,132,1.14274,1.14278,1.14269,67,104,HIGH_FIRST,6745790776044257200
2026.07.09 12:50:00,201,1.14273,1.14283,1.14272,35,3,LOW_FIRST,16251040792338401515
2026.07.09 12:51:00,231,1.14273,1.14284,1.14273,226,0,LOW_FIRST,11320177539131925764
2026.07.09 12:52:00,187,1.14282,1.14287,1.14279,149,80,LOW_FIRST,3869918326929504096
2026.07.09 12:53:00,138,1.14287,1.14288,1.14281,2,126,HIGH_FIRST,7416759061116701729
2026.07.09 12:54:00,182,1.14282,1.14297,1.14282,179,0,LOW_FIRST,9688419680881609568
2026.07.09 12:55:00,236,1.14294,1.14303,1.14288,33,138,HIGH_FIRST,16019455296799959791
2026.07.09 12:56:00,205,1.14292,1.14296,1.14288,90,41,LOW_FIRST,4864587779108569780
2026.07.09 12:57:00,304,1.14290,1.14312,1.14289,288,6,LOW_FIRST,7619330687258418238
2026.07.09 12:58:00,210,1.14308,1.14316,1.14306,91,30,LOW_FIRST,13483174765373336189
2026.07.09 12:59:00,201,1.14310,1.14310,1.14298,0,87,HIGH_FIRST,2155276159267418959
2026.07.09 13:00:00,268,1.14308,1.14312,1.14291,35,241,HIGH_FIRST,10892603525995510640
2026.07.09 13:01:00,206,1.14295,1.14296,1.14284,13,129,HIGH_FIRST,13172106343324368892
2026.07.09 13:02:00,190,1.14291,1.14295,1.14284,8,185,HIGH_FIRST,4858811496541279899
2026.07.09 13:03:00,200,1.14285,1.14293,1.14280,170,109,LOW_FIRST,9537641111462204732
2026.07.09 13:04:00,141,1.14292,1.14294,1.14280,16,95,HIGH_FIRST,12011451460632440305
2026.07.09 13:05:00,181,1.14292,1.14294,1.14279,14,161,HIGH_FIRST,9264488893888034089
2026.07.09 13:06:00,121,1.14280,1.14296,1.14279,105,4,LOW_FIRST,3062691877157674354
2026.07.09 13:07:00,194,1.14293,1.14293,1.14272,0,116,HIGH_FIRST,14399911640485420384
2026.07.09 13:08:00,247,1.14274,1.14283,1.14273,95,7,LOW_FIRST,8660265132514025286
2026.07.09 13:09:00,178,1.14279,1.14292,1.14279,125,0,LOW_FIRST,16127166151451055365
2026.07.09 13:10:00,165,1.14289,1.14292,1.14285,7,95,HIGH_FIRST,7869032444445811418
2026.07.09 13:11:00,232,1.14291,1.14297,1.14283,164,91,LOW_FIRST,16432513427258660698
2026.07.09 13:12:00,241,1.14295,1.14296,1.14283,6,237,HIGH_FIRST,2319605034668546408
2026.07.09 13:13:00,273,1.14285,1.14290,1.14281,157,56,LOW_FIRST,15335018671150795337
2026.07.09 13:14:00,271,1.14287,1.14297,1.14283,219,7,LOW_FIRST,18281849097958758452
2026.07.09 13:15:00,182,1.14292,1.14297,1.14288,43,20,LOW_FIRST,2156814539735522949
2026.07.09 13:16:00,291,1.14289,1.14302,1.14289,70,0,LOW_FIRST,18003274918078983923
2026.07.09 13:17:00,209,1.14294,1.14303,1.14294,102,0,LOW_FIRST,18431918479401056930
2026.07.09 13:18:00,248,1.14297,1.14297,1.14285,0,216,HIGH_FIRST,2769166951290027086
2026.07.09 13:19:00,205,1.14288,1.14291,1.14273,14,184,HIGH_FIRST,9283394397213028411
2026.07.09 13:20:00,183,1.14278,1.14285,1.14274,136,85,LOW_FIRST,14511836543178044435
2026.07.09 13:21:00,120,1.14279,1.14283,1.14274,12,80,HIGH_FIRST,16601817742267176624
2026.07.09 13:22:00,168,1.14275,1.14287,1.14273,121,22,LOW_FIRST,3518325404832224095
2026.07.09 13:23:00,157,1.14283,1.14283,1.14272,0,144,HIGH_FIRST,7850867775601339295
2026.07.09 13:24:00,153,1.14272,1.14276,1.14268,93,25,LOW_FIRST,15759433716076637906
2026.07.09 13:25:00,148,1.14270,1.14271,1.14264,2,21,HIGH_FIRST,12357784151519446902
2026.07.09 13:26:00,123,1.14267,1.14270,1.14264,116,80,LOW_FIRST,18306176139176599130
2026.07.09 13:27:00,183,1.14267,1.14271,1.14262,179,70,LOW_FIRST,2188646100727382161
2026.07.09 13:28:00,191,1.14270,1.14272,1.14264,13,142,HIGH_FIRST,3020491955926602672
2026.07.09 13:29:00,202,1.14269,1.14276,1.14267,100,92,LOW_FIRST,9188700413156875194
2026.07.09 13:30:00,244,1.14270,1.14274,1.14261,23,148,HIGH_FIRST,3216700851702987129
2026.07.09 13:31:00,248,1.14268,1.14277,1.14266,215,65,LOW_FIRST,7856300399147963321
2026.07.09 13:32:00,214,1.14274,1.14280,1.14266,171,175,HIGH_FIRST,14785845996806101384
2026.07.09 13:33:00,260,1.14276,1.14292,1.14275,205,3,LOW_FIRST,14865088412679061012
2026.07.09 13:34:00,218,1.14289,1.14296,1.14288,202,2,LOW_FIRST,15966258718791018933
2026.07.09 13:35:00,236,1.14294,1.14310,1.14291,233,89,LOW_FIRST,11891066218552745646
2026.07.09 13:36:00,158,1.14309,1.14317,1.14306,135,11,LOW_FIRST,10303514407744538750
2026.07.09 13:37:00,244,1.14314,1.14318,1.14307,32,206,HIGH_FIRST,11982103933467865349
2026.07.09 13:38:00,184,1.14308,1.14313,1.14292,14,136,HIGH_FIRST,18179091058563148027
2026.07.09 13:39:00,159,1.14304,1.14307,1.14287,18,154,HIGH_FIRST,16981149891139549980
2026.07.09 13:40:00,188,1.14287,1.14290,1.14276,16,79,HIGH_FIRST,17941608224471338606
2026.07.09 13:41:00,138,1.14277,1.14283,1.14272,138,110,LOW_FIRST,5541309221248740618
2026.07.09 13:42:00,124,1.14283,1.14287,1.14277,18,65,HIGH_FIRST,14217259133709924036
2026.07.09 13:43:00,131,1.14278,1.14284,1.14270,12,125,HIGH_FIRST,16369803680754294341
2026.07.09 13:44:00,174,1.14274,1.14277,1.14269,73,41,LOW_FIRST,753740188240086442
2026.07.09 13:45:00,310,1.14274,1.14276,1.14265,23,64,HIGH_FIRST,16054770302819899836
2026.07.09 13:46:00,322,1.14272,1.14281,1.14270,208,127,LOW_FIRST,3301790464460068976
2026.07.09 13:47:00,202,1.14279,1.14286,1.14273,121,51,LOW_FIRST,2440007390503175152
2026.07.09 13:48:00,188,1.14279,1.14279,1.14273,0,18,HIGH_FIRST,11969100090023654338
2026.07.09 13:49:00,105,1.14277,1.14283,1.14277,88,0,LOW_FIRST,2980667005023522217
2026.07.09 13:50:00,216,1.14280,1.14281,1.14264,4,192,HIGH_FIRST,13963671828268009343
2026.07.09 13:51:00,230,1.14265,1.14267,1.14246,3,230,HIGH_FIRST,7380024103583578567
2026.07.09 13:52:00,556,1.14246,1.14247,1.14211,26,432,HIGH_FIRST,778196581363825054
2026.07.09 13:53:00,547,1.14221,1.14247,1.14219,130,401,HIGH_FIRST,11974879080880153351
2026.07.09 13:54:00,427,1.14229,1.14240,1.14219,418,239,LOW_FIRST,2327038313571595804
2026.07.09 13:55:00,390,1.14238,1.14240,1.14217,7,102,HIGH_FIRST,14848394734102602740
2026.07.09 13:56:00,469,1.14232,1.14237,1.14210,49,386,HIGH_FIRST,16868451553793659597
2026.07.09 13:57:00,334,1.14221,1.14229,1.14203,295,215,LOW_FIRST,16169077386878173964
2026.07.09 13:58:00,380,1.14223,1.14230,1.14219,264,84,LOW_FIRST,3452027369487004174
2026.07.09 13:59:00,382,1.14225,1.14236,1.14224,336,5,LOW_FIRST,14908632113316378840
2026.07.09 14:00:00,485,1.14234,1.14237,1.14220,8,57,HIGH_FIRST,18109901814536854810
2026.07.09 14:01:00,324,1.14221,1.14237,1.14220,318,2,LOW_FIRST,3181087552510057634
2026.07.09 14:02:00,382,1.14236,1.14246,1.14233,125,9,LOW_FIRST,6901688163501184070
2026.07.09 14:03:00,354,1.14234,1.14248,1.14231,318,216,LOW_FIRST,12447776935489976871
2026.07.09 14:04:00,362,1.14247,1.14248,1.14232,2,211,HIGH_FIRST,9704316878919993775
2026.07.09 14:05:00,340,1.14234,1.14243,1.14233,138,45,LOW_FIRST,15015527559962094517
2026.07.09 14:06:00,271,1.14235,1.14238,1.14231,17,245,HIGH_FIRST,16401411205055514078
2026.07.09 14:07:00,356,1.14234,1.14237,1.14220,13,135,HIGH_FIRST,11457084042026525155
2026.07.09 14:08:00,301,1.14227,1.14233,1.14224,92,6,LOW_FIRST,2089837716221317798
2026.07.09 14:09:00,288,1.14227,1.14243,1.14225,268,7,LOW_FIRST,15757511376799805164
2026.07.09 14:10:00,236,1.14241,1.14245,1.14234,232,132,LOW_FIRST,13496125366110575198
2026.07.09 14:11:00,262,1.14244,1.14248,1.14236,171,57,LOW_FIRST,17309175813374333657
2026.07.09 14:12:00,274,1.14241,1.14254,1.14241,150,0,LOW_FIRST,10594438003744276223
2026.07.09 14:13:00,226,1.14252,1.14255,1.14244,29,182,HIGH_FIRST,14615447351750098512
2026.07.09 14:14:00,336,1.14250,1.14259,1.14241,320,288,LOW_FIRST,81477633898250871
2026.07.09 14:15:00,204,1.14258,1.14266,1.14251,143,185,HIGH_FIRST,5888483837327175394
2026.07.09 14:16:00,133,1.14256,1.14266,1.14256,114,0,LOW_FIRST,15337231146294698330
2026.07.09 14:17:00,192,1.14261,1.14266,1.14254,134,45,LOW_FIRST,9268265239547216749
2026.07.09 14:18:00,234,1.14261,1.14262,1.14245,3,202,HIGH_FIRST,14328056320867969275
2026.07.09 14:19:00,186,1.14251,1.14253,1.14248,25,101,HIGH_FIRST,7946209736498228808
2026.07.09 14:20:00,171,1.14249,1.14255,1.14247,109,78,LOW_FIRST,9368931648230543210
2026.07.09 14:21:00,224,1.14254,1.14255,1.14240,5,223,HIGH_FIRST,17044755906558306372
2026.07.09 14:22:00,171,1.14241,1.14244,1.14235,3,95,HIGH_FIRST,4466941668058218145
2026.07.09 14:23:00,221,1.14243,1.14253,1.14241,201,2,LOW_FIRST,14497770257226577856
2026.07.09 14:24:00,197,1.14245,1.14248,1.14237,25,131,HIGH_FIRST,3979399225928370492
2026.07.09 14:25:00,212,1.14242,1.14251,1.14240,82,2,LOW_FIRST,2768218854630186629
2026.07.09 14:26:00,210,1.14243,1.14247,1.14240,18,12,LOW_FIRST,6917958773761208048
2026.07.09 14:27:00,165,1.14247,1.14252,1.14241,64,111,HIGH_FIRST,9361726724244423970
2026.07.09 14:28:00,129,1.14247,1.14252,1.14245,129,16,LOW_FIRST,3848190954718664928
2026.07.09 14:29:00,186,1.14252,1.14253,1.14231,2,143,HIGH_FIRST,18260676609262580957
2026.07.09 14:30:00,272,1.14235,1.14246,1.14220,93,214,HIGH_FIRST,14168070644117374786
2026.07.09 14:31:00,211,1.14231,1.14245,1.14230,150,4,LOW_FIRST,909000512244376901
2026.07.09 14:32:00,121,1.14240,1.14255,1.14240,90,0,LOW_FIRST,13900356326844199428
2026.07.09 14:33:00,228,1.14251,1.14255,1.14244,178,10,LOW_FIRST,16743125624103329731
2026.07.09 14:34:00,231,1.14249,1.14259,1.14244,154,65,LOW_FIRST,13539515188590814461
2026.07.09 14:35:00,212,1.14258,1.14258,1.14246,0,121,HIGH_FIRST,13188008439641235308
2026.07.09 14:36:00,193,1.14248,1.14255,1.14245,87,26,LOW_FIRST,3432440640264383196
2026.07.09 14:37:00,193,1.14250,1.14260,1.14249,97,5,LOW_FIRST,1423611399517779779
2026.07.09 14:38:00,202,1.14254,1.14264,1.14253,173,15,LOW_FIRST,8733892167656399159
2026.07.09 14:39:00,203,1.14263,1.14267,1.14257,186,130,LOW_FIRST,217939456581622101
2026.07.09 14:40:00,177,1.14266,1.14267,1.14256,7,73,HIGH_FIRST,1031958263573540921
2026.07.09 14:41:00,179,1.14263,1.14266,1.14259,49,85,HIGH_FIRST,1452020625013662114
2026.07.09 14:42:00,202,1.14263,1.14269,1.14259,176,146,LOW_FIRST,18208122434774379208
2026.07.09 14:43:00,252,1.14266,1.14269,1.14259,136,103,LOW_FIRST,16516694841602952426
2026.07.09 14:44:00,228,1.14264,1.14266,1.14252,5,226,HIGH_FIRST,4535789832883089435
2026.07.09 14:45:00,180,1.14257,1.14265,1.14257,47,0,LOW_FIRST,3083143737957053040
2026.07.09 14:46:00,231,1.14263,1.14272,1.14263,79,0,LOW_FIRST,4735314876648153553
2026.07.09 14:47:00,283,1.14266,1.14276,1.14264,137,3,LOW_FIRST,11611261130100348660
2026.07.09 14:48:00,210,1.14266,1.14271,1.14265,20,2,LOW_FIRST,4072883685520247743
2026.07.09 14:49:00,407,1.14266,1.14270,1.14249,12,36,HIGH_FIRST,6632312546159227227
2026.07.09 14:50:00,203,1.14263,1.14264,1.14249,2,86,HIGH_FIRST,17750343083988606216
2026.07.09 14:51:00,300,1.14254,1.14272,1.14250,284,53,LOW_FIRST,1341323454162289539
2026.07.09 14:52:00,302,1.14269,1.14287,1.14267,295,41,LOW_FIRST,5078294742418734772
2026.07.09 14:53:00,267,1.14284,1.14293,1.14283,67,4,LOW_FIRST,1882936324365534033
2026.07.09 14:54:00,209,1.14293,1.14299,1.14284,206,126,LOW_FIRST,13415826300569665743
2026.07.09 14:55:00,264,1.14297,1.14298,1.14282,97,248,HIGH_FIRST,14640804797547869404
2026.07.09 14:56:00,228,1.14286,1.14297,1.14285,207,18,LOW_FIRST,16654807560925144929
2026.07.09 14:57:00,263,1.14294,1.14301,1.14291,223,67,LOW_FIRST,11318073075092515043
2026.07.09 14:58:00,274,1.14295,1.14297,1.14282,255,85,LOW_FIRST,6049255289837716964
2026.07.09 14:59:00,135,1.14292,1.14297,1.14291,42,4,LOW_FIRST,17626586219723007523
2026.07.09 15:00:00,388,1.14297,1.14314,1.14297,382,0,LOW_FIRST,8808541846506791978
2026.07.09 15:01:00,261,1.14311,1.14322,1.14308,117,246,HIGH_FIRST,5838328324344585217
2026.07.09 15:02:00,368,1.14308,1.14331,1.14299,347,161,LOW_FIRST,12040012431419411386
2026.07.09 15:03:00,239,1.14328,1.14329,1.14303,2,213,HIGH_FIRST,17002737932609788132
2026.07.09 15:04:00,258,1.14307,1.14323,1.14306,140,5,LOW_FIRST,420953132876683102
2026.07.09 15:05:00,239,1.14320,1.14320,1.14306,0,163,HIGH_FIRST,6864825375315733194
2026.07.09 15:06:00,267,1.14309,1.14317,1.14304,135,76,LOW_FIRST,5502184664528750147
2026.07.09 15:07:00,271,1.14316,1.14338,1.14313,230,8,LOW_FIRST,2830467030797309069
2026.07.09 15:08:00,364,1.14335,1.14351,1.14335,89,0,LOW_FIRST,12643965592049595690
2026.07.09 15:09:00,447,1.14344,1.14354,1.14343,36,2,LOW_FIRST,11380430280677022620
2026.07.09 15:10:00,326,1.14345,1.14356,1.14344,302,26,LOW_FIRST,4771738980404380199
2026.07.09 15:11:00,344,1.14351,1.14361,1.14348,218,111,LOW_FIRST,4732487483970032647
2026.07.09 15:12:00,324,1.14353,1.14355,1.14346,5,24,HIGH_FIRST,2051134075410466323
2026.07.09 15:13:00,266,1.14348,1.14355,1.14339,70,262,HIGH_FIRST,16705210942824633402
2026.07.09 15:14:00,245,1.14352,1.14353,1.14329,3,146,HIGH_FIRST,12463479640947374668
2026.07.09 15:15:00,265,1.14340,1.14352,1.14337,250,47,LOW_FIRST,11891567837569860727
2026.07.09 15:16:00,276,1.14350,1.14352,1.14340,7,263,HIGH_FIRST,12919268882729444582
2026.07.09 15:17:00,247,1.14341,1.14351,1.14341,73,0,LOW_FIRST,13256652291102923102
2026.07.09 15:18:00,268,1.14347,1.14348,1.14337,3,161,HIGH_FIRST,15635487794445613068
2026.07.09 15:19:00,184,1.14340,1.14350,1.14340,16,0,LOW_FIRST,4265990569414834194
2026.07.09 15:20:00,300,1.14347,1.14347,1.14331,0,55,HIGH_FIRST,18132898438471673180
2026.07.09 15:21:00,290,1.14342,1.14345,1.14334,189,51,LOW_FIRST,15883828789281768866
2026.07.09 15:22:00,214,1.14341,1.14346,1.14338,154,207,HIGH_FIRST,3197407195237866646
2026.07.09 15:23:00,253,1.14340,1.14345,1.14333,91,239,HIGH_FIRST,15492130843572587354
2026.07.09 15:24:00,276,1.14333,1.14335,1.14314,73,253,HIGH_FIRST,10473697189392078678
2026.07.09 15:25:00,272,1.14322,1.14330,1.14314,24,249,HIGH_FIRST,18260731746953398788
2026.07.09 15:26:00,266,1.14319,1.14331,1.14314,98,170,HIGH_FIRST,16213320085624895843
2026.07.09 15:27:00,114,1.14317,1.14320,1.14312,5,76,HIGH_FIRST,636651316157230146
2026.07.09 15:28:00,128,1.14315,1.14323,1.14310,104,49,LOW_FIRST,6109846532162506700
2026.07.09 15:29:00,260,1.14321,1.14328,1.14318,260,14,LOW_FIRST,5060408640397168775
2026.07.09 15:30:00,210,1.14328,1.14332,1.14324,7,28,HIGH_FIRST,212691396452924011
2026.07.09 15:31:00,187,1.14328,1.14351,1.14318,182,74,LOW_FIRST,892974618996336133
2026.07.09 15:32:00,217,1.14350,1.14355,1.14342,115,54,LOW_FIRST,992425776591481064
2026.07.09 15:33:00,305,1.14344,1.14345,1.14333,4,86,HIGH_FIRST,18022328361955542407
2026.07.09 15:34:00,382,1.14339,1.14340,1.14317,7,197,HIGH_FIRST,2019715612791764562
2026.07.09 15:35:00,357,1.14330,1.14332,1.14319,8,150,HIGH_FIRST,423505267761150298
2026.07.09 15:36:00,203,1.14325,1.14331,1.14318,171,73,LOW_FIRST,12949960935786517805
2026.07.09 15:37:00,274,1.14329,1.14329,1.14310,0,192,HIGH_FIRST,13570944011679934744
2026.07.09 15:38:00,274,1.14324,1.14326,1.14308,74,216,HIGH_FIRST,7064289347180784531
2026.07.09 15:39:00,186,1.14312,1.14313,1.14297,2,70,HIGH_FIRST,2431559669104264066
2026.07.09 15:40:00,309,1.14300,1.14314,1.14299,99,2,LOW_FIRST,10706795764661902578
2026.07.09 15:41:00,248,1.14303,1.14304,1.14294,139,221,HIGH_FIRST,8404730769711507094
2026.07.09 15:42:00,282,1.14295,1.14298,1.14283,46,241,HIGH_FIRST,7134168645774606180
2026.07.09 15:43:00,328,1.14285,1.14297,1.14278,113,311,HIGH_FIRST,17325302082945915488
2026.07.09 15:44:00,410,1.14280,1.14286,1.14268,297,182,LOW_FIRST,1912970110746310356
2026.07.09 15:45:00,325,1.14284,1.14284,1.14275,0,159,HIGH_FIRST,2142330478965576140
2026.07.09 15:46:00,243,1.14279,1.14279,1.14269,0,214,HIGH_FIRST,1354254481102566345
2026.07.09 15:47:00,277,1.14272,1.14284,1.14268,138,26,LOW_FIRST,14059943270372878904
2026.07.09 15:48:00,250,1.14279,1.14280,1.14256,10,197,HIGH_FIRST,10020144093723563222
2026.07.09 15:49:00,273,1.14263,1.14270,1.14263,216,0,LOW_FIRST,15165873508673146177
2026.07.09 15:50:00,307,1.14268,1.14278,1.14268,276,0,LOW_FIRST,6164931976056042841
2026.07.09 15:51:00,333,1.14278,1.14281,1.14265,7,165,HIGH_FIRST,4092402783815121628
2026.07.09 15:52:00,361,1.14272,1.14286,1.14270,134,261,HIGH_FIRST,1090496893979081519
2026.07.09 15:53:00,420,1.14273,1.14275,1.14248,13,176,HIGH_FIRST,7077275574928229509
2026.07.09 15:54:00,294,1.14257,1.14261,1.14248,34,86,HIGH_FIRST,8752164461687996260
2026.07.09 15:55:00,274,1.14255,1.14266,1.14253,147,4,LOW_FIRST,4048868935848293225
2026.07.09 15:56:00,369,1.14261,1.14278,1.14259,232,2,LOW_FIRST,482477814875816216
2026.07.09 15:57:00,312,1.14265,1.14272,1.14256,148,204,HIGH_FIRST,11290888965570196878
2026.07.09 15:58:00,403,1.14258,1.14258,1.14226,0,352,HIGH_FIRST,10635985771354965854
2026.07.09 15:59:00,342,1.14238,1.14251,1.14234,302,124,LOW_FIRST,8580091762463075431
2026.07.09 16:00:00,353,1.14249,1.14258,1.14238,347,99,LOW_FIRST,5787289588240338697
2026.07.09 16:01:00,372,1.14257,1.14262,1.14248,77,323,HIGH_FIRST,2161855076785319872
2026.07.09 16:02:00,308,1.14253,1.14270,1.14245,308,79,LOW_FIRST,2901423184016052526
2026.07.09 16:03:00,291,1.14270,1.14271,1.14264,10,92,HIGH_FIRST,9817926191912010472
2026.07.09 16:04:00,287,1.14270,1.14270,1.14257,0,162,HIGH_FIRST,12178098806269114428
2026.07.09 16:05:00,273,1.14263,1.14266,1.14255,173,101,LOW_FIRST,10931608595530988650
2026.07.09 16:06:00,168,1.14257,1.14282,1.14257,163,0,LOW_FIRST,8652659550069162818
2026.07.09 16:07:00,371,1.14281,1.14293,1.14275,195,7,LOW_FIRST,16827409833229080023
2026.07.09 16:08:00,254,1.14283,1.14307,1.14283,243,0,LOW_FIRST,10283916379263328297
2026.07.09 16:09:00,257,1.14306,1.14306,1.14296,0,71,HIGH_FIRST,1787296854449955000
2026.07.09 16:10:00,192,1.14298,1.14300,1.14288,22,37,HIGH_FIRST,14744540044827617086
2026.07.09 16:11:00,210,1.14292,1.14295,1.14282,164,92,LOW_FIRST,15419697315888173031
2026.07.09 16:12:00,257,1.14290,1.14293,1.14279,6,252,HIGH_FIRST,5149328453598106013
2026.07.09 16:13:00,247,1.14280,1.14296,1.14278,175,5,LOW_FIRST,13883381316069145953
2026.07.09 16:14:00,281,1.14290,1.14306,1.14289,257,3,LOW_FIRST,4526107855204410749
2026.07.09 16:15:00,358,1.14303,1.14322,1.14303,215,0,LOW_FIRST,7481891762767798464
2026.07.09 16:16:00,330,1.14310,1.14342,1.14310,330,0,LOW_FIRST,11148267118861901635
2026.07.09 16:17:00,497,1.14340,1.14368,1.14335,376,36,LOW_FIRST,2489016333504041096
2026.07.09 16:18:00,474,1.14356,1.14358,1.14330,20,398,HIGH_FIRST,10485183273927381919
2026.07.09 16:19:00,287,1.14338,1.14340,1.14322,7,199,HIGH_FIRST,9142971231079012321
2026.07.09 16:20:00,405,1.14327,1.14329,1.14309,21,220,HIGH_FIRST,11962567742572794056
2026.07.09 16:21:00,246,1.14329,1.14331,1.14317,142,223,HIGH_FIRST,10906445294330035483
2026.07.09 16:22:00,271,1.14319,1.14326,1.14306,255,58,LOW_FIRST,8312191180863844478
2026.07.09 16:23:00,323,1.14316,1.14334,1.14316,246,0,LOW_FIRST,10088204288413074640
2026.07.09 16:24:00,296,1.14332,1.14334,1.14323,110,186,HIGH_FIRST,6557465369346893565
2026.07.09 16:25:00,349,1.14328,1.14346,1.14327,245,60,LOW_FIRST,2389788520747010528
2026.07.09 16:26:00,252,1.14343,1.14344,1.14330,4,58,HIGH_FIRST,5131437169511805828
2026.07.09 16:27:00,358,1.14339,1.14347,1.14326,333,143,LOW_FIRST,370583360502208440
2026.07.09 16:28:00,295,1.14345,1.14353,1.14338,27,222,HIGH_FIRST,14026263091474153718
2026.07.09 16:29:00,337,1.14342,1.14357,1.14338,231,13,LOW_FIRST,11776416097919000511
2026.07.09 16:30:00,662,1.14344,1.14368,1.14342,518,248,LOW_FIRST,2973973660210867760
2026.07.09 16:31:00,455,1.14350,1.14358,1.14322,23,404,HIGH_FIRST,13613108653927185066
2026.07.09 16:32:00,401,1.14323,1.14336,1.14323,215,0,LOW_FIRST,12354878085371163673
2026.07.09 16:33:00,368,1.14334,1.14334,1.14315,0,262,HIGH_FIRST,4216811034022150954
2026.07.09 16:34:00,444,1.14322,1.14342,1.14322,243,0,LOW_FIRST,312219396541197338
2026.07.09 16:35:00,413,1.14328,1.14338,1.14320,169,227,HIGH_FIRST,7653649291165326159
2026.07.09 16:36:00,412,1.14326,1.14341,1.14325,369,12,LOW_FIRST,13357246065776624359
2026.07.09 16:37:00,397,1.14338,1.14342,1.14329,222,78,LOW_FIRST,15855916470110019965
2026.07.09 16:38:00,384,1.14334,1.14344,1.14327,265,302,HIGH_FIRST,4637855349705217134
2026.07.09 16:39:00,445,1.14330,1.14335,1.14321,176,88,LOW_FIRST,5726758761219410872
2026.07.09 16:40:00,424,1.14326,1.14335,1.14320,418,35,LOW_FIRST,4498198520092029607
2026.07.09 16:41:00,356,1.14335,1.14344,1.14323,313,79,LOW_FIRST,14427230593560065600
2026.07.09 16:42:00,356,1.14339,1.14370,1.14339,355,0,LOW_FIRST,6312182931993241696
2026.07.09 16:43:00,387,1.14368,1.14370,1.14344,5,356,HIGH_FIRST,6174664275123059302
2026.07.09 16:44:00,271,1.14349,1.14352,1.14333,11,118,HIGH_FIRST,17772096768078692140
2026.07.09 16:45:00,345,1.14348,1.14358,1.14339,181,46,LOW_FIRST,7714764890187876589
2026.07.09 16:46:00,472,1.14349,1.14357,1.14334,46,379,HIGH_FIRST,9697391350482583852
2026.07.09 16:47:00,396,1.14341,1.14360,1.14339,306,61,LOW_FIRST,17698435750660975374
2026.07.09 16:48:00,357,1.14356,1.14367,1.14340,62,34,LOW_FIRST,18146115112064476624
2026.07.09 16:49:00,386,1.14362,1.14378,1.14356,238,54,LOW_FIRST,2943227107344342936
2026.07.09 16:50:00,452,1.14371,1.14376,1.14357,88,330,HIGH_FIRST,15417847905362598197
2026.07.09 16:51:00,431,1.14367,1.14386,1.14366,257,27,LOW_FIRST,3712942992564973336
2026.07.09 16:52:00,372,1.14375,1.14381,1.14360,36,166,HIGH_FIRST,15361456658492727435
2026.07.09 16:53:00,253,1.14369,1.14373,1.14352,24,172,HIGH_FIRST,9746092295933134910
2026.07.09 16:54:00,388,1.14365,1.14369,1.14358,304,32,LOW_FIRST,10103858795326507582
2026.07.09 16:55:00,342,1.14360,1.14371,1.14360,201,0,LOW_FIRST,11792436665407122586
2026.07.09 16:56:00,195,1.14369,1.14381,1.14363,139,51,LOW_FIRST,18314227922750704284
2026.07.09 16:57:00,342,1.14381,1.14391,1.14372,154,245,HIGH_FIRST,9503796668112797067
2026.07.09 16:58:00,274,1.14385,1.14390,1.14383,166,93,LOW_FIRST,2961519844579595880
2026.07.09 16:59:00,242,1.14384,1.14393,1.14382,107,4,LOW_FIRST,14418505732730560018
2026.07.09 17:00:00,403,1.14393,1.14421,1.14391,342,4,LOW_FIRST,8780686032935363113
2026.07.09 17:01:00,412,1.14416,1.14443,1.14415,213,5,LOW_FIRST,16921655942979827332
2026.07.09 17:02:00,424,1.14431,1.14443,1.14417,52,234,HIGH_FIRST,13625488087866075558
2026.07.09 17:03:00,525,1.14436,1.14451,1.14428,518,431,LOW_FIRST,13682070224236950468
2026.07.09 17:04:00,299,1.14451,1.14462,1.14442,229,271,HIGH_FIRST,6896068793310563922
2026.07.09 17:05:00,386,1.14458,1.14460,1.14448,3,63,HIGH_FIRST,6010043946022620207
2026.07.09 17:06:00,498,1.14449,1.14453,1.14433,147,492,HIGH_FIRST,8369649532445440251
2026.07.09 17:07:00,581,1.14434,1.14435,1.14403,11,127,HIGH_FIRST,15739212294025465160
2026.07.09 17:08:00,481,1.14415,1.14425,1.14410,187,19,LOW_FIRST,4551014931052711004
2026.07.09 17:09:00,402,1.14421,1.14424,1.14398,47,386,HIGH_FIRST,6687982396487510496
2026.07.09 17:10:00,377,1.14402,1.14411,1.14398,295,116,LOW_FIRST,8304248941783606915
2026.07.09 17:11:00,432,1.14411,1.14425,1.14408,329,9,LOW_FIRST,1561419315393831291
2026.07.09 17:12:00,472,1.14423,1.14428,1.14411,104,451,HIGH_FIRST,6195927950777181606
2026.07.09 17:13:00,357,1.14413,1.14418,1.14404,146,213,HIGH_FIRST,10106468637691485613
2026.07.09 17:14:00,367,1.14410,1.14417,1.14407,240,162,LOW_FIRST,7450897880403494696
2026.07.09 17:15:00,387,1.14410,1.14411,1.14380,6,373,HIGH_FIRST,8282764302914358012
2026.07.09 17:16:00,378,1.14383,1.14390,1.14372,202,265,HIGH_FIRST,6816591741320875466
2026.07.09 17:17:00,332,1.14385,1.14390,1.14372,130,317,HIGH_FIRST,711875138861139683
2026.07.09 17:18:00,347,1.14378,1.14385,1.14372,86,345,HIGH_FIRST,17791490101514396497
2026.07.09 17:19:00,233,1.14373,1.14375,1.14363,33,176,HIGH_FIRST,2010633600080589168
2026.07.09 17:20:00,358,1.14371,1.14390,1.14368,318,8,LOW_FIRST,7473312879692584430
2026.07.09 17:21:00,359,1.14385,1.14391,1.14382,338,170,LOW_FIRST,2074919179590516055
2026.07.09 17:22:00,379,1.14389,1.14405,1.14382,376,134,LOW_FIRST,6225355690620151877
2026.07.09 17:23:00,335,1.14405,1.14410,1.14399,155,13,LOW_FIRST,4523979856091288414
2026.07.09 17:24:00,342,1.14408,1.14411,1.14402,297,8,LOW_FIRST,14230998586818759523
2026.07.09 17:25:00,302,1.14404,1.14406,1.14384,22,263,HIGH_FIRST,16704510758587458526
2026.07.09 17:26:00,252,1.14389,1.14389,1.14378,0,245,HIGH_FIRST,9493261114991234905
2026.07.09 17:27:00,301,1.14379,1.14396,1.14379,272,0,LOW_FIRST,17514255804155625321
2026.07.09 17:28:00,344,1.14396,1.14396,1.14383,0,154,HIGH_FIRST,7556689187590188115
2026.07.09 17:29:00,418,1.14394,1.14402,1.14387,206,375,HIGH_FIRST,1049772680118444809
2026.07.09 17:30:00,327,1.14391,1.14391,1.14383,0,93,HIGH_FIRST,5680407736972757368
2026.07.09 17:31:00,453,1.14385,1.14385,1.14358,0,331,HIGH_FIRST,15545604677925018802
2026.07.09 17:32:00,419,1.14359,1.14383,1.14358,290,8,LOW_FIRST,2562044534430824167
2026.07.09 17:33:00,480,1.14375,1.14387,1.14367,237,416,HIGH_FIRST,13841999510250778326
2026.07.09 17:34:00,468,1.14379,1.14417,1.14369,450,131,LOW_FIRST,2169130679730140485
2026.07.09 17:35:00,504,1.14416,1.14422,1.14397,189,317,HIGH_FIRST,17590575661678263045
2026.07.09 17:36:00,527,1.14420,1.14430,1.14403,77,525,HIGH_FIRST,4335196629054088833
2026.07.09 17:37:00,402,1.14404,1.14407,1.14388,14,399,HIGH_FIRST,7292337920402011048
2026.07.09 17:38:00,315,1.14389,1.14392,1.14378,22,293,HIGH_FIRST,8895127573085440130
2026.07.09 17:39:00,411,1.14380,1.14384,1.14373,388,244,LOW_FIRST,10755433676650131577
2026.07.09 17:40:00,389,1.14381,1.14382,1.14358,5,357,HIGH_FIRST,8674419622648360134
2026.07.09 17:41:00,348,1.14362,1.14377,1.14360,213,2,LOW_FIRST,9355189558003533454
2026.07.09 17:42:00,365,1.14369,1.14370,1.14356,71,247,HIGH_FIRST,17613334417561463635
2026.07.09 17:43:00,292,1.14363,1.14370,1.14357,260,60,LOW_FIRST,3620653823420156326
2026.07.09 17:44:00,336,1.14364,1.14370,1.14358,185,22,LOW_FIRST,7843719599898703114
2026.07.09 17:45:00,327,1.14366,1.14371,1.14358,202,281,HIGH_FIRST,414895769199476664
2026.07.09 17:46:00,356,1.14361,1.14366,1.14353,57,320,HIGH_FIRST,8832195169803811494
2026.07.09 17:47:00,348,1.14354,1.14365,1.14349,91,160,HIGH_FIRST,3014171235454404062
2026.07.09 17:48:00,216,1.14364,1.14367,1.14357,8,58,HIGH_FIRST,2505191694651674562
2026.07.09 17:49:00,365,1.14361,1.14363,1.14352,54,191,HIGH_FIRST,5821894684496778555
2026.07.09 17:50:00,546,1.14354,1.14360,1.14337,12,408,HIGH_FIRST,8287756618414016475
2026.07.09 17:51:00,501,1.14354,1.14356,1.14330,16,476,HIGH_FIRST,1259254460479092631
2026.07.09 17:52:00,445,1.14331,1.14345,1.14329,396,18,LOW_FIRST,4863200111067994848
2026.07.09 17:53:00,456,1.14342,1.14347,1.14334,382,98,LOW_FIRST,9122152198259358512
2026.07.09 17:54:00,630,1.14341,1.14349,1.14329,326,450,HIGH_FIRST,1623711603805165939
2026.07.09 17:55:00,627,1.14334,1.14339,1.14321,26,195,HIGH_FIRST,5081076052998939936
2026.07.09 17:56:00,444,1.14331,1.14337,1.14324,181,424,HIGH_FIRST,7632545032272108689
2026.07.09 17:57:00,531,1.14329,1.14332,1.14304,74,149,HIGH_FIRST,12180728164000656081
2026.07.09 17:58:00,495,1.14325,1.14343,1.14319,280,53,LOW_FIRST,16480721652653523803
2026.07.09 17:59:00,437,1.14334,1.14341,1.14328,71,434,HIGH_FIRST,16391102623169633947
2026.07.09 18:00:00,577,1.14329,1.14336,1.14315,22,534,HIGH_FIRST,4363256772756575458
2026.07.09 18:01:00,530,1.14320,1.14331,1.14292,469,184,LOW_FIRST,15819027641298135108
2026.07.09 18:02:00,439,1.14321,1.14330,1.14305,115,343,HIGH_FIRST,5923504786582485246
2026.07.09 18:03:00,336,1.14309,1.14309,1.14294,0,265,HIGH_FIRST,7208302071790980536
2026.07.09 18:04:00,300,1.14300,1.14312,1.14292,296,43,LOW_FIRST,13814019022391659999
2026.07.09 18:05:00,382,1.14309,1.14323,1.14308,161,269,HIGH_FIRST,11779593591659801678
2026.07.09 18:06:00,413,1.14313,1.14348,1.14312,391,7,LOW_FIRST,15616577824624772069
2026.07.09 18:07:00,413,1.14347,1.14355,1.14343,311,152,LOW_FIRST,10979137852697493998
2026.07.09 18:08:00,326,1.14352,1.14355,1.14336,216,40,LOW_FIRST,16981682963709794418
2026.07.09 18:09:00,308,1.14351,1.14361,1.14349,273,19,LOW_FIRST,9940779914440772202
2026.07.09 18:10:00,358,1.14359,1.14362,1.14355,35,302,HIGH_FIRST,4658320183129920633
2026.07.09 18:11:00,427,1.14359,1.14361,1.14338,15,395,HIGH_FIRST,8571461609444409045
2026.07.09 18:12:00,402,1.14339,1.14341,1.14314,19,382,HIGH_FIRST,12942714635745516143
2026.07.09 18:13:00,412,1.14317,1.14327,1.14309,108,391,HIGH_FIRST,7626630423038583681
2026.07.09 18:14:00,286,1.14311,1.14318,1.14306,129,23,LOW_FIRST,11650089700322386926
2026.07.09 18:15:00,277,1.14314,1.14333,1.14313,205,59,LOW_FIRST,5944995967216158390
2026.07.09 18:16:00,282,1.14327,1.14333,1.14311,24,230,HIGH_FIRST,7256073514511845730
2026.07.09 18:17:00,356,1.14311,1.14327,1.14304,287,32,LOW_FIRST,1108335359784430661
2026.07.09 18:18:00,341,1.14321,1.14323,1.14302,5,288,HIGH_FIRST,12126026181387910147
2026.07.09 18:19:00,288,1.14310,1.14310,1.14296,0,74,HIGH_FIRST,45805201410648414
2026.07.09 18:20:00,336,1.14306,1.14307,1.14286,6,151,HIGH_FIRST,16378357906382448384
2026.07.09 18:21:00,354,1.14293,1.14301,1.14280,62,311,HIGH_FIRST,5818651518568346568
2026.07.09 18:22:00,291,1.14299,1.14313,1.14287,200,121,LOW_FIRST,8943616112452278520
2026.07.09 18:23:00,257,1.14308,1.14314,1.14305,14,43,HIGH_FIRST,5440805699411901754
2026.07.09 18:24:00,295,1.14307,1.14317,1.14304,177,33,LOW_FIRST,12657205616277873364
2026.07.09 18:25:00,352,1.14310,1.14328,1.14310,309,0,LOW_FIRST,1578825521956320052
2026.07.09 18:26:00,330,1.14323,1.14342,1.14320,144,32,LOW_FIRST,13075758209382992062
2026.07.09 18:27:00,291,1.14340,1.14346,1.14328,27,114,HIGH_FIRST,12153269761439217012
2026.07.09 18:28:00,385,1.14340,1.14342,1.14324,346,117,LOW_FIRST,3248188379098331115
2026.07.09 18:29:00,411,1.14341,1.14344,1.14328,12,209,HIGH_FIRST,208079735869157087
2026.07.09 18:30:00,458,1.14332,1.14341,1.14322,225,424,HIGH_FIRST,17509433119052947820
2026.07.09 18:31:00,374,1.14325,1.14335,1.14322,121,261,HIGH_FIRST,1522335210198308074
2026.07.09 18:32:00,242,1.14326,1.14328,1.14317,18,67,HIGH_FIRST,10393217138371490364
2026.07.09 18:33:00,246,1.14325,1.14327,1.14318,172,150,LOW_FIRST,4068454563744171156
2026.07.09 18:34:00,377,1.14322,1.14331,1.14309,345,68,LOW_FIRST,18021923544448143315
2026.07.09 18:35:00,291,1.14324,1.14331,1.14323,38,3,LOW_FIRST,9170884323811665292
2026.07.09 18:36:00,275,1.14330,1.14333,1.14314,68,236,HIGH_FIRST,17847172792703123854
2026.07.09 18:37:00,287,1.14317,1.14326,1.14312,86,273,HIGH_FIRST,15393382223924817285
2026.07.09 18:38:00,279,1.14314,1.14326,1.14312,151,3,LOW_FIRST,10927689872488739425
2026.07.09 18:39:00,288,1.14318,1.14335,1.14317,270,32,LOW_FIRST,15974395027473058834
2026.07.09 18:40:00,186,1.14334,1.14346,1.14328,149,28,LOW_FIRST,907874566221423209
2026.07.09 18:41:00,238,1.14339,1.14346,1.14331,108,226,HIGH_FIRST,13015204926796743901
2026.07.09 18:42:00,208,1.14338,1.14347,1.14338,187,0,LOW_FIRST,9803475739870231752
2026.07.09 18:43:00,321,1.14341,1.14372,1.14341,262,0,LOW_FIRST,8544653476790801205
2026.07.09 18:44:00,275,1.14363,1.14376,1.14359,275,74,LOW_FIRST,10639900527547048812
2026.07.09 18:45:00,232,1.14376,1.14376,1.14358,0,42,HIGH_FIRST,4472473035822911666
2026.07.09 18:46:00,246,1.14371,1.14389,1.14368,167,19,LOW_FIRST,8065389905333632407
2026.07.09 18:47:00,245,1.14380,1.14387,1.14369,27,233,HIGH_FIRST,2683312663888025675
2026.07.09 18:48:00,259,1.14372,1.14372,1.14360,0,34,HIGH_FIRST,10145393248827119440
2026.07.09 18:49:00,251,1.14366,1.14374,1.14364,47,3,LOW_FIRST,1923946030347135087
2026.07.09 18:50:00,284,1.14371,1.14387,1.14371,199,0,LOW_FIRST,159792953666562309
2026.07.09 18:51:00,368,1.14379,1.14404,1.14378,368,4,LOW_FIRST,14531282232357003238
2026.07.09 18:52:00,354,1.14404,1.14407,1.14384,13,53,HIGH_FIRST,12439863705790787514
2026.07.09 18:53:00,353,1.14388,1.14400,1.14384,252,106,LOW_FIRST,10819557447577476185
2026.07.09 18:54:00,243,1.14390,1.14402,1.14386,239,30,LOW_FIRST,4578416109761523816
2026.07.09 18:55:00,324,1.14400,1.14403,1.14379,28,318,HIGH_FIRST,7373449295031939599
2026.07.09 18:56:00,315,1.14387,1.14403,1.14386,169,2,LOW_FIRST,11708065264699216042
2026.07.09 18:57:00,304,1.14399,1.14402,1.14382,16,227,HIGH_FIRST,1457368880600414720
2026.07.09 18:58:00,286,1.14390,1.14390,1.14379,0,70,HIGH_FIRST,7224405513934565870
2026.07.09 18:59:00,319,1.14380,1.14396,1.14375,262,204,LOW_FIRST,15819053370285709775
2026.07.09 19:00:00,284,1.14388,1.14399,1.14388,267,0,LOW_FIRST,8520862416574261811
2026.07.09 19:01:00,270,1.14395,1.14405,1.14389,82,254,HIGH_FIRST,14741733480143551278
2026.07.09 19:02:00,268,1.14391,1.14402,1.14386,241,61,LOW_FIRST,7722521975581475336
2026.07.09 19:03:00,179,1.14396,1.14403,1.14394,100,34,LOW_FIRST,3293613197029947621
2026.07.09 19:04:00,239,1.14399,1.14403,1.14393,17,116,HIGH_FIRST,10152962551094297420
2026.07.09 19:05:00,246,1.14399,1.14403,1.14380,26,137,HIGH_FIRST,5987962429304716211
2026.07.09 19:06:00,261,1.14385,1.14397,1.14385,220,0,LOW_FIRST,262078292227002800
2026.07.09 19:07:00,207,1.14393,1.14397,1.14388,10,100,HIGH_FIRST,5319956819141235723
2026.07.09 19:08:00,203,1.14394,1.14402,1.14386,168,73,LOW_FIRST,4120978255669839273
2026.07.09 19:09:00,199,1.14395,1.14402,1.14390,31,130,HIGH_FIRST,8871627967614473875
2026.07.09 19:10:00,232,1.14392,1.14396,1.14384,9,136,HIGH_FIRST,17001994280762922559
2026.07.09 19:11:00,285,1.14391,1.14398,1.14374,33,221,HIGH_FIRST,10491219118224661773
2026.07.09 19:12:00,237,1.14381,1.14386,1.14374,236,170,LOW_FIRST,6444993446062005243
2026.07.09 19:13:00,196,1.14385,1.14400,1.14383,192,3,LOW_FIRST,9598389606889459689
2026.07.09 19:14:00,203,1.14400,1.14405,1.14389,111,35,LOW_FIRST,7941475223165376829
2026.07.09 19:15:00,261,1.14396,1.14414,1.14393,179,27,LOW_FIRST,8266063377132392797
2026.07.09 19:16:00,291,1.14406,1.14411,1.14395,28,273,HIGH_FIRST,292237728414173514
2026.07.09 19:17:00,236,1.14398,1.14402,1.14393,76,127,HIGH_FIRST,16514800489723336246
2026.07.09 19:18:00,216,1.14398,1.14398,1.14373,0,178,HIGH_FIRST,13814330643786832693
2026.07.09 19:19:00,171,1.14375,1.14380,1.14374,60,10,LOW_FIRST,9375207980680791258
2026.07.09 19:20:00,163,1.14376,1.14378,1.14365,12,131,HIGH_FIRST,4350145205459967966
2026.07.09 19:21:00,126,1.14370,1.14376,1.14365,23,119,HIGH_FIRST,10024585762742080181
2026.07.09 19:22:00,166,1.14366,1.14369,1.14358,32,105,HIGH_FIRST,14901888421123030604
2026.07.09 19:23:00,171,1.14362,1.14366,1.14359,127,86,LOW_FIRST,13774613020641730822
2026.07.09 19:24:00,153,1.14361,1.14367,1.14360,26,54,HIGH_FIRST,6866188937451599765
2026.07.09 19:25:00,168,1.14364,1.14372,1.14362,76,4,LOW_FIRST,11034015622235427747
2026.07.09 19:26:00,193,1.14365,1.14368,1.14360,120,13,LOW_FIRST,16239972696325376383
2026.07.09 19:27:00,190,1.14367,1.14378,1.14364,180,41,LOW_FIRST,15244845396700015926
2026.07.09 19:28:00,173,1.14375,1.14383,1.14374,74,21,LOW_FIRST,5518117936136634614
2026.07.09 19:29:00,178,1.14381,1.14384,1.14370,27,170,HIGH_FIRST,2861830129622328683
2026.07.09 19:30:00,229,1.14371,1.14371,1.14359,0,56,HIGH_FIRST,4647087609728125388
2026.07.09 19:31:00,172,1.14360,1.14367,1.14359,84,9,LOW_FIRST,11333787876353586828
2026.07.09 19:32:00,171,1.14367,1.14376,1.14366,150,23,LOW_FIRST,9658884101907238296
2026.07.09 19:33:00,164,1.14375,1.14378,1.14371,40,128,HIGH_FIRST,12614588777938778092
2026.07.09 19:34:00,269,1.14372,1.14374,1.14351,2,265,HIGH_FIRST,9897723251437693581
2026.07.09 19:35:00,251,1.14352,1.14362,1.14350,105,14,LOW_FIRST,6816892894578847202
2026.07.09 19:36:00,261,1.14355,1.14371,1.14350,237,59,LOW_FIRST,10077336079936138791
2026.07.09 19:37:00,210,1.14371,1.14387,1.14362,193,45,LOW_FIRST,16135815098713044499
2026.07.09 19:38:00,221,1.14385,1.14389,1.14372,7,36,HIGH_FIRST,16409427154260515795
2026.07.09 19:39:00,255,1.14382,1.14399,1.14375,192,42,LOW_FIRST,2791571354313180777
2026.07.09 19:40:00,225,1.14393,1.14398,1.14381,181,28,LOW_FIRST,18431030110905907486
2026.07.09 19:41:00,169,1.14395,1.14407,1.14395,158,0,LOW_FIRST,15395196206400798888
2026.07.09 19:42:00,155,1.14402,1.14404,1.14395,4,107,HIGH_FIRST,5892409263891100086
2026.07.09 19:43:00,206,1.14396,1.14406,1.14394,60,35,LOW_FIRST,1780037971331403983
2026.07.09 19:44:00,157,1.14402,1.14405,1.14394,5,37,HIGH_FIRST,2705587725731952765
2026.07.09 19:45:00,205,1.14399,1.14408,1.14395,187,33,LOW_FIRST,15019983148840525225
2026.07.09 19:46:00,146,1.14406,1.14408,1.14398,82,10,LOW_FIRST,426616045936104756
2026.07.09 19:47:00,181,1.14401,1.14409,1.14394,61,25,LOW_FIRST,1159972319272802736
2026.07.09 19:48:00,135,1.14407,1.14408,1.14404,2,30,HIGH_FIRST,204114372342089370
2026.07.09 19:49:00,190,1.14407,1.14407,1.14396,0,166,HIGH_FIRST,8581160410986762100
2026.07.09 19:50:00,150,1.14398,1.14401,1.14388,79,122,HIGH_FIRST,5964128197149587227
2026.07.09 19:51:00,215,1.14391,1.14398,1.14384,192,28,LOW_FIRST,13808727344627247293
2026.07.09 19:52:00,121,1.14395,1.14401,1.14393,43,71,HIGH_FIRST,12469457095024765277
2026.07.09 19:53:00,123,1.14397,1.14398,1.14386,8,86,HIGH_FIRST,5564951165971825516
2026.07.09 19:54:00,179,1.14389,1.14394,1.14385,40,89,HIGH_FIRST,9312272886431204628
2026.07.09 19:55:00,210,1.14387,1.14390,1.14383,116,203,HIGH_FIRST,13960661018889789509
2026.07.09 19:56:00,134,1.14385,1.14388,1.14376,87,61,LOW_FIRST,12807737427950969926
2026.07.09 19:57:00,199,1.14384,1.14388,1.14365,21,196,HIGH_FIRST,1208477964485441449
2026.07.09 19:58:00,216,1.14366,1.14376,1.14364,216,49,LOW_FIRST,15365717116789768125
2026.07.09 19:59:00,204,1.14376,1.14377,1.14368,2,199,HIGH_FIRST,3917535598242184390
2026.07.09 20:00:00,235,1.14368,1.14380,1.14367,208,5,LOW_FIRST,13137485571714009562
2026.07.09 20:01:00,215,1.14378,1.14381,1.14363,42,121,HIGH_FIRST,130380724594347141
2026.07.09 20:02:00,242,1.14376,1.14377,1.14361,2,101,HIGH_FIRST,1306193848897909423
2026.07.09 20:03:00,181,1.14364,1.14372,1.14350,151,111,LOW_FIRST,16282524445662876227
2026.07.09 20:04:00,205,1.14372,1.14372,1.14356,0,188,HIGH_FIRST,4165151558712019204
2026.07.09 20:05:00,130,1.14365,1.14375,1.14363,46,3,LOW_FIRST,14391691098483704799
2026.07.09 20:06:00,177,1.14373,1.14373,1.14354,0,131,HIGH_FIRST,4935260697726895015
2026.07.09 20:07:00,99,1.14355,1.14359,1.14353,57,21,LOW_FIRST,6450352208290134939
2026.07.09 20:08:00,148,1.14355,1.14365,1.14354,107,11,LOW_FIRST,13628789610610274647
2026.07.09 20:09:00,185,1.14361,1.14366,1.14358,15,144,HIGH_FIRST,5862040076874090810
2026.07.09 20:10:00,205,1.14360,1.14363,1.14342,11,183,HIGH_FIRST,14523273989341473364
2026.07.09 20:11:00,108,1.14351,1.14360,1.14350,100,2,LOW_FIRST,280453835357901765
2026.07.09 20:12:00,171,1.14360,1.14361,1.14353,58,165,HIGH_FIRST,9519758720430322685
2026.07.09 20:13:00,147,1.14355,1.14362,1.14350,104,48,LOW_FIRST,7738167725419268624
2026.07.09 20:14:00,157,1.14359,1.14369,1.14358,62,2,LOW_FIRST,1874237213789969207
2026.07.09 20:15:00,175,1.14364,1.14367,1.14352,51,161,HIGH_FIRST,9152476835221862915
2026.07.09 20:16:00,112,1.14360,1.14367,1.14358,104,9,LOW_FIRST,15573486844629468292
2026.07.09 20:17:00,209,1.14366,1.14376,1.14365,125,7,LOW_FIRST,11199084282938578688
2026.07.09 20:18:00,262,1.14372,1.14391,1.14372,211,0,LOW_FIRST,3054498048406292314
2026.07.09 20:19:00,158,1.14388,1.14398,1.14383,134,10,LOW_FIRST,2604388364079060510
2026.07.09 20:20:00,219,1.14395,1.14408,1.14395,177,0,LOW_FIRST,928477091320474449
2026.07.09 20:21:00,176,1.14405,1.14405,1.14392,0,166,HIGH_FIRST,455382897040510284
2026.07.09 20:22:00,182,1.14394,1.14401,1.14384,160,84,LOW_FIRST,15915663694995404595
2026.07.09 20:23:00,211,1.14399,1.14406,1.14393,21,124,HIGH_FIRST,3089951196705221292
2026.07.09 20:24:00,292,1.14397,1.14407,1.14394,210,37,LOW_FIRST,15276480854034246426
2026.07.09 20:25:00,195,1.14396,1.14400,1.14390,9,60,HIGH_FIRST,14077489393837185163
2026.07.09 20:26:00,186,1.14395,1.14400,1.14391,4,66,HIGH_FIRST,9297484710740932121
2026.07.09 20:27:00,246,1.14396,1.14403,1.14394,105,3,LOW_FIRST,3671136105137461304
2026.07.09 20:28:00,218,1.14395,1.14402,1.14394,45,3,LOW_FIRST,16252875867658493371
2026.07.09 20:29:00,191,1.14400,1.14405,1.14399,163,4,LOW_FIRST,8941352377508428579
2026.07.09 20:30:00,152,1.14402,1.14408,1.14399,84,35,LOW_FIRST,516710982827855556
2026.07.09 20:31:00,143,1.14403,1.14405,1.14398,108,140,HIGH_FIRST,14198682973810520153
2026.07.09 20:32:00,246,1.14401,1.14401,1.14381,0,163,HIGH_FIRST,4633632841198541841
2026.07.09 20:33:00,166,1.14385,1.14395,1.14384,165,16,LOW_FIRST,20074741861530365
2026.07.09 20:34:00,226,1.14393,1.14396,1.14381,12,200,HIGH_FIRST,16292671146729405615
2026.07.09 20:35:00,185,1.14386,1.14390,1.14379,133,183,HIGH_FIRST,1272087554858264742
2026.07.09 20:36:00,112,1.14380,1.14388,1.14378,98,11,LOW_FIRST,16071919978734909399
2026.07.09 20:37:00,192,1.14386,1.14392,1.14383,44,70,HIGH_FIRST,15235069103609310635
2026.07.09 20:38:00,193,1.14386,1.14387,1.14372,2,191,HIGH_FIRST,17703674981457787792
2026.07.09 20:39:00,237,1.14372,1.14381,1.14360,2,196,HIGH_FIRST,10663735463194681022
2026.07.09 20:40:00,225,1.14370,1.14370,1.14348,0,129,HIGH_FIRST,15717167681707231326
2026.07.09 20:41:00,73,1.14360,1.14365,1.14360,34,0,LOW_FIRST,10279136205758578664
2026.07.09 20:42:00,114,1.14364,1.14371,1.14362,87,61,LOW_FIRST,12626164061848196292
2026.07.09 20:43:00,164,1.14369,1.14370,1.14364,6,56,HIGH_FIRST,12059145293104097470
2026.07.09 20:44:00,102,1.14369,1.14371,1.14366,5,86,HIGH_FIRST,10903708307692647071
2026.07.09 20:45:00,141,1.14369,1.14374,1.14368,41,2,LOW_FIRST,5031898507270188722
2026.07.09 20:46:00,106,1.14369,1.14372,1.14367,34,77,HIGH_FIRST,13692224572331733494
2026.07.09 20:47:00,179,1.14371,1.14380,1.14364,166,85,LOW_FIRST,11495194639108509598
2026.07.09 20:48:00,184,1.14380,1.14382,1.14366,44,118,HIGH_FIRST,2203364368182331556
2026.07.09 20:49:00,150,1.14378,1.14381,1.14363,73,125,HIGH_FIRST,16272748074266701134
2026.07.09 20:50:00,109,1.14374,1.14376,1.14373,18,4,LOW_FIRST,15920534073267785652
2026.07.09 20:51:00,109,1.14373,1.14383,1.14373,71,0,LOW_FIRST,1865339539983754481
2026.07.09 20:52:00,141,1.14381,1.14383,1.14373,2,104,HIGH_FIRST,7195760046299938310
2026.07.09 20:53:00,148,1.14374,1.14379,1.14374,5,0,LOW_FIRST,5602984067227286366
2026.07.09 20:54:00,104,1.14371,1.14377,1.14370,76,96,HIGH_FIRST,10743562832607345712
2026.07.09 20:55:00,99,1.14371,1.14377,1.14370,89,23,LOW_FIRST,15035524273819243208
2026.07.09 20:56:00,88,1.14374,1.14378,1.14373,6,53,HIGH_FIRST,10958211355848814046
2026.07.09 20:57:00,188,1.14375,1.14380,1.14372,26,142,HIGH_FIRST,11983227659183949385
2026.07.09 20:58:00,305,1.14374,1.14377,1.14366,58,154,HIGH_FIRST,8696544064547910879
2026.07.09 20:59:00,200,1.14373,1.14381,1.14373,173,0,LOW_FIRST,10028582628649630296
2026.07.09 21:00:00,167,1.14376,1.14382,1.14375,79,3,LOW_FIRST,14992403949161244152
2026.07.09 21:01:00,208,1.14377,1.14383,1.14373,23,162,HIGH_FIRST,17473946336348529299
2026.07.09 21:02:00,222,1.14377,1.14380,1.14356,9,216,HIGH_FIRST,11487505650105464029
2026.07.09 21:03:00,174,1.14369,1.14370,1.14356,10,124,HIGH_FIRST,8849902313225169877
2026.07.09 21:04:00,85,1.14363,1.14365,1.14360,67,50,LOW_FIRST,2589840210752638422
2026.07.09 21:05:00,188,1.14362,1.14364,1.14354,8,83,HIGH_FIRST,5276031169756227135
2026.07.09 21:06:00,131,1.14358,1.14367,1.14355,51,11,LOW_FIRST,10146773223043459689
2026.07.09 21:07:00,105,1.14365,1.14371,1.14362,77,8,LOW_FIRST,1434505101890390627
2026.07.09 21:08:00,76,1.14369,1.14371,1.14365,9,48,HIGH_FIRST,17334193700034034065
2026.07.09 21:09:00,144,1.14368,1.14372,1.14359,8,122,HIGH_FIRST,3377165540837204
2026.07.09 21:10:00,108,1.14361,1.14366,1.14361,33,0,LOW_FIRST,6277552330763294405
2026.07.09 21:11:00,119,1.14365,1.14368,1.14358,73,111,HIGH_FIRST,6043922028817657281
2026.07.09 21:12:00,152,1.14359,1.14360,1.14350,2,140,HIGH_FIRST,10522202678062413655
2026.07.09 21:13:00,118,1.14351,1.14362,1.14351,60,0,LOW_FIRST,17424303117876672534
2026.07.09 21:14:00,133,1.14354,1.14356,1.14347,3,50,HIGH_FIRST,7402602985627291253
2026.07.09 21:15:00,144,1.14350,1.14360,1.14350,42,0,LOW_FIRST,2671021379906199477
2026.07.09 21:16:00,72,1.14352,1.14357,1.14350,65,8,LOW_FIRST,16198592492863088252
2026.07.09 21:17:00,116,1.14355,1.14355,1.14349,0,29,HIGH_FIRST,5175453062885316739
2026.07.09 21:18:00,149,1.14351,1.14354,1.14343,32,97,HIGH_FIRST,6927652362402446828
2026.07.09 21:19:00,104,1.14345,1.14347,1.14339,14,73,HIGH_FIRST,12798298577821356667
2026.07.09 21:20:00,114,1.14341,1.14343,1.14338,37,49,HIGH_FIRST,13192334093970259873
2026.07.09 21:21:00,164,1.14339,1.14345,1.14333,82,125,HIGH_FIRST,4109483810173205607
2026.07.09 21:22:00,119,1.14335,1.14341,1.14319,53,108,HIGH_FIRST,3040609283480264543
2026.07.09 21:23:00,152,1.14329,1.14332,1.14320,74,25,LOW_FIRST,13254443467538423891
2026.07.09 21:24:00,133,1.14328,1.14335,1.14328,50,0,LOW_FIRST,14652781132000656446
2026.07.09 21:25:00,208,1.14330,1.14335,1.14325,191,133,LOW_FIRST,18226905748543207406
2026.07.09 21:26:00,106,1.14334,1.14337,1.14332,4,21,HIGH_FIRST,10883395284426203302
2026.07.09 21:27:00,218,1.14332,1.14333,1.14318,8,205,HIGH_FIRST,766329652296498891
2026.07.09 21:28:00,154,1.14320,1.14329,1.14320,10,0,LOW_FIRST,6666258940103288929
2026.07.09 21:29:00,174,1.14320,1.14327,1.14318,84,150,HIGH_FIRST,9006125756872446529
2026.07.09 21:30:00,124,1.14321,1.14325,1.14318,5,72,HIGH_FIRST,1060961716709926107
2026.07.09 21:31:00,131,1.14323,1.14328,1.14320,66,127,HIGH_FIRST,15600671767290913277
2026.07.09 21:32:00,81,1.14321,1.14322,1.14318,12,21,HIGH_FIRST,9611962039995228282
2026.07.09 21:33:00,107,1.14321,1.14330,1.14319,100,3,LOW_FIRST,2427428592396067856
2026.07.09 21:34:00,105,1.14328,1.14334,1.14323,8,103,HIGH_FIRST,9077711411009458055
2026.07.09 21:35:00,106,1.14325,1.14328,1.14322,39,28,LOW_FIRST,6798390998436906068
2026.07.09 21:36:00,94,1.14324,1.14326,1.14320,41,60,HIGH_FIRST,16704852907965551302
2026.07.09 21:37:00,122,1.14323,1.14323,1.14317,0,70,HIGH_FIRST,16662864183191298706
2026.07.09 21:38:00,68,1.14320,1.14322,1.14312,43,62,HIGH_FIRST,18169530639828525
2026.07.09 21:39:00,39,1.14315,1.14316,1.14312,8,2,LOW_FIRST,243056629707279700
2026.07.09 21:40:00,108,1.14315,1.14324,1.14315,50,0,LOW_FIRST,1911520684230466254
2026.07.09 21:41:00,151,1.14316,1.14330,1.14315,135,2,LOW_FIRST,547275384935369552
2026.07.09 21:42:00,176,1.14329,1.14336,1.14327,142,41,LOW_FIRST,14455147467065679879
2026.07.09 21:43:00,167,1.14333,1.14339,1.14330,29,3,LOW_FIRST,18389530665230769238
2026.07.09 21:44:00,116,1.14334,1.14335,1.14329,2,53,HIGH_FIRST,3588515749016475688
2026.07.09 21:45:00,134,1.14332,1.14332,1.14323,0,88,HIGH_FIRST,12241556055359574143
2026.07.09 21:46:00,163,1.14324,1.14333,1.14322,160,9,LOW_FIRST,3209733494441773698
2026.07.09 21:47:00,121,1.14331,1.14337,1.14329,95,20,LOW_FIRST,408632188865119050
2026.07.09 21:48:00,190,1.14334,1.14337,1.14330,148,116,LOW_FIRST,14197464868647799647
2026.07.09 21:49:00,151,1.14334,1.14344,1.14334,44,0,LOW_FIRST,3585200159518000841
2026.07.09 21:50:00,183,1.14343,1.14346,1.14335,34,182,HIGH_FIRST,6100234595092658885
2026.07.09 21:51:00,190,1.14336,1.14337,1.14323,15,175,HIGH_FIRST,4266163442156042702
2026.07.09 21:52:00,138,1.14324,1.14327,1.14323,59,9,LOW_FIRST,10991846848540149244
2026.07.09 21:53:00,137,1.14323,1.14331,1.14321,51,13,LOW_FIRST,11094959627310190254
2026.07.09 21:54:00,126,1.14330,1.14335,1.14329,55,6,LOW_FIRST,9181892263495017854
2026.07.09 21:55:00,132,1.14333,1.14336,1.14333,61,0,LOW_FIRST,15733554144521804933
2026.07.09 21:56:00,147,1.14335,1.14337,1.14334,15,2,LOW_FIRST,15015513703407070315
2026.07.09 21:57:00,247,1.14336,1.14342,1.14334,119,2,LOW_FIRST,13365701717454500766
2026.07.09 21:58:00,214,1.14337,1.14341,1.14334,5,168,HIGH_FIRST,2635626512987169676
2026.07.09 21:59:00,194,1.14337,1.14338,1.14334,17,2,LOW_FIRST,7256881842339489122
2026.07.09 22:00:00,259,1.14337,1.14346,1.14327,88,234,HIGH_FIRST,5162867653903068734
2026.07.09 22:01:00,257,1.14329,1.14335,1.14327,119,254,HIGH_FIRST,7927993105703481887
2026.07.09 22:02:00,252,1.14327,1.14333,1.14326,117,6,LOW_FIRST,704857947896178607
2026.07.09 22:03:00,102,1.14327,1.14330,1.14320,2,89,HIGH_FIRST,16314629758879621809
2026.07.09 22:04:00,108,1.14322,1.14327,1.14320,87,3,LOW_FIRST,4674841160803097
2026.07.09 22:05:00,153,1.14324,1.14331,1.14324,128,0,LOW_FIRST,12852276711479800463
2026.07.09 22:06:00,149,1.14330,1.14331,1.14319,2,140,HIGH_FIRST,12406606195710296396
2026.07.09 22:07:00,143,1.14320,1.14326,1.14318,70,21,LOW_FIRST,16624141290307480829
2026.07.09 22:08:00,111,1.14326,1.14328,1.14322,9,52,HIGH_FIRST,10097302684620504201
2026.07.09 22:09:00,71,1.14324,1.14324,1.14312,0,53,HIGH_FIRST,10433055840460662801
2026.07.09 22:10:00,80,1.14315,1.14316,1.14309,2,45,HIGH_FIRST,11197581170117069984
2026.07.09 22:11:00,123,1.14310,1.14315,1.14306,95,73,LOW_FIRST,13148766540557796518
2026.07.09 22:12:00,83,1.14313,1.14314,1.14308,2,33,HIGH_FIRST,7669677602913180368
2026.07.09 22:13:00,84,1.14309,1.14316,1.14309,64,0,LOW_FIRST,17308276269165008465
2026.07.09 22:14:00,123,1.14313,1.14317,1.14311,63,7,LOW_FIRST,5420593602573376901
2026.07.09 22:15:00,137,1.14315,1.14319,1.14314,49,2,LOW_FIRST,12833620848950668528
2026.07.09 22:16:00,138,1.14315,1.14320,1.14314,29,106,HIGH_FIRST,5664614714528509117
2026.07.09 22:17:00,175,1.14314,1.14317,1.14312,2,116,HIGH_FIRST,17442599186938339078
2026.07.09 22:18:00,170,1.14313,1.14324,1.14313,135,0,LOW_FIRST,6265446671281072981
2026.07.09 22:19:00,139,1.14319,1.14324,1.14318,37,2,LOW_FIRST,12818229303092212769
2026.07.09 22:20:00,108,1.14320,1.14325,1.14318,37,6,LOW_FIRST,16745379249806901310
2026.07.09 22:21:00,104,1.14320,1.14323,1.14315,16,96,HIGH_FIRST,689914300545582693
2026.07.09 22:22:00,91,1.14315,1.14317,1.14312,2,80,HIGH_FIRST,520414515633498894
2026.07.09 22:23:00,105,1.14316,1.14320,1.14315,53,3,LOW_FIRST,10736268755220241382
2026.07.09 22:24:00,120,1.14315,1.14318,1.14301,12,108,HIGH_FIRST,1575222353781207949
2026.07.09 22:25:00,155,1.14301,1.14302,1.14294,6,140,HIGH_FIRST,10969102439239698250
2026.07.09 22:26:00,138,1.14296,1.14299,1.14287,29,117,HIGH_FIRST,7762890642671538091
2026.07.09 22:27:00,180,1.14288,1.14298,1.14288,141,0,LOW_FIRST,2289499867487990585
2026.07.09 22:28:00,103,1.14294,1.14295,1.14289,2,56,HIGH_FIRST,16941965578961239969
2026.07.09 22:29:00,100,1.14292,1.14294,1.14287,3,87,HIGH_FIRST,13067427656786402966
2026.07.09 22:30:00,186,1.14291,1.14294,1.14284,45,184,HIGH_FIRST,941480253139809308
2026.07.09 22:31:00,239,1.14284,1.14289,1.14276,20,129,HIGH_FIRST,6957623101650422611
2026.07.09 22:32:00,160,1.14278,1.14280,1.14267,2,140,HIGH_FIRST,14575821630130511173
2026.07.09 22:33:00,173,1.14279,1.14286,1.14272,78,9,LOW_FIRST,4679614712847162856
2026.07.09 22:34:00,191,1.14276,1.14280,1.14264,38,136,HIGH_FIRST,7803723087316803067
2026.07.09 22:35:00,228,1.14271,1.14285,1.14271,192,0,LOW_FIRST,10144891793128842635
2026.07.09 22:36:00,241,1.14282,1.14290,1.14281,190,6,LOW_FIRST,2353503119507496612
2026.07.09 22:37:00,166,1.14284,1.14287,1.14277,23,159,HIGH_FIRST,6067050594132535632
2026.07.09 22:38:00,270,1.14277,1.14292,1.14276,110,19,LOW_FIRST,13545413710692003382
2026.07.09 22:39:00,218,1.14289,1.14290,1.14272,3,110,HIGH_FIRST,16644072693306116624
2026.07.09 22:40:00,106,1.14286,1.14290,1.14280,100,93,LOW_FIRST,17308761647641844421
2026.07.09 22:41:00,170,1.14290,1.14292,1.14280,28,77,HIGH_FIRST,18432551208060645976
2026.07.09 22:42:00,237,1.14283,1.14287,1.14276,35,29,LOW_FIRST,489443328108874555
2026.07.09 22:43:00,185,1.14280,1.14280,1.14262,0,178,HIGH_FIRST,12215868317181288641
2026.07.09 22:44:00,76,1.14273,1.14277,1.14271,52,42,LOW_FIRST,17478177293155078625
2026.07.09 22:45:00,118,1.14273,1.14277,1.14271,18,102,HIGH_FIRST,5423338889080193252
2026.07.09 22:46:00,148,1.14273,1.14276,1.14266,6,146,HIGH_FIRST,11148374522455753697
2026.07.09 22:47:00,120,1.14270,1.14271,1.14265,48,88,HIGH_FIRST,9586500810489921574
2026.07.09 22:48:00,130,1.14266,1.14270,1.14265,17,6,LOW_FIRST,3363142661079079210
2026.07.09 22:49:00,134,1.14268,1.14272,1.14266,127,38,LOW_FIRST,16964756109998966638
2026.07.09 22:50:00,171,1.14270,1.14272,1.14267,109,49,LOW_FIRST,14434719857035495528
2026.07.09 22:51:00,77,1.14272,1.14273,1.14268,40,46,HIGH_FIRST,3164736875024140038
2026.07.09 22:52:00,123,1.14269,1.14277,1.14268,105,3,LOW_FIRST,13853094459232457760
2026.07.09 22:53:00,105,1.14275,1.14276,1.14268,2,22,HIGH_FIRST,14013986831534068433
2026.07.09 22:54:00,199,1.14270,1.14271,1.14264,2,118,HIGH_FIRST,6875190753432221836
2026.07.09 22:55:00,199,1.14265,1.14273,1.14264,103,188,HIGH_FIRST,10060367677069586481
2026.07.09 22:56:00,198,1.14267,1.14267,1.14261,0,37,HIGH_FIRST,15938135530399537298
2026.07.09 22:57:00,225,1.14265,1.14268,1.14253,206,46,LOW_FIRST,3852205756143867915
2026.07.09 22:58:00,242,1.14266,1.14281,1.14263,226,32,LOW_FIRST,9135827285503622566
2026.07.09 22:59:00,324,1.14279,1.14285,1.14275,31,308,HIGH_FIRST,1459188012725683737
2026.07.09 23:00:00,289,1.14276,1.14289,1.14272,170,11,LOW_FIRST,298709797661838447
2026.07.09 23:01:00,270,1.14285,1.14289,1.14280,62,241,HIGH_FIRST,16049772457241116712
2026.07.09 23:02:00,112,1.14284,1.14288,1.14279,40,94,HIGH_FIRST,9639638270800372255
2026.07.09 23:03:00,132,1.14281,1.14283,1.14277,69,117,HIGH_FIRST,17319563854383104947
2026.07.09 23:04:00,112,1.14279,1.14282,1.14278,2,51,HIGH_FIRST,6487231781320167874
2026.07.09 23:05:00,173,1.14280,1.14287,1.14276,26,152,HIGH_FIRST,11985206498865955677
2026.07.09 23:06:00,72,1.14282,1.14288,1.14280,48,2,LOW_FIRST,10977008170296484042
2026.07.09 23:07:00,119,1.14287,1.14293,1.14283,19,72,HIGH_FIRST,14541774558414193117
2026.07.09 23:08:00,85,1.14283,1.14292,1.14280,57,4,LOW_FIRST,416010989780170453
2026.07.09 23:09:00,75,1.14291,1.14293,1.14288,12,27,HIGH_FIRST,819674865318300039
2026.07.09 23:10:00,78,1.14292,1.14293,1.14285,3,24,HIGH_FIRST,17152494500506745228
2026.07.09 23:11:00,40,1.14292,1.14293,1.14285,6,31,HIGH_FIRST,11794936615774533441
2026.07.09 23:12:00,70,1.14285,1.14291,1.14284,12,6,LOW_FIRST,1813863166076349519
2026.07.09 23:13:00,43,1.14285,1.14293,1.14285,26,0,LOW_FIRST,1898901283489731436
2026.07.09 23:14:00,74,1.14288,1.14301,1.14288,21,0,LOW_FIRST,12999106577072993313
2026.07.09 23:15:00,51,1.14297,1.14297,1.14289,0,38,HIGH_FIRST,9097131672818261134
2026.07.09 23:16:00,37,1.14293,1.14293,1.14289,0,8,HIGH_FIRST,17553846522484743586
2026.07.09 23:17:00,68,1.14292,1.14303,1.14292,59,0,LOW_FIRST,12916479645713485932
2026.07.09 23:18:00,39,1.14302,1.14303,1.14299,4,13,HIGH_FIRST,3175842831973050412
2026.07.09 23:19:00,19,1.14299,1.14301,1.14298,5,2,LOW_FIRST,9436112794333217852
2026.07.09 23:20:00,69,1.14299,1.14301,1.14295,53,10,LOW_FIRST,15835828582970386876
2026.07.09 23:21:00,65,1.14298,1.14298,1.14294,0,41,HIGH_FIRST,166276581664868496
2026.07.09 23:22:00,42,1.14295,1.14296,1.14280,17,10,LOW_FIRST,11539900675863009796
2026.07.09 23:23:00,61,1.14296,1.14297,1.14294,4,6,HIGH_FIRST,2393764897582334146
2026.07.09 23:24:00,81,1.14295,1.14298,1.14295,31,0,LOW_FIRST,8126459443511443611
2026.07.09 23:25:00,83,1.14298,1.14303,1.14286,8,63,HIGH_FIRST,4923363336043302772
2026.07.09 23:26:00,120,1.14300,1.14303,1.14299,10,65,HIGH_FIRST,7413947007597305934
2026.07.09 23:27:00,100,1.14300,1.14301,1.14289,11,66,HIGH_FIRST,3945151542150848409
2026.07.09 23:28:00,121,1.14290,1.14298,1.14289,32,2,LOW_FIRST,14701204224849711310
2026.07.09 23:29:00,140,1.14297,1.14297,1.14284,0,60,HIGH_FIRST,7591199004594281516
2026.07.09 23:30:00,105,1.14290,1.14293,1.14287,77,24,LOW_FIRST,14971439397326704832
2026.07.09 23:31:00,43,1.14290,1.14294,1.14288,34,15,LOW_FIRST,4586452949294485474
2026.07.09 23:32:00,78,1.14293,1.14299,1.14293,13,0,LOW_FIRST,10136378807632532666
2026.07.09 23:33:00,110,1.14297,1.14298,1.14292,93,30,LOW_FIRST,8363500677771390636
2026.07.09 23:34:00,95,1.14297,1.14299,1.14294,12,32,HIGH_FIRST,11229394536427315656
2026.07.09 23:35:00,59,1.14297,1.14299,1.14295,26,4,LOW_FIRST,4656519662019422649
2026.07.09 23:36:00,58,1.14298,1.14301,1.14296,15,3,LOW_FIRST,8159983165362568192
2026.07.09 23:37:00,107,1.14299,1.14300,1.14293,3,79,HIGH_FIRST,11565580520025938889
2026.07.09 23:38:00,80,1.14294,1.14298,1.14293,20,19,LOW_FIRST,8651019247369060655
2026.07.09 23:39:00,121,1.14295,1.14299,1.14294,110,2,LOW_FIRST,16304797704187934364
2026.07.09 23:40:00,58,1.14296,1.14298,1.14295,2,13,HIGH_FIRST,4696190305872353891
2026.07.09 23:41:00,99,1.14295,1.14298,1.14294,26,9,LOW_FIRST,2058053589753507916
2026.07.09 23:42:00,84,1.14295,1.14298,1.14292,10,30,HIGH_FIRST,18017261026095265967
2026.07.09 23:43:00,86,1.14294,1.14298,1.14287,6,51,HIGH_FIRST,6923870090038078154
2026.07.09 23:44:00,119,1.14296,1.14299,1.14286,93,46,LOW_FIRST,1411423091452311907
2026.07.09 23:45:00,113,1.14297,1.14298,1.14290,2,88,HIGH_FIRST,4548058926926214977
2026.07.09 23:46:00,143,1.14291,1.14295,1.14284,17,115,HIGH_FIRST,9695969417941486517
2026.07.09 23:47:00,47,1.14288,1.14292,1.14288,30,0,LOW_FIRST,3860800072660080091
2026.07.09 23:48:00,163,1.14288,1.14293,1.14287,9,5,LOW_FIRST,13077935465840416559
2026.07.09 23:49:00,110,1.14288,1.14294,1.14287,33,2,LOW_FIRST,3017830525845405408
2026.07.09 23:50:00,199,1.14292,1.14292,1.14284,0,118,HIGH_FIRST,3869362194625841014
2026.07.09 23:51:00,60,1.14286,1.14292,1.14285,49,3,LOW_FIRST,4462957197436668825
2026.07.09 23:52:00,177,1.14289,1.14293,1.14288,80,6,LOW_FIRST,16411559464314335404
2026.07.09 23:53:00,118,1.14292,1.14294,1.14279,11,104,HIGH_FIRST,4055955262882597425
2026.07.09 23:54:00,66,1.14291,1.14297,1.14291,34,0,LOW_FIRST,830531233350163625
2026.07.09 23:55:00,86,1.14292,1.14296,1.14290,50,5,LOW_FIRST,1055086283958958029
2026.07.09 23:56:00,142,1.14294,1.14297,1.14291,64,3,LOW_FIRST,2630473543718066695
2026.07.09 23:57:00,90,1.14294,1.14302,1.14292,59,25,LOW_FIRST,1245821675197602568
2026.07.09 23:58:00,159,1.14299,1.14304,1.14296,152,4,LOW_FIRST,7505871536377880156
2026.07.09 23:59:00,172,1.14303,1.14303,1.14296,0,53,HIGH_FIRST,7688544338048466966
